slide_path,output_dir,status,elapsed_seconds,log_path
"/data_g1/AI_projects/raw_data/PCITB_CRC/HE_raw_images/Tumor/TMA3/TMA 3 Level 16_Core[1,20,8]_[10584,53132].tif","/data_g1/AI_projects/projects/Immune_Cell_Prediction_WK/DIR/nhs/TMA 3 Level 16_Core[1,20,8]_[10584,53132]",success,25.6,"/data_g1/AI_projects/projects/Immune_Cell_Prediction_WK/DIR/nhs/TMA 3 Level 16_Core[1,20,8]_[10584,53132]/batch_run.log"
"/data_g1/AI_projects/raw_data/PCITB_CRC/HE_raw_images/Tumor/TMA3/TMA 3 Level 16_Core[1,20,5]_[13131,53380].tif","/data_g1/AI_projects/projects/Immune_Cell_Prediction_WK/DIR/nhs/TMA 3 Level 16_Core[1,20,5]_[13131,53380]",success,25.7,"/data_g1/AI_projects/projects/Immune_Cell_Prediction_WK/DIR/nhs/TMA 3 Level 16_Core[1,20,5]_[13131,53380]/batch_run.log"
"/data_g1/AI_projects/raw_data/PCITB_CRC/HE_raw_images/Tumor/TMA3/TMA 3 Level 1_Core[1,20,7]_[13110,53915].tif","/data_g1/AI_projects/projects/Immune_Cell_Prediction_WK/DIR/nhs/TMA 3 Level 1_Core[1,20,7]_[13110,53915]",success,26.2,"/data_g1/AI_projects/projects/Immune_Cell_Prediction_WK/DIR/nhs/TMA 3 Level 1_Core[1,20,7]_[13110,53915]/batch_run.log"
"/data_g1/AI_projects/raw_data/PCITB_CRC/HE_raw_images/Tumor/TMA3/TMA 3 Level 1_Core[1,20,8]_[12220,53866].tif","/data_g1/AI_projects/projects/Immune_Cell_Prediction_WK/DIR/nhs/TMA 3 Level 1_Core[1,20,8]_[12220,53866]",success,27.4,"/data_g1/AI_projects/projects/Immune_Cell_Prediction_WK/DIR/nhs/TMA 3 Level 1_Core[1,20,8]_[12220,53866]/batch_run.log"
"/data_g1/AI_projects/raw_data/PCITB_CRC/HE_raw_images/Tumor/TMA3/TMA 3 Level 1_Core[1,20,4]_[15668,54056].tif","/data_g1/AI_projects/projects/Immune_Cell_Prediction_WK/DIR/nhs/TMA 3 Level 1_Core[1,20,4]_[15668,54056]",success,27.5,"/data_g1/AI_projects/projects/Immune_Cell_Prediction_WK/DIR/nhs/TMA 3 Level 1_Core[1,20,4]_[15668,54056]/batch_run.log"
"/data_g1/AI_projects/raw_data/PCITB_CRC/HE_raw_images/Tumor/TMA3/TMA 3 Level 1_Core[1,20,5]_[14743,54039].tif","/data_g1/AI_projects/projects/Immune_Cell_Prediction_WK/DIR/nhs/TMA 3 Level 1_Core[1,20,5]_[14743,54039]",success,27.6,"/data_g1/AI_projects/projects/Immune_Cell_Prediction_WK/DIR/nhs/TMA 3 Level 1_Core[1,20,5]_[14743,54039]/batch_run.log"
"/data_g1/AI_projects/raw_data/PCITB_CRC/HE_raw_images/Tumor/TMA3/TMA 3 Level 1_Core[1,20,9]_[11380,53841].tif","/data_g1/AI_projects/projects/Immune_Cell_Prediction_WK/DIR/nhs/TMA 3 Level 1_Core[1,20,9]_[11380,53841]",success,22.3,"/data_g1/AI_projects/projects/Immune_Cell_Prediction_WK/DIR/nhs/TMA 3 Level 1_Core[1,20,9]_[11380,53841]/batch_run.log"
"/data_g1/AI_projects/raw_data/PCITB_CRC/HE_raw_images/Tumor/TMA3/TMA 3 Level 1_Core[1,23,8]_[12118,56335].tif","/data_g1/AI_projects/projects/Immune_Cell_Prediction_WK/DIR/nhs/TMA 3 Level 1_Core[1,23,8]_[12118,56335]",success,22.4,"/data_g1/AI_projects/projects/Immune_Cell_Prediction_WK/DIR/nhs/TMA 3 Level 1_Core[1,23,8]_[12118,56335]/batch_run.log"
"/data_g1/AI_projects/raw_data/PCITB_CRC/HE_raw_images/Tumor/TMA3/TMA 3 Level 1_Core[1,22,8]_[12167,55519].tif","/data_g1/AI_projects/projects/Immune_Cell_Prediction_WK/DIR/nhs/TMA 3 Level 1_Core[1,22,8]_[12167,55519]",success,23.9,"/data_g1/AI_projects/projects/Immune_Cell_Prediction_WK/DIR/nhs/TMA 3 Level 1_Core[1,22,8]_[12167,55519]/batch_run.log"
"/data_g1/AI_projects/raw_data/PCITB_CRC/HE_raw_images/Tumor/TMA3/TMA 3 Level 16_Core[1,24,1]_[16431,56914].tif","/data_g1/AI_projects/projects/Immune_Cell_Prediction_WK/DIR/nhs/TMA 3 Level 16_Core[1,24,1]_[16431,56914]",success,24.1,"/data_g1/AI_projects/projects/Immune_Cell_Prediction_WK/DIR/nhs/TMA 3 Level 16_Core[1,24,1]_[16431,56914]/batch_run.log"
"/data_g1/AI_projects/raw_data/PCITB_CRC/HE_raw_images/Tumor/TMA3/TMA 3 Level 16_Core[1,20,9]_[9744,53083].tif","/data_g1/AI_projects/projects/Immune_Cell_Prediction_WK/DIR/nhs/TMA 3 Level 16_Core[1,20,9]_[9744,53083]",success,24.1,"/data_g1/AI_projects/projects/Immune_Cell_Prediction_WK/DIR/nhs/TMA 3 Level 16_Core[1,20,9]_[9744,53083]/batch_run.log"
"/data_g1/AI_projects/raw_data/PCITB_CRC/HE_raw_images/Tumor/TMA3/TMA 3 Level 16_Core[1,22,8]_[10471,54837].tif","/data_g1/AI_projects/projects/Immune_Cell_Prediction_WK/DIR/nhs/TMA 3 Level 16_Core[1,22,8]_[10471,54837]",success,24.1,"/data_g1/AI_projects/projects/Immune_Cell_Prediction_WK/DIR/nhs/TMA 3 Level 16_Core[1,22,8]_[10471,54837]/batch_run.log"
"/data_g1/AI_projects/raw_data/PCITB_CRC/HE_raw_images/Tumor/TMA3/TMA 3 Level 16_Core[1,24,11]_[7652,56222].tif","/data_g1/AI_projects/projects/Immune_Cell_Prediction_WK/DIR/nhs/TMA 3 Level 16_Core[1,24,11]_[7652,56222]",success,23.0,"/data_g1/AI_projects/projects/Immune_Cell_Prediction_WK/DIR/nhs/TMA 3 Level 16_Core[1,24,11]_[7652,56222]/batch_run.log"
"/data_g1/AI_projects/raw_data/PCITB_CRC/HE_raw_images/Tumor/TMA3/TMA 3 Level 1_Core[1,24,10]_[10263,57002].tif","/data_g1/AI_projects/projects/Immune_Cell_Prediction_WK/DIR/nhs/TMA 3 Level 1_Core[1,24,10]_[10263,57002]",success,23.2,"/data_g1/AI_projects/projects/Immune_Cell_Prediction_WK/DIR/nhs/TMA 3 Level 1_Core[1,24,10]_[10263,57002]/batch_run.log"
"/data_g1/AI_projects/raw_data/PCITB_CRC/HE_raw_images/Tumor/TMA3/TMA 3 Level 1_Core[1,24,11]_[9398,56879].tif","/data_g1/AI_projects/projects/Immune_Cell_Prediction_WK/DIR/nhs/TMA 3 Level 1_Core[1,24,11]_[9398,56879]",success,21.6,"/data_g1/AI_projects/projects/Immune_Cell_Prediction_WK/DIR/nhs/TMA 3 Level 1_Core[1,24,11]_[9398,56879]/batch_run.log"
"/data_g1/AI_projects/raw_data/PCITB_CRC/HE_raw_images/Tumor/TMA3/TMA 3 Level 1_Core[1,24,1]_[18176,57645].tif","/data_g1/AI_projects/projects/Immune_Cell_Prediction_WK/DIR/nhs/TMA 3 Level 1_Core[1,24,1]_[18176,57645]",success,22.9,"/data_g1/AI_projects/projects/Immune_Cell_Prediction_WK/DIR/nhs/TMA 3 Level 1_Core[1,24,1]_[18176,57645]/batch_run.log"
"/data_g1/AI_projects/raw_data/PCITB_CRC/HE_raw_images/Tumor/TMA3/TMA 3 Level 1_Core[1,24,12]_[8458,56829].tif","/data_g1/AI_projects/projects/Immune_Cell_Prediction_WK/DIR/nhs/TMA 3 Level 1_Core[1,24,12]_[8458,56829]",success,23.0,"/data_g1/AI_projects/projects/Immune_Cell_Prediction_WK/DIR/nhs/TMA 3 Level 1_Core[1,24,12]_[8458,56829]/batch_run.log"
"/data_g1/AI_projects/raw_data/PCITB_CRC/HE_raw_images/Tumor/TMA3/TMA 3 Level 16_Core[1,24,10]_[8567,56296].tif","/data_g1/AI_projects/projects/Immune_Cell_Prediction_WK/DIR/nhs/TMA 3 Level 16_Core[1,24,10]_[8567,56296]",success,23.3,"/data_g1/AI_projects/projects/Immune_Cell_Prediction_WK/DIR/nhs/TMA 3 Level 16_Core[1,24,10]_[8567,56296]/batch_run.log"
"/data_g1/AI_projects/raw_data/PCITB_CRC/HE_raw_images/Tumor/TMA3/TMA 3 Level 16_Core[1,24,13]_[5921,56048].tif","/data_g1/AI_projects/projects/Immune_Cell_Prediction_WK/DIR/nhs/TMA 3 Level 16_Core[1,24,13]_[5921,56048]",success,20.8,"/data_g1/AI_projects/projects/Immune_Cell_Prediction_WK/DIR/nhs/TMA 3 Level 16_Core[1,24,13]_[5921,56048]/batch_run.log"
"/data_g1/AI_projects/raw_data/PCITB_CRC/HE_raw_images/Tumor/TMA3/TMA 3 Level 1_Core[1,24,2]_[17187,57472].tif","/data_g1/AI_projects/projects/Immune_Cell_Prediction_WK/DIR/nhs/TMA 3 Level 1_Core[1,24,2]_[17187,57472]",success,21.3,"/data_g1/AI_projects/projects/Immune_Cell_Prediction_WK/DIR/nhs/TMA 3 Level 1_Core[1,24,2]_[17187,57472]/batch_run.log"
"/data_g1/AI_projects/raw_data/PCITB_CRC/HE_raw_images/Tumor/TMA3/TMA 3 Level 16_Core[1,24,2]_[15516,56766].tif","/data_g1/AI_projects/projects/Immune_Cell_Prediction_WK/DIR/nhs/TMA 3 Level 16_Core[1,24,2]_[15516,56766]",success,21.9,"/data_g1/AI_projects/projects/Immune_Cell_Prediction_WK/DIR/nhs/TMA 3 Level 16_Core[1,24,2]_[15516,56766]/batch_run.log"
"/data_g1/AI_projects/raw_data/PCITB_CRC/HE_raw_images/Tumor/TMA3/TMA 3 Level 1_Core[1,24,3]_[16371,57571].tif","/data_g1/AI_projects/projects/Immune_Cell_Prediction_WK/DIR/nhs/TMA 3 Level 1_Core[1,24,3]_[16371,57571]",success,21.5,"/data_g1/AI_projects/projects/Immune_Cell_Prediction_WK/DIR/nhs/TMA 3 Level 1_Core[1,24,3]_[16371,57571]/batch_run.log"
"/data_g1/AI_projects/raw_data/PCITB_CRC/HE_raw_images/Tumor/TMA3/TMA 3 Level 16_Core[1,24,12]_[6762,56123].tif","/data_g1/AI_projects/projects/Immune_Cell_Prediction_WK/DIR/nhs/TMA 3 Level 16_Core[1,24,12]_[6762,56123]",success,21.9,"/data_g1/AI_projects/projects/Immune_Cell_Prediction_WK/DIR/nhs/TMA 3 Level 16_Core[1,24,12]_[6762,56123]/batch_run.log"
"/data_g1/AI_projects/raw_data/PCITB_CRC/HE_raw_images/Tumor/TMA3/TMA 3 Level 16_Core[1,24,14]_[5056,55950].tif","/data_g1/AI_projects/projects/Immune_Cell_Prediction_WK/DIR/nhs/TMA 3 Level 16_Core[1,24,14]_[5056,55950]",success,22.1,"/data_g1/AI_projects/projects/Immune_Cell_Prediction_WK/DIR/nhs/TMA 3 Level 16_Core[1,24,14]_[5056,55950]/batch_run.log"
"/data_g1/AI_projects/raw_data/PCITB_CRC/HE_raw_images/Tumor/TMA3/TMA 3 Level 1_Core[1,24,4]_[15530,57522].tif","/data_g1/AI_projects/projects/Immune_Cell_Prediction_WK/DIR/nhs/TMA 3 Level 1_Core[1,24,4]_[15530,57522]",success,22.2,"/data_g1/AI_projects/projects/Immune_Cell_Prediction_WK/DIR/nhs/TMA 3 Level 1_Core[1,24,4]_[15530,57522]/batch_run.log"
"/data_g1/AI_projects/raw_data/PCITB_CRC/HE_raw_images/Tumor/TMA3/TMA 3 Level 1_Core[1,24,5]_[14714,57373].tif","/data_g1/AI_projects/projects/Immune_Cell_Prediction_WK/DIR/nhs/TMA 3 Level 1_Core[1,24,5]_[14714,57373]",success,22.0,"/data_g1/AI_projects/projects/Immune_Cell_Prediction_WK/DIR/nhs/TMA 3 Level 1_Core[1,24,5]_[14714,57373]/batch_run.log"
"/data_g1/AI_projects/raw_data/PCITB_CRC/HE_raw_images/Tumor/TMA3/TMA 3 Level 16_Core[1,24,5]_[12944,56741].tif","/data_g1/AI_projects/projects/Immune_Cell_Prediction_WK/DIR/nhs/TMA 3 Level 16_Core[1,24,5]_[12944,56741]",success,21.8,"/data_g1/AI_projects/projects/Immune_Cell_Prediction_WK/DIR/nhs/TMA 3 Level 16_Core[1,24,5]_[12944,56741]/batch_run.log"
"/data_g1/AI_projects/raw_data/PCITB_CRC/HE_raw_images/Tumor/TMA3/TMA 3 Level 16_Core[1,24,6]_[11831,56518].tif","/data_g1/AI_projects/projects/Immune_Cell_Prediction_WK/DIR/nhs/TMA 3 Level 16_Core[1,24,6]_[11831,56518]",success,21.8,"/data_g1/AI_projects/projects/Immune_Cell_Prediction_WK/DIR/nhs/TMA 3 Level 16_Core[1,24,6]_[11831,56518]/batch_run.log"
"/data_g1/AI_projects/raw_data/PCITB_CRC/HE_raw_images/Tumor/TMA3/TMA 3 Level 16_Core[1,24,3]_[14675,56815].tif","/data_g1/AI_projects/projects/Immune_Cell_Prediction_WK/DIR/nhs/TMA 3 Level 16_Core[1,24,3]_[14675,56815]",success,21.7,"/data_g1/AI_projects/projects/Immune_Cell_Prediction_WK/DIR/nhs/TMA 3 Level 16_Core[1,24,3]_[14675,56815]/batch_run.log"
"/data_g1/AI_projects/raw_data/PCITB_CRC/HE_raw_images/Tumor/TMA3/TMA 3 Level 16_Core[1,24,4]_[13810,56864].tif","/data_g1/AI_projects/projects/Immune_Cell_Prediction_WK/DIR/nhs/TMA 3 Level 16_Core[1,24,4]_[13810,56864]",success,21.8,"/data_g1/AI_projects/projects/Immune_Cell_Prediction_WK/DIR/nhs/TMA 3 Level 16_Core[1,24,4]_[13810,56864]/batch_run.log"
"/data_g1/AI_projects/raw_data/PCITB_CRC/HE_raw_images/Tumor/TMA3/TMA 3 Level 1_Core[1,25,1]_[18126,58511].tif","/data_g1/AI_projects/projects/Immune_Cell_Prediction_WK/DIR/nhs/TMA 3 Level 1_Core[1,25,1]_[18126,58511]",success,21.3,"/data_g1/AI_projects/projects/Immune_Cell_Prediction_WK/DIR/nhs/TMA 3 Level 1_Core[1,25,1]_[18126,58511]/batch_run.log"
"/data_g1/AI_projects/raw_data/PCITB_CRC/HE_raw_images/Tumor/TMA3/TMA 3 Level 1_Core[1,24,9]_[11178,57052].tif","/data_g1/AI_projects/projects/Immune_Cell_Prediction_WK/DIR/nhs/TMA 3 Level 1_Core[1,24,9]_[11178,57052]",success,21.7,"/data_g1/AI_projects/projects/Immune_Cell_Prediction_WK/DIR/nhs/TMA 3 Level 1_Core[1,24,9]_[11178,57052]/batch_run.log"
"/data_g1/AI_projects/raw_data/PCITB_CRC/HE_raw_images/Tumor/TMA3/TMA 3 Level 16_Core[1,25,1]_[16431,57854].tif","/data_g1/AI_projects/projects/Immune_Cell_Prediction_WK/DIR/nhs/TMA 3 Level 16_Core[1,25,1]_[16431,57854]",success,21.1,"/data_g1/AI_projects/projects/Immune_Cell_Prediction_WK/DIR/nhs/TMA 3 Level 16_Core[1,25,1]_[16431,57854]/batch_run.log"
"/data_g1/AI_projects/raw_data/PCITB_CRC/HE_raw_images/Tumor/TMA3/TMA 3 Level 1_Core[1,24,6]_[13552,57225].tif","/data_g1/AI_projects/projects/Immune_Cell_Prediction_WK/DIR/nhs/TMA 3 Level 1_Core[1,24,6]_[13552,57225]",success,20.8,"/data_g1/AI_projects/projects/Immune_Cell_Prediction_WK/DIR/nhs/TMA 3 Level 1_Core[1,24,6]_[13552,57225]/batch_run.log"
"/data_g1/AI_projects/raw_data/PCITB_CRC/HE_raw_images/Tumor/TMA3/TMA 3 Level 16_Core[1,25,10]_[8518,57211].tif","/data_g1/AI_projects/projects/Immune_Cell_Prediction_WK/DIR/nhs/TMA 3 Level 16_Core[1,25,10]_[8518,57211]",success,21.5,"/data_g1/AI_projects/projects/Immune_Cell_Prediction_WK/DIR/nhs/TMA 3 Level 16_Core[1,25,10]_[8518,57211]/batch_run.log"
"/data_g1/AI_projects/raw_data/PCITB_CRC/HE_raw_images/Tumor/TMA3/TMA 3 Level 16_Core[1,24,9]_[9458,56345].tif","/data_g1/AI_projects/projects/Immune_Cell_Prediction_WK/DIR/nhs/TMA 3 Level 16_Core[1,24,9]_[9458,56345]",success,21.2,"/data_g1/AI_projects/projects/Immune_Cell_Prediction_WK/DIR/nhs/TMA 3 Level 16_Core[1,24,9]_[9458,56345]/batch_run.log"
"/data_g1/AI_projects/raw_data/PCITB_CRC/HE_raw_images/Tumor/TMA3/TMA 3 Level 16_Core[1,25,11]_[7628,57112].tif","/data_g1/AI_projects/projects/Immune_Cell_Prediction_WK/DIR/nhs/TMA 3 Level 16_Core[1,25,11]_[7628,57112]",success,22.6,"/data_g1/AI_projects/projects/Immune_Cell_Prediction_WK/DIR/nhs/TMA 3 Level 16_Core[1,25,11]_[7628,57112]/batch_run.log"
"/data_g1/AI_projects/raw_data/PCITB_CRC/HE_raw_images/Tumor/TMA3/TMA 3 Level 16_Core[1,25,12]_[6688,57013].tif","/data_g1/AI_projects/projects/Immune_Cell_Prediction_WK/DIR/nhs/TMA 3 Level 16_Core[1,25,12]_[6688,57013]",success,23.1,"/data_g1/AI_projects/projects/Immune_Cell_Prediction_WK/DIR/nhs/TMA 3 Level 16_Core[1,25,12]_[6688,57013]/batch_run.log"
"/data_g1/AI_projects/raw_data/PCITB_CRC/HE_raw_images/Tumor/TMA3/TMA 3 Level 1_Core[1,25,12]_[8458,57695].tif","/data_g1/AI_projects/projects/Immune_Cell_Prediction_WK/DIR/nhs/TMA 3 Level 1_Core[1,25,12]_[8458,57695]",success,22.4,"/data_g1/AI_projects/projects/Immune_Cell_Prediction_WK/DIR/nhs/TMA 3 Level 1_Core[1,25,12]_[8458,57695]/batch_run.log"
"/data_g1/AI_projects/raw_data/PCITB_CRC/HE_raw_images/Tumor/TMA3/TMA 3 Level 1_Core[1,25,10]_[10263,57892].tif","/data_g1/AI_projects/projects/Immune_Cell_Prediction_WK/DIR/nhs/TMA 3 Level 1_Core[1,25,10]_[10263,57892]",success,22.1,"/data_g1/AI_projects/projects/Immune_Cell_Prediction_WK/DIR/nhs/TMA 3 Level 1_Core[1,25,10]_[10263,57892]/batch_run.log"
"/data_g1/AI_projects/raw_data/PCITB_CRC/HE_raw_images/Tumor/TMA3/TMA 3 Level 16_Core[1,25,13]_[5847,56889].tif","/data_g1/AI_projects/projects/Immune_Cell_Prediction_WK/DIR/nhs/TMA 3 Level 16_Core[1,25,13]_[5847,56889]",success,21.9,"/data_g1/AI_projects/projects/Immune_Cell_Prediction_WK/DIR/nhs/TMA 3 Level 16_Core[1,25,13]_[5847,56889]/batch_run.log"
"/data_g1/AI_projects/raw_data/PCITB_CRC/HE_raw_images/Tumor/TMA3/TMA 3 Level 1_Core[1,25,11]_[9373,57794].tif","/data_g1/AI_projects/projects/Immune_Cell_Prediction_WK/DIR/nhs/TMA 3 Level 1_Core[1,25,11]_[9373,57794]",success,21.2,"/data_g1/AI_projects/projects/Immune_Cell_Prediction_WK/DIR/nhs/TMA 3 Level 1_Core[1,25,11]_[9373,57794]/batch_run.log"
"/data_g1/AI_projects/raw_data/PCITB_CRC/HE_raw_images/Tumor/TMA3/TMA 3 Level 16_Core[1,25,14]_[5031,56790].tif","/data_g1/AI_projects/projects/Immune_Cell_Prediction_WK/DIR/nhs/TMA 3 Level 16_Core[1,25,14]_[5031,56790]",success,21.8,"/data_g1/AI_projects/projects/Immune_Cell_Prediction_WK/DIR/nhs/TMA 3 Level 16_Core[1,25,14]_[5031,56790]/batch_run.log"
"/data_g1/AI_projects/raw_data/PCITB_CRC/HE_raw_images/Tumor/TMA3/TMA 3 Level 1_Core[1,25,13]_[7617,57596].tif","/data_g1/AI_projects/projects/Immune_Cell_Prediction_WK/DIR/nhs/TMA 3 Level 1_Core[1,25,13]_[7617,57596]",success,19.8,"/data_g1/AI_projects/projects/Immune_Cell_Prediction_WK/DIR/nhs/TMA 3 Level 1_Core[1,25,13]_[7617,57596]/batch_run.log"
"/data_g1/AI_projects/raw_data/PCITB_CRC/HE_raw_images/Tumor/TMA3/TMA 3 Level 1_Core[1,25,3]_[16297,58387].tif","/data_g1/AI_projects/projects/Immune_Cell_Prediction_WK/DIR/nhs/TMA 3 Level 1_Core[1,25,3]_[16297,58387]",success,22.1,"/data_g1/AI_projects/projects/Immune_Cell_Prediction_WK/DIR/nhs/TMA 3 Level 1_Core[1,25,3]_[16297,58387]/batch_run.log"
"/data_g1/AI_projects/raw_data/PCITB_CRC/HE_raw_images/Tumor/TMA3/TMA 3 Level 1_Core[1,25,2]_[17236,58511].tif","/data_g1/AI_projects/projects/Immune_Cell_Prediction_WK/DIR/nhs/TMA 3 Level 1_Core[1,25,2]_[17236,58511]",success,22.2,"/data_g1/AI_projects/projects/Immune_Cell_Prediction_WK/DIR/nhs/TMA 3 Level 1_Core[1,25,2]_[17236,58511]/batch_run.log"
"/data_g1/AI_projects/raw_data/PCITB_CRC/HE_raw_images/Tumor/TMA3/TMA 3 Level 16_Core[1,25,2]_[15491,57854].tif","/data_g1/AI_projects/projects/Immune_Cell_Prediction_WK/DIR/nhs/TMA 3 Level 16_Core[1,25,2]_[15491,57854]",success,20.6,"/data_g1/AI_projects/projects/Immune_Cell_Prediction_WK/DIR/nhs/TMA 3 Level 16_Core[1,25,2]_[15491,57854]/batch_run.log"
"/data_g1/AI_projects/raw_data/PCITB_CRC/HE_raw_images/Tumor/TMA3/TMA 3 Level 16_Core[1,25,3]_[14626,57779].tif","/data_g1/AI_projects/projects/Immune_Cell_Prediction_WK/DIR/nhs/TMA 3 Level 16_Core[1,25,3]_[14626,57779]",success,21.1,"/data_g1/AI_projects/projects/Immune_Cell_Prediction_WK/DIR/nhs/TMA 3 Level 16_Core[1,25,3]_[14626,57779]/batch_run.log"
"/data_g1/AI_projects/raw_data/PCITB_CRC/HE_raw_images/Tumor/TMA3/TMA 3 Level 1_Core[1,25,6]_[13700,58239].tif","/data_g1/AI_projects/projects/Immune_Cell_Prediction_WK/DIR/nhs/TMA 3 Level 1_Core[1,25,6]_[13700,58239]",success,27.8,"/data_g1/AI_projects/projects/Immune_Cell_Prediction_WK/DIR/nhs/TMA 3 Level 1_Core[1,25,6]_[13700,58239]/batch_run.log"
"/data_g1/AI_projects/raw_data/PCITB_CRC/HE_raw_images/Tumor/TMA3/TMA 3 Level 1_Core[1,25,4]_[15456,58412].tif","/data_g1/AI_projects/projects/Immune_Cell_Prediction_WK/DIR/nhs/TMA 3 Level 1_Core[1,25,4]_[15456,58412]",success,29.0,"/data_g1/AI_projects/projects/Immune_Cell_Prediction_WK/DIR/nhs/TMA 3 Level 1_Core[1,25,4]_[15456,58412]/batch_run.log"
"/data_g1/AI_projects/raw_data/PCITB_CRC/HE_raw_images/Tumor/TMA3/TMA 3 Level 16_Core[1,25,4]_[13736,57755].tif","/data_g1/AI_projects/projects/Immune_Cell_Prediction_WK/DIR/nhs/TMA 3 Level 16_Core[1,25,4]_[13736,57755]",success,29.5,"/data_g1/AI_projects/projects/Immune_Cell_Prediction_WK/DIR/nhs/TMA 3 Level 16_Core[1,25,4]_[13736,57755]/batch_run.log"
"/data_g1/AI_projects/raw_data/PCITB_CRC/HE_raw_images/Tumor/TMA3/TMA 3 Level 16_Core[1,25,6]_[12004,57631].tif","/data_g1/AI_projects/projects/Immune_Cell_Prediction_WK/DIR/nhs/TMA 3 Level 16_Core[1,25,6]_[12004,57631]",success,29.1,"/data_g1/AI_projects/projects/Immune_Cell_Prediction_WK/DIR/nhs/TMA 3 Level 16_Core[1,25,6]_[12004,57631]/batch_run.log"
"/data_g1/AI_projects/raw_data/PCITB_CRC/HE_raw_images/Tumor/TMA3/TMA 3 Level 16_Core[1,25,5]_[12870,57656].tif","/data_g1/AI_projects/projects/Immune_Cell_Prediction_WK/DIR/nhs/TMA 3 Level 16_Core[1,25,5]_[12870,57656]",success,28.2,"/data_g1/AI_projects/projects/Immune_Cell_Prediction_WK/DIR/nhs/TMA 3 Level 16_Core[1,25,5]_[12870,57656]/batch_run.log"
"/data_g1/AI_projects/raw_data/PCITB_CRC/HE_raw_images/Tumor/TMA3/TMA 3 Level 16_Core[1,25,7]_[11164,57606].tif","/data_g1/AI_projects/projects/Immune_Cell_Prediction_WK/DIR/nhs/TMA 3 Level 16_Core[1,25,7]_[11164,57606]",success,27.9,"/data_g1/AI_projects/projects/Immune_Cell_Prediction_WK/DIR/nhs/TMA 3 Level 16_Core[1,25,7]_[11164,57606]/batch_run.log"
"/data_g1/AI_projects/raw_data/PCITB_CRC/HE_raw_images/Tumor/TMA3/TMA 3 Level 1_Core[1,3,6]_[13927,39660].tif","/data_g1/AI_projects/projects/Immune_Cell_Prediction_WK/DIR/nhs/TMA 3 Level 1_Core[1,3,6]_[13927,39660]",success,24.4,"/data_g1/AI_projects/projects/Immune_Cell_Prediction_WK/DIR/nhs/TMA 3 Level 1_Core[1,3,6]_[13927,39660]/batch_run.log"
"/data_g1/AI_projects/raw_data/PCITB_CRC/HE_raw_images/Tumor/TMA3/TMA 3 Level 16_Core[1,25,9]_[9383,57260].tif","/data_g1/AI_projects/projects/Immune_Cell_Prediction_WK/DIR/nhs/TMA 3 Level 16_Core[1,25,9]_[9383,57260]",success,24.7,"/data_g1/AI_projects/projects/Immune_Cell_Prediction_WK/DIR/nhs/TMA 3 Level 16_Core[1,25,9]_[9383,57260]/batch_run.log"
"/data_g1/AI_projects/raw_data/PCITB_CRC/HE_raw_images/Tumor/TMA3/TMA 3 Level 16_Core[1,25,8]_[10249,57433].tif","/data_g1/AI_projects/projects/Immune_Cell_Prediction_WK/DIR/nhs/TMA 3 Level 16_Core[1,25,8]_[10249,57433]",success,25.2,"/data_g1/AI_projects/projects/Immune_Cell_Prediction_WK/DIR/nhs/TMA 3 Level 16_Core[1,25,8]_[10249,57433]/batch_run.log"
"/data_g1/AI_projects/raw_data/PCITB_CRC/HE_raw_images/Tumor/TMA3/TMA 3 Level 1_Core[1,4,6]_[14026,40550].tif","/data_g1/AI_projects/projects/Immune_Cell_Prediction_WK/DIR/nhs/TMA 3 Level 1_Core[1,4,6]_[14026,40550]",success,25.5,"/data_g1/AI_projects/projects/Immune_Cell_Prediction_WK/DIR/nhs/TMA 3 Level 1_Core[1,4,6]_[14026,40550]/batch_run.log"
"/data_g1/AI_projects/raw_data/PCITB_CRC/HE_raw_images/Tumor/TMA3/TMA 3 Level 1_Core[1,25,9]_[11153,57843].tif","/data_g1/AI_projects/projects/Immune_Cell_Prediction_WK/DIR/nhs/TMA 3 Level 1_Core[1,25,9]_[11153,57843]",success,25.6,"/data_g1/AI_projects/projects/Immune_Cell_Prediction_WK/DIR/nhs/TMA 3 Level 1_Core[1,25,9]_[11153,57843]/batch_run.log"
"/data_g1/AI_projects/raw_data/PCITB_CRC/HE_raw_images/Tumor/TMA3/TMA 3 Level 1_Core[1,5,1]_[18353,41267].tif","/data_g1/AI_projects/projects/Immune_Cell_Prediction_WK/DIR/nhs/TMA 3 Level 1_Core[1,5,1]_[18353,41267]",success,26.1,"/data_g1/AI_projects/projects/Immune_Cell_Prediction_WK/DIR/nhs/TMA 3 Level 1_Core[1,5,1]_[18353,41267]/batch_run.log"
"/data_g1/AI_projects/raw_data/PCITB_CRC/HE_raw_images/Tumor/TMA3/TMA 3 Level 1_Core[1,5,11]_[9673,41564].tif","/data_g1/AI_projects/projects/Immune_Cell_Prediction_WK/DIR/nhs/TMA 3 Level 1_Core[1,5,11]_[9673,41564]",success,21.7,"/data_g1/AI_projects/projects/Immune_Cell_Prediction_WK/DIR/nhs/TMA 3 Level 1_Core[1,5,11]_[9673,41564]/batch_run.log"
"/data_g1/AI_projects/raw_data/PCITB_CRC/HE_raw_images/Tumor/TMA3/TMA 3 Level 16_Core[1,5,10]_[9746,40585].tif","/data_g1/AI_projects/projects/Immune_Cell_Prediction_WK/DIR/nhs/TMA 3 Level 16_Core[1,5,10]_[9746,40585]",success,21.9,"/data_g1/AI_projects/projects/Immune_Cell_Prediction_WK/DIR/nhs/TMA 3 Level 16_Core[1,5,10]_[9746,40585]/batch_run.log"
"/data_g1/AI_projects/raw_data/PCITB_CRC/HE_raw_images/Tumor/TMA3/TMA 3 Level 16_Core[1,5,1]_[17634,41500].tif","/data_g1/AI_projects/projects/Immune_Cell_Prediction_WK/DIR/nhs/TMA 3 Level 16_Core[1,5,1]_[17634,41500]",success,21.7,"/data_g1/AI_projects/projects/Immune_Cell_Prediction_WK/DIR/nhs/TMA 3 Level 16_Core[1,5,1]_[17634,41500]/batch_run.log"
"/data_g1/AI_projects/raw_data/PCITB_CRC/HE_raw_images/Tumor/TMA3/TMA 3 Level 1_Core[1,5,10]_[10514,41539].tif","/data_g1/AI_projects/projects/Immune_Cell_Prediction_WK/DIR/nhs/TMA 3 Level 1_Core[1,5,10]_[10514,41539]",success,21.5,"/data_g1/AI_projects/projects/Immune_Cell_Prediction_WK/DIR/nhs/TMA 3 Level 1_Core[1,5,10]_[10514,41539]/batch_run.log"
"/data_g1/AI_projects/raw_data/PCITB_CRC/HE_raw_images/Tumor/TMA3/TMA 3 Level 16_Core[1,5,12]_[8039,40511].tif","/data_g1/AI_projects/projects/Immune_Cell_Prediction_WK/DIR/nhs/TMA 3 Level 16_Core[1,5,12]_[8039,40511]",success,22.3,"/data_g1/AI_projects/projects/Immune_Cell_Prediction_WK/DIR/nhs/TMA 3 Level 16_Core[1,5,12]_[8039,40511]/batch_run.log"
"/data_g1/AI_projects/raw_data/PCITB_CRC/HE_raw_images/Tumor/TMA3/TMA 3 Level 1_Core[1,5,12]_[8783,41588].tif","/data_g1/AI_projects/projects/Immune_Cell_Prediction_WK/DIR/nhs/TMA 3 Level 1_Core[1,5,12]_[8783,41588]",success,22.2,"/data_g1/AI_projects/projects/Immune_Cell_Prediction_WK/DIR/nhs/TMA 3 Level 1_Core[1,5,12]_[8783,41588]/batch_run.log"
"/data_g1/AI_projects/raw_data/PCITB_CRC/HE_raw_images/Tumor/TMA3/TMA 3 Level 1_Core[1,5,3]_[16647,41390].tif","/data_g1/AI_projects/projects/Immune_Cell_Prediction_WK/DIR/nhs/TMA 3 Level 1_Core[1,5,3]_[16647,41390]",success,21.6,"/data_g1/AI_projects/projects/Immune_Cell_Prediction_WK/DIR/nhs/TMA 3 Level 1_Core[1,5,3]_[16647,41390]/batch_run.log"
"/data_g1/AI_projects/raw_data/PCITB_CRC/HE_raw_images/Tumor/TMA3/TMA 3 Level 1_Core[1,5,2]_[17463,41341].tif","/data_g1/AI_projects/projects/Immune_Cell_Prediction_WK/DIR/nhs/TMA 3 Level 1_Core[1,5,2]_[17463,41341]",success,21.2,"/data_g1/AI_projects/projects/Immune_Cell_Prediction_WK/DIR/nhs/TMA 3 Level 1_Core[1,5,2]_[17463,41341]/batch_run.log"
"/data_g1/AI_projects/raw_data/PCITB_CRC/HE_raw_images/Tumor/TMA3/TMA 3 Level 16_Core[1,5,14]_[6234,40535].tif","/data_g1/AI_projects/projects/Immune_Cell_Prediction_WK/DIR/nhs/TMA 3 Level 16_Core[1,5,14]_[6234,40535]",success,21.7,"/data_g1/AI_projects/projects/Immune_Cell_Prediction_WK/DIR/nhs/TMA 3 Level 16_Core[1,5,14]_[6234,40535]/batch_run.log"
"/data_g1/AI_projects/raw_data/PCITB_CRC/HE_raw_images/Tumor/TMA3/TMA 3 Level 16_Core[1,5,2]_[16768,41252].tif","/data_g1/AI_projects/projects/Immune_Cell_Prediction_WK/DIR/nhs/TMA 3 Level 16_Core[1,5,2]_[16768,41252]",success,21.4,"/data_g1/AI_projects/projects/Immune_Cell_Prediction_WK/DIR/nhs/TMA 3 Level 16_Core[1,5,2]_[16768,41252]/batch_run.log"
"/data_g1/AI_projects/raw_data/PCITB_CRC/HE_raw_images/Tumor/TMA3/TMA 3 Level 1_Core[1,5,6]_[14026,41489].tif","/data_g1/AI_projects/projects/Immune_Cell_Prediction_WK/DIR/nhs/TMA 3 Level 1_Core[1,5,6]_[14026,41489]",success,21.7,"/data_g1/AI_projects/projects/Immune_Cell_Prediction_WK/DIR/nhs/TMA 3 Level 1_Core[1,5,6]_[14026,41489]/batch_run.log"
"/data_g1/AI_projects/raw_data/PCITB_CRC/HE_raw_images/Tumor/TMA3/TMA 3 Level 16_Core[1,5,6]_[13306,40882].tif","/data_g1/AI_projects/projects/Immune_Cell_Prediction_WK/DIR/nhs/TMA 3 Level 16_Core[1,5,6]_[13306,40882]",success,21.2,"/data_g1/AI_projects/projects/Immune_Cell_Prediction_WK/DIR/nhs/TMA 3 Level 16_Core[1,5,6]_[13306,40882]/batch_run.log"
"/data_g1/AI_projects/raw_data/PCITB_CRC/HE_raw_images/Tumor/TMA3/TMA 3 Level 16_Core[1,6,1]_[17510,42316].tif","/data_g1/AI_projects/projects/Immune_Cell_Prediction_WK/DIR/nhs/TMA 3 Level 16_Core[1,6,1]_[17510,42316]",success,21.4,"/data_g1/AI_projects/projects/Immune_Cell_Prediction_WK/DIR/nhs/TMA 3 Level 16_Core[1,6,1]_[17510,42316]/batch_run.log"
"/data_g1/AI_projects/raw_data/PCITB_CRC/HE_raw_images/Tumor/TMA3/TMA 3 Level 16_Core[1,5,8]_[11501,40708].tif","/data_g1/AI_projects/projects/Immune_Cell_Prediction_WK/DIR/nhs/TMA 3 Level 16_Core[1,5,8]_[11501,40708]",success,21.8,"/data_g1/AI_projects/projects/Immune_Cell_Prediction_WK/DIR/nhs/TMA 3 Level 16_Core[1,5,8]_[11501,40708]/batch_run.log"
"/data_g1/AI_projects/raw_data/PCITB_CRC/HE_raw_images/Tumor/TMA3/TMA 3 Level 1_Core[1,5,9]_[11380,41539].tif","/data_g1/AI_projects/projects/Immune_Cell_Prediction_WK/DIR/nhs/TMA 3 Level 1_Core[1,5,9]_[11380,41539]",success,21.3,"/data_g1/AI_projects/projects/Immune_Cell_Prediction_WK/DIR/nhs/TMA 3 Level 1_Core[1,5,9]_[11380,41539]/batch_run.log"
"/data_g1/AI_projects/raw_data/PCITB_CRC/HE_raw_images/Tumor/TMA3/TMA 3 Level 1_Core[1,5,8]_[12245,41539].tif","/data_g1/AI_projects/projects/Immune_Cell_Prediction_WK/DIR/nhs/TMA 3 Level 1_Core[1,5,8]_[12245,41539]",success,22.3,"/data_g1/AI_projects/projects/Immune_Cell_Prediction_WK/DIR/nhs/TMA 3 Level 1_Core[1,5,8]_[12245,41539]/batch_run.log"
"/data_g1/AI_projects/raw_data/PCITB_CRC/HE_raw_images/Tumor/TMA3/TMA 3 Level 16_Core[1,6,10]_[9696,41426].tif","/data_g1/AI_projects/projects/Immune_Cell_Prediction_WK/DIR/nhs/TMA 3 Level 16_Core[1,6,10]_[9696,41426]",success,21.7,"/data_g1/AI_projects/projects/Immune_Cell_Prediction_WK/DIR/nhs/TMA 3 Level 16_Core[1,6,10]_[9696,41426]/batch_run.log"
"/data_g1/AI_projects/raw_data/PCITB_CRC/HE_raw_images/Tumor/TMA3/TMA 3 Level 16_Core[1,6,11]_[8806,41426].tif","/data_g1/AI_projects/projects/Immune_Cell_Prediction_WK/DIR/nhs/TMA 3 Level 16_Core[1,6,11]_[8806,41426]",success,21.6,"/data_g1/AI_projects/projects/Immune_Cell_Prediction_WK/DIR/nhs/TMA 3 Level 16_Core[1,6,11]_[8806,41426]/batch_run.log"
"/data_g1/AI_projects/raw_data/PCITB_CRC/HE_raw_images/Tumor/TMA3/TMA 3 Level 16_Core[1,6,3]_[15853,41945].tif","/data_g1/AI_projects/projects/Immune_Cell_Prediction_WK/DIR/nhs/TMA 3 Level 16_Core[1,6,3]_[15853,41945]",success,22.0,"/data_g1/AI_projects/projects/Immune_Cell_Prediction_WK/DIR/nhs/TMA 3 Level 16_Core[1,6,3]_[15853,41945]/batch_run.log"
"/data_g1/AI_projects/raw_data/PCITB_CRC/HE_raw_images/Tumor/TMA3/TMA 3 Level 16_Core[1,6,15]_[5344,41376].tif","/data_g1/AI_projects/projects/Immune_Cell_Prediction_WK/DIR/nhs/TMA 3 Level 16_Core[1,6,15]_[5344,41376]",success,21.0,"/data_g1/AI_projects/projects/Immune_Cell_Prediction_WK/DIR/nhs/TMA 3 Level 16_Core[1,6,15]_[5344,41376]/batch_run.log"
"/data_g1/AI_projects/raw_data/PCITB_CRC/HE_raw_images/Tumor/TMA3/TMA 3 Level 1_Core[1,6,3]_[16721,42305].tif","/data_g1/AI_projects/projects/Immune_Cell_Prediction_WK/DIR/nhs/TMA 3 Level 1_Core[1,6,3]_[16721,42305]",success,21.6,"/data_g1/AI_projects/projects/Immune_Cell_Prediction_WK/DIR/nhs/TMA 3 Level 1_Core[1,6,3]_[16721,42305]/batch_run.log"
"/data_g1/AI_projects/raw_data/PCITB_CRC/HE_raw_images/Tumor/TMA3/TMA 3 Level 1_Core[1,6,6]_[14026,42404].tif","/data_g1/AI_projects/projects/Immune_Cell_Prediction_WK/DIR/nhs/TMA 3 Level 1_Core[1,6,6]_[14026,42404]",success,20.8,"/data_g1/AI_projects/projects/Immune_Cell_Prediction_WK/DIR/nhs/TMA 3 Level 1_Core[1,6,6]_[14026,42404]/batch_run.log"
"/data_g1/AI_projects/raw_data/PCITB_CRC/HE_raw_images/Tumor/TMA3/TMA 3 Level 16_Core[1,6,14]_[6234,41376].tif","/data_g1/AI_projects/projects/Immune_Cell_Prediction_WK/DIR/nhs/TMA 3 Level 16_Core[1,6,14]_[6234,41376]",success,21.6,"/data_g1/AI_projects/projects/Immune_Cell_Prediction_WK/DIR/nhs/TMA 3 Level 16_Core[1,6,14]_[6234,41376]/batch_run.log"
"/data_g1/AI_projects/raw_data/PCITB_CRC/HE_raw_images/Tumor/TMA3/TMA 3 Level 16_Core[1,6,6]_[13207,41821].tif","/data_g1/AI_projects/projects/Immune_Cell_Prediction_WK/DIR/nhs/TMA 3 Level 16_Core[1,6,6]_[13207,41821]",success,21.5,"/data_g1/AI_projects/projects/Immune_Cell_Prediction_WK/DIR/nhs/TMA 3 Level 16_Core[1,6,6]_[13207,41821]/batch_run.log"
"/data_g1/AI_projects/raw_data/PCITB_CRC/HE_raw_images/Tumor/TMA3/TMA 3 Level 1_Core[1,6,9]_[11503,42553].tif","/data_g1/AI_projects/projects/Immune_Cell_Prediction_WK/DIR/nhs/TMA 3 Level 1_Core[1,6,9]_[11503,42553]",success,20.5,"/data_g1/AI_projects/projects/Immune_Cell_Prediction_WK/DIR/nhs/TMA 3 Level 1_Core[1,6,9]_[11503,42553]/batch_run.log"
"/data_g1/AI_projects/raw_data/PCITB_CRC/HE_raw_images/Tumor/TMA3/TMA 3 Level 1_Core[1,6,8]_[12319,42404].tif","/data_g1/AI_projects/projects/Immune_Cell_Prediction_WK/DIR/nhs/TMA 3 Level 1_Core[1,6,8]_[12319,42404]",success,22.3,"/data_g1/AI_projects/projects/Immune_Cell_Prediction_WK/DIR/nhs/TMA 3 Level 1_Core[1,6,8]_[12319,42404]/batch_run.log"
"/data_g1/AI_projects/raw_data/PCITB_CRC/HE_raw_images/Tumor/TMA3/TMA 3 Level 16_Core[1,6,9]_[10586,41500].tif","/data_g1/AI_projects/projects/Immune_Cell_Prediction_WK/DIR/nhs/TMA 3 Level 16_Core[1,6,9]_[10586,41500]",success,22.2,"/data_g1/AI_projects/projects/Immune_Cell_Prediction_WK/DIR/nhs/TMA 3 Level 16_Core[1,6,9]_[10586,41500]/batch_run.log"
"/data_g1/AI_projects/raw_data/PCITB_CRC/HE_raw_images/Tumor/TMA3/TMA 3 Level 1_Core[1,8,2]_[17578,43976].tif","/data_g1/AI_projects/projects/Immune_Cell_Prediction_WK/DIR/nhs/TMA 3 Level 1_Core[1,8,2]_[17578,43976]",success,22.2,"/data_g1/AI_projects/projects/Immune_Cell_Prediction_WK/DIR/nhs/TMA 3 Level 1_Core[1,8,2]_[17578,43976]/batch_run.log"
"/data_g1/AI_projects/raw_data/PCITB_CRC/HE_raw_images/Tumor/TMA3/TMA 3 Level 16_Core[1,6,8]_[11501,41574].tif","/data_g1/AI_projects/projects/Immune_Cell_Prediction_WK/DIR/nhs/TMA 3 Level 16_Core[1,6,8]_[11501,41574]",success,22.8,"/data_g1/AI_projects/projects/Immune_Cell_Prediction_WK/DIR/nhs/TMA 3 Level 16_Core[1,6,8]_[11501,41574]/batch_run.log"
"/data_g1/AI_projects/raw_data/PCITB_CRC/HE_raw_images/Tumor/TMA3/TMA 3 Level 16_Core[1,8,2]_[16482,43612].tif","/data_g1/AI_projects/projects/Immune_Cell_Prediction_WK/DIR/nhs/TMA 3 Level 16_Core[1,8,2]_[16482,43612]",success,22.2,"/data_g1/AI_projects/projects/Immune_Cell_Prediction_WK/DIR/nhs/TMA 3 Level 16_Core[1,8,2]_[16482,43612]/batch_run.log"
"/data_g1/AI_projects/raw_data/PCITB_CRC/HE_raw_images/Tumor/TMA3/TMA 3 Level 16_Core[1,9,3]_[15567,44502].tif","/data_g1/AI_projects/projects/Immune_Cell_Prediction_WK/DIR/nhs/TMA 3 Level 16_Core[1,9,3]_[15567,44502]",success,21.9,"/data_g1/AI_projects/projects/Immune_Cell_Prediction_WK/DIR/nhs/TMA 3 Level 16_Core[1,9,3]_[15567,44502]/batch_run.log"
"/data_g1/AI_projects/raw_data/PCITB_CRC/HE_raw_images/Tumor/TMA3/TMA 3 Level 16_Core[1,9,2]_[16358,44774].tif","/data_g1/AI_projects/projects/Immune_Cell_Prediction_WK/DIR/nhs/TMA 3 Level 16_Core[1,9,2]_[16358,44774]",success,21.7,"/data_g1/AI_projects/projects/Immune_Cell_Prediction_WK/DIR/nhs/TMA 3 Level 16_Core[1,9,2]_[16358,44774]/batch_run.log"
"/data_g1/AI_projects/raw_data/PCITB_CRC/HE_raw_images/Tumor/TMA3/TMA 3 Level 1_Core[1,9,3]_[16722,44816].tif","/data_g1/AI_projects/projects/Immune_Cell_Prediction_WK/DIR/nhs/TMA 3 Level 1_Core[1,9,3]_[16722,44816]",success,21.1,"/data_g1/AI_projects/projects/Immune_Cell_Prediction_WK/DIR/nhs/TMA 3 Level 1_Core[1,9,3]_[16722,44816]/batch_run.log"
"/data_g1/AI_projects/raw_data/PCITB_CRC/HE_raw_images/Tumor/TMA4/TMA 4 Level 16_Core[1,1,1]_[18959,41342].tif","/data_g1/AI_projects/projects/Immune_Cell_Prediction_WK/DIR/nhs/TMA 4 Level 16_Core[1,1,1]_[18959,41342]",success,21.3,"/data_g1/AI_projects/projects/Immune_Cell_Prediction_WK/DIR/nhs/TMA 4 Level 16_Core[1,1,1]_[18959,41342]/batch_run.log"
"/data_g1/AI_projects/raw_data/PCITB_CRC/HE_raw_images/Tumor/TMA3/TMA 3 Level 1_Core[1,9,2]_[17587,44964].tif","/data_g1/AI_projects/projects/Immune_Cell_Prediction_WK/DIR/nhs/TMA 3 Level 1_Core[1,9,2]_[17587,44964]",success,21.2,"/data_g1/AI_projects/projects/Immune_Cell_Prediction_WK/DIR/nhs/TMA 3 Level 1_Core[1,9,2]_[17587,44964]/batch_run.log"
"/data_g1/AI_projects/raw_data/PCITB_CRC/HE_raw_images/Tumor/TMA4/TMA 4 Level 1_Core[1,1,11]_[10712,39598].tif","/data_g1/AI_projects/projects/Immune_Cell_Prediction_WK/DIR/nhs/TMA 4 Level 1_Core[1,1,11]_[10712,39598]",success,21.6,"/data_g1/AI_projects/projects/Immune_Cell_Prediction_WK/DIR/nhs/TMA 4 Level 1_Core[1,1,11]_[10712,39598]/batch_run.log"
"/data_g1/AI_projects/raw_data/PCITB_CRC/HE_raw_images/Tumor/TMA4/TMA 4 Level 16_Core[1,1,13]_[8475,41119].tif","/data_g1/AI_projects/projects/Immune_Cell_Prediction_WK/DIR/nhs/TMA 4 Level 16_Core[1,1,13]_[8475,41119]",success,21.4,"/data_g1/AI_projects/projects/Immune_Cell_Prediction_WK/DIR/nhs/TMA 4 Level 16_Core[1,1,13]_[8475,41119]/batch_run.log"
"/data_g1/AI_projects/raw_data/PCITB_CRC/HE_raw_images/Tumor/TMA4/TMA 4 Level 16_Core[1,1,12]_[9241,41070].tif","/data_g1/AI_projects/projects/Immune_Cell_Prediction_WK/DIR/nhs/TMA 4 Level 16_Core[1,1,12]_[9241,41070]",success,21.6,"/data_g1/AI_projects/projects/Immune_Cell_Prediction_WK/DIR/nhs/TMA 4 Level 16_Core[1,1,12]_[9241,41070]/batch_run.log"
"/data_g1/AI_projects/raw_data/PCITB_CRC/HE_raw_images/Tumor/TMA4/TMA 4 Level 1_Core[1,1,12]_[9847,39648].tif","/data_g1/AI_projects/projects/Immune_Cell_Prediction_WK/DIR/nhs/TMA 4 Level 1_Core[1,1,12]_[9847,39648]",success,21.8,"/data_g1/AI_projects/projects/Immune_Cell_Prediction_WK/DIR/nhs/TMA 4 Level 1_Core[1,1,12]_[9847,39648]/batch_run.log"
"/data_g1/AI_projects/raw_data/PCITB_CRC/HE_raw_images/Tumor/TMA4/TMA 4 Level 16_Core[1,1,14]_[7535,41094].tif","/data_g1/AI_projects/projects/Immune_Cell_Prediction_WK/DIR/nhs/TMA 4 Level 16_Core[1,1,14]_[7535,41094]",success,21.4,"/data_g1/AI_projects/projects/Immune_Cell_Prediction_WK/DIR/nhs/TMA 4 Level 16_Core[1,1,14]_[7535,41094]/batch_run.log"
"/data_g1/AI_projects/raw_data/PCITB_CRC/HE_raw_images/Tumor/TMA4/TMA 4 Level 16_Core[1,1,11]_[10082,41070].tif","/data_g1/AI_projects/projects/Immune_Cell_Prediction_WK/DIR/nhs/TMA 4 Level 16_Core[1,1,11]_[10082,41070]",success,21.8,"/data_g1/AI_projects/projects/Immune_Cell_Prediction_WK/DIR/nhs/TMA 4 Level 16_Core[1,1,11]_[10082,41070]/batch_run.log"
"/data_g1/AI_projects/raw_data/PCITB_CRC/HE_raw_images/Tumor/TMA4/TMA 4 Level 16_Core[1,1,15]_[6571,41094].tif","/data_g1/AI_projects/projects/Immune_Cell_Prediction_WK/DIR/nhs/TMA 4 Level 16_Core[1,1,15]_[6571,41094]",success,22.2,"/data_g1/AI_projects/projects/Immune_Cell_Prediction_WK/DIR/nhs/TMA 4 Level 16_Core[1,1,15]_[6571,41094]/batch_run.log"
"/data_g1/AI_projects/raw_data/PCITB_CRC/HE_raw_images/Tumor/TMA4/TMA 4 Level 16_Core[1,1,17]_[4815,41193].tif","/data_g1/AI_projects/projects/Immune_Cell_Prediction_WK/DIR/nhs/TMA 4 Level 16_Core[1,1,17]_[4815,41193]",success,21.2,"/data_g1/AI_projects/projects/Immune_Cell_Prediction_WK/DIR/nhs/TMA 4 Level 16_Core[1,1,17]_[4815,41193]/batch_run.log"
"/data_g1/AI_projects/raw_data/PCITB_CRC/HE_raw_images/Tumor/TMA4/TMA 4 Level 16_Core[1,1,16]_[5730,41020].tif","/data_g1/AI_projects/projects/Immune_Cell_Prediction_WK/DIR/nhs/TMA 4 Level 16_Core[1,1,16]_[5730,41020]",success,21.8,"/data_g1/AI_projects/projects/Immune_Cell_Prediction_WK/DIR/nhs/TMA 4 Level 16_Core[1,1,16]_[5730,41020]/batch_run.log"
"/data_g1/AI_projects/raw_data/PCITB_CRC/HE_raw_images/Tumor/TMA4/TMA 4 Level 1_Core[1,1,16]_[6459,39746].tif","/data_g1/AI_projects/projects/Immune_Cell_Prediction_WK/DIR/nhs/TMA 4 Level 1_Core[1,1,16]_[6459,39746]",success,21.4,"/data_g1/AI_projects/projects/Immune_Cell_Prediction_WK/DIR/nhs/TMA 4 Level 1_Core[1,1,16]_[6459,39746]/batch_run.log"
"/data_g1/AI_projects/raw_data/PCITB_CRC/HE_raw_images/Tumor/TMA4/TMA 4 Level 16_Core[1,1,18]_[3950,41243].tif","/data_g1/AI_projects/projects/Immune_Cell_Prediction_WK/DIR/nhs/TMA 4 Level 16_Core[1,1,18]_[3950,41243]",success,21.8,"/data_g1/AI_projects/projects/Immune_Cell_Prediction_WK/DIR/nhs/TMA 4 Level 16_Core[1,1,18]_[3950,41243]/batch_run.log"
"/data_g1/AI_projects/raw_data/PCITB_CRC/HE_raw_images/Tumor/TMA4/TMA 4 Level 1_Core[1,1,15]_[7349,39771].tif","/data_g1/AI_projects/projects/Immune_Cell_Prediction_WK/DIR/nhs/TMA 4 Level 1_Core[1,1,15]_[7349,39771]",success,21.7,"/data_g1/AI_projects/projects/Immune_Cell_Prediction_WK/DIR/nhs/TMA 4 Level 1_Core[1,1,15]_[7349,39771]/batch_run.log"
"/data_g1/AI_projects/raw_data/PCITB_CRC/HE_raw_images/Tumor/TMA4/TMA 4 Level 1_Core[1,1,19]_[3739,39796].tif","/data_g1/AI_projects/projects/Immune_Cell_Prediction_WK/DIR/nhs/TMA 4 Level 1_Core[1,1,19]_[3739,39796]",success,21.1,"/data_g1/AI_projects/projects/Immune_Cell_Prediction_WK/DIR/nhs/TMA 4 Level 1_Core[1,1,19]_[3739,39796]/batch_run.log"
"/data_g1/AI_projects/raw_data/PCITB_CRC/HE_raw_images/Tumor/TMA4/TMA 4 Level 16_Core[1,1,20]_[2095,41342].tif","/data_g1/AI_projects/projects/Immune_Cell_Prediction_WK/DIR/nhs/TMA 4 Level 16_Core[1,1,20]_[2095,41342]",success,21.2,"/data_g1/AI_projects/projects/Immune_Cell_Prediction_WK/DIR/nhs/TMA 4 Level 16_Core[1,1,20]_[2095,41342]/batch_run.log"
"/data_g1/AI_projects/raw_data/PCITB_CRC/HE_raw_images/Tumor/TMA4/TMA 4 Level 16_Core[1,1,2]_[18044,41144].tif","/data_g1/AI_projects/projects/Immune_Cell_Prediction_WK/DIR/nhs/TMA 4 Level 16_Core[1,1,2]_[18044,41144]",success,21.1,"/data_g1/AI_projects/projects/Immune_Cell_Prediction_WK/DIR/nhs/TMA 4 Level 16_Core[1,1,2]_[18044,41144]/batch_run.log"
"/data_g1/AI_projects/raw_data/PCITB_CRC/HE_raw_images/Tumor/TMA4/TMA 4 Level 1_Core[1,1,2]_[18600,39697].tif","/data_g1/AI_projects/projects/Immune_Cell_Prediction_WK/DIR/nhs/TMA 4 Level 1_Core[1,1,2]_[18600,39697]",success,21.0,"/data_g1/AI_projects/projects/Immune_Cell_Prediction_WK/DIR/nhs/TMA 4 Level 1_Core[1,1,2]_[18600,39697]/batch_run.log"
"/data_g1/AI_projects/raw_data/PCITB_CRC/HE_raw_images/Tumor/TMA4/TMA 4 Level 1_Core[1,1,20]_[2874,39944].tif","/data_g1/AI_projects/projects/Immune_Cell_Prediction_WK/DIR/nhs/TMA 4 Level 1_Core[1,1,20]_[2874,39944]",success,21.6,"/data_g1/AI_projects/projects/Immune_Cell_Prediction_WK/DIR/nhs/TMA 4 Level 1_Core[1,1,20]_[2874,39944]/batch_run.log"
"/data_g1/AI_projects/raw_data/PCITB_CRC/HE_raw_images/Tumor/TMA4/TMA 4 Level 16_Core[1,1,3]_[17154,41218].tif","/data_g1/AI_projects/projects/Immune_Cell_Prediction_WK/DIR/nhs/TMA 4 Level 16_Core[1,1,3]_[17154,41218]",success,21.3,"/data_g1/AI_projects/projects/Immune_Cell_Prediction_WK/DIR/nhs/TMA 4 Level 16_Core[1,1,3]_[17154,41218]/batch_run.log"
"/data_g1/AI_projects/raw_data/PCITB_CRC/HE_raw_images/Tumor/TMA4/TMA 4 Level 16_Core[1,1,19]_[2985,41243].tif","/data_g1/AI_projects/projects/Immune_Cell_Prediction_WK/DIR/nhs/TMA 4 Level 16_Core[1,1,19]_[2985,41243]",success,21.8,"/data_g1/AI_projects/projects/Immune_Cell_Prediction_WK/DIR/nhs/TMA 4 Level 16_Core[1,1,19]_[2985,41243]/batch_run.log"
"/data_g1/AI_projects/raw_data/PCITB_CRC/HE_raw_images/Tumor/TMA4/TMA 4 Level 16_Core[1,1,5]_[15374,41144].tif","/data_g1/AI_projects/projects/Immune_Cell_Prediction_WK/DIR/nhs/TMA 4 Level 16_Core[1,1,5]_[15374,41144]",success,21.3,"/data_g1/AI_projects/projects/Immune_Cell_Prediction_WK/DIR/nhs/TMA 4 Level 16_Core[1,1,5]_[15374,41144]/batch_run.log"
"/data_g1/AI_projects/raw_data/PCITB_CRC/HE_raw_images/Tumor/TMA4/TMA 4 Level 1_Core[1,1,4]_[16919,39623].tif","/data_g1/AI_projects/projects/Immune_Cell_Prediction_WK/DIR/nhs/TMA 4 Level 1_Core[1,1,4]_[16919,39623]",success,21.1,"/data_g1/AI_projects/projects/Immune_Cell_Prediction_WK/DIR/nhs/TMA 4 Level 1_Core[1,1,4]_[16919,39623]/batch_run.log"
"/data_g1/AI_projects/raw_data/PCITB_CRC/HE_raw_images/Tumor/TMA4/TMA 4 Level 16_Core[1,1,4]_[16140,41193].tif","/data_g1/AI_projects/projects/Immune_Cell_Prediction_WK/DIR/nhs/TMA 4 Level 16_Core[1,1,4]_[16140,41193]",success,21.5,"/data_g1/AI_projects/projects/Immune_Cell_Prediction_WK/DIR/nhs/TMA 4 Level 16_Core[1,1,4]_[16140,41193]/batch_run.log"
"/data_g1/AI_projects/raw_data/PCITB_CRC/HE_raw_images/Tumor/TMA4/TMA 4 Level 1_Core[1,1,5]_[15955,39697].tif","/data_g1/AI_projects/projects/Immune_Cell_Prediction_WK/DIR/nhs/TMA 4 Level 1_Core[1,1,5]_[15955,39697]",success,21.3,"/data_g1/AI_projects/projects/Immune_Cell_Prediction_WK/DIR/nhs/TMA 4 Level 1_Core[1,1,5]_[15955,39697]/batch_run.log"
"/data_g1/AI_projects/raw_data/PCITB_CRC/HE_raw_images/Tumor/TMA4/TMA 4 Level 1_Core[1,1,7]_[14347,39623].tif","/data_g1/AI_projects/projects/Immune_Cell_Prediction_WK/DIR/nhs/TMA 4 Level 1_Core[1,1,7]_[14347,39623]",success,20.8,"/data_g1/AI_projects/projects/Immune_Cell_Prediction_WK/DIR/nhs/TMA 4 Level 1_Core[1,1,7]_[14347,39623]/batch_run.log"
"/data_g1/AI_projects/raw_data/PCITB_CRC/HE_raw_images/Tumor/TMA4/TMA 4 Level 1_Core[1,1,3]_[17735,39845].tif","/data_g1/AI_projects/projects/Immune_Cell_Prediction_WK/DIR/nhs/TMA 4 Level 1_Core[1,1,3]_[17735,39845]",success,21.2,"/data_g1/AI_projects/projects/Immune_Cell_Prediction_WK/DIR/nhs/TMA 4 Level 1_Core[1,1,3]_[17735,39845]/batch_run.log"
"/data_g1/AI_projects/raw_data/PCITB_CRC/HE_raw_images/Tumor/TMA4/TMA 4 Level 16_Core[1,1,9]_[11788,41020].tif","/data_g1/AI_projects/projects/Immune_Cell_Prediction_WK/DIR/nhs/TMA 4 Level 16_Core[1,1,9]_[11788,41020]",success,21.4,"/data_g1/AI_projects/projects/Immune_Cell_Prediction_WK/DIR/nhs/TMA 4 Level 16_Core[1,1,9]_[11788,41020]/batch_run.log"
"/data_g1/AI_projects/raw_data/PCITB_CRC/HE_raw_images/Tumor/TMA4/TMA 4 Level 1_Core[1,1,8]_[13349,39533].tif","/data_g1/AI_projects/projects/Immune_Cell_Prediction_WK/DIR/nhs/TMA 4 Level 1_Core[1,1,8]_[13349,39533]",success,21.1,"/data_g1/AI_projects/projects/Immune_Cell_Prediction_WK/DIR/nhs/TMA 4 Level 1_Core[1,1,8]_[13349,39533]/batch_run.log"
"/data_g1/AI_projects/raw_data/PCITB_CRC/HE_raw_images/Tumor/TMA4/TMA 4 Level 16_Core[1,1,8]_[12852,40996].tif","/data_g1/AI_projects/projects/Immune_Cell_Prediction_WK/DIR/nhs/TMA 4 Level 16_Core[1,1,8]_[12852,40996]",success,22.0,"/data_g1/AI_projects/projects/Immune_Cell_Prediction_WK/DIR/nhs/TMA 4 Level 16_Core[1,1,8]_[12852,40996]/batch_run.log"
"/data_g1/AI_projects/raw_data/PCITB_CRC/HE_raw_images/Tumor/TMA4/TMA 4 Level 1_Core[1,1,9]_[12270,39499].tif","/data_g1/AI_projects/projects/Immune_Cell_Prediction_WK/DIR/nhs/TMA 4 Level 1_Core[1,1,9]_[12270,39499]",success,20.8,"/data_g1/AI_projects/projects/Immune_Cell_Prediction_WK/DIR/nhs/TMA 4 Level 1_Core[1,1,9]_[12270,39499]/batch_run.log"
"/data_g1/AI_projects/raw_data/PCITB_CRC/HE_raw_images/Tumor/TMA4/TMA 4 Level 1_Core[1,10,1]_[20307,47437].tif","/data_g1/AI_projects/projects/Immune_Cell_Prediction_WK/DIR/nhs/TMA 4 Level 1_Core[1,10,1]_[20307,47437]",success,21.2,"/data_g1/AI_projects/projects/Immune_Cell_Prediction_WK/DIR/nhs/TMA 4 Level 1_Core[1,10,1]_[20307,47437]/batch_run.log"
"/data_g1/AI_projects/raw_data/PCITB_CRC/HE_raw_images/Tumor/TMA4/TMA 4 Level 16_Core[1,1,7]_[13668,41070].tif","/data_g1/AI_projects/projects/Immune_Cell_Prediction_WK/DIR/nhs/TMA 4 Level 16_Core[1,1,7]_[13668,41070]",success,21.8,"/data_g1/AI_projects/projects/Immune_Cell_Prediction_WK/DIR/nhs/TMA 4 Level 16_Core[1,1,7]_[13668,41070]/batch_run.log"
"/data_g1/AI_projects/raw_data/PCITB_CRC/HE_raw_images/Tumor/TMA4/TMA 4 Level 1_Core[1,10,12]_[9996,47536].tif","/data_g1/AI_projects/projects/Immune_Cell_Prediction_WK/DIR/nhs/TMA 4 Level 1_Core[1,10,12]_[9996,47536]",success,22.5,"/data_g1/AI_projects/projects/Immune_Cell_Prediction_WK/DIR/nhs/TMA 4 Level 1_Core[1,10,12]_[9996,47536]/batch_run.log"
"/data_g1/AI_projects/raw_data/PCITB_CRC/HE_raw_images/Tumor/TMA4/TMA 4 Level 16_Core[1,10,10]_[11220,48241].tif","/data_g1/AI_projects/projects/Immune_Cell_Prediction_WK/DIR/nhs/TMA 4 Level 16_Core[1,10,10]_[11220,48241]",success,23.1,"/data_g1/AI_projects/projects/Immune_Cell_Prediction_WK/DIR/nhs/TMA 4 Level 16_Core[1,10,10]_[11220,48241]/batch_run.log"
"/data_g1/AI_projects/raw_data/PCITB_CRC/HE_raw_images/Tumor/TMA4/TMA 4 Level 16_Core[1,10,13]_[8203,48538].tif","/data_g1/AI_projects/projects/Immune_Cell_Prediction_WK/DIR/nhs/TMA 4 Level 16_Core[1,10,13]_[8203,48538]",success,21.5,"/data_g1/AI_projects/projects/Immune_Cell_Prediction_WK/DIR/nhs/TMA 4 Level 16_Core[1,10,13]_[8203,48538]/batch_run.log"
"/data_g1/AI_projects/raw_data/PCITB_CRC/HE_raw_images/Tumor/TMA4/TMA 4 Level 16_Core[1,10,1]_[19751,48587].tif","/data_g1/AI_projects/projects/Immune_Cell_Prediction_WK/DIR/nhs/TMA 4 Level 16_Core[1,10,1]_[19751,48587]",success,20.9,"/data_g1/AI_projects/projects/Immune_Cell_Prediction_WK/DIR/nhs/TMA 4 Level 16_Core[1,10,1]_[19751,48587]/batch_run.log"
"/data_g1/AI_projects/raw_data/PCITB_CRC/HE_raw_images/Tumor/TMA4/TMA 4 Level 1_Core[1,10,10]_[12073,47091].tif","/data_g1/AI_projects/projects/Immune_Cell_Prediction_WK/DIR/nhs/TMA 4 Level 1_Core[1,10,10]_[12073,47091]",success,22.9,"/data_g1/AI_projects/projects/Immune_Cell_Prediction_WK/DIR/nhs/TMA 4 Level 1_Core[1,10,10]_[12073,47091]/batch_run.log"
"/data_g1/AI_projects/raw_data/PCITB_CRC/HE_raw_images/Tumor/TMA4/TMA 4 Level 16_Core[1,10,12]_[9093,48513].tif","/data_g1/AI_projects/projects/Immune_Cell_Prediction_WK/DIR/nhs/TMA 4 Level 16_Core[1,10,12]_[9093,48513]",success,23.1,"/data_g1/AI_projects/projects/Immune_Cell_Prediction_WK/DIR/nhs/TMA 4 Level 16_Core[1,10,12]_[9093,48513]/batch_run.log"
"/data_g1/AI_projects/raw_data/PCITB_CRC/HE_raw_images/Tumor/TMA4/TMA 4 Level 16_Core[1,10,15]_[6442,48579].tif","/data_g1/AI_projects/projects/Immune_Cell_Prediction_WK/DIR/nhs/TMA 4 Level 16_Core[1,10,15]_[6442,48579]",success,20.7,"/data_g1/AI_projects/projects/Immune_Cell_Prediction_WK/DIR/nhs/TMA 4 Level 16_Core[1,10,15]_[6442,48579]/batch_run.log"
"/data_g1/AI_projects/raw_data/PCITB_CRC/HE_raw_images/Tumor/TMA4/TMA 4 Level 1_Core[1,10,15]_[7147,47454].tif","/data_g1/AI_projects/projects/Immune_Cell_Prediction_WK/DIR/nhs/TMA 4 Level 1_Core[1,10,15]_[7147,47454]",success,21.3,"/data_g1/AI_projects/projects/Immune_Cell_Prediction_WK/DIR/nhs/TMA 4 Level 1_Core[1,10,15]_[7147,47454]/batch_run.log"
"/data_g1/AI_projects/raw_data/PCITB_CRC/HE_raw_images/Tumor/TMA4/TMA 4 Level 1_Core[1,10,16]_[6286,47536].tif","/data_g1/AI_projects/projects/Immune_Cell_Prediction_WK/DIR/nhs/TMA 4 Level 1_Core[1,10,16]_[6286,47536]",success,21.3,"/data_g1/AI_projects/projects/Immune_Cell_Prediction_WK/DIR/nhs/TMA 4 Level 1_Core[1,10,16]_[6286,47536]/batch_run.log"
"/data_g1/AI_projects/raw_data/PCITB_CRC/HE_raw_images/Tumor/TMA4/TMA 4 Level 1_Core[1,10,14]_[8116,47239].tif","/data_g1/AI_projects/projects/Immune_Cell_Prediction_WK/DIR/nhs/TMA 4 Level 1_Core[1,10,14]_[8116,47239]",success,21.4,"/data_g1/AI_projects/projects/Immune_Cell_Prediction_WK/DIR/nhs/TMA 4 Level 1_Core[1,10,14]_[8116,47239]/batch_run.log"
"/data_g1/AI_projects/raw_data/PCITB_CRC/HE_raw_images/Tumor/TMA4/TMA 4 Level 16_Core[1,10,14]_[7362,48364].tif","/data_g1/AI_projects/projects/Immune_Cell_Prediction_WK/DIR/nhs/TMA 4 Level 16_Core[1,10,14]_[7362,48364]",success,21.7,"/data_g1/AI_projects/projects/Immune_Cell_Prediction_WK/DIR/nhs/TMA 4 Level 16_Core[1,10,14]_[7362,48364]/batch_run.log"
"/data_g1/AI_projects/raw_data/PCITB_CRC/HE_raw_images/Tumor/TMA4/TMA 4 Level 16_Core[1,10,16]_[5483,48513].tif","/data_g1/AI_projects/projects/Immune_Cell_Prediction_WK/DIR/nhs/TMA 4 Level 16_Core[1,10,16]_[5483,48513]",success,22.1,"/data_g1/AI_projects/projects/Immune_Cell_Prediction_WK/DIR/nhs/TMA 4 Level 16_Core[1,10,16]_[5483,48513]/batch_run.log"
"/data_g1/AI_projects/raw_data/PCITB_CRC/HE_raw_images/Tumor/TMA4/TMA 4 Level 16_Core[1,10,18]_[3653,48488].tif","/data_g1/AI_projects/projects/Immune_Cell_Prediction_WK/DIR/nhs/TMA 4 Level 16_Core[1,10,18]_[3653,48488]",success,22.2,"/data_g1/AI_projects/projects/Immune_Cell_Prediction_WK/DIR/nhs/TMA 4 Level 16_Core[1,10,18]_[3653,48488]/batch_run.log"
"/data_g1/AI_projects/raw_data/PCITB_CRC/HE_raw_images/Tumor/TMA4/TMA 4 Level 1_Core[1,10,18]_[4382,47511].tif","/data_g1/AI_projects/projects/Immune_Cell_Prediction_WK/DIR/nhs/TMA 4 Level 1_Core[1,10,18]_[4382,47511]",success,22.0,"/data_g1/AI_projects/projects/Immune_Cell_Prediction_WK/DIR/nhs/TMA 4 Level 1_Core[1,10,18]_[4382,47511]/batch_run.log"
"/data_g1/AI_projects/raw_data/PCITB_CRC/HE_raw_images/Tumor/TMA4/TMA 4 Level 1_Core[1,10,19]_[3517,47660].tif","/data_g1/AI_projects/projects/Immune_Cell_Prediction_WK/DIR/nhs/TMA 4 Level 1_Core[1,10,19]_[3517,47660]",success,21.4,"/data_g1/AI_projects/projects/Immune_Cell_Prediction_WK/DIR/nhs/TMA 4 Level 1_Core[1,10,19]_[3517,47660]/batch_run.log"
"/data_g1/AI_projects/raw_data/PCITB_CRC/HE_raw_images/Tumor/TMA4/TMA 4 Level 1_Core[1,10,17]_[5396,47487].tif","/data_g1/AI_projects/projects/Immune_Cell_Prediction_WK/DIR/nhs/TMA 4 Level 1_Core[1,10,17]_[5396,47487]",success,21.6,"/data_g1/AI_projects/projects/Immune_Cell_Prediction_WK/DIR/nhs/TMA 4 Level 1_Core[1,10,17]_[5396,47487]/batch_run.log"
"/data_g1/AI_projects/raw_data/PCITB_CRC/HE_raw_images/Tumor/TMA4/TMA 4 Level 16_Core[1,10,17]_[4593,48488].tif","/data_g1/AI_projects/projects/Immune_Cell_Prediction_WK/DIR/nhs/TMA 4 Level 16_Core[1,10,17]_[4593,48488]",success,21.7,"/data_g1/AI_projects/projects/Immune_Cell_Prediction_WK/DIR/nhs/TMA 4 Level 16_Core[1,10,17]_[4593,48488]/batch_run.log"
"/data_g1/AI_projects/raw_data/PCITB_CRC/HE_raw_images/Tumor/TMA4/TMA 4 Level 16_Core[1,10,19]_[2688,48661].tif","/data_g1/AI_projects/projects/Immune_Cell_Prediction_WK/DIR/nhs/TMA 4 Level 16_Core[1,10,19]_[2688,48661]",success,21.1,"/data_g1/AI_projects/projects/Immune_Cell_Prediction_WK/DIR/nhs/TMA 4 Level 16_Core[1,10,19]_[2688,48661]/batch_run.log"
"/data_g1/AI_projects/raw_data/PCITB_CRC/HE_raw_images/Tumor/TMA4/TMA 4 Level 16_Core[1,10,20]_[1675,48587].tif","/data_g1/AI_projects/projects/Immune_Cell_Prediction_WK/DIR/nhs/TMA 4 Level 16_Core[1,10,20]_[1675,48587]",success,20.9,"/data_g1/AI_projects/projects/Immune_Cell_Prediction_WK/DIR/nhs/TMA 4 Level 16_Core[1,10,20]_[1675,48587]/batch_run.log"
"/data_g1/AI_projects/raw_data/PCITB_CRC/HE_raw_images/Tumor/TMA4/TMA 4 Level 1_Core[1,10,20]_[2404,47635].tif","/data_g1/AI_projects/projects/Immune_Cell_Prediction_WK/DIR/nhs/TMA 4 Level 1_Core[1,10,20]_[2404,47635]",success,20.5,"/data_g1/AI_projects/projects/Immune_Cell_Prediction_WK/DIR/nhs/TMA 4 Level 1_Core[1,10,20]_[2404,47635]/batch_run.log"
"/data_g1/AI_projects/raw_data/PCITB_CRC/HE_raw_images/Tumor/TMA4/TMA 4 Level 16_Core[1,10,2]_[18490,48463].tif","/data_g1/AI_projects/projects/Immune_Cell_Prediction_WK/DIR/nhs/TMA 4 Level 16_Core[1,10,2]_[18490,48463]",success,22.1,"/data_g1/AI_projects/projects/Immune_Cell_Prediction_WK/DIR/nhs/TMA 4 Level 16_Core[1,10,2]_[18490,48463]/batch_run.log"
"/data_g1/AI_projects/raw_data/PCITB_CRC/HE_raw_images/Tumor/TMA4/TMA 4 Level 1_Core[1,10,2]_[19268,47239].tif","/data_g1/AI_projects/projects/Immune_Cell_Prediction_WK/DIR/nhs/TMA 4 Level 1_Core[1,10,2]_[19268,47239]",success,22.1,"/data_g1/AI_projects/projects/Immune_Cell_Prediction_WK/DIR/nhs/TMA 4 Level 1_Core[1,10,2]_[19268,47239]/batch_run.log"
"/data_g1/AI_projects/raw_data/PCITB_CRC/HE_raw_images/Tumor/TMA4/TMA 4 Level 16_Core[1,10,3]_[17575,48513].tif","/data_g1/AI_projects/projects/Immune_Cell_Prediction_WK/DIR/nhs/TMA 4 Level 16_Core[1,10,3]_[17575,48513]",success,23.2,"/data_g1/AI_projects/projects/Immune_Cell_Prediction_WK/DIR/nhs/TMA 4 Level 16_Core[1,10,3]_[17575,48513]/batch_run.log"
"/data_g1/AI_projects/raw_data/PCITB_CRC/HE_raw_images/Tumor/TMA4/TMA 4 Level 1_Core[1,10,3]_[18230,47338].tif","/data_g1/AI_projects/projects/Immune_Cell_Prediction_WK/DIR/nhs/TMA 4 Level 1_Core[1,10,3]_[18230,47338]",success,22.3,"/data_g1/AI_projects/projects/Immune_Cell_Prediction_WK/DIR/nhs/TMA 4 Level 1_Core[1,10,3]_[18230,47338]/batch_run.log"
"/data_g1/AI_projects/raw_data/PCITB_CRC/HE_raw_images/Tumor/TMA4/TMA 4 Level 16_Core[1,10,7]_[13964,48463].tif","/data_g1/AI_projects/projects/Immune_Cell_Prediction_WK/DIR/nhs/TMA 4 Level 16_Core[1,10,7]_[13964,48463]",success,25.5,"/data_g1/AI_projects/projects/Immune_Cell_Prediction_WK/DIR/nhs/TMA 4 Level 16_Core[1,10,7]_[13964,48463]/batch_run.log"
"/data_g1/AI_projects/raw_data/PCITB_CRC/HE_raw_images/Tumor/TMA4/TMA 4 Level 1_Core[1,10,7]_[14694,47338].tif","/data_g1/AI_projects/projects/Immune_Cell_Prediction_WK/DIR/nhs/TMA 4 Level 1_Core[1,10,7]_[14694,47338]",success,23.4,"/data_g1/AI_projects/projects/Immune_Cell_Prediction_WK/DIR/nhs/TMA 4 Level 1_Core[1,10,7]_[14694,47338]/batch_run.log"
"/data_g1/AI_projects/raw_data/PCITB_CRC/HE_raw_images/Tumor/TMA4/TMA 4 Level 16_Core[1,10,6]_[14879,48463].tif","/data_g1/AI_projects/projects/Immune_Cell_Prediction_WK/DIR/nhs/TMA 4 Level 16_Core[1,10,6]_[14879,48463]",success,25.2,"/data_g1/AI_projects/projects/Immune_Cell_Prediction_WK/DIR/nhs/TMA 4 Level 16_Core[1,10,6]_[14879,48463]/batch_run.log"
"/data_g1/AI_projects/raw_data/PCITB_CRC/HE_raw_images/Tumor/TMA4/TMA 4 Level 1_Core[1,10,6]_[15609,47215].tif","/data_g1/AI_projects/projects/Immune_Cell_Prediction_WK/DIR/nhs/TMA 4 Level 1_Core[1,10,6]_[15609,47215]",success,25.1,"/data_g1/AI_projects/projects/Immune_Cell_Prediction_WK/DIR/nhs/TMA 4 Level 1_Core[1,10,6]_[15609,47215]/batch_run.log"
"/data_g1/AI_projects/raw_data/PCITB_CRC/HE_raw_images/Tumor/TMA4/TMA 4 Level 1_Core[1,10,8]_[13730,47487].tif","/data_g1/AI_projects/projects/Immune_Cell_Prediction_WK/DIR/nhs/TMA 4 Level 1_Core[1,10,8]_[13730,47487]",success,25.8,"/data_g1/AI_projects/projects/Immune_Cell_Prediction_WK/DIR/nhs/TMA 4 Level 1_Core[1,10,8]_[13730,47487]/batch_run.log"
"/data_g1/AI_projects/raw_data/PCITB_CRC/HE_raw_images/Tumor/TMA4/TMA 4 Level 16_Core[1,10,8]_[12901,48661].tif","/data_g1/AI_projects/projects/Immune_Cell_Prediction_WK/DIR/nhs/TMA 4 Level 16_Core[1,10,8]_[12901,48661]",success,25.6,"/data_g1/AI_projects/projects/Immune_Cell_Prediction_WK/DIR/nhs/TMA 4 Level 16_Core[1,10,8]_[12901,48661]/batch_run.log"
"/data_g1/AI_projects/raw_data/PCITB_CRC/HE_raw_images/Tumor/TMA4/TMA 4 Level 1_Core[1,11,12]_[9921,48402].tif","/data_g1/AI_projects/projects/Immune_Cell_Prediction_WK/DIR/nhs/TMA 4 Level 1_Core[1,11,12]_[9921,48402]",success,21.6,"/data_g1/AI_projects/projects/Immune_Cell_Prediction_WK/DIR/nhs/TMA 4 Level 1_Core[1,11,12]_[9921,48402]/batch_run.log"
"/data_g1/AI_projects/raw_data/PCITB_CRC/HE_raw_images/Tumor/TMA4/TMA 4 Level 16_Core[1,11,12]_[9217,49378].tif","/data_g1/AI_projects/projects/Immune_Cell_Prediction_WK/DIR/nhs/TMA 4 Level 16_Core[1,11,12]_[9217,49378]",success,21.5,"/data_g1/AI_projects/projects/Immune_Cell_Prediction_WK/DIR/nhs/TMA 4 Level 16_Core[1,11,12]_[9217,49378]/batch_run.log"
"/data_g1/AI_projects/raw_data/PCITB_CRC/HE_raw_images/Tumor/TMA4/TMA 4 Level 1_Core[1,10,9]_[12938,47388].tif","/data_g1/AI_projects/projects/Immune_Cell_Prediction_WK/DIR/nhs/TMA 4 Level 1_Core[1,10,9]_[12938,47388]",success,22.5,"/data_g1/AI_projects/projects/Immune_Cell_Prediction_WK/DIR/nhs/TMA 4 Level 1_Core[1,10,9]_[12938,47388]/batch_run.log"
"/data_g1/AI_projects/raw_data/PCITB_CRC/HE_raw_images/Tumor/TMA4/TMA 4 Level 16_Core[1,10,9]_[12233,48488].tif","/data_g1/AI_projects/projects/Immune_Cell_Prediction_WK/DIR/nhs/TMA 4 Level 16_Core[1,10,9]_[12233,48488]",success,22.5,"/data_g1/AI_projects/projects/Immune_Cell_Prediction_WK/DIR/nhs/TMA 4 Level 16_Core[1,10,9]_[12233,48488]/batch_run.log"
"/data_g1/AI_projects/raw_data/PCITB_CRC/HE_raw_images/Tumor/TMA4/TMA 4 Level 16_Core[1,11,14]_[7263,49452].tif","/data_g1/AI_projects/projects/Immune_Cell_Prediction_WK/DIR/nhs/TMA 4 Level 16_Core[1,11,14]_[7263,49452]",success,22.0,"/data_g1/AI_projects/projects/Immune_Cell_Prediction_WK/DIR/nhs/TMA 4 Level 16_Core[1,11,14]_[7263,49452]/batch_run.log"
"/data_g1/AI_projects/raw_data/PCITB_CRC/HE_raw_images/Tumor/TMA4/TMA 4 Level 16_Core[1,11,18]_[3579,49354].tif","/data_g1/AI_projects/projects/Immune_Cell_Prediction_WK/DIR/nhs/TMA 4 Level 16_Core[1,11,18]_[3579,49354]",success,22.9,"/data_g1/AI_projects/projects/Immune_Cell_Prediction_WK/DIR/nhs/TMA 4 Level 16_Core[1,11,18]_[3579,49354]/batch_run.log"
"/data_g1/AI_projects/raw_data/PCITB_CRC/HE_raw_images/Tumor/TMA4/TMA 4 Level 16_Core[1,11,20]_[1683,49389].tif","/data_g1/AI_projects/projects/Immune_Cell_Prediction_WK/DIR/nhs/TMA 4 Level 16_Core[1,11,20]_[1683,49389]",success,25.1,"/data_g1/AI_projects/projects/Immune_Cell_Prediction_WK/DIR/nhs/TMA 4 Level 16_Core[1,11,20]_[1683,49389]/batch_run.log"
"/data_g1/AI_projects/raw_data/PCITB_CRC/HE_raw_images/Tumor/TMA4/TMA 4 Level 1_Core[1,11,2]_[19293,48228].tif","/data_g1/AI_projects/projects/Immune_Cell_Prediction_WK/DIR/nhs/TMA 4 Level 1_Core[1,11,2]_[19293,48228]",success,25.5,"/data_g1/AI_projects/projects/Immune_Cell_Prediction_WK/DIR/nhs/TMA 4 Level 1_Core[1,11,2]_[19293,48228]/batch_run.log"
"/data_g1/AI_projects/raw_data/PCITB_CRC/HE_raw_images/Tumor/TMA4/TMA 4 Level 16_Core[1,11,2]_[18687,49354].tif","/data_g1/AI_projects/projects/Immune_Cell_Prediction_WK/DIR/nhs/TMA 4 Level 16_Core[1,11,2]_[18687,49354]",success,24.3,"/data_g1/AI_projects/projects/Immune_Cell_Prediction_WK/DIR/nhs/TMA 4 Level 16_Core[1,11,2]_[18687,49354]/batch_run.log"
"/data_g1/AI_projects/raw_data/PCITB_CRC/HE_raw_images/Tumor/TMA4/TMA 4 Level 1_Core[1,11,18]_[4358,48402].tif","/data_g1/AI_projects/projects/Immune_Cell_Prediction_WK/DIR/nhs/TMA 4 Level 1_Core[1,11,18]_[4358,48402]",success,24.7,"/data_g1/AI_projects/projects/Immune_Cell_Prediction_WK/DIR/nhs/TMA 4 Level 1_Core[1,11,18]_[4358,48402]/batch_run.log"
"/data_g1/AI_projects/raw_data/PCITB_CRC/HE_raw_images/Tumor/TMA4/TMA 4 Level 1_Core[1,11,6]_[15732,48130].tif","/data_g1/AI_projects/projects/Immune_Cell_Prediction_WK/DIR/nhs/TMA 4 Level 1_Core[1,11,6]_[15732,48130]",success,25.4,"/data_g1/AI_projects/projects/Immune_Cell_Prediction_WK/DIR/nhs/TMA 4 Level 1_Core[1,11,6]_[15732,48130]/batch_run.log"
"/data_g1/AI_projects/raw_data/PCITB_CRC/HE_raw_images/Tumor/TMA4/TMA 4 Level 16_Core[1,11,6]_[14904,49329].tif","/data_g1/AI_projects/projects/Immune_Cell_Prediction_WK/DIR/nhs/TMA 4 Level 16_Core[1,11,6]_[14904,49329]",success,25.2,"/data_g1/AI_projects/projects/Immune_Cell_Prediction_WK/DIR/nhs/TMA 4 Level 16_Core[1,11,6]_[14904,49329]/batch_run.log"
"/data_g1/AI_projects/raw_data/PCITB_CRC/HE_raw_images/Tumor/TMA4/TMA 4 Level 16_Core[1,12,1]_[19701,50367].tif","/data_g1/AI_projects/projects/Immune_Cell_Prediction_WK/DIR/nhs/TMA 4 Level 16_Core[1,12,1]_[19701,50367]",success,21.8,"/data_g1/AI_projects/projects/Immune_Cell_Prediction_WK/DIR/nhs/TMA 4 Level 16_Core[1,12,1]_[19701,50367]/batch_run.log"
"/data_g1/AI_projects/raw_data/PCITB_CRC/HE_raw_images/Tumor/TMA4/TMA 4 Level 1_Core[1,12,1]_[20307,49218].tif","/data_g1/AI_projects/projects/Immune_Cell_Prediction_WK/DIR/nhs/TMA 4 Level 1_Core[1,12,1]_[20307,49218]",success,21.8,"/data_g1/AI_projects/projects/Immune_Cell_Prediction_WK/DIR/nhs/TMA 4 Level 1_Core[1,12,1]_[20307,49218]/batch_run.log"
"/data_g1/AI_projects/raw_data/PCITB_CRC/HE_raw_images/Tumor/TMA4/TMA 4 Level 16_Core[1,11,8]_[13124,49403].tif","/data_g1/AI_projects/projects/Immune_Cell_Prediction_WK/DIR/nhs/TMA 4 Level 16_Core[1,11,8]_[13124,49403]",success,22.1,"/data_g1/AI_projects/projects/Immune_Cell_Prediction_WK/DIR/nhs/TMA 4 Level 16_Core[1,11,8]_[13124,49403]/batch_run.log"
"/data_g1/AI_projects/raw_data/PCITB_CRC/HE_raw_images/Tumor/TMA4/TMA 4 Level 1_Core[1,11,8]_[13853,48278].tif","/data_g1/AI_projects/projects/Immune_Cell_Prediction_WK/DIR/nhs/TMA 4 Level 1_Core[1,11,8]_[13853,48278]",success,22.0,"/data_g1/AI_projects/projects/Immune_Cell_Prediction_WK/DIR/nhs/TMA 4 Level 1_Core[1,11,8]_[13853,48278]/batch_run.log"
"/data_g1/AI_projects/raw_data/PCITB_CRC/HE_raw_images/Tumor/TMA4/TMA 4 Level 1_Core[1,12,10]_[11998,49292].tif","/data_g1/AI_projects/projects/Immune_Cell_Prediction_WK/DIR/nhs/TMA 4 Level 1_Core[1,12,10]_[11998,49292]",success,22.5,"/data_g1/AI_projects/projects/Immune_Cell_Prediction_WK/DIR/nhs/TMA 4 Level 1_Core[1,12,10]_[11998,49292]/batch_run.log"
"/data_g1/AI_projects/raw_data/PCITB_CRC/HE_raw_images/Tumor/TMA4/TMA 4 Level 16_Core[1,12,10]_[11244,50343].tif","/data_g1/AI_projects/projects/Immune_Cell_Prediction_WK/DIR/nhs/TMA 4 Level 16_Core[1,12,10]_[11244,50343]",success,22.2,"/data_g1/AI_projects/projects/Immune_Cell_Prediction_WK/DIR/nhs/TMA 4 Level 16_Core[1,12,10]_[11244,50343]/batch_run.log"
"/data_g1/AI_projects/raw_data/PCITB_CRC/HE_raw_images/Tumor/TMA4/TMA 4 Level 16_Core[1,12,13]_[8326,50219].tif","/data_g1/AI_projects/projects/Immune_Cell_Prediction_WK/DIR/nhs/TMA 4 Level 16_Core[1,12,13]_[8326,50219]",success,23.4,"/data_g1/AI_projects/projects/Immune_Cell_Prediction_WK/DIR/nhs/TMA 4 Level 16_Core[1,12,13]_[8326,50219]/batch_run.log"
"/data_g1/AI_projects/raw_data/PCITB_CRC/HE_raw_images/Tumor/TMA4/TMA 4 Level 1_Core[1,12,12]_[9971,49292].tif","/data_g1/AI_projects/projects/Immune_Cell_Prediction_WK/DIR/nhs/TMA 4 Level 1_Core[1,12,12]_[9971,49292]",success,22.5,"/data_g1/AI_projects/projects/Immune_Cell_Prediction_WK/DIR/nhs/TMA 4 Level 1_Core[1,12,12]_[9971,49292]/batch_run.log"
"/data_g1/AI_projects/raw_data/PCITB_CRC/HE_raw_images/Tumor/TMA4/TMA 4 Level 16_Core[1,12,12]_[9241,50219].tif","/data_g1/AI_projects/projects/Immune_Cell_Prediction_WK/DIR/nhs/TMA 4 Level 16_Core[1,12,12]_[9241,50219]",success,22.3,"/data_g1/AI_projects/projects/Immune_Cell_Prediction_WK/DIR/nhs/TMA 4 Level 16_Core[1,12,12]_[9241,50219]/batch_run.log"
"/data_g1/AI_projects/raw_data/PCITB_CRC/HE_raw_images/Tumor/TMA4/TMA 4 Level 16_Core[1,12,11]_[10132,50244].tif","/data_g1/AI_projects/projects/Immune_Cell_Prediction_WK/DIR/nhs/TMA 4 Level 16_Core[1,12,11]_[10132,50244]",success,21.9,"/data_g1/AI_projects/projects/Immune_Cell_Prediction_WK/DIR/nhs/TMA 4 Level 16_Core[1,12,11]_[10132,50244]/batch_run.log"
"/data_g1/AI_projects/raw_data/PCITB_CRC/HE_raw_images/Tumor/TMA4/TMA 4 Level 1_Core[1,12,14]_[8116,49341].tif","/data_g1/AI_projects/projects/Immune_Cell_Prediction_WK/DIR/nhs/TMA 4 Level 1_Core[1,12,14]_[8116,49341]",success,21.3,"/data_g1/AI_projects/projects/Immune_Cell_Prediction_WK/DIR/nhs/TMA 4 Level 1_Core[1,12,14]_[8116,49341]/batch_run.log"
"/data_g1/AI_projects/raw_data/PCITB_CRC/HE_raw_images/Tumor/TMA4/TMA 4 Level 1_Core[1,12,13]_[8982,49267].tif","/data_g1/AI_projects/projects/Immune_Cell_Prediction_WK/DIR/nhs/TMA 4 Level 1_Core[1,12,13]_[8982,49267]",success,23.0,"/data_g1/AI_projects/projects/Immune_Cell_Prediction_WK/DIR/nhs/TMA 4 Level 1_Core[1,12,13]_[8982,49267]/batch_run.log"
"/data_g1/AI_projects/raw_data/PCITB_CRC/HE_raw_images/Tumor/TMA4/TMA 4 Level 16_Core[1,12,17]_[4593,50244].tif","/data_g1/AI_projects/projects/Immune_Cell_Prediction_WK/DIR/nhs/TMA 4 Level 16_Core[1,12,17]_[4593,50244]",success,22.6,"/data_g1/AI_projects/projects/Immune_Cell_Prediction_WK/DIR/nhs/TMA 4 Level 16_Core[1,12,17]_[4593,50244]/batch_run.log"
"/data_g1/AI_projects/raw_data/PCITB_CRC/HE_raw_images/Tumor/TMA4/TMA 4 Level 16_Core[1,12,15]_[6422,50268].tif","/data_g1/AI_projects/projects/Immune_Cell_Prediction_WK/DIR/nhs/TMA 4 Level 16_Core[1,12,15]_[6422,50268]",success,22.7,"/data_g1/AI_projects/projects/Immune_Cell_Prediction_WK/DIR/nhs/TMA 4 Level 16_Core[1,12,15]_[6422,50268]/batch_run.log"
"/data_g1/AI_projects/raw_data/PCITB_CRC/HE_raw_images/Tumor/TMA4/TMA 4 Level 16_Core[1,12,14]_[7362,50293].tif","/data_g1/AI_projects/projects/Immune_Cell_Prediction_WK/DIR/nhs/TMA 4 Level 16_Core[1,12,14]_[7362,50293]",success,22.3,"/data_g1/AI_projects/projects/Immune_Cell_Prediction_WK/DIR/nhs/TMA 4 Level 16_Core[1,12,14]_[7362,50293]/batch_run.log"
"/data_g1/AI_projects/raw_data/PCITB_CRC/HE_raw_images/Tumor/TMA4/TMA 4 Level 1_Core[1,12,15]_[7152,49366].tif","/data_g1/AI_projects/projects/Immune_Cell_Prediction_WK/DIR/nhs/TMA 4 Level 1_Core[1,12,15]_[7152,49366]",success,22.6,"/data_g1/AI_projects/projects/Immune_Cell_Prediction_WK/DIR/nhs/TMA 4 Level 1_Core[1,12,15]_[7152,49366]/batch_run.log"
"/data_g1/AI_projects/raw_data/PCITB_CRC/HE_raw_images/Tumor/TMA4/TMA 4 Level 16_Core[1,12,18]_[3727,50268].tif","/data_g1/AI_projects/projects/Immune_Cell_Prediction_WK/DIR/nhs/TMA 4 Level 16_Core[1,12,18]_[3727,50268]",success,21.4,"/data_g1/AI_projects/projects/Immune_Cell_Prediction_WK/DIR/nhs/TMA 4 Level 16_Core[1,12,18]_[3727,50268]/batch_run.log"
"/data_g1/AI_projects/raw_data/PCITB_CRC/HE_raw_images/Tumor/TMA4/TMA 4 Level 1_Core[1,12,17]_[5396,49366].tif","/data_g1/AI_projects/projects/Immune_Cell_Prediction_WK/DIR/nhs/TMA 4 Level 1_Core[1,12,17]_[5396,49366]",success,21.5,"/data_g1/AI_projects/projects/Immune_Cell_Prediction_WK/DIR/nhs/TMA 4 Level 1_Core[1,12,17]_[5396,49366]/batch_run.log"
"/data_g1/AI_projects/raw_data/PCITB_CRC/HE_raw_images/Tumor/TMA4/TMA 4 Level 1_Core[1,12,20]_[2503,49245].tif","/data_g1/AI_projects/projects/Immune_Cell_Prediction_WK/DIR/nhs/TMA 4 Level 1_Core[1,12,20]_[2503,49245]",success,22.5,"/data_g1/AI_projects/projects/Immune_Cell_Prediction_WK/DIR/nhs/TMA 4 Level 1_Core[1,12,20]_[2503,49245]/batch_run.log"
"/data_g1/AI_projects/raw_data/PCITB_CRC/HE_raw_images/Tumor/TMA4/TMA 4 Level 16_Core[1,12,2]_[18638,50293].tif","/data_g1/AI_projects/projects/Immune_Cell_Prediction_WK/DIR/nhs/TMA 4 Level 16_Core[1,12,2]_[18638,50293]",success,23.2,"/data_g1/AI_projects/projects/Immune_Cell_Prediction_WK/DIR/nhs/TMA 4 Level 16_Core[1,12,2]_[18638,50293]/batch_run.log"
"/data_g1/AI_projects/raw_data/PCITB_CRC/HE_raw_images/Tumor/TMA4/TMA 4 Level 16_Core[1,12,19]_[2911,50244].tif","/data_g1/AI_projects/projects/Immune_Cell_Prediction_WK/DIR/nhs/TMA 4 Level 16_Core[1,12,19]_[2911,50244]",success,21.5,"/data_g1/AI_projects/projects/Immune_Cell_Prediction_WK/DIR/nhs/TMA 4 Level 16_Core[1,12,19]_[2911,50244]/batch_run.log"
"/data_g1/AI_projects/raw_data/PCITB_CRC/HE_raw_images/Tumor/TMA4/TMA 4 Level 1_Core[1,12,2]_[19219,49193].tif","/data_g1/AI_projects/projects/Immune_Cell_Prediction_WK/DIR/nhs/TMA 4 Level 1_Core[1,12,2]_[19219,49193]",success,22.6,"/data_g1/AI_projects/projects/Immune_Cell_Prediction_WK/DIR/nhs/TMA 4 Level 1_Core[1,12,2]_[19219,49193]/batch_run.log"
"/data_g1/AI_projects/raw_data/PCITB_CRC/HE_raw_images/Tumor/TMA4/TMA 4 Level 16_Core[1,12,3]_[17575,50244].tif","/data_g1/AI_projects/projects/Immune_Cell_Prediction_WK/DIR/nhs/TMA 4 Level 16_Core[1,12,3]_[17575,50244]",success,22.6,"/data_g1/AI_projects/projects/Immune_Cell_Prediction_WK/DIR/nhs/TMA 4 Level 16_Core[1,12,3]_[17575,50244]/batch_run.log"
"/data_g1/AI_projects/raw_data/PCITB_CRC/HE_raw_images/Tumor/TMA4/TMA 4 Level 1_Core[1,12,3]_[18279,49119].tif","/data_g1/AI_projects/projects/Immune_Cell_Prediction_WK/DIR/nhs/TMA 4 Level 1_Core[1,12,3]_[18279,49119]",success,21.8,"/data_g1/AI_projects/projects/Immune_Cell_Prediction_WK/DIR/nhs/TMA 4 Level 1_Core[1,12,3]_[18279,49119]/batch_run.log"
"/data_g1/AI_projects/raw_data/PCITB_CRC/HE_raw_images/Tumor/TMA4/TMA 4 Level 16_Core[1,12,6]_[14879,50244].tif","/data_g1/AI_projects/projects/Immune_Cell_Prediction_WK/DIR/nhs/TMA 4 Level 16_Core[1,12,6]_[14879,50244]",success,21.0,"/data_g1/AI_projects/projects/Immune_Cell_Prediction_WK/DIR/nhs/TMA 4 Level 16_Core[1,12,6]_[14879,50244]/batch_run.log"
"/data_g1/AI_projects/raw_data/PCITB_CRC/HE_raw_images/Tumor/TMA4/TMA 4 Level 1_Core[1,12,6]_[15584,49218].tif","/data_g1/AI_projects/projects/Immune_Cell_Prediction_WK/DIR/nhs/TMA 4 Level 1_Core[1,12,6]_[15584,49218]",success,21.5,"/data_g1/AI_projects/projects/Immune_Cell_Prediction_WK/DIR/nhs/TMA 4 Level 1_Core[1,12,6]_[15584,49218]/batch_run.log"
"/data_g1/AI_projects/raw_data/PCITB_CRC/HE_raw_images/Tumor/TMA4/TMA 4 Level 1_Core[1,12,5]_[16573,49143].tif","/data_g1/AI_projects/projects/Immune_Cell_Prediction_WK/DIR/nhs/TMA 4 Level 1_Core[1,12,5]_[16573,49143]",success,21.2,"/data_g1/AI_projects/projects/Immune_Cell_Prediction_WK/DIR/nhs/TMA 4 Level 1_Core[1,12,5]_[16573,49143]/batch_run.log"
"/data_g1/AI_projects/raw_data/PCITB_CRC/HE_raw_images/Tumor/TMA4/TMA 4 Level 16_Core[1,12,5]_[15794,50170].tif","/data_g1/AI_projects/projects/Immune_Cell_Prediction_WK/DIR/nhs/TMA 4 Level 16_Core[1,12,5]_[15794,50170]",success,21.2,"/data_g1/AI_projects/projects/Immune_Cell_Prediction_WK/DIR/nhs/TMA 4 Level 16_Core[1,12,5]_[15794,50170]/batch_run.log"
"/data_g1/AI_projects/raw_data/PCITB_CRC/HE_raw_images/Tumor/TMA4/TMA 4 Level 16_Core[1,12,7]_[13940,50170].tif","/data_g1/AI_projects/projects/Immune_Cell_Prediction_WK/DIR/nhs/TMA 4 Level 16_Core[1,12,7]_[13940,50170]",success,21.7,"/data_g1/AI_projects/projects/Immune_Cell_Prediction_WK/DIR/nhs/TMA 4 Level 16_Core[1,12,7]_[13940,50170]/batch_run.log"
"/data_g1/AI_projects/raw_data/PCITB_CRC/HE_raw_images/Tumor/TMA4/TMA 4 Level 1_Core[1,12,7]_[14694,49094].tif","/data_g1/AI_projects/projects/Immune_Cell_Prediction_WK/DIR/nhs/TMA 4 Level 1_Core[1,12,7]_[14694,49094]",success,21.4,"/data_g1/AI_projects/projects/Immune_Cell_Prediction_WK/DIR/nhs/TMA 4 Level 1_Core[1,12,7]_[14694,49094]/batch_run.log"
"/data_g1/AI_projects/raw_data/PCITB_CRC/HE_raw_images/Tumor/TMA4/TMA 4 Level 1_Core[1,12,9]_[12938,49218].tif","/data_g1/AI_projects/projects/Immune_Cell_Prediction_WK/DIR/nhs/TMA 4 Level 1_Core[1,12,9]_[12938,49218]",success,21.7,"/data_g1/AI_projects/projects/Immune_Cell_Prediction_WK/DIR/nhs/TMA 4 Level 1_Core[1,12,9]_[12938,49218]/batch_run.log"
"/data_g1/AI_projects/raw_data/PCITB_CRC/HE_raw_images/Tumor/TMA4/TMA 4 Level 16_Core[1,12,9]_[12134,50293].tif","/data_g1/AI_projects/projects/Immune_Cell_Prediction_WK/DIR/nhs/TMA 4 Level 16_Core[1,12,9]_[12134,50293]",success,21.6,"/data_g1/AI_projects/projects/Immune_Cell_Prediction_WK/DIR/nhs/TMA 4 Level 16_Core[1,12,9]_[12134,50293]/batch_run.log"
"/data_g1/AI_projects/raw_data/PCITB_CRC/HE_raw_images/Tumor/TMA4/TMA 4 Level 1_Core[1,12,8]_[13828,49168].tif","/data_g1/AI_projects/projects/Immune_Cell_Prediction_WK/DIR/nhs/TMA 4 Level 1_Core[1,12,8]_[13828,49168]",success,22.1,"/data_g1/AI_projects/projects/Immune_Cell_Prediction_WK/DIR/nhs/TMA 4 Level 1_Core[1,12,8]_[13828,49168]/batch_run.log"
"/data_g1/AI_projects/raw_data/PCITB_CRC/HE_raw_images/Tumor/TMA4/TMA 4 Level 1_Core[1,13,1]_[20356,50108].tif","/data_g1/AI_projects/projects/Immune_Cell_Prediction_WK/DIR/nhs/TMA 4 Level 1_Core[1,13,1]_[20356,50108]",success,20.3,"/data_g1/AI_projects/projects/Immune_Cell_Prediction_WK/DIR/nhs/TMA 4 Level 1_Core[1,13,1]_[20356,50108]/batch_run.log"
"/data_g1/AI_projects/raw_data/PCITB_CRC/HE_raw_images/Tumor/TMA4/TMA 4 Level 16_Core[1,12,8]_[13099,50268].tif","/data_g1/AI_projects/projects/Immune_Cell_Prediction_WK/DIR/nhs/TMA 4 Level 16_Core[1,12,8]_[13099,50268]",success,22.5,"/data_g1/AI_projects/projects/Immune_Cell_Prediction_WK/DIR/nhs/TMA 4 Level 16_Core[1,12,8]_[13099,50268]/batch_run.log"
"/data_g1/AI_projects/raw_data/PCITB_CRC/HE_raw_images/Tumor/TMA4/TMA 4 Level 16_Core[1,13,1]_[19602,51208].tif","/data_g1/AI_projects/projects/Immune_Cell_Prediction_WK/DIR/nhs/TMA 4 Level 16_Core[1,13,1]_[19602,51208]",success,22.3,"/data_g1/AI_projects/projects/Immune_Cell_Prediction_WK/DIR/nhs/TMA 4 Level 16_Core[1,13,1]_[19602,51208]/batch_run.log"
"/data_g1/AI_projects/raw_data/PCITB_CRC/HE_raw_images/Tumor/TMA4/TMA 4 Level 1_Core[1,13,15]_[7127,50256].tif","/data_g1/AI_projects/projects/Immune_Cell_Prediction_WK/DIR/nhs/TMA 4 Level 1_Core[1,13,15]_[7127,50256]",success,21.5,"/data_g1/AI_projects/projects/Immune_Cell_Prediction_WK/DIR/nhs/TMA 4 Level 1_Core[1,13,15]_[7127,50256]/batch_run.log"
"/data_g1/AI_projects/raw_data/PCITB_CRC/HE_raw_images/Tumor/TMA4/TMA 4 Level 16_Core[1,13,13]_[8277,51159].tif","/data_g1/AI_projects/projects/Immune_Cell_Prediction_WK/DIR/nhs/TMA 4 Level 16_Core[1,13,13]_[8277,51159]",success,21.7,"/data_g1/AI_projects/projects/Immune_Cell_Prediction_WK/DIR/nhs/TMA 4 Level 16_Core[1,13,13]_[8277,51159]/batch_run.log"
"/data_g1/AI_projects/raw_data/PCITB_CRC/HE_raw_images/Tumor/TMA4/TMA 4 Level 16_Core[1,13,11]_[10181,51159].tif","/data_g1/AI_projects/projects/Immune_Cell_Prediction_WK/DIR/nhs/TMA 4 Level 16_Core[1,13,11]_[10181,51159]",success,21.3,"/data_g1/AI_projects/projects/Immune_Cell_Prediction_WK/DIR/nhs/TMA 4 Level 16_Core[1,13,11]_[10181,51159]/batch_run.log"
"/data_g1/AI_projects/raw_data/PCITB_CRC/HE_raw_images/Tumor/TMA4/TMA 4 Level 1_Core[1,13,11]_[10960,50108].tif","/data_g1/AI_projects/projects/Immune_Cell_Prediction_WK/DIR/nhs/TMA 4 Level 1_Core[1,13,11]_[10960,50108]",success,19.8,"/data_g1/AI_projects/projects/Immune_Cell_Prediction_WK/DIR/nhs/TMA 4 Level 1_Core[1,13,11]_[10960,50108]/batch_run.log"
"/data_g1/AI_projects/raw_data/PCITB_CRC/HE_raw_images/Tumor/TMA4/TMA 4 Level 16_Core[1,13,15]_[6409,51155].tif","/data_g1/AI_projects/projects/Immune_Cell_Prediction_WK/DIR/nhs/TMA 4 Level 16_Core[1,13,15]_[6409,51155]",success,21.3,"/data_g1/AI_projects/projects/Immune_Cell_Prediction_WK/DIR/nhs/TMA 4 Level 16_Core[1,13,15]_[6409,51155]/batch_run.log"
"/data_g1/AI_projects/raw_data/PCITB_CRC/HE_raw_images/Tumor/TMA4/TMA 4 Level 1_Core[1,13,16]_[6237,50306].tif","/data_g1/AI_projects/projects/Immune_Cell_Prediction_WK/DIR/nhs/TMA 4 Level 1_Core[1,13,16]_[6237,50306]",success,21.1,"/data_g1/AI_projects/projects/Immune_Cell_Prediction_WK/DIR/nhs/TMA 4 Level 1_Core[1,13,16]_[6237,50306]/batch_run.log"
"/data_g1/AI_projects/raw_data/PCITB_CRC/HE_raw_images/Tumor/TMA4/TMA 4 Level 16_Core[1,13,20]_[1699,51134].tif","/data_g1/AI_projects/projects/Immune_Cell_Prediction_WK/DIR/nhs/TMA 4 Level 16_Core[1,13,20]_[1699,51134]",success,21.1,"/data_g1/AI_projects/projects/Immune_Cell_Prediction_WK/DIR/nhs/TMA 4 Level 16_Core[1,13,20]_[1699,51134]/batch_run.log"
"/data_g1/AI_projects/raw_data/PCITB_CRC/HE_raw_images/Tumor/TMA4/TMA 4 Level 1_Core[1,13,17]_[5322,50231].tif","/data_g1/AI_projects/projects/Immune_Cell_Prediction_WK/DIR/nhs/TMA 4 Level 1_Core[1,13,17]_[5322,50231]",success,21.1,"/data_g1/AI_projects/projects/Immune_Cell_Prediction_WK/DIR/nhs/TMA 4 Level 1_Core[1,13,17]_[5322,50231]/batch_run.log"
"/data_g1/AI_projects/raw_data/PCITB_CRC/HE_raw_images/Tumor/TMA4/TMA 4 Level 16_Core[1,13,16]_[5532,51183].tif","/data_g1/AI_projects/projects/Immune_Cell_Prediction_WK/DIR/nhs/TMA 4 Level 16_Core[1,13,16]_[5532,51183]",success,20.4,"/data_g1/AI_projects/projects/Immune_Cell_Prediction_WK/DIR/nhs/TMA 4 Level 16_Core[1,13,16]_[5532,51183]/batch_run.log"
"/data_g1/AI_projects/raw_data/PCITB_CRC/HE_raw_images/Tumor/TMA4/TMA 4 Level 16_Core[1,13,17]_[4568,51060].tif","/data_g1/AI_projects/projects/Immune_Cell_Prediction_WK/DIR/nhs/TMA 4 Level 16_Core[1,13,17]_[4568,51060]",success,21.2,"/data_g1/AI_projects/projects/Immune_Cell_Prediction_WK/DIR/nhs/TMA 4 Level 16_Core[1,13,17]_[4568,51060]/batch_run.log"
"/data_g1/AI_projects/raw_data/PCITB_CRC/HE_raw_images/Tumor/TMA4/TMA 4 Level 16_Core[1,13,3]_[17575,51183].tif","/data_g1/AI_projects/projects/Immune_Cell_Prediction_WK/DIR/nhs/TMA 4 Level 16_Core[1,13,3]_[17575,51183]",success,21.8,"/data_g1/AI_projects/projects/Immune_Cell_Prediction_WK/DIR/nhs/TMA 4 Level 16_Core[1,13,3]_[17575,51183]/batch_run.log"
"/data_g1/AI_projects/raw_data/PCITB_CRC/HE_raw_images/Tumor/TMA4/TMA 4 Level 16_Core[1,13,5]_[15770,51134].tif","/data_g1/AI_projects/projects/Immune_Cell_Prediction_WK/DIR/nhs/TMA 4 Level 16_Core[1,13,5]_[15770,51134]",success,22.1,"/data_g1/AI_projects/projects/Immune_Cell_Prediction_WK/DIR/nhs/TMA 4 Level 16_Core[1,13,5]_[15770,51134]/batch_run.log"
"/data_g1/AI_projects/raw_data/PCITB_CRC/HE_raw_images/Tumor/TMA4/TMA 4 Level 16_Core[1,13,9]_[12110,51183].tif","/data_g1/AI_projects/projects/Immune_Cell_Prediction_WK/DIR/nhs/TMA 4 Level 16_Core[1,13,9]_[12110,51183]",success,21.6,"/data_g1/AI_projects/projects/Immune_Cell_Prediction_WK/DIR/nhs/TMA 4 Level 16_Core[1,13,9]_[12110,51183]/batch_run.log"
"/data_g1/AI_projects/raw_data/PCITB_CRC/HE_raw_images/Tumor/TMA4/TMA 4 Level 1_Core[1,13,9]_[12889,50132].tif","/data_g1/AI_projects/projects/Immune_Cell_Prediction_WK/DIR/nhs/TMA 4 Level 1_Core[1,13,9]_[12889,50132]",success,21.6,"/data_g1/AI_projects/projects/Immune_Cell_Prediction_WK/DIR/nhs/TMA 4 Level 1_Core[1,13,9]_[12889,50132]/batch_run.log"
"/data_g1/AI_projects/raw_data/PCITB_CRC/HE_raw_images/Tumor/TMA4/TMA 4 Level 16_Core[1,13,7]_[13915,51109].tif","/data_g1/AI_projects/projects/Immune_Cell_Prediction_WK/DIR/nhs/TMA 4 Level 16_Core[1,13,7]_[13915,51109]",success,22.0,"/data_g1/AI_projects/projects/Immune_Cell_Prediction_WK/DIR/nhs/TMA 4 Level 16_Core[1,13,7]_[13915,51109]/batch_run.log"
"/data_g1/AI_projects/raw_data/PCITB_CRC/HE_raw_images/Tumor/TMA4/TMA 4 Level 1_Core[1,13,7]_[14719,50009].tif","/data_g1/AI_projects/projects/Immune_Cell_Prediction_WK/DIR/nhs/TMA 4 Level 1_Core[1,13,7]_[14719,50009]",success,21.6,"/data_g1/AI_projects/projects/Immune_Cell_Prediction_WK/DIR/nhs/TMA 4 Level 1_Core[1,13,7]_[14719,50009]/batch_run.log"
"/data_g1/AI_projects/raw_data/PCITB_CRC/HE_raw_images/Tumor/TMA4/TMA 4 Level 16_Core[1,15,1]_[19318,52581].tif","/data_g1/AI_projects/projects/Immune_Cell_Prediction_WK/DIR/nhs/TMA 4 Level 16_Core[1,15,1]_[19318,52581]",success,20.8,"/data_g1/AI_projects/projects/Immune_Cell_Prediction_WK/DIR/nhs/TMA 4 Level 16_Core[1,15,1]_[19318,52581]/batch_run.log"
"/data_g1/AI_projects/raw_data/PCITB_CRC/HE_raw_images/Tumor/TMA4/TMA 4 Level 1_Core[1,15,10]_[12084,51690].tif","/data_g1/AI_projects/projects/Immune_Cell_Prediction_WK/DIR/nhs/TMA 4 Level 1_Core[1,15,10]_[12084,51690]",success,21.2,"/data_g1/AI_projects/projects/Immune_Cell_Prediction_WK/DIR/nhs/TMA 4 Level 1_Core[1,15,10]_[12084,51690]/batch_run.log"
"/data_g1/AI_projects/raw_data/PCITB_CRC/HE_raw_images/Tumor/TMA4/TMA 4 Level 16_Core[1,15,16]_[5594,52556].tif","/data_g1/AI_projects/projects/Immune_Cell_Prediction_WK/DIR/nhs/TMA 4 Level 16_Core[1,15,16]_[5594,52556]",success,21.3,"/data_g1/AI_projects/projects/Immune_Cell_Prediction_WK/DIR/nhs/TMA 4 Level 16_Core[1,15,16]_[5594,52556]/batch_run.log"
"/data_g1/AI_projects/raw_data/PCITB_CRC/HE_raw_images/Tumor/TMA4/TMA 4 Level 1_Core[1,15,11]_[11095,51714].tif","/data_g1/AI_projects/projects/Immune_Cell_Prediction_WK/DIR/nhs/TMA 4 Level 1_Core[1,15,11]_[11095,51714]",success,21.4,"/data_g1/AI_projects/projects/Immune_Cell_Prediction_WK/DIR/nhs/TMA 4 Level 1_Core[1,15,11]_[11095,51714]/batch_run.log"
"/data_g1/AI_projects/raw_data/PCITB_CRC/HE_raw_images/Tumor/TMA4/TMA 4 Level 1_Core[1,15,16]_[6323,51912].tif","/data_g1/AI_projects/projects/Immune_Cell_Prediction_WK/DIR/nhs/TMA 4 Level 1_Core[1,15,16]_[6323,51912]",success,20.6,"/data_g1/AI_projects/projects/Immune_Cell_Prediction_WK/DIR/nhs/TMA 4 Level 1_Core[1,15,16]_[6323,51912]/batch_run.log"
"/data_g1/AI_projects/raw_data/PCITB_CRC/HE_raw_images/Tumor/TMA4/TMA 4 Level 16_Core[1,15,10]_[11207,52729].tif","/data_g1/AI_projects/projects/Immune_Cell_Prediction_WK/DIR/nhs/TMA 4 Level 16_Core[1,15,10]_[11207,52729]",success,21.5,"/data_g1/AI_projects/projects/Immune_Cell_Prediction_WK/DIR/nhs/TMA 4 Level 16_Core[1,15,10]_[11207,52729]/batch_run.log"
"/data_g1/AI_projects/raw_data/PCITB_CRC/HE_raw_images/Tumor/TMA4/TMA 4 Level 16_Core[1,15,11]_[10268,52803].tif","/data_g1/AI_projects/projects/Immune_Cell_Prediction_WK/DIR/nhs/TMA 4 Level 16_Core[1,15,11]_[10268,52803]",success,21.7,"/data_g1/AI_projects/projects/Immune_Cell_Prediction_WK/DIR/nhs/TMA 4 Level 16_Core[1,15,11]_[10268,52803]/batch_run.log"
"/data_g1/AI_projects/raw_data/PCITB_CRC/HE_raw_images/Tumor/TMA4/TMA 4 Level 1_Core[1,15,17]_[5383,51937].tif","/data_g1/AI_projects/projects/Immune_Cell_Prediction_WK/DIR/nhs/TMA 4 Level 1_Core[1,15,17]_[5383,51937]",success,20.6,"/data_g1/AI_projects/projects/Immune_Cell_Prediction_WK/DIR/nhs/TMA 4 Level 1_Core[1,15,17]_[5383,51937]/batch_run.log"
"/data_g1/AI_projects/raw_data/PCITB_CRC/HE_raw_images/Tumor/TMA4/TMA 4 Level 1_Core[1,15,20]_[2614,52160].tif","/data_g1/AI_projects/projects/Immune_Cell_Prediction_WK/DIR/nhs/TMA 4 Level 1_Core[1,15,20]_[2614,52160]",success,21.6,"/data_g1/AI_projects/projects/Immune_Cell_Prediction_WK/DIR/nhs/TMA 4 Level 1_Core[1,15,20]_[2614,52160]/batch_run.log"
"/data_g1/AI_projects/raw_data/PCITB_CRC/HE_raw_images/Tumor/TMA4/TMA 4 Level 16_Core[1,15,2]_[18551,52630].tif","/data_g1/AI_projects/projects/Immune_Cell_Prediction_WK/DIR/nhs/TMA 4 Level 16_Core[1,15,2]_[18551,52630]",success,21.2,"/data_g1/AI_projects/projects/Immune_Cell_Prediction_WK/DIR/nhs/TMA 4 Level 16_Core[1,15,2]_[18551,52630]/batch_run.log"
"/data_g1/AI_projects/raw_data/PCITB_CRC/HE_raw_images/Tumor/TMA4/TMA 4 Level 1_Core[1,15,18]_[4468,52061].tif","/data_g1/AI_projects/projects/Immune_Cell_Prediction_WK/DIR/nhs/TMA 4 Level 1_Core[1,15,18]_[4468,52061]",success,20.2,"/data_g1/AI_projects/projects/Immune_Cell_Prediction_WK/DIR/nhs/TMA 4 Level 1_Core[1,15,18]_[4468,52061]/batch_run.log"
"/data_g1/AI_projects/raw_data/PCITB_CRC/HE_raw_images/Tumor/TMA4/TMA 4 Level 16_Core[1,15,20]_[1835,52630].tif","/data_g1/AI_projects/projects/Immune_Cell_Prediction_WK/DIR/nhs/TMA 4 Level 16_Core[1,15,20]_[1835,52630]",success,21.6,"/data_g1/AI_projects/projects/Immune_Cell_Prediction_WK/DIR/nhs/TMA 4 Level 16_Core[1,15,20]_[1835,52630]/batch_run.log"
"/data_g1/AI_projects/raw_data/PCITB_CRC/HE_raw_images/Tumor/TMA4/TMA 4 Level 16_Core[1,15,18]_[3739,52655].tif","/data_g1/AI_projects/projects/Immune_Cell_Prediction_WK/DIR/nhs/TMA 4 Level 16_Core[1,15,18]_[3739,52655]",success,22.3,"/data_g1/AI_projects/projects/Immune_Cell_Prediction_WK/DIR/nhs/TMA 4 Level 16_Core[1,15,18]_[3739,52655]/batch_run.log"
"/data_g1/AI_projects/raw_data/PCITB_CRC/HE_raw_images/Tumor/TMA4/TMA 4 Level 16_Core[1,15,3]_[17587,52655].tif","/data_g1/AI_projects/projects/Immune_Cell_Prediction_WK/DIR/nhs/TMA 4 Level 16_Core[1,15,3]_[17587,52655]",success,21.4,"/data_g1/AI_projects/projects/Immune_Cell_Prediction_WK/DIR/nhs/TMA 4 Level 16_Core[1,15,3]_[17587,52655]/batch_run.log"
"/data_g1/AI_projects/raw_data/PCITB_CRC/HE_raw_images/Tumor/TMA4/TMA 4 Level 1_Core[1,15,6]_[15695,51665].tif","/data_g1/AI_projects/projects/Immune_Cell_Prediction_WK/DIR/nhs/TMA 4 Level 1_Core[1,15,6]_[15695,51665]",success,21.0,"/data_g1/AI_projects/projects/Immune_Cell_Prediction_WK/DIR/nhs/TMA 4 Level 1_Core[1,15,6]_[15695,51665]/batch_run.log"
"/data_g1/AI_projects/raw_data/PCITB_CRC/HE_raw_images/Tumor/TMA4/TMA 4 Level 16_Core[1,15,6]_[14842,52605].tif","/data_g1/AI_projects/projects/Immune_Cell_Prediction_WK/DIR/nhs/TMA 4 Level 16_Core[1,15,6]_[14842,52605]",success,21.3,"/data_g1/AI_projects/projects/Immune_Cell_Prediction_WK/DIR/nhs/TMA 4 Level 16_Core[1,15,6]_[14842,52605]/batch_run.log"
"/data_g1/AI_projects/raw_data/PCITB_CRC/HE_raw_images/Tumor/TMA4/TMA 4 Level 16_Core[1,15,5]_[15708,52605].tif","/data_g1/AI_projects/projects/Immune_Cell_Prediction_WK/DIR/nhs/TMA 4 Level 16_Core[1,15,5]_[15708,52605]",success,21.6,"/data_g1/AI_projects/projects/Immune_Cell_Prediction_WK/DIR/nhs/TMA 4 Level 16_Core[1,15,5]_[15708,52605]/batch_run.log"
"/data_g1/AI_projects/raw_data/PCITB_CRC/HE_raw_images/Tumor/TMA4/TMA 4 Level 16_Core[1,15,7]_[13903,52655].tif","/data_g1/AI_projects/projects/Immune_Cell_Prediction_WK/DIR/nhs/TMA 4 Level 16_Core[1,15,7]_[13903,52655]",success,21.2,"/data_g1/AI_projects/projects/Immune_Cell_Prediction_WK/DIR/nhs/TMA 4 Level 16_Core[1,15,7]_[13903,52655]/batch_run.log"
"/data_g1/AI_projects/raw_data/PCITB_CRC/HE_raw_images/Tumor/TMA4/TMA 4 Level 1_Core[1,15,5]_[16511,51665].tif","/data_g1/AI_projects/projects/Immune_Cell_Prediction_WK/DIR/nhs/TMA 4 Level 1_Core[1,15,5]_[16511,51665]",success,20.1,"/data_g1/AI_projects/projects/Immune_Cell_Prediction_WK/DIR/nhs/TMA 4 Level 1_Core[1,15,5]_[16511,51665]/batch_run.log"
"/data_g1/AI_projects/raw_data/PCITB_CRC/HE_raw_images/Tumor/TMA4/TMA 4 Level 1_Core[1,15,8]_[13865,51690].tif","/data_g1/AI_projects/projects/Immune_Cell_Prediction_WK/DIR/nhs/TMA 4 Level 1_Core[1,15,8]_[13865,51690]",success,20.6,"/data_g1/AI_projects/projects/Immune_Cell_Prediction_WK/DIR/nhs/TMA 4 Level 1_Core[1,15,8]_[13865,51690]/batch_run.log"
"/data_g1/AI_projects/raw_data/PCITB_CRC/HE_raw_images/Tumor/TMA4/TMA 4 Level 16_Core[1,16,1]_[19442,53619].tif","/data_g1/AI_projects/projects/Immune_Cell_Prediction_WK/DIR/nhs/TMA 4 Level 16_Core[1,16,1]_[19442,53619]",success,21.5,"/data_g1/AI_projects/projects/Immune_Cell_Prediction_WK/DIR/nhs/TMA 4 Level 16_Core[1,16,1]_[19442,53619]/batch_run.log"
"/data_g1/AI_projects/raw_data/PCITB_CRC/HE_raw_images/Tumor/TMA4/TMA 4 Level 1_Core[1,15,9]_[12999,51690].tif","/data_g1/AI_projects/projects/Immune_Cell_Prediction_WK/DIR/nhs/TMA 4 Level 1_Core[1,15,9]_[12999,51690]",success,21.6,"/data_g1/AI_projects/projects/Immune_Cell_Prediction_WK/DIR/nhs/TMA 4 Level 1_Core[1,15,9]_[12999,51690]/batch_run.log"
"/data_g1/AI_projects/raw_data/PCITB_CRC/HE_raw_images/Tumor/TMA4/TMA 4 Level 16_Core[1,15,8]_[13037,52655].tif","/data_g1/AI_projects/projects/Immune_Cell_Prediction_WK/DIR/nhs/TMA 4 Level 16_Core[1,15,8]_[13037,52655]",success,21.5,"/data_g1/AI_projects/projects/Immune_Cell_Prediction_WK/DIR/nhs/TMA 4 Level 16_Core[1,15,8]_[13037,52655]/batch_run.log"
"/data_g1/AI_projects/raw_data/PCITB_CRC/HE_raw_images/Tumor/TMA4/TMA 4 Level 1_Core[1,16,1]_[20170,52555].tif","/data_g1/AI_projects/projects/Immune_Cell_Prediction_WK/DIR/nhs/TMA 4 Level 1_Core[1,16,1]_[20170,52555]",success,21.5,"/data_g1/AI_projects/projects/Immune_Cell_Prediction_WK/DIR/nhs/TMA 4 Level 1_Core[1,16,1]_[20170,52555]/batch_run.log"
"/data_g1/AI_projects/raw_data/PCITB_CRC/HE_raw_images/Tumor/TMA4/TMA 4 Level 16_Core[1,15,9]_[12122,52630].tif","/data_g1/AI_projects/projects/Immune_Cell_Prediction_WK/DIR/nhs/TMA 4 Level 16_Core[1,15,9]_[12122,52630]",success,22.0,"/data_g1/AI_projects/projects/Immune_Cell_Prediction_WK/DIR/nhs/TMA 4 Level 16_Core[1,15,9]_[12122,52630]/batch_run.log"
"/data_g1/AI_projects/raw_data/PCITB_CRC/HE_raw_images/Tumor/TMA4/TMA 4 Level 1_Core[1,16,11]_[11021,52530].tif","/data_g1/AI_projects/projects/Immune_Cell_Prediction_WK/DIR/nhs/TMA 4 Level 1_Core[1,16,11]_[11021,52530]",success,21.4,"/data_g1/AI_projects/projects/Immune_Cell_Prediction_WK/DIR/nhs/TMA 4 Level 1_Core[1,16,11]_[11021,52530]/batch_run.log"
"/data_g1/AI_projects/raw_data/PCITB_CRC/HE_raw_images/Tumor/TMA4/TMA 4 Level 16_Core[1,16,16]_[5742,53397].tif","/data_g1/AI_projects/projects/Immune_Cell_Prediction_WK/DIR/nhs/TMA 4 Level 16_Core[1,16,16]_[5742,53397]",success,21.9,"/data_g1/AI_projects/projects/Immune_Cell_Prediction_WK/DIR/nhs/TMA 4 Level 16_Core[1,16,16]_[5742,53397]/batch_run.log"
"/data_g1/AI_projects/raw_data/PCITB_CRC/HE_raw_images/Tumor/TMA4/TMA 4 Level 1_Core[1,16,13]_[9092,52753].tif","/data_g1/AI_projects/projects/Immune_Cell_Prediction_WK/DIR/nhs/TMA 4 Level 1_Core[1,16,13]_[9092,52753]",success,22.0,"/data_g1/AI_projects/projects/Immune_Cell_Prediction_WK/DIR/nhs/TMA 4 Level 1_Core[1,16,13]_[9092,52753]/batch_run.log"
"/data_g1/AI_projects/raw_data/PCITB_CRC/HE_raw_images/Tumor/TMA4/TMA 4 Level 16_Core[1,16,11]_[10243,53570].tif","/data_g1/AI_projects/projects/Immune_Cell_Prediction_WK/DIR/nhs/TMA 4 Level 16_Core[1,16,11]_[10243,53570]",success,21.2,"/data_g1/AI_projects/projects/Immune_Cell_Prediction_WK/DIR/nhs/TMA 4 Level 16_Core[1,16,11]_[10243,53570]/batch_run.log"
"/data_g1/AI_projects/raw_data/PCITB_CRC/HE_raw_images/Tumor/TMA4/TMA 4 Level 1_Core[1,16,16]_[6496,52728].tif","/data_g1/AI_projects/projects/Immune_Cell_Prediction_WK/DIR/nhs/TMA 4 Level 1_Core[1,16,16]_[6496,52728]",success,21.3,"/data_g1/AI_projects/projects/Immune_Cell_Prediction_WK/DIR/nhs/TMA 4 Level 1_Core[1,16,16]_[6496,52728]/batch_run.log"
"/data_g1/AI_projects/raw_data/PCITB_CRC/HE_raw_images/Tumor/TMA4/TMA 4 Level 16_Core[1,16,13]_[8289,53496].tif","/data_g1/AI_projects/projects/Immune_Cell_Prediction_WK/DIR/nhs/TMA 4 Level 16_Core[1,16,13]_[8289,53496]",success,21.7,"/data_g1/AI_projects/projects/Immune_Cell_Prediction_WK/DIR/nhs/TMA 4 Level 16_Core[1,16,13]_[8289,53496]/batch_run.log"
"/data_g1/AI_projects/raw_data/PCITB_CRC/HE_raw_images/Tumor/TMA4/TMA 4 Level 1_Core[1,16,18]_[4493,52901].tif","/data_g1/AI_projects/projects/Immune_Cell_Prediction_WK/DIR/nhs/TMA 4 Level 1_Core[1,16,18]_[4493,52901]",success,21.8,"/data_g1/AI_projects/projects/Immune_Cell_Prediction_WK/DIR/nhs/TMA 4 Level 1_Core[1,16,18]_[4493,52901]/batch_run.log"
"/data_g1/AI_projects/raw_data/PCITB_CRC/HE_raw_images/Tumor/TMA4/TMA 4 Level 1_Core[1,16,20]_[2713,53000].tif","/data_g1/AI_projects/projects/Immune_Cell_Prediction_WK/DIR/nhs/TMA 4 Level 1_Core[1,16,20]_[2713,53000]",success,21.3,"/data_g1/AI_projects/projects/Immune_Cell_Prediction_WK/DIR/nhs/TMA 4 Level 1_Core[1,16,20]_[2713,53000]/batch_run.log"
"/data_g1/AI_projects/raw_data/PCITB_CRC/HE_raw_images/Tumor/TMA4/TMA 4 Level 1_Core[1,16,19]_[3553,52951].tif","/data_g1/AI_projects/projects/Immune_Cell_Prediction_WK/DIR/nhs/TMA 4 Level 1_Core[1,16,19]_[3553,52951]",success,21.6,"/data_g1/AI_projects/projects/Immune_Cell_Prediction_WK/DIR/nhs/TMA 4 Level 1_Core[1,16,19]_[3553,52951]/batch_run.log"
"/data_g1/AI_projects/raw_data/PCITB_CRC/HE_raw_images/Tumor/TMA4/TMA 4 Level 16_Core[1,16,18]_[3715,53496].tif","/data_g1/AI_projects/projects/Immune_Cell_Prediction_WK/DIR/nhs/TMA 4 Level 16_Core[1,16,18]_[3715,53496]",success,21.6,"/data_g1/AI_projects/projects/Immune_Cell_Prediction_WK/DIR/nhs/TMA 4 Level 16_Core[1,16,18]_[3715,53496]/batch_run.log"
"/data_g1/AI_projects/raw_data/PCITB_CRC/HE_raw_images/Tumor/TMA4/TMA 4 Level 16_Core[1,16,20]_[1911,53389].tif","/data_g1/AI_projects/projects/Immune_Cell_Prediction_WK/DIR/nhs/TMA 4 Level 16_Core[1,16,20]_[1911,53389]",success,21.6,"/data_g1/AI_projects/projects/Immune_Cell_Prediction_WK/DIR/nhs/TMA 4 Level 16_Core[1,16,20]_[1911,53389]/batch_run.log"
"/data_g1/AI_projects/raw_data/PCITB_CRC/HE_raw_images/Tumor/TMA4/TMA 4 Level 16_Core[1,16,3]_[17463,53421].tif","/data_g1/AI_projects/projects/Immune_Cell_Prediction_WK/DIR/nhs/TMA 4 Level 16_Core[1,16,3]_[17463,53421]",success,21.4,"/data_g1/AI_projects/projects/Immune_Cell_Prediction_WK/DIR/nhs/TMA 4 Level 16_Core[1,16,3]_[17463,53421]/batch_run.log"
"/data_g1/AI_projects/raw_data/PCITB_CRC/HE_raw_images/Tumor/TMA4/TMA 4 Level 16_Core[1,16,19]_[2800,53446].tif","/data_g1/AI_projects/projects/Immune_Cell_Prediction_WK/DIR/nhs/TMA 4 Level 16_Core[1,16,19]_[2800,53446]",success,22.0,"/data_g1/AI_projects/projects/Immune_Cell_Prediction_WK/DIR/nhs/TMA 4 Level 16_Core[1,16,19]_[2800,53446]/batch_run.log"
"/data_g1/AI_projects/raw_data/PCITB_CRC/HE_raw_images/Tumor/TMA4/TMA 4 Level 16_Core[1,16,9]_[12196,53520].tif","/data_g1/AI_projects/projects/Immune_Cell_Prediction_WK/DIR/nhs/TMA 4 Level 16_Core[1,16,9]_[12196,53520]",success,22.2,"/data_g1/AI_projects/projects/Immune_Cell_Prediction_WK/DIR/nhs/TMA 4 Level 16_Core[1,16,9]_[12196,53520]/batch_run.log"
"/data_g1/AI_projects/raw_data/PCITB_CRC/HE_raw_images/Tumor/TMA4/TMA 4 Level 1_Core[1,16,3]_[18192,52481].tif","/data_g1/AI_projects/projects/Immune_Cell_Prediction_WK/DIR/nhs/TMA 4 Level 1_Core[1,16,3]_[18192,52481]",success,20.5,"/data_g1/AI_projects/projects/Immune_Cell_Prediction_WK/DIR/nhs/TMA 4 Level 1_Core[1,16,3]_[18192,52481]/batch_run.log"
"/data_g1/AI_projects/raw_data/PCITB_CRC/HE_raw_images/Tumor/TMA4/TMA 4 Level 1_Core[1,16,7]_[14804,52357].tif","/data_g1/AI_projects/projects/Immune_Cell_Prediction_WK/DIR/nhs/TMA 4 Level 1_Core[1,16,7]_[14804,52357]",success,21.7,"/data_g1/AI_projects/projects/Immune_Cell_Prediction_WK/DIR/nhs/TMA 4 Level 1_Core[1,16,7]_[14804,52357]/batch_run.log"
"/data_g1/AI_projects/raw_data/PCITB_CRC/HE_raw_images/Tumor/TMA4/TMA 4 Level 1_Core[1,16,9]_[12999,52580].tif","/data_g1/AI_projects/projects/Immune_Cell_Prediction_WK/DIR/nhs/TMA 4 Level 1_Core[1,16,9]_[12999,52580]",success,21.9,"/data_g1/AI_projects/projects/Immune_Cell_Prediction_WK/DIR/nhs/TMA 4 Level 1_Core[1,16,9]_[12999,52580]/batch_run.log"
"/data_g1/AI_projects/raw_data/PCITB_CRC/HE_raw_images/Tumor/TMA4/TMA 4 Level 16_Core[1,17,10]_[11281,54312].tif","/data_g1/AI_projects/projects/Immune_Cell_Prediction_WK/DIR/nhs/TMA 4 Level 16_Core[1,17,10]_[11281,54312]",success,20.8,"/data_g1/AI_projects/projects/Immune_Cell_Prediction_WK/DIR/nhs/TMA 4 Level 16_Core[1,17,10]_[11281,54312]/batch_run.log"
"/data_g1/AI_projects/raw_data/PCITB_CRC/HE_raw_images/Tumor/TMA4/TMA 4 Level 16_Core[1,16,5]_[15683,53372].tif","/data_g1/AI_projects/projects/Immune_Cell_Prediction_WK/DIR/nhs/TMA 4 Level 16_Core[1,16,5]_[15683,53372]",success,21.0,"/data_g1/AI_projects/projects/Immune_Cell_Prediction_WK/DIR/nhs/TMA 4 Level 16_Core[1,16,5]_[15683,53372]/batch_run.log"
"/data_g1/AI_projects/raw_data/PCITB_CRC/HE_raw_images/Tumor/TMA4/TMA 4 Level 16_Core[1,17,13]_[8289,54386].tif","/data_g1/AI_projects/projects/Immune_Cell_Prediction_WK/DIR/nhs/TMA 4 Level 16_Core[1,17,13]_[8289,54386]",success,21.8,"/data_g1/AI_projects/projects/Immune_Cell_Prediction_WK/DIR/nhs/TMA 4 Level 16_Core[1,17,13]_[8289,54386]/batch_run.log"
"/data_g1/AI_projects/raw_data/PCITB_CRC/HE_raw_images/Tumor/TMA4/TMA 4 Level 16_Core[1,17,12]_[9353,54361].tif","/data_g1/AI_projects/projects/Immune_Cell_Prediction_WK/DIR/nhs/TMA 4 Level 16_Core[1,17,12]_[9353,54361]",success,21.5,"/data_g1/AI_projects/projects/Immune_Cell_Prediction_WK/DIR/nhs/TMA 4 Level 16_Core[1,17,12]_[9353,54361]/batch_run.log"
"/data_g1/AI_projects/raw_data/PCITB_CRC/HE_raw_images/Tumor/TMA4/TMA 4 Level 1_Core[1,17,13]_[9117,53594].tif","/data_g1/AI_projects/projects/Immune_Cell_Prediction_WK/DIR/nhs/TMA 4 Level 1_Core[1,17,13]_[9117,53594]",success,21.8,"/data_g1/AI_projects/projects/Immune_Cell_Prediction_WK/DIR/nhs/TMA 4 Level 1_Core[1,17,13]_[9117,53594]/batch_run.log"
"/data_g1/AI_projects/raw_data/PCITB_CRC/HE_raw_images/Tumor/TMA4/TMA 4 Level 1_Core[1,17,14]_[8252,53594].tif","/data_g1/AI_projects/projects/Immune_Cell_Prediction_WK/DIR/nhs/TMA 4 Level 1_Core[1,17,14]_[8252,53594]",success,21.2,"/data_g1/AI_projects/projects/Immune_Cell_Prediction_WK/DIR/nhs/TMA 4 Level 1_Core[1,17,14]_[8252,53594]/batch_run.log"
"/data_g1/AI_projects/raw_data/PCITB_CRC/HE_raw_images/Tumor/TMA4/TMA 4 Level 16_Core[1,17,14]_[7449,54336].tif","/data_g1/AI_projects/projects/Immune_Cell_Prediction_WK/DIR/nhs/TMA 4 Level 16_Core[1,17,14]_[7449,54336]",success,21.4,"/data_g1/AI_projects/projects/Immune_Cell_Prediction_WK/DIR/nhs/TMA 4 Level 16_Core[1,17,14]_[7449,54336]/batch_run.log"
"/data_g1/AI_projects/raw_data/PCITB_CRC/HE_raw_images/Tumor/TMA4/TMA 4 Level 1_Core[1,17,12]_[10156,53569].tif","/data_g1/AI_projects/projects/Immune_Cell_Prediction_WK/DIR/nhs/TMA 4 Level 1_Core[1,17,12]_[10156,53569]",success,21.2,"/data_g1/AI_projects/projects/Immune_Cell_Prediction_WK/DIR/nhs/TMA 4 Level 1_Core[1,17,12]_[10156,53569]/batch_run.log"
"/data_g1/AI_projects/raw_data/PCITB_CRC/HE_raw_images/Tumor/TMA4/TMA 4 Level 1_Core[1,17,17]_[5457,53668].tif","/data_g1/AI_projects/projects/Immune_Cell_Prediction_WK/DIR/nhs/TMA 4 Level 1_Core[1,17,17]_[5457,53668]",success,21.9,"/data_g1/AI_projects/projects/Immune_Cell_Prediction_WK/DIR/nhs/TMA 4 Level 1_Core[1,17,17]_[5457,53668]/batch_run.log"
"/data_g1/AI_projects/raw_data/PCITB_CRC/HE_raw_images/Tumor/TMA4/TMA 4 Level 1_Core[1,17,15]_[7386,53618].tif","/data_g1/AI_projects/projects/Immune_Cell_Prediction_WK/DIR/nhs/TMA 4 Level 1_Core[1,17,15]_[7386,53618]",success,21.6,"/data_g1/AI_projects/projects/Immune_Cell_Prediction_WK/DIR/nhs/TMA 4 Level 1_Core[1,17,15]_[7386,53618]/batch_run.log"
"/data_g1/AI_projects/raw_data/PCITB_CRC/HE_raw_images/Tumor/TMA4/TMA 4 Level 16_Core[1,17,16]_[5718,54287].tif","/data_g1/AI_projects/projects/Immune_Cell_Prediction_WK/DIR/nhs/TMA 4 Level 16_Core[1,17,16]_[5718,54287]",success,21.4,"/data_g1/AI_projects/projects/Immune_Cell_Prediction_WK/DIR/nhs/TMA 4 Level 16_Core[1,17,16]_[5718,54287]/batch_run.log"
"/data_g1/AI_projects/raw_data/PCITB_CRC/HE_raw_images/Tumor/TMA4/TMA 4 Level 16_Core[1,17,17]_[4580,54262].tif","/data_g1/AI_projects/projects/Immune_Cell_Prediction_WK/DIR/nhs/TMA 4 Level 16_Core[1,17,17]_[4580,54262]",success,21.4,"/data_g1/AI_projects/projects/Immune_Cell_Prediction_WK/DIR/nhs/TMA 4 Level 16_Core[1,17,17]_[4580,54262]/batch_run.log"
"/data_g1/AI_projects/raw_data/PCITB_CRC/HE_raw_images/Tumor/TMA4/TMA 4 Level 16_Core[1,17,2]_[18477,54237].tif","/data_g1/AI_projects/projects/Immune_Cell_Prediction_WK/DIR/nhs/TMA 4 Level 16_Core[1,17,2]_[18477,54237]",success,21.0,"/data_g1/AI_projects/projects/Immune_Cell_Prediction_WK/DIR/nhs/TMA 4 Level 16_Core[1,17,2]_[18477,54237]/batch_run.log"
"/data_g1/AI_projects/raw_data/PCITB_CRC/HE_raw_images/Tumor/TMA4/TMA 4 Level 1_Core[1,17,16]_[6422,53643].tif","/data_g1/AI_projects/projects/Immune_Cell_Prediction_WK/DIR/nhs/TMA 4 Level 1_Core[1,17,16]_[6422,53643]",success,21.3,"/data_g1/AI_projects/projects/Immune_Cell_Prediction_WK/DIR/nhs/TMA 4 Level 1_Core[1,17,16]_[6422,53643]/batch_run.log"
"/data_g1/AI_projects/raw_data/PCITB_CRC/HE_raw_images/Tumor/TMA4/TMA 4 Level 1_Core[1,17,3]_[18242,53346].tif","/data_g1/AI_projects/projects/Immune_Cell_Prediction_WK/DIR/nhs/TMA 4 Level 1_Core[1,17,3]_[18242,53346]",success,20.7,"/data_g1/AI_projects/projects/Immune_Cell_Prediction_WK/DIR/nhs/TMA 4 Level 1_Core[1,17,3]_[18242,53346]/batch_run.log"
"/data_g1/AI_projects/raw_data/PCITB_CRC/HE_raw_images/Tumor/TMA4/TMA 4 Level 16_Core[1,17,3]_[17463,54262].tif","/data_g1/AI_projects/projects/Immune_Cell_Prediction_WK/DIR/nhs/TMA 4 Level 16_Core[1,17,3]_[17463,54262]",success,21.8,"/data_g1/AI_projects/projects/Immune_Cell_Prediction_WK/DIR/nhs/TMA 4 Level 16_Core[1,17,3]_[17463,54262]/batch_run.log"
"/data_g1/AI_projects/raw_data/PCITB_CRC/HE_raw_images/Tumor/TMA4/TMA 4 Level 1_Core[1,17,2]_[19132,53173].tif","/data_g1/AI_projects/projects/Immune_Cell_Prediction_WK/DIR/nhs/TMA 4 Level 1_Core[1,17,2]_[19132,53173]",success,21.8,"/data_g1/AI_projects/projects/Immune_Cell_Prediction_WK/DIR/nhs/TMA 4 Level 1_Core[1,17,2]_[19132,53173]/batch_run.log"
"/data_g1/AI_projects/raw_data/PCITB_CRC/HE_raw_images/Tumor/TMA4/TMA 4 Level 1_Core[1,17,4]_[17376,53346].tif","/data_g1/AI_projects/projects/Immune_Cell_Prediction_WK/DIR/nhs/TMA 4 Level 1_Core[1,17,4]_[17376,53346]",success,21.6,"/data_g1/AI_projects/projects/Immune_Cell_Prediction_WK/DIR/nhs/TMA 4 Level 1_Core[1,17,4]_[17376,53346]/batch_run.log"
"/data_g1/AI_projects/raw_data/PCITB_CRC/HE_raw_images/Tumor/TMA4/TMA 4 Level 16_Core[1,17,4]_[16573,54213].tif","/data_g1/AI_projects/projects/Immune_Cell_Prediction_WK/DIR/nhs/TMA 4 Level 16_Core[1,17,4]_[16573,54213]",success,21.6,"/data_g1/AI_projects/projects/Immune_Cell_Prediction_WK/DIR/nhs/TMA 4 Level 16_Core[1,17,4]_[16573,54213]/batch_run.log"
"/data_g1/AI_projects/raw_data/PCITB_CRC/HE_raw_images/Tumor/TMA4/TMA 4 Level 1_Core[1,17,20]_[2614,53866].tif","/data_g1/AI_projects/projects/Immune_Cell_Prediction_WK/DIR/nhs/TMA 4 Level 1_Core[1,17,20]_[2614,53866]",success,21.5,"/data_g1/AI_projects/projects/Immune_Cell_Prediction_WK/DIR/nhs/TMA 4 Level 1_Core[1,17,20]_[2614,53866]/batch_run.log"
"/data_g1/AI_projects/raw_data/PCITB_CRC/HE_raw_images/Tumor/TMA4/TMA 4 Level 1_Core[1,17,6]_[15645,53445].tif","/data_g1/AI_projects/projects/Immune_Cell_Prediction_WK/DIR/nhs/TMA 4 Level 1_Core[1,17,6]_[15645,53445]",success,22.6,"/data_g1/AI_projects/projects/Immune_Cell_Prediction_WK/DIR/nhs/TMA 4 Level 1_Core[1,17,6]_[15645,53445]/batch_run.log"
"/data_g1/AI_projects/raw_data/PCITB_CRC/HE_raw_images/Tumor/TMA4/TMA 4 Level 16_Core[1,17,6]_[14818,54312].tif","/data_g1/AI_projects/projects/Immune_Cell_Prediction_WK/DIR/nhs/TMA 4 Level 16_Core[1,17,6]_[14818,54312]",success,23.1,"/data_g1/AI_projects/projects/Immune_Cell_Prediction_WK/DIR/nhs/TMA 4 Level 16_Core[1,17,6]_[14818,54312]/batch_run.log"
"/data_g1/AI_projects/raw_data/PCITB_CRC/HE_raw_images/Tumor/TMA4/TMA 4 Level 1_Core[1,17,5]_[16486,53445].tif","/data_g1/AI_projects/projects/Immune_Cell_Prediction_WK/DIR/nhs/TMA 4 Level 1_Core[1,17,5]_[16486,53445]",success,23.1,"/data_g1/AI_projects/projects/Immune_Cell_Prediction_WK/DIR/nhs/TMA 4 Level 1_Core[1,17,5]_[16486,53445]/batch_run.log"
"/data_g1/AI_projects/raw_data/PCITB_CRC/HE_raw_images/Tumor/TMA4/TMA 4 Level 16_Core[1,17,7]_[13952,54237].tif","/data_g1/AI_projects/projects/Immune_Cell_Prediction_WK/DIR/nhs/TMA 4 Level 16_Core[1,17,7]_[13952,54237]",success,21.6,"/data_g1/AI_projects/projects/Immune_Cell_Prediction_WK/DIR/nhs/TMA 4 Level 16_Core[1,17,7]_[13952,54237]/batch_run.log"
"/data_g1/AI_projects/raw_data/PCITB_CRC/HE_raw_images/Tumor/TMA4/TMA 4 Level 1_Core[1,17,7]_[14804,53371].tif","/data_g1/AI_projects/projects/Immune_Cell_Prediction_WK/DIR/nhs/TMA 4 Level 1_Core[1,17,7]_[14804,53371]",success,21.8,"/data_g1/AI_projects/projects/Immune_Cell_Prediction_WK/DIR/nhs/TMA 4 Level 1_Core[1,17,7]_[14804,53371]/batch_run.log"
"/data_g1/AI_projects/raw_data/PCITB_CRC/HE_raw_images/Tumor/TMA4/TMA 4 Level 16_Core[1,17,5]_[15683,54262].tif","/data_g1/AI_projects/projects/Immune_Cell_Prediction_WK/DIR/nhs/TMA 4 Level 16_Core[1,17,5]_[15683,54262]",success,21.8,"/data_g1/AI_projects/projects/Immune_Cell_Prediction_WK/DIR/nhs/TMA 4 Level 16_Core[1,17,5]_[15683,54262]/batch_run.log"
"/data_g1/AI_projects/raw_data/PCITB_CRC/HE_raw_images/Tumor/TMA4/TMA 4 Level 1_Core[1,17,9]_[13049,53445].tif","/data_g1/AI_projects/projects/Immune_Cell_Prediction_WK/DIR/nhs/TMA 4 Level 1_Core[1,17,9]_[13049,53445]",success,21.7,"/data_g1/AI_projects/projects/Immune_Cell_Prediction_WK/DIR/nhs/TMA 4 Level 1_Core[1,17,9]_[13049,53445]/batch_run.log"
"/data_g1/AI_projects/raw_data/PCITB_CRC/HE_raw_images/Tumor/TMA4/TMA 4 Level 16_Core[1,17,9]_[12196,54336].tif","/data_g1/AI_projects/projects/Immune_Cell_Prediction_WK/DIR/nhs/TMA 4 Level 16_Core[1,17,9]_[12196,54336]",success,21.7,"/data_g1/AI_projects/projects/Immune_Cell_Prediction_WK/DIR/nhs/TMA 4 Level 16_Core[1,17,9]_[12196,54336]/batch_run.log"
"/data_g1/AI_projects/raw_data/PCITB_CRC/HE_raw_images/Tumor/TMA4/TMA 4 Level 16_Core[1,17,8]_[13062,54312].tif","/data_g1/AI_projects/projects/Immune_Cell_Prediction_WK/DIR/nhs/TMA 4 Level 16_Core[1,17,8]_[13062,54312]",success,22.0,"/data_g1/AI_projects/projects/Immune_Cell_Prediction_WK/DIR/nhs/TMA 4 Level 16_Core[1,17,8]_[13062,54312]/batch_run.log"
"/data_g1/AI_projects/raw_data/PCITB_CRC/HE_raw_images/Tumor/TMA4/TMA 4 Level 1_Core[1,18,12]_[10131,54558].tif","/data_g1/AI_projects/projects/Immune_Cell_Prediction_WK/DIR/nhs/TMA 4 Level 1_Core[1,18,12]_[10131,54558]",success,21.8,"/data_g1/AI_projects/projects/Immune_Cell_Prediction_WK/DIR/nhs/TMA 4 Level 1_Core[1,18,12]_[10131,54558]/batch_run.log"
"/data_g1/AI_projects/raw_data/PCITB_CRC/HE_raw_images/Tumor/TMA4/TMA 4 Level 16_Core[1,18,12]_[9353,55226].tif","/data_g1/AI_projects/projects/Immune_Cell_Prediction_WK/DIR/nhs/TMA 4 Level 16_Core[1,18,12]_[9353,55226]",success,22.2,"/data_g1/AI_projects/projects/Immune_Cell_Prediction_WK/DIR/nhs/TMA 4 Level 16_Core[1,18,12]_[9353,55226]/batch_run.log"
"/data_g1/AI_projects/raw_data/PCITB_CRC/HE_raw_images/Tumor/TMA4/TMA 4 Level 1_Core[1,17,8]_[13890,53470].tif","/data_g1/AI_projects/projects/Immune_Cell_Prediction_WK/DIR/nhs/TMA 4 Level 1_Core[1,17,8]_[13890,53470]",success,21.6,"/data_g1/AI_projects/projects/Immune_Cell_Prediction_WK/DIR/nhs/TMA 4 Level 1_Core[1,17,8]_[13890,53470]/batch_run.log"
"/data_g1/AI_projects/raw_data/PCITB_CRC/HE_raw_images/Tumor/TMA4/TMA 4 Level 16_Core[1,18,15]_[6484,55128].tif","/data_g1/AI_projects/projects/Immune_Cell_Prediction_WK/DIR/nhs/TMA 4 Level 16_Core[1,18,15]_[6484,55128]",success,21.9,"/data_g1/AI_projects/projects/Immune_Cell_Prediction_WK/DIR/nhs/TMA 4 Level 16_Core[1,18,15]_[6484,55128]/batch_run.log"
"/data_g1/AI_projects/raw_data/PCITB_CRC/HE_raw_images/Tumor/TMA4/TMA 4 Level 1_Core[1,18,14]_[8276,54682].tif","/data_g1/AI_projects/projects/Immune_Cell_Prediction_WK/DIR/nhs/TMA 4 Level 1_Core[1,18,14]_[8276,54682]",success,21.1,"/data_g1/AI_projects/projects/Immune_Cell_Prediction_WK/DIR/nhs/TMA 4 Level 1_Core[1,18,14]_[8276,54682]/batch_run.log"
"/data_g1/AI_projects/raw_data/PCITB_CRC/HE_raw_images/Tumor/TMA4/TMA 4 Level 1_Core[1,18,15]_[7287,54558].tif","/data_g1/AI_projects/projects/Immune_Cell_Prediction_WK/DIR/nhs/TMA 4 Level 1_Core[1,18,15]_[7287,54558]",success,22.1,"/data_g1/AI_projects/projects/Immune_Cell_Prediction_WK/DIR/nhs/TMA 4 Level 1_Core[1,18,15]_[7287,54558]/batch_run.log"
"/data_g1/AI_projects/raw_data/PCITB_CRC/HE_raw_images/Tumor/TMA4/TMA 4 Level 16_Core[1,18,14]_[7449,55202].tif","/data_g1/AI_projects/projects/Immune_Cell_Prediction_WK/DIR/nhs/TMA 4 Level 16_Core[1,18,14]_[7449,55202]",success,21.7,"/data_g1/AI_projects/projects/Immune_Cell_Prediction_WK/DIR/nhs/TMA 4 Level 16_Core[1,18,14]_[7449,55202]/batch_run.log"
"/data_g1/AI_projects/raw_data/PCITB_CRC/HE_raw_images/Tumor/TMA4/TMA 4 Level 16_Core[1,18,16]_[5619,55177].tif","/data_g1/AI_projects/projects/Immune_Cell_Prediction_WK/DIR/nhs/TMA 4 Level 16_Core[1,18,16]_[5619,55177]",success,22.6,"/data_g1/AI_projects/projects/Immune_Cell_Prediction_WK/DIR/nhs/TMA 4 Level 16_Core[1,18,16]_[5619,55177]/batch_run.log"
"/data_g1/AI_projects/raw_data/PCITB_CRC/HE_raw_images/Tumor/TMA4/TMA 4 Level 1_Core[1,18,16]_[6446,54608].tif","/data_g1/AI_projects/projects/Immune_Cell_Prediction_WK/DIR/nhs/TMA 4 Level 1_Core[1,18,16]_[6446,54608]",success,22.6,"/data_g1/AI_projects/projects/Immune_Cell_Prediction_WK/DIR/nhs/TMA 4 Level 1_Core[1,18,16]_[6446,54608]/batch_run.log"
"/data_g1/AI_projects/raw_data/PCITB_CRC/HE_raw_images/Tumor/TMA4/TMA 4 Level 1_Core[1,18,2]_[19157,54286].tif","/data_g1/AI_projects/projects/Immune_Cell_Prediction_WK/DIR/nhs/TMA 4 Level 1_Core[1,18,2]_[19157,54286]",success,22.3,"/data_g1/AI_projects/projects/Immune_Cell_Prediction_WK/DIR/nhs/TMA 4 Level 1_Core[1,18,2]_[19157,54286]/batch_run.log"
"/data_g1/AI_projects/raw_data/PCITB_CRC/HE_raw_images/Tumor/TMA4/TMA 4 Level 16_Core[1,18,2]_[18428,55128].tif","/data_g1/AI_projects/projects/Immune_Cell_Prediction_WK/DIR/nhs/TMA 4 Level 16_Core[1,18,2]_[18428,55128]",success,21.8,"/data_g1/AI_projects/projects/Immune_Cell_Prediction_WK/DIR/nhs/TMA 4 Level 16_Core[1,18,2]_[18428,55128]/batch_run.log"
"/data_g1/AI_projects/raw_data/PCITB_CRC/HE_raw_images/Tumor/TMA4/TMA 4 Level 16_Core[1,18,17]_[4659,55083].tif","/data_g1/AI_projects/projects/Immune_Cell_Prediction_WK/DIR/nhs/TMA 4 Level 16_Core[1,18,17]_[4659,55083]",success,23.1,"/data_g1/AI_projects/projects/Immune_Cell_Prediction_WK/DIR/nhs/TMA 4 Level 16_Core[1,18,17]_[4659,55083]/batch_run.log"
"/data_g1/AI_projects/raw_data/PCITB_CRC/HE_raw_images/Tumor/TMA4/TMA 4 Level 1_Core[1,18,17]_[5526,54621].tif","/data_g1/AI_projects/projects/Immune_Cell_Prediction_WK/DIR/nhs/TMA 4 Level 1_Core[1,18,17]_[5526,54621]",success,22.1,"/data_g1/AI_projects/projects/Immune_Cell_Prediction_WK/DIR/nhs/TMA 4 Level 1_Core[1,18,17]_[5526,54621]/batch_run.log"
"/data_g1/AI_projects/raw_data/PCITB_CRC/HE_raw_images/Tumor/TMA4/TMA 4 Level 1_Core[1,18,20]_[2836,54756].tif","/data_g1/AI_projects/projects/Immune_Cell_Prediction_WK/DIR/nhs/TMA 4 Level 1_Core[1,18,20]_[2836,54756]",success,21.9,"/data_g1/AI_projects/projects/Immune_Cell_Prediction_WK/DIR/nhs/TMA 4 Level 1_Core[1,18,20]_[2836,54756]/batch_run.log"
"/data_g1/AI_projects/raw_data/PCITB_CRC/HE_raw_images/Tumor/TMA4/TMA 4 Level 16_Core[1,18,20]_[1984,55078].tif","/data_g1/AI_projects/projects/Immune_Cell_Prediction_WK/DIR/nhs/TMA 4 Level 16_Core[1,18,20]_[1984,55078]",success,22.4,"/data_g1/AI_projects/projects/Immune_Cell_Prediction_WK/DIR/nhs/TMA 4 Level 16_Core[1,18,20]_[1984,55078]/batch_run.log"
"/data_g1/AI_projects/raw_data/PCITB_CRC/HE_raw_images/Tumor/TMA4/TMA 4 Level 1_Core[1,18,5]_[16461,54336].tif","/data_g1/AI_projects/projects/Immune_Cell_Prediction_WK/DIR/nhs/TMA 4 Level 1_Core[1,18,5]_[16461,54336]",success,20.6,"/data_g1/AI_projects/projects/Immune_Cell_Prediction_WK/DIR/nhs/TMA 4 Level 1_Core[1,18,5]_[16461,54336]/batch_run.log"
"/data_g1/AI_projects/raw_data/PCITB_CRC/HE_raw_images/Tumor/TMA4/TMA 4 Level 16_Core[1,18,4]_[16573,55103].tif","/data_g1/AI_projects/projects/Immune_Cell_Prediction_WK/DIR/nhs/TMA 4 Level 16_Core[1,18,4]_[16573,55103]",success,21.2,"/data_g1/AI_projects/projects/Immune_Cell_Prediction_WK/DIR/nhs/TMA 4 Level 16_Core[1,18,4]_[16573,55103]/batch_run.log"
"/data_g1/AI_projects/raw_data/PCITB_CRC/HE_raw_images/Tumor/TMA4/TMA 4 Level 16_Core[1,18,5]_[15658,55128].tif","/data_g1/AI_projects/projects/Immune_Cell_Prediction_WK/DIR/nhs/TMA 4 Level 16_Core[1,18,5]_[15658,55128]",success,22.7,"/data_g1/AI_projects/projects/Immune_Cell_Prediction_WK/DIR/nhs/TMA 4 Level 16_Core[1,18,5]_[15658,55128]/batch_run.log"
"/data_g1/AI_projects/raw_data/PCITB_CRC/HE_raw_images/Tumor/TMA4/TMA 4 Level 1_Core[1,18,4]_[17302,54286].tif","/data_g1/AI_projects/projects/Immune_Cell_Prediction_WK/DIR/nhs/TMA 4 Level 1_Core[1,18,4]_[17302,54286]",success,21.6,"/data_g1/AI_projects/projects/Immune_Cell_Prediction_WK/DIR/nhs/TMA 4 Level 1_Core[1,18,4]_[17302,54286]/batch_run.log"
"/data_g1/AI_projects/raw_data/PCITB_CRC/HE_raw_images/Tumor/TMA4/TMA 4 Level 16_Core[1,18,6]_[14768,55128].tif","/data_g1/AI_projects/projects/Immune_Cell_Prediction_WK/DIR/nhs/TMA 4 Level 16_Core[1,18,6]_[14768,55128]",success,21.5,"/data_g1/AI_projects/projects/Immune_Cell_Prediction_WK/DIR/nhs/TMA 4 Level 16_Core[1,18,6]_[14768,55128]/batch_run.log"
"/data_g1/AI_projects/raw_data/PCITB_CRC/HE_raw_images/Tumor/TMA4/TMA 4 Level 1_Core[1,18,6]_[15620,54336].tif","/data_g1/AI_projects/projects/Immune_Cell_Prediction_WK/DIR/nhs/TMA 4 Level 1_Core[1,18,6]_[15620,54336]",success,21.4,"/data_g1/AI_projects/projects/Immune_Cell_Prediction_WK/DIR/nhs/TMA 4 Level 1_Core[1,18,6]_[15620,54336]/batch_run.log"
"/data_g1/AI_projects/raw_data/PCITB_CRC/HE_raw_images/Tumor/TMA4/TMA 4 Level 16_Core[1,19,11]_[10218,56042].tif","/data_g1/AI_projects/projects/Immune_Cell_Prediction_WK/DIR/nhs/TMA 4 Level 16_Core[1,19,11]_[10218,56042]",success,21.4,"/data_g1/AI_projects/projects/Immune_Cell_Prediction_WK/DIR/nhs/TMA 4 Level 16_Core[1,19,11]_[10218,56042]/batch_run.log"
"/data_g1/AI_projects/raw_data/PCITB_CRC/HE_raw_images/Tumor/TMA4/TMA 4 Level 16_Core[1,18,8]_[13086,55202].tif","/data_g1/AI_projects/projects/Immune_Cell_Prediction_WK/DIR/nhs/TMA 4 Level 16_Core[1,18,8]_[13086,55202]",success,23.0,"/data_g1/AI_projects/projects/Immune_Cell_Prediction_WK/DIR/nhs/TMA 4 Level 16_Core[1,18,8]_[13086,55202]/batch_run.log"
"/data_g1/AI_projects/raw_data/PCITB_CRC/HE_raw_images/Tumor/TMA4/TMA 4 Level 16_Core[1,19,13]_[8512,55993].tif","/data_g1/AI_projects/projects/Immune_Cell_Prediction_WK/DIR/nhs/TMA 4 Level 16_Core[1,19,13]_[8512,55993]",success,23.1,"/data_g1/AI_projects/projects/Immune_Cell_Prediction_WK/DIR/nhs/TMA 4 Level 16_Core[1,19,13]_[8512,55993]/batch_run.log"
"/data_g1/AI_projects/raw_data/PCITB_CRC/HE_raw_images/Tumor/TMA4/TMA 4 Level 16_Core[1,19,1]_[19244,55894].tif","/data_g1/AI_projects/projects/Immune_Cell_Prediction_WK/DIR/nhs/TMA 4 Level 16_Core[1,19,1]_[19244,55894]",success,25.0,"/data_g1/AI_projects/projects/Immune_Cell_Prediction_WK/DIR/nhs/TMA 4 Level 16_Core[1,19,1]_[19244,55894]/batch_run.log"
"/data_g1/AI_projects/raw_data/PCITB_CRC/HE_raw_images/Tumor/TMA4/TMA 4 Level 1_Core[1,19,1]_[19874,55102].tif","/data_g1/AI_projects/projects/Immune_Cell_Prediction_WK/DIR/nhs/TMA 4 Level 1_Core[1,19,1]_[19874,55102]",success,25.4,"/data_g1/AI_projects/projects/Immune_Cell_Prediction_WK/DIR/nhs/TMA 4 Level 1_Core[1,19,1]_[19874,55102]/batch_run.log"
"/data_g1/AI_projects/raw_data/PCITB_CRC/HE_raw_images/Tumor/TMA4/TMA 4 Level 1_Core[1,19,13]_[9389,55424].tif","/data_g1/AI_projects/projects/Immune_Cell_Prediction_WK/DIR/nhs/TMA 4 Level 1_Core[1,19,13]_[9389,55424]",success,25.0,"/data_g1/AI_projects/projects/Immune_Cell_Prediction_WK/DIR/nhs/TMA 4 Level 1_Core[1,19,13]_[9389,55424]/batch_run.log"
"/data_g1/AI_projects/raw_data/PCITB_CRC/HE_raw_images/Tumor/TMA4/TMA 4 Level 16_Core[1,19,16]_[5718,56042].tif","/data_g1/AI_projects/projects/Immune_Cell_Prediction_WK/DIR/nhs/TMA 4 Level 16_Core[1,19,16]_[5718,56042]",success,22.3,"/data_g1/AI_projects/projects/Immune_Cell_Prediction_WK/DIR/nhs/TMA 4 Level 16_Core[1,19,16]_[5718,56042]/batch_run.log"
"/data_g1/AI_projects/raw_data/PCITB_CRC/HE_raw_images/Tumor/TMA4/TMA 4 Level 16_Core[1,19,14]_[7473,56018].tif","/data_g1/AI_projects/projects/Immune_Cell_Prediction_WK/DIR/nhs/TMA 4 Level 16_Core[1,19,14]_[7473,56018]",success,20.7,"/data_g1/AI_projects/projects/Immune_Cell_Prediction_WK/DIR/nhs/TMA 4 Level 16_Core[1,19,14]_[7473,56018]/batch_run.log"
"/data_g1/AI_projects/raw_data/PCITB_CRC/HE_raw_images/Tumor/TMA4/TMA 4 Level 1_Core[1,19,17]_[5606,55572].tif","/data_g1/AI_projects/projects/Immune_Cell_Prediction_WK/DIR/nhs/TMA 4 Level 1_Core[1,19,17]_[5606,55572]",success,22.1,"/data_g1/AI_projects/projects/Immune_Cell_Prediction_WK/DIR/nhs/TMA 4 Level 1_Core[1,19,17]_[5606,55572]/batch_run.log"
"/data_g1/AI_projects/raw_data/PCITB_CRC/HE_raw_images/Tumor/TMA4/TMA 4 Level 16_Core[1,19,15]_[6583,56042].tif","/data_g1/AI_projects/projects/Immune_Cell_Prediction_WK/DIR/nhs/TMA 4 Level 16_Core[1,19,15]_[6583,56042]",success,21.7,"/data_g1/AI_projects/projects/Immune_Cell_Prediction_WK/DIR/nhs/TMA 4 Level 16_Core[1,19,15]_[6583,56042]/batch_run.log"
"/data_g1/AI_projects/raw_data/PCITB_CRC/HE_raw_images/Tumor/TMA4/TMA 4 Level 1_Core[1,19,15]_[7436,55547].tif","/data_g1/AI_projects/projects/Immune_Cell_Prediction_WK/DIR/nhs/TMA 4 Level 1_Core[1,19,15]_[7436,55547]",success,21.5,"/data_g1/AI_projects/projects/Immune_Cell_Prediction_WK/DIR/nhs/TMA 4 Level 1_Core[1,19,15]_[7436,55547]/batch_run.log"
"/data_g1/AI_projects/raw_data/PCITB_CRC/HE_raw_images/Tumor/TMA4/TMA 4 Level 1_Core[1,19,16]_[6545,55572].tif","/data_g1/AI_projects/projects/Immune_Cell_Prediction_WK/DIR/nhs/TMA 4 Level 1_Core[1,19,16]_[6545,55572]",success,22.0,"/data_g1/AI_projects/projects/Immune_Cell_Prediction_WK/DIR/nhs/TMA 4 Level 1_Core[1,19,16]_[6545,55572]/batch_run.log"
"/data_g1/AI_projects/raw_data/PCITB_CRC/HE_raw_images/Tumor/TMA4/TMA 4 Level 1_Core[1,19,19]_[3875,55621].tif","/data_g1/AI_projects/projects/Immune_Cell_Prediction_WK/DIR/nhs/TMA 4 Level 1_Core[1,19,19]_[3875,55621]",success,21.4,"/data_g1/AI_projects/projects/Immune_Cell_Prediction_WK/DIR/nhs/TMA 4 Level 1_Core[1,19,19]_[3875,55621]/batch_run.log"
"/data_g1/AI_projects/raw_data/PCITB_CRC/HE_raw_images/Tumor/TMA4/TMA 4 Level 16_Core[1,19,17]_[4729,55993].tif","/data_g1/AI_projects/projects/Immune_Cell_Prediction_WK/DIR/nhs/TMA 4 Level 16_Core[1,19,17]_[4729,55993]",success,21.4,"/data_g1/AI_projects/projects/Immune_Cell_Prediction_WK/DIR/nhs/TMA 4 Level 16_Core[1,19,17]_[4729,55993]/batch_run.log"
"/data_g1/AI_projects/raw_data/PCITB_CRC/HE_raw_images/Tumor/TMA4/TMA 4 Level 1_Core[1,19,2]_[18959,55127].tif","/data_g1/AI_projects/projects/Immune_Cell_Prediction_WK/DIR/nhs/TMA 4 Level 1_Core[1,19,2]_[18959,55127]",success,20.7,"/data_g1/AI_projects/projects/Immune_Cell_Prediction_WK/DIR/nhs/TMA 4 Level 1_Core[1,19,2]_[18959,55127]/batch_run.log"
"/data_g1/AI_projects/raw_data/PCITB_CRC/HE_raw_images/Tumor/TMA4/TMA 4 Level 16_Core[1,19,18]_[3888,55919].tif","/data_g1/AI_projects/projects/Immune_Cell_Prediction_WK/DIR/nhs/TMA 4 Level 16_Core[1,19,18]_[3888,55919]",success,21.1,"/data_g1/AI_projects/projects/Immune_Cell_Prediction_WK/DIR/nhs/TMA 4 Level 16_Core[1,19,18]_[3888,55919]/batch_run.log"
"/data_g1/AI_projects/raw_data/PCITB_CRC/HE_raw_images/Tumor/TMA4/TMA 4 Level 1_Core[1,19,18]_[4765,55547].tif","/data_g1/AI_projects/projects/Immune_Cell_Prediction_WK/DIR/nhs/TMA 4 Level 1_Core[1,19,18]_[4765,55547]",success,21.7,"/data_g1/AI_projects/projects/Immune_Cell_Prediction_WK/DIR/nhs/TMA 4 Level 1_Core[1,19,18]_[4765,55547]/batch_run.log"
"/data_g1/AI_projects/raw_data/PCITB_CRC/HE_raw_images/Tumor/TMA4/TMA 4 Level 16_Core[1,19,19]_[2973,55919].tif","/data_g1/AI_projects/projects/Immune_Cell_Prediction_WK/DIR/nhs/TMA 4 Level 16_Core[1,19,19]_[2973,55919]",success,21.8,"/data_g1/AI_projects/projects/Immune_Cell_Prediction_WK/DIR/nhs/TMA 4 Level 16_Core[1,19,19]_[2973,55919]/batch_run.log"
"/data_g1/AI_projects/raw_data/PCITB_CRC/HE_raw_images/Tumor/TMA4/TMA 4 Level 1_Core[1,19,4]_[17252,55176].tif","/data_g1/AI_projects/projects/Immune_Cell_Prediction_WK/DIR/nhs/TMA 4 Level 1_Core[1,19,4]_[17252,55176]",success,21.5,"/data_g1/AI_projects/projects/Immune_Cell_Prediction_WK/DIR/nhs/TMA 4 Level 1_Core[1,19,4]_[17252,55176]/batch_run.log"
"/data_g1/AI_projects/raw_data/PCITB_CRC/HE_raw_images/Tumor/TMA4/TMA 4 Level 16_Core[1,19,2]_[18255,55944].tif","/data_g1/AI_projects/projects/Immune_Cell_Prediction_WK/DIR/nhs/TMA 4 Level 16_Core[1,19,2]_[18255,55944]",success,20.6,"/data_g1/AI_projects/projects/Immune_Cell_Prediction_WK/DIR/nhs/TMA 4 Level 16_Core[1,19,2]_[18255,55944]/batch_run.log"
"/data_g1/AI_projects/raw_data/PCITB_CRC/HE_raw_images/Tumor/TMA4/TMA 4 Level 1_Core[1,19,5]_[16387,55201].tif","/data_g1/AI_projects/projects/Immune_Cell_Prediction_WK/DIR/nhs/TMA 4 Level 1_Core[1,19,5]_[16387,55201]",success,21.1,"/data_g1/AI_projects/projects/Immune_Cell_Prediction_WK/DIR/nhs/TMA 4 Level 1_Core[1,19,5]_[16387,55201]/batch_run.log"
"/data_g1/AI_projects/raw_data/PCITB_CRC/HE_raw_images/Tumor/TMA4/TMA 4 Level 1_Core[1,19,20]_[2886,55572].tif","/data_g1/AI_projects/projects/Immune_Cell_Prediction_WK/DIR/nhs/TMA 4 Level 1_Core[1,19,20]_[2886,55572]",success,20.9,"/data_g1/AI_projects/projects/Immune_Cell_Prediction_WK/DIR/nhs/TMA 4 Level 1_Core[1,19,20]_[2886,55572]/batch_run.log"
"/data_g1/AI_projects/raw_data/PCITB_CRC/HE_raw_images/Tumor/TMA4/TMA 4 Level 16_Core[1,19,20]_[2061,55902].tif","/data_g1/AI_projects/projects/Immune_Cell_Prediction_WK/DIR/nhs/TMA 4 Level 16_Core[1,19,20]_[2061,55902]",success,20.8,"/data_g1/AI_projects/projects/Immune_Cell_Prediction_WK/DIR/nhs/TMA 4 Level 16_Core[1,19,20]_[2061,55902]/batch_run.log"
"/data_g1/AI_projects/raw_data/PCITB_CRC/HE_raw_images/Tumor/TMA4/TMA 4 Level 16_Core[1,19,4]_[16474,55968].tif","/data_g1/AI_projects/projects/Immune_Cell_Prediction_WK/DIR/nhs/TMA 4 Level 16_Core[1,19,4]_[16474,55968]",success,20.9,"/data_g1/AI_projects/projects/Immune_Cell_Prediction_WK/DIR/nhs/TMA 4 Level 16_Core[1,19,4]_[16474,55968]/batch_run.log"
"/data_g1/AI_projects/raw_data/PCITB_CRC/HE_raw_images/Tumor/TMA4/TMA 4 Level 1_Core[1,19,7]_[14706,55226].tif","/data_g1/AI_projects/projects/Immune_Cell_Prediction_WK/DIR/nhs/TMA 4 Level 1_Core[1,19,7]_[14706,55226]",success,21.3,"/data_g1/AI_projects/projects/Immune_Cell_Prediction_WK/DIR/nhs/TMA 4 Level 1_Core[1,19,7]_[14706,55226]/batch_run.log"
"/data_g1/AI_projects/raw_data/PCITB_CRC/HE_raw_images/Tumor/TMA4/TMA 4 Level 16_Core[1,19,5]_[15584,55968].tif","/data_g1/AI_projects/projects/Immune_Cell_Prediction_WK/DIR/nhs/TMA 4 Level 16_Core[1,19,5]_[15584,55968]",success,21.3,"/data_g1/AI_projects/projects/Immune_Cell_Prediction_WK/DIR/nhs/TMA 4 Level 16_Core[1,19,5]_[15584,55968]/batch_run.log"
"/data_g1/AI_projects/raw_data/PCITB_CRC/HE_raw_images/Tumor/TMA4/TMA 4 Level 1_Core[1,19,9]_[13049,55374].tif","/data_g1/AI_projects/projects/Immune_Cell_Prediction_WK/DIR/nhs/TMA 4 Level 1_Core[1,19,9]_[13049,55374]",success,21.4,"/data_g1/AI_projects/projects/Immune_Cell_Prediction_WK/DIR/nhs/TMA 4 Level 1_Core[1,19,9]_[13049,55374]/batch_run.log"
"/data_g1/AI_projects/raw_data/PCITB_CRC/HE_raw_images/Tumor/TMA4/TMA 4 Level 16_Core[1,19,6]_[14743,55944].tif","/data_g1/AI_projects/projects/Immune_Cell_Prediction_WK/DIR/nhs/TMA 4 Level 16_Core[1,19,6]_[14743,55944]",success,20.9,"/data_g1/AI_projects/projects/Immune_Cell_Prediction_WK/DIR/nhs/TMA 4 Level 16_Core[1,19,6]_[14743,55944]/batch_run.log"
"/data_g1/AI_projects/raw_data/PCITB_CRC/HE_raw_images/Tumor/TMA4/TMA 4 Level 1_Core[1,19,6]_[15571,55226].tif","/data_g1/AI_projects/projects/Immune_Cell_Prediction_WK/DIR/nhs/TMA 4 Level 1_Core[1,19,6]_[15571,55226]",success,21.1,"/data_g1/AI_projects/projects/Immune_Cell_Prediction_WK/DIR/nhs/TMA 4 Level 1_Core[1,19,6]_[15571,55226]/batch_run.log"
"/data_g1/AI_projects/raw_data/PCITB_CRC/HE_raw_images/Tumor/TMA4/TMA 4 Level 16_Core[1,19,7]_[13927,56166].tif","/data_g1/AI_projects/projects/Immune_Cell_Prediction_WK/DIR/nhs/TMA 4 Level 16_Core[1,19,7]_[13927,56166]",success,21.5,"/data_g1/AI_projects/projects/Immune_Cell_Prediction_WK/DIR/nhs/TMA 4 Level 16_Core[1,19,7]_[13927,56166]/batch_run.log"
"/data_g1/AI_projects/raw_data/PCITB_CRC/HE_raw_images/Tumor/TMA4/TMA 4 Level 16_Core[1,2,11]_[10107,41910].tif","/data_g1/AI_projects/projects/Immune_Cell_Prediction_WK/DIR/nhs/TMA 4 Level 16_Core[1,2,11]_[10107,41910]",success,21.7,"/data_g1/AI_projects/projects/Immune_Cell_Prediction_WK/DIR/nhs/TMA 4 Level 16_Core[1,2,11]_[10107,41910]/batch_run.log"
"/data_g1/AI_projects/raw_data/PCITB_CRC/HE_raw_images/Tumor/TMA4/TMA 4 Level 16_Core[1,19,9]_[12474,56439].tif","/data_g1/AI_projects/projects/Immune_Cell_Prediction_WK/DIR/nhs/TMA 4 Level 16_Core[1,19,9]_[12474,56439]",success,21.8,"/data_g1/AI_projects/projects/Immune_Cell_Prediction_WK/DIR/nhs/TMA 4 Level 16_Core[1,19,9]_[12474,56439]/batch_run.log"
"/data_g1/AI_projects/raw_data/PCITB_CRC/HE_raw_images/Tumor/TMA4/TMA 4 Level 16_Core[1,2,13]_[8450,41935].tif","/data_g1/AI_projects/projects/Immune_Cell_Prediction_WK/DIR/nhs/TMA 4 Level 16_Core[1,2,13]_[8450,41935]",success,22.0,"/data_g1/AI_projects/projects/Immune_Cell_Prediction_WK/DIR/nhs/TMA 4 Level 16_Core[1,2,13]_[8450,41935]/batch_run.log"
"/data_g1/AI_projects/raw_data/PCITB_CRC/HE_raw_images/Tumor/TMA4/TMA 4 Level 16_Core[1,2,1]_[19009,42133].tif","/data_g1/AI_projects/projects/Immune_Cell_Prediction_WK/DIR/nhs/TMA 4 Level 16_Core[1,2,1]_[19009,42133]",success,21.5,"/data_g1/AI_projects/projects/Immune_Cell_Prediction_WK/DIR/nhs/TMA 4 Level 16_Core[1,2,1]_[19009,42133]/batch_run.log"
"/data_g1/AI_projects/raw_data/PCITB_CRC/HE_raw_images/Tumor/TMA4/TMA 4 Level 1_Core[1,2,1]_[19664,40810].tif","/data_g1/AI_projects/projects/Immune_Cell_Prediction_WK/DIR/nhs/TMA 4 Level 1_Core[1,2,1]_[19664,40810]",success,21.5,"/data_g1/AI_projects/projects/Immune_Cell_Prediction_WK/DIR/nhs/TMA 4 Level 1_Core[1,2,1]_[19664,40810]/batch_run.log"
"/data_g1/AI_projects/raw_data/PCITB_CRC/HE_raw_images/Tumor/TMA4/TMA 4 Level 1_Core[1,2,11]_[10762,40488].tif","/data_g1/AI_projects/projects/Immune_Cell_Prediction_WK/DIR/nhs/TMA 4 Level 1_Core[1,2,11]_[10762,40488]",success,21.1,"/data_g1/AI_projects/projects/Immune_Cell_Prediction_WK/DIR/nhs/TMA 4 Level 1_Core[1,2,11]_[10762,40488]/batch_run.log"
"/data_g1/AI_projects/raw_data/PCITB_CRC/HE_raw_images/Tumor/TMA4/TMA 4 Level 16_Core[1,2,17]_[4790,41985].tif","/data_g1/AI_projects/projects/Immune_Cell_Prediction_WK/DIR/nhs/TMA 4 Level 16_Core[1,2,17]_[4790,41985]",success,21.0,"/data_g1/AI_projects/projects/Immune_Cell_Prediction_WK/DIR/nhs/TMA 4 Level 16_Core[1,2,17]_[4790,41985]/batch_run.log"
"/data_g1/AI_projects/raw_data/PCITB_CRC/HE_raw_images/Tumor/TMA4/TMA 4 Level 1_Core[1,2,13]_[9105,40513].tif","/data_g1/AI_projects/projects/Immune_Cell_Prediction_WK/DIR/nhs/TMA 4 Level 1_Core[1,2,13]_[9105,40513]",success,21.7,"/data_g1/AI_projects/projects/Immune_Cell_Prediction_WK/DIR/nhs/TMA 4 Level 1_Core[1,2,13]_[9105,40513]/batch_run.log"
"/data_g1/AI_projects/raw_data/PCITB_CRC/HE_raw_images/Tumor/TMA4/TMA 4 Level 1_Core[1,2,18]_[4654,40859].tif","/data_g1/AI_projects/projects/Immune_Cell_Prediction_WK/DIR/nhs/TMA 4 Level 1_Core[1,2,18]_[4654,40859]",success,21.0,"/data_g1/AI_projects/projects/Immune_Cell_Prediction_WK/DIR/nhs/TMA 4 Level 1_Core[1,2,18]_[4654,40859]/batch_run.log"
"/data_g1/AI_projects/raw_data/PCITB_CRC/HE_raw_images/Tumor/TMA4/TMA 4 Level 1_Core[1,2,15]_[7349,40637].tif","/data_g1/AI_projects/projects/Immune_Cell_Prediction_WK/DIR/nhs/TMA 4 Level 1_Core[1,2,15]_[7349,40637]",success,21.2,"/data_g1/AI_projects/projects/Immune_Cell_Prediction_WK/DIR/nhs/TMA 4 Level 1_Core[1,2,15]_[7349,40637]/batch_run.log"
"/data_g1/AI_projects/raw_data/PCITB_CRC/HE_raw_images/Tumor/TMA4/TMA 4 Level 1_Core[1,2,17]_[5519,40736].tif","/data_g1/AI_projects/projects/Immune_Cell_Prediction_WK/DIR/nhs/TMA 4 Level 1_Core[1,2,17]_[5519,40736]",success,20.3,"/data_g1/AI_projects/projects/Immune_Cell_Prediction_WK/DIR/nhs/TMA 4 Level 1_Core[1,2,17]_[5519,40736]/batch_run.log"
"/data_g1/AI_projects/raw_data/PCITB_CRC/HE_raw_images/Tumor/TMA4/TMA 4 Level 16_Core[1,2,15]_[6595,41910].tif","/data_g1/AI_projects/projects/Immune_Cell_Prediction_WK/DIR/nhs/TMA 4 Level 16_Core[1,2,15]_[6595,41910]",success,21.6,"/data_g1/AI_projects/projects/Immune_Cell_Prediction_WK/DIR/nhs/TMA 4 Level 16_Core[1,2,15]_[6595,41910]/batch_run.log"
"/data_g1/AI_projects/raw_data/PCITB_CRC/HE_raw_images/Tumor/TMA4/TMA 4 Level 1_Core[1,2,2]_[18675,40562].tif","/data_g1/AI_projects/projects/Immune_Cell_Prediction_WK/DIR/nhs/TMA 4 Level 1_Core[1,2,2]_[18675,40562]",success,22.0,"/data_g1/AI_projects/projects/Immune_Cell_Prediction_WK/DIR/nhs/TMA 4 Level 1_Core[1,2,2]_[18675,40562]/batch_run.log"
"/data_g1/AI_projects/raw_data/PCITB_CRC/HE_raw_images/Tumor/TMA4/TMA 4 Level 16_Core[1,2,18]_[3925,42084].tif","/data_g1/AI_projects/projects/Immune_Cell_Prediction_WK/DIR/nhs/TMA 4 Level 16_Core[1,2,18]_[3925,42084]",success,21.9,"/data_g1/AI_projects/projects/Immune_Cell_Prediction_WK/DIR/nhs/TMA 4 Level 16_Core[1,2,18]_[3925,42084]/batch_run.log"
"/data_g1/AI_projects/raw_data/PCITB_CRC/HE_raw_images/Tumor/TMA4/TMA 4 Level 1_Core[1,2,19]_[3714,40933].tif","/data_g1/AI_projects/projects/Immune_Cell_Prediction_WK/DIR/nhs/TMA 4 Level 1_Core[1,2,19]_[3714,40933]",success,21.3,"/data_g1/AI_projects/projects/Immune_Cell_Prediction_WK/DIR/nhs/TMA 4 Level 1_Core[1,2,19]_[3714,40933]/batch_run.log"
"/data_g1/AI_projects/raw_data/PCITB_CRC/HE_raw_images/Tumor/TMA4/TMA 4 Level 16_Core[1,2,3]_[17204,42034].tif","/data_g1/AI_projects/projects/Immune_Cell_Prediction_WK/DIR/nhs/TMA 4 Level 16_Core[1,2,3]_[17204,42034]",success,22.4,"/data_g1/AI_projects/projects/Immune_Cell_Prediction_WK/DIR/nhs/TMA 4 Level 16_Core[1,2,3]_[17204,42034]/batch_run.log"
"/data_g1/AI_projects/raw_data/PCITB_CRC/HE_raw_images/Tumor/TMA4/TMA 4 Level 16_Core[1,2,19]_[2960,42108].tif","/data_g1/AI_projects/projects/Immune_Cell_Prediction_WK/DIR/nhs/TMA 4 Level 16_Core[1,2,19]_[2960,42108]",success,21.9,"/data_g1/AI_projects/projects/Immune_Cell_Prediction_WK/DIR/nhs/TMA 4 Level 16_Core[1,2,19]_[2960,42108]/batch_run.log"
"/data_g1/AI_projects/raw_data/PCITB_CRC/HE_raw_images/Tumor/TMA4/TMA 4 Level 1_Core[1,2,3]_[17859,40513].tif","/data_g1/AI_projects/projects/Immune_Cell_Prediction_WK/DIR/nhs/TMA 4 Level 1_Core[1,2,3]_[17859,40513]",success,22.5,"/data_g1/AI_projects/projects/Immune_Cell_Prediction_WK/DIR/nhs/TMA 4 Level 1_Core[1,2,3]_[17859,40513]/batch_run.log"
"/data_g1/AI_projects/raw_data/PCITB_CRC/HE_raw_images/Tumor/TMA4/TMA 4 Level 1_Core[1,2,8]_[13284,40686].tif","/data_g1/AI_projects/projects/Immune_Cell_Prediction_WK/DIR/nhs/TMA 4 Level 1_Core[1,2,8]_[13284,40686]",success,21.8,"/data_g1/AI_projects/projects/Immune_Cell_Prediction_WK/DIR/nhs/TMA 4 Level 1_Core[1,2,8]_[13284,40686]/batch_run.log"
"/data_g1/AI_projects/raw_data/PCITB_CRC/HE_raw_images/Tumor/TMA4/TMA 4 Level 1_Core[1,2,5]_[16087,40567].tif","/data_g1/AI_projects/projects/Immune_Cell_Prediction_WK/DIR/nhs/TMA 4 Level 1_Core[1,2,5]_[16087,40567]",success,21.3,"/data_g1/AI_projects/projects/Immune_Cell_Prediction_WK/DIR/nhs/TMA 4 Level 1_Core[1,2,5]_[16087,40567]/batch_run.log"
"/data_g1/AI_projects/raw_data/PCITB_CRC/HE_raw_images/Tumor/TMA4/TMA 4 Level 1_Core[1,2,7]_[14347,40513].tif","/data_g1/AI_projects/projects/Immune_Cell_Prediction_WK/DIR/nhs/TMA 4 Level 1_Core[1,2,7]_[14347,40513]",success,21.7,"/data_g1/AI_projects/projects/Immune_Cell_Prediction_WK/DIR/nhs/TMA 4 Level 1_Core[1,2,7]_[14347,40513]/batch_run.log"
"/data_g1/AI_projects/raw_data/PCITB_CRC/HE_raw_images/Tumor/TMA4/TMA 4 Level 1_Core[1,2,9]_[12443,40464].tif","/data_g1/AI_projects/projects/Immune_Cell_Prediction_WK/DIR/nhs/TMA 4 Level 1_Core[1,2,9]_[12443,40464]",success,21.7,"/data_g1/AI_projects/projects/Immune_Cell_Prediction_WK/DIR/nhs/TMA 4 Level 1_Core[1,2,9]_[12443,40464]/batch_run.log"
"/data_g1/AI_projects/raw_data/PCITB_CRC/HE_raw_images/Tumor/TMA4/TMA 4 Level 16_Core[1,2,5]_[15439,41944].tif","/data_g1/AI_projects/projects/Immune_Cell_Prediction_WK/DIR/nhs/TMA 4 Level 16_Core[1,2,5]_[15439,41944]",success,21.4,"/data_g1/AI_projects/projects/Immune_Cell_Prediction_WK/DIR/nhs/TMA 4 Level 16_Core[1,2,5]_[15439,41944]/batch_run.log"
"/data_g1/AI_projects/raw_data/PCITB_CRC/HE_raw_images/Tumor/TMA4/TMA 4 Level 16_Core[1,2,8]_[12777,41836].tif","/data_g1/AI_projects/projects/Immune_Cell_Prediction_WK/DIR/nhs/TMA 4 Level 16_Core[1,2,8]_[12777,41836]",success,21.3,"/data_g1/AI_projects/projects/Immune_Cell_Prediction_WK/DIR/nhs/TMA 4 Level 16_Core[1,2,8]_[12777,41836]/batch_run.log"
"/data_g1/AI_projects/raw_data/PCITB_CRC/HE_raw_images/Tumor/TMA4/TMA 4 Level 16_Core[1,20,10]_[11306,56982].tif","/data_g1/AI_projects/projects/Immune_Cell_Prediction_WK/DIR/nhs/TMA 4 Level 16_Core[1,20,10]_[11306,56982]",success,21.1,"/data_g1/AI_projects/projects/Immune_Cell_Prediction_WK/DIR/nhs/TMA 4 Level 16_Core[1,20,10]_[11306,56982]/batch_run.log"
"/data_g1/AI_projects/raw_data/PCITB_CRC/HE_raw_images/Tumor/TMA4/TMA 4 Level 16_Core[1,2,9]_[11838,41886].tif","/data_g1/AI_projects/projects/Immune_Cell_Prediction_WK/DIR/nhs/TMA 4 Level 16_Core[1,2,9]_[11838,41886]",success,21.8,"/data_g1/AI_projects/projects/Immune_Cell_Prediction_WK/DIR/nhs/TMA 4 Level 16_Core[1,2,9]_[11838,41886]/batch_run.log"
"/data_g1/AI_projects/raw_data/PCITB_CRC/HE_raw_images/Tumor/TMA4/TMA 4 Level 16_Core[1,20,1]_[19021,56661].tif","/data_g1/AI_projects/projects/Immune_Cell_Prediction_WK/DIR/nhs/TMA 4 Level 16_Core[1,20,1]_[19021,56661]",success,21.5,"/data_g1/AI_projects/projects/Immune_Cell_Prediction_WK/DIR/nhs/TMA 4 Level 16_Core[1,20,1]_[19021,56661]/batch_run.log"
"/data_g1/AI_projects/raw_data/PCITB_CRC/HE_raw_images/Tumor/TMA4/TMA 4 Level 1_Core[1,20,1]_[19824,55918].tif","/data_g1/AI_projects/projects/Immune_Cell_Prediction_WK/DIR/nhs/TMA 4 Level 1_Core[1,20,1]_[19824,55918]",success,20.8,"/data_g1/AI_projects/projects/Immune_Cell_Prediction_WK/DIR/nhs/TMA 4 Level 1_Core[1,20,1]_[19824,55918]/batch_run.log"
"/data_g1/AI_projects/raw_data/PCITB_CRC/HE_raw_images/Tumor/TMA4/TMA 4 Level 16_Core[1,20,13]_[8166,56982].tif","/data_g1/AI_projects/projects/Immune_Cell_Prediction_WK/DIR/nhs/TMA 4 Level 16_Core[1,20,13]_[8166,56982]",success,22.2,"/data_g1/AI_projects/projects/Immune_Cell_Prediction_WK/DIR/nhs/TMA 4 Level 16_Core[1,20,13]_[8166,56982]/batch_run.log"
"/data_g1/AI_projects/raw_data/PCITB_CRC/HE_raw_images/Tumor/TMA4/TMA 4 Level 1_Core[1,20,10]_[12159,56289].tif","/data_g1/AI_projects/projects/Immune_Cell_Prediction_WK/DIR/nhs/TMA 4 Level 1_Core[1,20,10]_[12159,56289]",success,21.8,"/data_g1/AI_projects/projects/Immune_Cell_Prediction_WK/DIR/nhs/TMA 4 Level 1_Core[1,20,10]_[12159,56289]/batch_run.log"
"/data_g1/AI_projects/raw_data/PCITB_CRC/HE_raw_images/Tumor/TMA4/TMA 4 Level 16_Core[1,20,19]_[3022,56784].tif","/data_g1/AI_projects/projects/Immune_Cell_Prediction_WK/DIR/nhs/TMA 4 Level 16_Core[1,20,19]_[3022,56784]",success,22.2,"/data_g1/AI_projects/projects/Immune_Cell_Prediction_WK/DIR/nhs/TMA 4 Level 16_Core[1,20,19]_[3022,56784]/batch_run.log"
"/data_g1/AI_projects/raw_data/PCITB_CRC/HE_raw_images/Tumor/TMA4/TMA 4 Level 16_Core[1,20,15]_[6583,56933].tif","/data_g1/AI_projects/projects/Immune_Cell_Prediction_WK/DIR/nhs/TMA 4 Level 16_Core[1,20,15]_[6583,56933]",success,22.1,"/data_g1/AI_projects/projects/Immune_Cell_Prediction_WK/DIR/nhs/TMA 4 Level 16_Core[1,20,15]_[6583,56933]/batch_run.log"
"/data_g1/AI_projects/raw_data/PCITB_CRC/HE_raw_images/Tumor/TMA4/TMA 4 Level 16_Core[1,20,2]_[18082,56809].tif","/data_g1/AI_projects/projects/Immune_Cell_Prediction_WK/DIR/nhs/TMA 4 Level 16_Core[1,20,2]_[18082,56809]",success,19.8,"/data_g1/AI_projects/projects/Immune_Cell_Prediction_WK/DIR/nhs/TMA 4 Level 16_Core[1,20,2]_[18082,56809]/batch_run.log"
"/data_g1/AI_projects/raw_data/PCITB_CRC/HE_raw_images/Tumor/TMA4/TMA 4 Level 1_Core[1,20,18]_[4839,56487].tif","/data_g1/AI_projects/projects/Immune_Cell_Prediction_WK/DIR/nhs/TMA 4 Level 1_Core[1,20,18]_[4839,56487]",success,20.8,"/data_g1/AI_projects/projects/Immune_Cell_Prediction_WK/DIR/nhs/TMA 4 Level 1_Core[1,20,18]_[4839,56487]/batch_run.log"
"/data_g1/AI_projects/raw_data/PCITB_CRC/HE_raw_images/Tumor/TMA4/TMA 4 Level 16_Core[1,20,18]_[3888,56809].tif","/data_g1/AI_projects/projects/Immune_Cell_Prediction_WK/DIR/nhs/TMA 4 Level 16_Core[1,20,18]_[3888,56809]",success,21.6,"/data_g1/AI_projects/projects/Immune_Cell_Prediction_WK/DIR/nhs/TMA 4 Level 16_Core[1,20,18]_[3888,56809]/batch_run.log"
"/data_g1/AI_projects/raw_data/PCITB_CRC/HE_raw_images/Tumor/TMA4/TMA 4 Level 1_Core[1,20,19]_[3974,56512].tif","/data_g1/AI_projects/projects/Immune_Cell_Prediction_WK/DIR/nhs/TMA 4 Level 1_Core[1,20,19]_[3974,56512]",success,21.2,"/data_g1/AI_projects/projects/Immune_Cell_Prediction_WK/DIR/nhs/TMA 4 Level 1_Core[1,20,19]_[3974,56512]/batch_run.log"
"/data_g1/AI_projects/raw_data/PCITB_CRC/HE_raw_images/Tumor/TMA4/TMA 4 Level 16_Core[1,20,20]_[2182,56784].tif","/data_g1/AI_projects/projects/Immune_Cell_Prediction_WK/DIR/nhs/TMA 4 Level 16_Core[1,20,20]_[2182,56784]",success,20.5,"/data_g1/AI_projects/projects/Immune_Cell_Prediction_WK/DIR/nhs/TMA 4 Level 16_Core[1,20,20]_[2182,56784]/batch_run.log"
"/data_g1/AI_projects/raw_data/PCITB_CRC/HE_raw_images/Tumor/TMA4/TMA 4 Level 16_Core[1,20,9]_[12097,57106].tif","/data_g1/AI_projects/projects/Immune_Cell_Prediction_WK/DIR/nhs/TMA 4 Level 16_Core[1,20,9]_[12097,57106]",success,20.0,"/data_g1/AI_projects/projects/Immune_Cell_Prediction_WK/DIR/nhs/TMA 4 Level 16_Core[1,20,9]_[12097,57106]/batch_run.log"
"/data_g1/AI_projects/raw_data/PCITB_CRC/HE_raw_images/Tumor/TMA4/TMA 4 Level 1_Core[1,20,8]_[13939,56215].tif","/data_g1/AI_projects/projects/Immune_Cell_Prediction_WK/DIR/nhs/TMA 4 Level 1_Core[1,20,8]_[13939,56215]",success,21.8,"/data_g1/AI_projects/projects/Immune_Cell_Prediction_WK/DIR/nhs/TMA 4 Level 1_Core[1,20,8]_[13939,56215]/batch_run.log"
"/data_g1/AI_projects/raw_data/PCITB_CRC/HE_raw_images/Tumor/TMA4/TMA 4 Level 1_Core[1,20,7]_[14804,56116].tif","/data_g1/AI_projects/projects/Immune_Cell_Prediction_WK/DIR/nhs/TMA 4 Level 1_Core[1,20,7]_[14804,56116]",success,21.1,"/data_g1/AI_projects/projects/Immune_Cell_Prediction_WK/DIR/nhs/TMA 4 Level 1_Core[1,20,7]_[14804,56116]/batch_run.log"
"/data_g1/AI_projects/raw_data/PCITB_CRC/HE_raw_images/Tumor/TMA4/TMA 4 Level 16_Core[1,20,7]_[14150,56933].tif","/data_g1/AI_projects/projects/Immune_Cell_Prediction_WK/DIR/nhs/TMA 4 Level 16_Core[1,20,7]_[14150,56933]",success,21.4,"/data_g1/AI_projects/projects/Immune_Cell_Prediction_WK/DIR/nhs/TMA 4 Level 16_Core[1,20,7]_[14150,56933]/batch_run.log"
"/data_g1/AI_projects/raw_data/PCITB_CRC/HE_raw_images/Tumor/TMA4/TMA 4 Level 16_Core[1,20,8]_[13359,56933].tif","/data_g1/AI_projects/projects/Immune_Cell_Prediction_WK/DIR/nhs/TMA 4 Level 16_Core[1,20,8]_[13359,56933]",success,21.7,"/data_g1/AI_projects/projects/Immune_Cell_Prediction_WK/DIR/nhs/TMA 4 Level 16_Core[1,20,8]_[13359,56933]/batch_run.log"
"/data_g1/AI_projects/raw_data/PCITB_CRC/HE_raw_images/Tumor/TMA4/TMA 4 Level 1_Core[1,20,9]_[13049,56264].tif","/data_g1/AI_projects/projects/Immune_Cell_Prediction_WK/DIR/nhs/TMA 4 Level 1_Core[1,20,9]_[13049,56264]",success,21.3,"/data_g1/AI_projects/projects/Immune_Cell_Prediction_WK/DIR/nhs/TMA 4 Level 1_Core[1,20,9]_[13049,56264]/batch_run.log"
"/data_g1/AI_projects/raw_data/PCITB_CRC/HE_raw_images/Tumor/TMA4/TMA 4 Level 16_Core[1,3,11]_[10156,42751].tif","/data_g1/AI_projects/projects/Immune_Cell_Prediction_WK/DIR/nhs/TMA 4 Level 16_Core[1,3,11]_[10156,42751]",success,22.2,"/data_g1/AI_projects/projects/Immune_Cell_Prediction_WK/DIR/nhs/TMA 4 Level 16_Core[1,3,11]_[10156,42751]/batch_run.log"
"/data_g1/AI_projects/raw_data/PCITB_CRC/HE_raw_images/Tumor/TMA4/TMA 4 Level 1_Core[1,3,12]_[9946,41354].tif","/data_g1/AI_projects/projects/Immune_Cell_Prediction_WK/DIR/nhs/TMA 4 Level 1_Core[1,3,12]_[9946,41354]",success,22.4,"/data_g1/AI_projects/projects/Immune_Cell_Prediction_WK/DIR/nhs/TMA 4 Level 1_Core[1,3,12]_[9946,41354]/batch_run.log"
"/data_g1/AI_projects/raw_data/PCITB_CRC/HE_raw_images/Tumor/TMA4/TMA 4 Level 16_Core[1,3,10]_[11046,42702].tif","/data_g1/AI_projects/projects/Immune_Cell_Prediction_WK/DIR/nhs/TMA 4 Level 16_Core[1,3,10]_[11046,42702]",success,21.7,"/data_g1/AI_projects/projects/Immune_Cell_Prediction_WK/DIR/nhs/TMA 4 Level 16_Core[1,3,10]_[11046,42702]/batch_run.log"
"/data_g1/AI_projects/raw_data/PCITB_CRC/HE_raw_images/Tumor/TMA4/TMA 4 Level 1_Core[1,3,11]_[10811,41378].tif","/data_g1/AI_projects/projects/Immune_Cell_Prediction_WK/DIR/nhs/TMA 4 Level 1_Core[1,3,11]_[10811,41378]",success,21.4,"/data_g1/AI_projects/projects/Immune_Cell_Prediction_WK/DIR/nhs/TMA 4 Level 1_Core[1,3,11]_[10811,41378]/batch_run.log"
"/data_g1/AI_projects/raw_data/PCITB_CRC/HE_raw_images/Tumor/TMA4/TMA 4 Level 16_Core[1,3,12]_[9217,42751].tif","/data_g1/AI_projects/projects/Immune_Cell_Prediction_WK/DIR/nhs/TMA 4 Level 16_Core[1,3,12]_[9217,42751]",success,21.5,"/data_g1/AI_projects/projects/Immune_Cell_Prediction_WK/DIR/nhs/TMA 4 Level 16_Core[1,3,12]_[9217,42751]/batch_run.log"
"/data_g1/AI_projects/raw_data/PCITB_CRC/HE_raw_images/Tumor/TMA4/TMA 4 Level 1_Core[1,3,13]_[9198,41387].tif","/data_g1/AI_projects/projects/Immune_Cell_Prediction_WK/DIR/nhs/TMA 4 Level 1_Core[1,3,13]_[9198,41387]",success,22.4,"/data_g1/AI_projects/projects/Immune_Cell_Prediction_WK/DIR/nhs/TMA 4 Level 1_Core[1,3,13]_[9198,41387]/batch_run.log"
"/data_g1/AI_projects/raw_data/PCITB_CRC/HE_raw_images/Tumor/TMA4/TMA 4 Level 16_Core[1,3,14]_[7585,42702].tif","/data_g1/AI_projects/projects/Immune_Cell_Prediction_WK/DIR/nhs/TMA 4 Level 16_Core[1,3,14]_[7585,42702]",success,22.1,"/data_g1/AI_projects/projects/Immune_Cell_Prediction_WK/DIR/nhs/TMA 4 Level 16_Core[1,3,14]_[7585,42702]/batch_run.log"
"/data_g1/AI_projects/raw_data/PCITB_CRC/HE_raw_images/Tumor/TMA4/TMA 4 Level 16_Core[1,3,15]_[6497,42801].tif","/data_g1/AI_projects/projects/Immune_Cell_Prediction_WK/DIR/nhs/TMA 4 Level 16_Core[1,3,15]_[6497,42801]",success,22.3,"/data_g1/AI_projects/projects/Immune_Cell_Prediction_WK/DIR/nhs/TMA 4 Level 16_Core[1,3,15]_[6497,42801]/batch_run.log"
"/data_g1/AI_projects/raw_data/PCITB_CRC/HE_raw_images/Tumor/TMA4/TMA 4 Level 16_Core[1,3,13]_[8473,42748].tif","/data_g1/AI_projects/projects/Immune_Cell_Prediction_WK/DIR/nhs/TMA 4 Level 16_Core[1,3,13]_[8473,42748]",success,22.1,"/data_g1/AI_projects/projects/Immune_Cell_Prediction_WK/DIR/nhs/TMA 4 Level 16_Core[1,3,13]_[8473,42748]/batch_run.log"
"/data_g1/AI_projects/raw_data/PCITB_CRC/HE_raw_images/Tumor/TMA4/TMA 4 Level 1_Core[1,3,14]_[8215,41378].tif","/data_g1/AI_projects/projects/Immune_Cell_Prediction_WK/DIR/nhs/TMA 4 Level 1_Core[1,3,14]_[8215,41378]",success,22.3,"/data_g1/AI_projects/projects/Immune_Cell_Prediction_WK/DIR/nhs/TMA 4 Level 1_Core[1,3,14]_[8215,41378]/batch_run.log"
"/data_g1/AI_projects/raw_data/PCITB_CRC/HE_raw_images/Tumor/TMA4/TMA 4 Level 1_Core[1,3,15]_[7325,41502].tif","/data_g1/AI_projects/projects/Immune_Cell_Prediction_WK/DIR/nhs/TMA 4 Level 1_Core[1,3,15]_[7325,41502]",success,21.8,"/data_g1/AI_projects/projects/Immune_Cell_Prediction_WK/DIR/nhs/TMA 4 Level 1_Core[1,3,15]_[7325,41502]/batch_run.log"
"/data_g1/AI_projects/raw_data/PCITB_CRC/HE_raw_images/Tumor/TMA4/TMA 4 Level 16_Core[1,3,16]_[5656,42751].tif","/data_g1/AI_projects/projects/Immune_Cell_Prediction_WK/DIR/nhs/TMA 4 Level 16_Core[1,3,16]_[5656,42751]",success,21.4,"/data_g1/AI_projects/projects/Immune_Cell_Prediction_WK/DIR/nhs/TMA 4 Level 16_Core[1,3,16]_[5656,42751]/batch_run.log"
"/data_g1/AI_projects/raw_data/PCITB_CRC/HE_raw_images/Tumor/TMA4/TMA 4 Level 16_Core[1,3,17]_[4741,42801].tif","/data_g1/AI_projects/projects/Immune_Cell_Prediction_WK/DIR/nhs/TMA 4 Level 16_Core[1,3,17]_[4741,42801]",success,21.6,"/data_g1/AI_projects/projects/Immune_Cell_Prediction_WK/DIR/nhs/TMA 4 Level 16_Core[1,3,17]_[4741,42801]/batch_run.log"
"/data_g1/AI_projects/raw_data/PCITB_CRC/HE_raw_images/Tumor/TMA4/TMA 4 Level 1_Core[1,3,17]_[5495,41576].tif","/data_g1/AI_projects/projects/Immune_Cell_Prediction_WK/DIR/nhs/TMA 4 Level 1_Core[1,3,17]_[5495,41576]",success,20.3,"/data_g1/AI_projects/projects/Immune_Cell_Prediction_WK/DIR/nhs/TMA 4 Level 1_Core[1,3,17]_[5495,41576]/batch_run.log"
"/data_g1/AI_projects/raw_data/PCITB_CRC/HE_raw_images/Tumor/TMA4/TMA 4 Level 1_Core[1,3,16]_[6360,41477].tif","/data_g1/AI_projects/projects/Immune_Cell_Prediction_WK/DIR/nhs/TMA 4 Level 1_Core[1,3,16]_[6360,41477]",success,21.4,"/data_g1/AI_projects/projects/Immune_Cell_Prediction_WK/DIR/nhs/TMA 4 Level 1_Core[1,3,16]_[6360,41477]/batch_run.log"
"/data_g1/AI_projects/raw_data/PCITB_CRC/HE_raw_images/Tumor/TMA4/TMA 4 Level 1_Core[1,3,19]_[3640,41824].tif","/data_g1/AI_projects/projects/Immune_Cell_Prediction_WK/DIR/nhs/TMA 4 Level 1_Core[1,3,19]_[3640,41824]",success,22.5,"/data_g1/AI_projects/projects/Immune_Cell_Prediction_WK/DIR/nhs/TMA 4 Level 1_Core[1,3,19]_[3640,41824]/batch_run.log"
"/data_g1/AI_projects/raw_data/PCITB_CRC/HE_raw_images/Tumor/TMA4/TMA 4 Level 16_Core[1,3,19]_[2936,42974].tif","/data_g1/AI_projects/projects/Immune_Cell_Prediction_WK/DIR/nhs/TMA 4 Level 16_Core[1,3,19]_[2936,42974]",success,21.3,"/data_g1/AI_projects/projects/Immune_Cell_Prediction_WK/DIR/nhs/TMA 4 Level 16_Core[1,3,19]_[2936,42974]/batch_run.log"
"/data_g1/AI_projects/raw_data/PCITB_CRC/HE_raw_images/Tumor/TMA4/TMA 4 Level 16_Core[1,3,2]_[18218,42924].tif","/data_g1/AI_projects/projects/Immune_Cell_Prediction_WK/DIR/nhs/TMA 4 Level 16_Core[1,3,2]_[18218,42924]",success,22.1,"/data_g1/AI_projects/projects/Immune_Cell_Prediction_WK/DIR/nhs/TMA 4 Level 16_Core[1,3,2]_[18218,42924]/batch_run.log"
"/data_g1/AI_projects/raw_data/PCITB_CRC/HE_raw_images/Tumor/TMA4/TMA 4 Level 16_Core[1,3,3]_[17377,42801].tif","/data_g1/AI_projects/projects/Immune_Cell_Prediction_WK/DIR/nhs/TMA 4 Level 16_Core[1,3,3]_[17377,42801]",success,21.4,"/data_g1/AI_projects/projects/Immune_Cell_Prediction_WK/DIR/nhs/TMA 4 Level 16_Core[1,3,3]_[17377,42801]/batch_run.log"
"/data_g1/AI_projects/raw_data/PCITB_CRC/HE_raw_images/Tumor/TMA4/TMA 4 Level 1_Core[1,3,20]_[2626,41922].tif","/data_g1/AI_projects/projects/Immune_Cell_Prediction_WK/DIR/nhs/TMA 4 Level 1_Core[1,3,20]_[2626,41922]",success,21.4,"/data_g1/AI_projects/projects/Immune_Cell_Prediction_WK/DIR/nhs/TMA 4 Level 1_Core[1,3,20]_[2626,41922]/batch_run.log"
"/data_g1/AI_projects/raw_data/PCITB_CRC/HE_raw_images/Tumor/TMA4/TMA 4 Level 16_Core[1,3,20]_[1897,43097].tif","/data_g1/AI_projects/projects/Immune_Cell_Prediction_WK/DIR/nhs/TMA 4 Level 16_Core[1,3,20]_[1897,43097]",success,20.9,"/data_g1/AI_projects/projects/Immune_Cell_Prediction_WK/DIR/nhs/TMA 4 Level 16_Core[1,3,20]_[1897,43097]/batch_run.log"
"/data_g1/AI_projects/raw_data/PCITB_CRC/HE_raw_images/Tumor/TMA4/TMA 4 Level 16_Core[1,3,4]_[16462,42726].tif","/data_g1/AI_projects/projects/Immune_Cell_Prediction_WK/DIR/nhs/TMA 4 Level 16_Core[1,3,4]_[16462,42726]",success,21.4,"/data_g1/AI_projects/projects/Immune_Cell_Prediction_WK/DIR/nhs/TMA 4 Level 16_Core[1,3,4]_[16462,42726]/batch_run.log"
"/data_g1/AI_projects/raw_data/PCITB_CRC/HE_raw_images/Tumor/TMA4/TMA 4 Level 1_Core[1,3,3]_[18032,41502].tif","/data_g1/AI_projects/projects/Immune_Cell_Prediction_WK/DIR/nhs/TMA 4 Level 1_Core[1,3,3]_[18032,41502]",success,21.5,"/data_g1/AI_projects/projects/Immune_Cell_Prediction_WK/DIR/nhs/TMA 4 Level 1_Core[1,3,3]_[18032,41502]/batch_run.log"
"/data_g1/AI_projects/raw_data/PCITB_CRC/HE_raw_images/Tumor/TMA4/TMA 4 Level 1_Core[1,3,4]_[17067,41428].tif","/data_g1/AI_projects/projects/Immune_Cell_Prediction_WK/DIR/nhs/TMA 4 Level 1_Core[1,3,4]_[17067,41428]",success,24.1,"/data_g1/AI_projects/projects/Immune_Cell_Prediction_WK/DIR/nhs/TMA 4 Level 1_Core[1,3,4]_[17067,41428]/batch_run.log"
"/data_g1/AI_projects/raw_data/PCITB_CRC/HE_raw_images/Tumor/TMA4/TMA 4 Level 16_Core[1,3,8]_[12777,42801].tif","/data_g1/AI_projects/projects/Immune_Cell_Prediction_WK/DIR/nhs/TMA 4 Level 16_Core[1,3,8]_[12777,42801]",success,23.9,"/data_g1/AI_projects/projects/Immune_Cell_Prediction_WK/DIR/nhs/TMA 4 Level 16_Core[1,3,8]_[12777,42801]/batch_run.log"
"/data_g1/AI_projects/raw_data/PCITB_CRC/HE_raw_images/Tumor/TMA4/TMA 4 Level 1_Core[1,3,7]_[14323,41354].tif","/data_g1/AI_projects/projects/Immune_Cell_Prediction_WK/DIR/nhs/TMA 4 Level 1_Core[1,3,7]_[14323,41354]",success,24.1,"/data_g1/AI_projects/projects/Immune_Cell_Prediction_WK/DIR/nhs/TMA 4 Level 1_Core[1,3,7]_[14323,41354]/batch_run.log"
"/data_g1/AI_projects/raw_data/PCITB_CRC/HE_raw_images/Tumor/TMA4/TMA 4 Level 16_Core[1,3,7]_[13643,42751].tif","/data_g1/AI_projects/projects/Immune_Cell_Prediction_WK/DIR/nhs/TMA 4 Level 16_Core[1,3,7]_[13643,42751]",success,24.4,"/data_g1/AI_projects/projects/Immune_Cell_Prediction_WK/DIR/nhs/TMA 4 Level 16_Core[1,3,7]_[13643,42751]/batch_run.log"
"/data_g1/AI_projects/raw_data/PCITB_CRC/HE_raw_images/Tumor/TMA4/TMA 4 Level 1_Core[1,3,8]_[13408,41453].tif","/data_g1/AI_projects/projects/Immune_Cell_Prediction_WK/DIR/nhs/TMA 4 Level 1_Core[1,3,8]_[13408,41453]",success,22.0,"/data_g1/AI_projects/projects/Immune_Cell_Prediction_WK/DIR/nhs/TMA 4 Level 1_Core[1,3,8]_[13408,41453]/batch_run.log"
"/data_g1/AI_projects/raw_data/PCITB_CRC/HE_raw_images/Tumor/TMA4/TMA 4 Level 16_Core[1,3,9]_[11912,42726].tif","/data_g1/AI_projects/projects/Immune_Cell_Prediction_WK/DIR/nhs/TMA 4 Level 16_Core[1,3,9]_[11912,42726]",success,23.9,"/data_g1/AI_projects/projects/Immune_Cell_Prediction_WK/DIR/nhs/TMA 4 Level 16_Core[1,3,9]_[11912,42726]/batch_run.log"
"/data_g1/AI_projects/raw_data/PCITB_CRC/HE_raw_images/Tumor/TMA4/TMA 4 Level 1_Core[1,3,9]_[12567,41354].tif","/data_g1/AI_projects/projects/Immune_Cell_Prediction_WK/DIR/nhs/TMA 4 Level 1_Core[1,3,9]_[12567,41354]",success,23.4,"/data_g1/AI_projects/projects/Immune_Cell_Prediction_WK/DIR/nhs/TMA 4 Level 1_Core[1,3,9]_[12567,41354]/batch_run.log"
"/data_g1/AI_projects/raw_data/PCITB_CRC/HE_raw_images/Tumor/TMA4/TMA 4 Level 1_Core[1,4,10]_[11701,42145].tif","/data_g1/AI_projects/projects/Immune_Cell_Prediction_WK/DIR/nhs/TMA 4 Level 1_Core[1,4,10]_[11701,42145]",success,23.4,"/data_g1/AI_projects/projects/Immune_Cell_Prediction_WK/DIR/nhs/TMA 4 Level 1_Core[1,4,10]_[11701,42145]/batch_run.log"
"/data_g1/AI_projects/raw_data/PCITB_CRC/HE_raw_images/Tumor/TMA4/TMA 4 Level 16_Core[1,4,12]_[9316,43617].tif","/data_g1/AI_projects/projects/Immune_Cell_Prediction_WK/DIR/nhs/TMA 4 Level 16_Core[1,4,12]_[9316,43617]",success,24.7,"/data_g1/AI_projects/projects/Immune_Cell_Prediction_WK/DIR/nhs/TMA 4 Level 16_Core[1,4,12]_[9316,43617]/batch_run.log"
"/data_g1/AI_projects/raw_data/PCITB_CRC/HE_raw_images/Tumor/TMA4/TMA 4 Level 1_Core[1,4,12]_[9995,42269].tif","/data_g1/AI_projects/projects/Immune_Cell_Prediction_WK/DIR/nhs/TMA 4 Level 1_Core[1,4,12]_[9995,42269]",success,24.2,"/data_g1/AI_projects/projects/Immune_Cell_Prediction_WK/DIR/nhs/TMA 4 Level 1_Core[1,4,12]_[9995,42269]/batch_run.log"
"/data_g1/AI_projects/raw_data/PCITB_CRC/HE_raw_images/Tumor/TMA4/TMA 4 Level 16_Core[1,4,14]_[7436,43617].tif","/data_g1/AI_projects/projects/Immune_Cell_Prediction_WK/DIR/nhs/TMA 4 Level 16_Core[1,4,14]_[7436,43617]",success,24.6,"/data_g1/AI_projects/projects/Immune_Cell_Prediction_WK/DIR/nhs/TMA 4 Level 16_Core[1,4,14]_[7436,43617]/batch_run.log"
"/data_g1/AI_projects/raw_data/PCITB_CRC/HE_raw_images/Tumor/TMA4/TMA 4 Level 1_Core[1,4,14]_[8165,42244].tif","/data_g1/AI_projects/projects/Immune_Cell_Prediction_WK/DIR/nhs/TMA 4 Level 1_Core[1,4,14]_[8165,42244]",success,25.1,"/data_g1/AI_projects/projects/Immune_Cell_Prediction_WK/DIR/nhs/TMA 4 Level 1_Core[1,4,14]_[8165,42244]/batch_run.log"
"/data_g1/AI_projects/raw_data/PCITB_CRC/HE_raw_images/Tumor/TMA4/TMA 4 Level 16_Core[1,4,16]_[5582,43716].tif","/data_g1/AI_projects/projects/Immune_Cell_Prediction_WK/DIR/nhs/TMA 4 Level 16_Core[1,4,16]_[5582,43716]",success,21.0,"/data_g1/AI_projects/projects/Immune_Cell_Prediction_WK/DIR/nhs/TMA 4 Level 16_Core[1,4,16]_[5582,43716]/batch_run.log"
"/data_g1/AI_projects/raw_data/PCITB_CRC/HE_raw_images/Tumor/TMA4/TMA 4 Level 16_Core[1,4,3]_[17402,43617].tif","/data_g1/AI_projects/projects/Immune_Cell_Prediction_WK/DIR/nhs/TMA 4 Level 16_Core[1,4,3]_[17402,43617]",success,21.1,"/data_g1/AI_projects/projects/Immune_Cell_Prediction_WK/DIR/nhs/TMA 4 Level 16_Core[1,4,3]_[17402,43617]/batch_run.log"
"/data_g1/AI_projects/raw_data/PCITB_CRC/HE_raw_images/Tumor/TMA4/TMA 4 Level 1_Core[1,4,16]_[6410,42516].tif","/data_g1/AI_projects/projects/Immune_Cell_Prediction_WK/DIR/nhs/TMA 4 Level 1_Core[1,4,16]_[6410,42516]",success,21.8,"/data_g1/AI_projects/projects/Immune_Cell_Prediction_WK/DIR/nhs/TMA 4 Level 1_Core[1,4,16]_[6410,42516]/batch_run.log"
"/data_g1/AI_projects/raw_data/PCITB_CRC/HE_raw_images/Tumor/TMA4/TMA 4 Level 16_Core[1,4,2]_[18292,43716].tif","/data_g1/AI_projects/projects/Immune_Cell_Prediction_WK/DIR/nhs/TMA 4 Level 16_Core[1,4,2]_[18292,43716]",success,21.3,"/data_g1/AI_projects/projects/Immune_Cell_Prediction_WK/DIR/nhs/TMA 4 Level 16_Core[1,4,2]_[18292,43716]/batch_run.log"
"/data_g1/AI_projects/raw_data/PCITB_CRC/HE_raw_images/Tumor/TMA4/TMA 4 Level 1_Core[1,4,3]_[17933,42368].tif","/data_g1/AI_projects/projects/Immune_Cell_Prediction_WK/DIR/nhs/TMA 4 Level 1_Core[1,4,3]_[17933,42368]",success,21.0,"/data_g1/AI_projects/projects/Immune_Cell_Prediction_WK/DIR/nhs/TMA 4 Level 1_Core[1,4,3]_[17933,42368]/batch_run.log"
"/data_g1/AI_projects/raw_data/PCITB_CRC/HE_raw_images/Tumor/TMA4/TMA 4 Level 1_Core[1,4,4]_[17043,42318].tif","/data_g1/AI_projects/projects/Immune_Cell_Prediction_WK/DIR/nhs/TMA 4 Level 1_Core[1,4,4]_[17043,42318]",success,21.6,"/data_g1/AI_projects/projects/Immune_Cell_Prediction_WK/DIR/nhs/TMA 4 Level 1_Core[1,4,4]_[17043,42318]/batch_run.log"
"/data_g1/AI_projects/raw_data/PCITB_CRC/HE_raw_images/Tumor/TMA4/TMA 4 Level 16_Core[1,4,4]_[16462,43592].tif","/data_g1/AI_projects/projects/Immune_Cell_Prediction_WK/DIR/nhs/TMA 4 Level 16_Core[1,4,4]_[16462,43592]",success,22.1,"/data_g1/AI_projects/projects/Immune_Cell_Prediction_WK/DIR/nhs/TMA 4 Level 16_Core[1,4,4]_[16462,43592]/batch_run.log"
"/data_g1/AI_projects/raw_data/PCITB_CRC/HE_raw_images/Tumor/TMA4/TMA 4 Level 16_Core[1,4,8]_[12802,43567].tif","/data_g1/AI_projects/projects/Immune_Cell_Prediction_WK/DIR/nhs/TMA 4 Level 16_Core[1,4,8]_[12802,43567]",success,23.6,"/data_g1/AI_projects/projects/Immune_Cell_Prediction_WK/DIR/nhs/TMA 4 Level 16_Core[1,4,8]_[12802,43567]/batch_run.log"
"/data_g1/AI_projects/raw_data/PCITB_CRC/HE_raw_images/Tumor/TMA4/TMA 4 Level 16_Core[1,4,9]_[11961,43542].tif","/data_g1/AI_projects/projects/Immune_Cell_Prediction_WK/DIR/nhs/TMA 4 Level 16_Core[1,4,9]_[11961,43542]",success,22.3,"/data_g1/AI_projects/projects/Immune_Cell_Prediction_WK/DIR/nhs/TMA 4 Level 16_Core[1,4,9]_[11961,43542]/batch_run.log"
"/data_g1/AI_projects/raw_data/PCITB_CRC/HE_raw_images/Tumor/TMA4/TMA 4 Level 16_Core[1,4,6]_[14558,43567].tif","/data_g1/AI_projects/projects/Immune_Cell_Prediction_WK/DIR/nhs/TMA 4 Level 16_Core[1,4,6]_[14558,43567]",success,24.4,"/data_g1/AI_projects/projects/Immune_Cell_Prediction_WK/DIR/nhs/TMA 4 Level 16_Core[1,4,6]_[14558,43567]/batch_run.log"
"/data_g1/AI_projects/raw_data/PCITB_CRC/HE_raw_images/Tumor/TMA4/TMA 4 Level 1_Core[1,4,8]_[13408,42219].tif","/data_g1/AI_projects/projects/Immune_Cell_Prediction_WK/DIR/nhs/TMA 4 Level 1_Core[1,4,8]_[13408,42219]",success,24.5,"/data_g1/AI_projects/projects/Immune_Cell_Prediction_WK/DIR/nhs/TMA 4 Level 1_Core[1,4,8]_[13408,42219]/batch_run.log"
"/data_g1/AI_projects/raw_data/PCITB_CRC/HE_raw_images/Tumor/TMA4/TMA 4 Level 1_Core[1,4,9]_[12616,42219].tif","/data_g1/AI_projects/projects/Immune_Cell_Prediction_WK/DIR/nhs/TMA 4 Level 1_Core[1,4,9]_[12616,42219]",success,24.2,"/data_g1/AI_projects/projects/Immune_Cell_Prediction_WK/DIR/nhs/TMA 4 Level 1_Core[1,4,9]_[12616,42219]/batch_run.log"
"/data_g1/AI_projects/raw_data/PCITB_CRC/HE_raw_images/Tumor/TMA4/TMA 4 Level 1_Core[1,5,1]_[19565,43159].tif","/data_g1/AI_projects/projects/Immune_Cell_Prediction_WK/DIR/nhs/TMA 4 Level 1_Core[1,5,1]_[19565,43159]",success,24.0,"/data_g1/AI_projects/projects/Immune_Cell_Prediction_WK/DIR/nhs/TMA 4 Level 1_Core[1,5,1]_[19565,43159]/batch_run.log"
"/data_g1/AI_projects/raw_data/PCITB_CRC/HE_raw_images/Tumor/TMA4/TMA 4 Level 16_Core[1,5,10]_[11071,44383].tif","/data_g1/AI_projects/projects/Immune_Cell_Prediction_WK/DIR/nhs/TMA 4 Level 16_Core[1,5,10]_[11071,44383]",success,23.8,"/data_g1/AI_projects/projects/Immune_Cell_Prediction_WK/DIR/nhs/TMA 4 Level 16_Core[1,5,10]_[11071,44383]/batch_run.log"
"/data_g1/AI_projects/raw_data/PCITB_CRC/HE_raw_images/Tumor/TMA4/TMA 4 Level 1_Core[1,5,11]_[10836,43085].tif","/data_g1/AI_projects/projects/Immune_Cell_Prediction_WK/DIR/nhs/TMA 4 Level 1_Core[1,5,11]_[10836,43085]",success,24.7,"/data_g1/AI_projects/projects/Immune_Cell_Prediction_WK/DIR/nhs/TMA 4 Level 1_Core[1,5,11]_[10836,43085]/batch_run.log"
"/data_g1/AI_projects/raw_data/PCITB_CRC/HE_raw_images/Tumor/TMA4/TMA 4 Level 1_Core[1,5,12]_[9970,43159].tif","/data_g1/AI_projects/projects/Immune_Cell_Prediction_WK/DIR/nhs/TMA 4 Level 1_Core[1,5,12]_[9970,43159]",success,25.0,"/data_g1/AI_projects/projects/Immune_Cell_Prediction_WK/DIR/nhs/TMA 4 Level 1_Core[1,5,12]_[9970,43159]/batch_run.log"
"/data_g1/AI_projects/raw_data/PCITB_CRC/HE_raw_images/Tumor/TMA4/TMA 4 Level 16_Core[1,5,1]_[19083,44433].tif","/data_g1/AI_projects/projects/Immune_Cell_Prediction_WK/DIR/nhs/TMA 4 Level 16_Core[1,5,1]_[19083,44433]",success,25.0,"/data_g1/AI_projects/projects/Immune_Cell_Prediction_WK/DIR/nhs/TMA 4 Level 16_Core[1,5,1]_[19083,44433]/batch_run.log"
"/data_g1/AI_projects/raw_data/PCITB_CRC/HE_raw_images/Tumor/TMA4/TMA 4 Level 16_Core[1,5,11]_[10156,44408].tif","/data_g1/AI_projects/projects/Immune_Cell_Prediction_WK/DIR/nhs/TMA 4 Level 16_Core[1,5,11]_[10156,44408]",success,25.1,"/data_g1/AI_projects/projects/Immune_Cell_Prediction_WK/DIR/nhs/TMA 4 Level 16_Core[1,5,11]_[10156,44408]/batch_run.log"
"/data_g1/AI_projects/raw_data/PCITB_CRC/HE_raw_images/Tumor/TMA4/TMA 4 Level 16_Core[1,5,12]_[9291,44482].tif","/data_g1/AI_projects/projects/Immune_Cell_Prediction_WK/DIR/nhs/TMA 4 Level 16_Core[1,5,12]_[9291,44482]",success,23.2,"/data_g1/AI_projects/projects/Immune_Cell_Prediction_WK/DIR/nhs/TMA 4 Level 16_Core[1,5,12]_[9291,44482]/batch_run.log"
"/data_g1/AI_projects/raw_data/PCITB_CRC/HE_raw_images/Tumor/TMA4/TMA 4 Level 1_Core[1,5,14]_[8289,43233].tif","/data_g1/AI_projects/projects/Immune_Cell_Prediction_WK/DIR/nhs/TMA 4 Level 1_Core[1,5,14]_[8289,43233]",success,22.2,"/data_g1/AI_projects/projects/Immune_Cell_Prediction_WK/DIR/nhs/TMA 4 Level 1_Core[1,5,14]_[8289,43233]/batch_run.log"
"/data_g1/AI_projects/raw_data/PCITB_CRC/HE_raw_images/Tumor/TMA4/TMA 4 Level 1_Core[1,5,15]_[7275,43282].tif","/data_g1/AI_projects/projects/Immune_Cell_Prediction_WK/DIR/nhs/TMA 4 Level 1_Core[1,5,15]_[7275,43282]",success,23.7,"/data_g1/AI_projects/projects/Immune_Cell_Prediction_WK/DIR/nhs/TMA 4 Level 1_Core[1,5,15]_[7275,43282]/batch_run.log"
"/data_g1/AI_projects/raw_data/PCITB_CRC/HE_raw_images/Tumor/TMA4/TMA 4 Level 16_Core[1,5,17]_[4691,44458].tif","/data_g1/AI_projects/projects/Immune_Cell_Prediction_WK/DIR/nhs/TMA 4 Level 16_Core[1,5,17]_[4691,44458]",success,24.4,"/data_g1/AI_projects/projects/Immune_Cell_Prediction_WK/DIR/nhs/TMA 4 Level 16_Core[1,5,17]_[4691,44458]/batch_run.log"
"/data_g1/AI_projects/raw_data/PCITB_CRC/HE_raw_images/Tumor/TMA4/TMA 4 Level 16_Core[1,5,14]_[7412,44458].tif","/data_g1/AI_projects/projects/Immune_Cell_Prediction_WK/DIR/nhs/TMA 4 Level 16_Core[1,5,14]_[7412,44458]",success,24.5,"/data_g1/AI_projects/projects/Immune_Cell_Prediction_WK/DIR/nhs/TMA 4 Level 16_Core[1,5,14]_[7412,44458]/batch_run.log"
"/data_g1/AI_projects/raw_data/PCITB_CRC/HE_raw_images/Tumor/TMA4/TMA 4 Level 16_Core[1,5,15]_[6422,44458].tif","/data_g1/AI_projects/projects/Immune_Cell_Prediction_WK/DIR/nhs/TMA 4 Level 16_Core[1,5,15]_[6422,44458]",success,24.0,"/data_g1/AI_projects/projects/Immune_Cell_Prediction_WK/DIR/nhs/TMA 4 Level 16_Core[1,5,15]_[6422,44458]/batch_run.log"
"/data_g1/AI_projects/raw_data/PCITB_CRC/HE_raw_images/Tumor/TMA4/TMA 4 Level 16_Core[1,5,18]_[3776,44532].tif","/data_g1/AI_projects/projects/Immune_Cell_Prediction_WK/DIR/nhs/TMA 4 Level 16_Core[1,5,18]_[3776,44532]",success,23.4,"/data_g1/AI_projects/projects/Immune_Cell_Prediction_WK/DIR/nhs/TMA 4 Level 16_Core[1,5,18]_[3776,44532]/batch_run.log"
"/data_g1/AI_projects/raw_data/PCITB_CRC/HE_raw_images/Tumor/TMA4/TMA 4 Level 16_Core[1,5,2]_[18292,44532].tif","/data_g1/AI_projects/projects/Immune_Cell_Prediction_WK/DIR/nhs/TMA 4 Level 16_Core[1,5,2]_[18292,44532]",success,22.2,"/data_g1/AI_projects/projects/Immune_Cell_Prediction_WK/DIR/nhs/TMA 4 Level 16_Core[1,5,2]_[18292,44532]/batch_run.log"
"/data_g1/AI_projects/raw_data/PCITB_CRC/HE_raw_images/Tumor/TMA4/TMA 4 Level 1_Core[1,5,3]_[17982,43184].tif","/data_g1/AI_projects/projects/Immune_Cell_Prediction_WK/DIR/nhs/TMA 4 Level 1_Core[1,5,3]_[17982,43184]",success,23.2,"/data_g1/AI_projects/projects/Immune_Cell_Prediction_WK/DIR/nhs/TMA 4 Level 1_Core[1,5,3]_[17982,43184]/batch_run.log"
"/data_g1/AI_projects/raw_data/PCITB_CRC/HE_raw_images/Tumor/TMA4/TMA 4 Level 1_Core[1,5,4]_[17067,43159].tif","/data_g1/AI_projects/projects/Immune_Cell_Prediction_WK/DIR/nhs/TMA 4 Level 1_Core[1,5,4]_[17067,43159]",success,22.6,"/data_g1/AI_projects/projects/Immune_Cell_Prediction_WK/DIR/nhs/TMA 4 Level 1_Core[1,5,4]_[17067,43159]/batch_run.log"
"/data_g1/AI_projects/raw_data/PCITB_CRC/HE_raw_images/Tumor/TMA4/TMA 4 Level 1_Core[1,5,2]_[18897,43258].tif","/data_g1/AI_projects/projects/Immune_Cell_Prediction_WK/DIR/nhs/TMA 4 Level 1_Core[1,5,2]_[18897,43258]",success,22.9,"/data_g1/AI_projects/projects/Immune_Cell_Prediction_WK/DIR/nhs/TMA 4 Level 1_Core[1,5,2]_[18897,43258]/batch_run.log"
"/data_g1/AI_projects/raw_data/PCITB_CRC/HE_raw_images/Tumor/TMA4/TMA 4 Level 16_Core[1,5,3]_[17426,44408].tif","/data_g1/AI_projects/projects/Immune_Cell_Prediction_WK/DIR/nhs/TMA 4 Level 16_Core[1,5,3]_[17426,44408]",success,23.8,"/data_g1/AI_projects/projects/Immune_Cell_Prediction_WK/DIR/nhs/TMA 4 Level 16_Core[1,5,3]_[17426,44408]/batch_run.log"
"/data_g1/AI_projects/raw_data/PCITB_CRC/HE_raw_images/Tumor/TMA4/TMA 4 Level 16_Core[1,5,4]_[16511,44383].tif","/data_g1/AI_projects/projects/Immune_Cell_Prediction_WK/DIR/nhs/TMA 4 Level 16_Core[1,5,4]_[16511,44383]",success,21.5,"/data_g1/AI_projects/projects/Immune_Cell_Prediction_WK/DIR/nhs/TMA 4 Level 16_Core[1,5,4]_[16511,44383]/batch_run.log"
"/data_g1/AI_projects/raw_data/PCITB_CRC/HE_raw_images/Tumor/TMA4/TMA 4 Level 1_Core[1,5,5]_[16251,43110].tif","/data_g1/AI_projects/projects/Immune_Cell_Prediction_WK/DIR/nhs/TMA 4 Level 1_Core[1,5,5]_[16251,43110]",success,20.5,"/data_g1/AI_projects/projects/Immune_Cell_Prediction_WK/DIR/nhs/TMA 4 Level 1_Core[1,5,5]_[16251,43110]/batch_run.log"
"/data_g1/AI_projects/raw_data/PCITB_CRC/HE_raw_images/Tumor/TMA4/TMA 4 Level 16_Core[1,5,5]_[15621,44359].tif","/data_g1/AI_projects/projects/Immune_Cell_Prediction_WK/DIR/nhs/TMA 4 Level 16_Core[1,5,5]_[15621,44359]",success,21.7,"/data_g1/AI_projects/projects/Immune_Cell_Prediction_WK/DIR/nhs/TMA 4 Level 16_Core[1,5,5]_[15621,44359]/batch_run.log"
"/data_g1/AI_projects/raw_data/PCITB_CRC/HE_raw_images/Tumor/TMA4/TMA 4 Level 1_Core[1,5,6]_[15361,43159].tif","/data_g1/AI_projects/projects/Immune_Cell_Prediction_WK/DIR/nhs/TMA 4 Level 1_Core[1,5,6]_[15361,43159]",success,22.5,"/data_g1/AI_projects/projects/Immune_Cell_Prediction_WK/DIR/nhs/TMA 4 Level 1_Core[1,5,6]_[15361,43159]/batch_run.log"
"/data_g1/AI_projects/raw_data/PCITB_CRC/HE_raw_images/Tumor/TMA4/TMA 4 Level 1_Core[1,5,8]_[13383,43060].tif","/data_g1/AI_projects/projects/Immune_Cell_Prediction_WK/DIR/nhs/TMA 4 Level 1_Core[1,5,8]_[13383,43060]",success,22.7,"/data_g1/AI_projects/projects/Immune_Cell_Prediction_WK/DIR/nhs/TMA 4 Level 1_Core[1,5,8]_[13383,43060]/batch_run.log"
"/data_g1/AI_projects/raw_data/PCITB_CRC/HE_raw_images/Tumor/TMA4/TMA 4 Level 16_Core[1,5,6]_[14706,44408].tif","/data_g1/AI_projects/projects/Immune_Cell_Prediction_WK/DIR/nhs/TMA 4 Level 16_Core[1,5,6]_[14706,44408]",success,22.4,"/data_g1/AI_projects/projects/Immune_Cell_Prediction_WK/DIR/nhs/TMA 4 Level 16_Core[1,5,6]_[14706,44408]/batch_run.log"
"/data_g1/AI_projects/raw_data/PCITB_CRC/HE_raw_images/Tumor/TMA4/TMA 4 Level 16_Core[1,6,1]_[19303,45382].tif","/data_g1/AI_projects/projects/Immune_Cell_Prediction_WK/DIR/nhs/TMA 4 Level 16_Core[1,6,1]_[19303,45382]",success,24.4,"/data_g1/AI_projects/projects/Immune_Cell_Prediction_WK/DIR/nhs/TMA 4 Level 16_Core[1,6,1]_[19303,45382]/batch_run.log"
"/data_g1/AI_projects/raw_data/PCITB_CRC/HE_raw_images/Tumor/TMA4/TMA 4 Level 16_Core[1,5,8]_[12753,44334].tif","/data_g1/AI_projects/projects/Immune_Cell_Prediction_WK/DIR/nhs/TMA 4 Level 16_Core[1,5,8]_[12753,44334]",success,24.9,"/data_g1/AI_projects/projects/Immune_Cell_Prediction_WK/DIR/nhs/TMA 4 Level 16_Core[1,5,8]_[12753,44334]/batch_run.log"
"/data_g1/AI_projects/raw_data/PCITB_CRC/HE_raw_images/Tumor/TMA4/TMA 4 Level 1_Core[1,6,13]_[9130,44099].tif","/data_g1/AI_projects/projects/Immune_Cell_Prediction_WK/DIR/nhs/TMA 4 Level 1_Core[1,6,13]_[9130,44099]",success,22.8,"/data_g1/AI_projects/projects/Immune_Cell_Prediction_WK/DIR/nhs/TMA 4 Level 1_Core[1,6,13]_[9130,44099]/batch_run.log"
"/data_g1/AI_projects/raw_data/PCITB_CRC/HE_raw_images/Tumor/TMA4/TMA 4 Level 16_Core[1,5,9]_[11937,44359].tif","/data_g1/AI_projects/projects/Immune_Cell_Prediction_WK/DIR/nhs/TMA 4 Level 16_Core[1,5,9]_[11937,44359]",success,23.3,"/data_g1/AI_projects/projects/Immune_Cell_Prediction_WK/DIR/nhs/TMA 4 Level 16_Core[1,5,9]_[11937,44359]/batch_run.log"
"/data_g1/AI_projects/raw_data/PCITB_CRC/HE_raw_images/Tumor/TMA4/TMA 4 Level 16_Core[1,6,11]_[10156,45274].tif","/data_g1/AI_projects/projects/Immune_Cell_Prediction_WK/DIR/nhs/TMA 4 Level 16_Core[1,6,11]_[10156,45274]",success,23.8,"/data_g1/AI_projects/projects/Immune_Cell_Prediction_WK/DIR/nhs/TMA 4 Level 16_Core[1,6,11]_[10156,45274]/batch_run.log"
"/data_g1/AI_projects/raw_data/PCITB_CRC/HE_raw_images/Tumor/TMA4/TMA 4 Level 1_Core[1,6,11]_[10861,43950].tif","/data_g1/AI_projects/projects/Immune_Cell_Prediction_WK/DIR/nhs/TMA 4 Level 1_Core[1,6,11]_[10861,43950]",success,23.6,"/data_g1/AI_projects/projects/Immune_Cell_Prediction_WK/DIR/nhs/TMA 4 Level 1_Core[1,6,11]_[10861,43950]/batch_run.log"
"/data_g1/AI_projects/raw_data/PCITB_CRC/HE_raw_images/Tumor/TMA4/TMA 4 Level 16_Core[1,6,13]_[8450,45323].tif","/data_g1/AI_projects/projects/Immune_Cell_Prediction_WK/DIR/nhs/TMA 4 Level 16_Core[1,6,13]_[8450,45323]",success,21.0,"/data_g1/AI_projects/projects/Immune_Cell_Prediction_WK/DIR/nhs/TMA 4 Level 16_Core[1,6,13]_[8450,45323]/batch_run.log"
"/data_g1/AI_projects/raw_data/PCITB_CRC/HE_raw_images/Tumor/TMA4/TMA 4 Level 1_Core[1,6,15]_[7226,44222].tif","/data_g1/AI_projects/projects/Immune_Cell_Prediction_WK/DIR/nhs/TMA 4 Level 1_Core[1,6,15]_[7226,44222]",success,21.8,"/data_g1/AI_projects/projects/Immune_Cell_Prediction_WK/DIR/nhs/TMA 4 Level 1_Core[1,6,15]_[7226,44222]/batch_run.log"
"/data_g1/AI_projects/raw_data/PCITB_CRC/HE_raw_images/Tumor/TMA4/TMA 4 Level 16_Core[1,6,19]_[2960,45397].tif","/data_g1/AI_projects/projects/Immune_Cell_Prediction_WK/DIR/nhs/TMA 4 Level 16_Core[1,6,19]_[2960,45397]",success,20.9,"/data_g1/AI_projects/projects/Immune_Cell_Prediction_WK/DIR/nhs/TMA 4 Level 16_Core[1,6,19]_[2960,45397]/batch_run.log"
"/data_g1/AI_projects/raw_data/PCITB_CRC/HE_raw_images/Tumor/TMA4/TMA 4 Level 16_Core[1,6,17]_[4593,45496].tif","/data_g1/AI_projects/projects/Immune_Cell_Prediction_WK/DIR/nhs/TMA 4 Level 16_Core[1,6,17]_[4593,45496]",success,21.6,"/data_g1/AI_projects/projects/Immune_Cell_Prediction_WK/DIR/nhs/TMA 4 Level 16_Core[1,6,17]_[4593,45496]/batch_run.log"
"/data_g1/AI_projects/raw_data/PCITB_CRC/HE_raw_images/Tumor/TMA4/TMA 4 Level 16_Core[1,6,15]_[6521,45397].tif","/data_g1/AI_projects/projects/Immune_Cell_Prediction_WK/DIR/nhs/TMA 4 Level 16_Core[1,6,15]_[6521,45397]",success,22.3,"/data_g1/AI_projects/projects/Immune_Cell_Prediction_WK/DIR/nhs/TMA 4 Level 16_Core[1,6,15]_[6521,45397]/batch_run.log"
"/data_g1/AI_projects/raw_data/PCITB_CRC/HE_raw_images/Tumor/TMA4/TMA 4 Level 1_Core[1,6,17]_[5445,44321].tif","/data_g1/AI_projects/projects/Immune_Cell_Prediction_WK/DIR/nhs/TMA 4 Level 1_Core[1,6,17]_[5445,44321]",success,21.5,"/data_g1/AI_projects/projects/Immune_Cell_Prediction_WK/DIR/nhs/TMA 4 Level 1_Core[1,6,17]_[5445,44321]/batch_run.log"
"/data_g1/AI_projects/raw_data/PCITB_CRC/HE_raw_images/Tumor/TMA4/TMA 4 Level 1_Core[1,6,19]_[3887,44173].tif","/data_g1/AI_projects/projects/Immune_Cell_Prediction_WK/DIR/nhs/TMA 4 Level 1_Core[1,6,19]_[3887,44173]",success,21.5,"/data_g1/AI_projects/projects/Immune_Cell_Prediction_WK/DIR/nhs/TMA 4 Level 1_Core[1,6,19]_[3887,44173]/batch_run.log"
"/data_g1/AI_projects/raw_data/PCITB_CRC/HE_raw_images/Tumor/TMA4/TMA 4 Level 16_Core[1,6,5]_[15646,45199].tif","/data_g1/AI_projects/projects/Immune_Cell_Prediction_WK/DIR/nhs/TMA 4 Level 16_Core[1,6,5]_[15646,45199]",success,21.4,"/data_g1/AI_projects/projects/Immune_Cell_Prediction_WK/DIR/nhs/TMA 4 Level 16_Core[1,6,5]_[15646,45199]/batch_run.log"
"/data_g1/AI_projects/raw_data/PCITB_CRC/HE_raw_images/Tumor/TMA4/TMA 4 Level 16_Core[1,6,7]_[13915,45323].tif","/data_g1/AI_projects/projects/Immune_Cell_Prediction_WK/DIR/nhs/TMA 4 Level 16_Core[1,6,7]_[13915,45323]",success,21.7,"/data_g1/AI_projects/projects/Immune_Cell_Prediction_WK/DIR/nhs/TMA 4 Level 16_Core[1,6,7]_[13915,45323]/batch_run.log"
"/data_g1/AI_projects/raw_data/PCITB_CRC/HE_raw_images/Tumor/TMA4/TMA 4 Level 1_Core[1,6,5]_[16276,43975].tif","/data_g1/AI_projects/projects/Immune_Cell_Prediction_WK/DIR/nhs/TMA 4 Level 1_Core[1,6,5]_[16276,43975]",success,21.3,"/data_g1/AI_projects/projects/Immune_Cell_Prediction_WK/DIR/nhs/TMA 4 Level 1_Core[1,6,5]_[16276,43975]/batch_run.log"
"/data_g1/AI_projects/raw_data/PCITB_CRC/HE_raw_images/Tumor/TMA4/TMA 4 Level 16_Core[1,6,3]_[17451,45249].tif","/data_g1/AI_projects/projects/Immune_Cell_Prediction_WK/DIR/nhs/TMA 4 Level 16_Core[1,6,3]_[17451,45249]",success,22.3,"/data_g1/AI_projects/projects/Immune_Cell_Prediction_WK/DIR/nhs/TMA 4 Level 16_Core[1,6,3]_[17451,45249]/batch_run.log"
"/data_g1/AI_projects/raw_data/PCITB_CRC/HE_raw_images/Tumor/TMA4/TMA 4 Level 1_Core[1,6,7]_[14515,44040].tif","/data_g1/AI_projects/projects/Immune_Cell_Prediction_WK/DIR/nhs/TMA 4 Level 1_Core[1,6,7]_[14515,44040]",success,22.1,"/data_g1/AI_projects/projects/Immune_Cell_Prediction_WK/DIR/nhs/TMA 4 Level 1_Core[1,6,7]_[14515,44040]/batch_run.log"
"/data_g1/AI_projects/raw_data/PCITB_CRC/HE_raw_images/Tumor/TMA4/TMA 4 Level 1_Core[1,8,1]_[20109,45756].tif","/data_g1/AI_projects/projects/Immune_Cell_Prediction_WK/DIR/nhs/TMA 4 Level 1_Core[1,8,1]_[20109,45756]",success,20.5,"/data_g1/AI_projects/projects/Immune_Cell_Prediction_WK/DIR/nhs/TMA 4 Level 1_Core[1,8,1]_[20109,45756]/batch_run.log"
"/data_g1/AI_projects/raw_data/PCITB_CRC/HE_raw_images/Tumor/TMA4/TMA 4 Level 16_Core[1,8,10]_[11269,46782].tif","/data_g1/AI_projects/projects/Immune_Cell_Prediction_WK/DIR/nhs/TMA 4 Level 16_Core[1,8,10]_[11269,46782]",success,21.3,"/data_g1/AI_projects/projects/Immune_Cell_Prediction_WK/DIR/nhs/TMA 4 Level 16_Core[1,8,10]_[11269,46782]/batch_run.log"
"/data_g1/AI_projects/raw_data/PCITB_CRC/HE_raw_images/Tumor/TMA4/TMA 4 Level 16_Core[1,8,12]_[9142,46831].tif","/data_g1/AI_projects/projects/Immune_Cell_Prediction_WK/DIR/nhs/TMA 4 Level 16_Core[1,8,12]_[9142,46831]",success,20.3,"/data_g1/AI_projects/projects/Immune_Cell_Prediction_WK/DIR/nhs/TMA 4 Level 16_Core[1,8,12]_[9142,46831]/batch_run.log"
"/data_g1/AI_projects/raw_data/PCITB_CRC/HE_raw_images/Tumor/TMA4/TMA 4 Level 16_Core[1,8,15]_[6398,46807].tif","/data_g1/AI_projects/projects/Immune_Cell_Prediction_WK/DIR/nhs/TMA 4 Level 16_Core[1,8,15]_[6398,46807]",success,21.7,"/data_g1/AI_projects/projects/Immune_Cell_Prediction_WK/DIR/nhs/TMA 4 Level 16_Core[1,8,15]_[6398,46807]/batch_run.log"
"/data_g1/AI_projects/raw_data/PCITB_CRC/HE_raw_images/Tumor/TMA4/TMA 4 Level 16_Core[1,8,1]_[19553,46930].tif","/data_g1/AI_projects/projects/Immune_Cell_Prediction_WK/DIR/nhs/TMA 4 Level 16_Core[1,8,1]_[19553,46930]",success,20.7,"/data_g1/AI_projects/projects/Immune_Cell_Prediction_WK/DIR/nhs/TMA 4 Level 16_Core[1,8,1]_[19553,46930]/batch_run.log"
"/data_g1/AI_projects/raw_data/PCITB_CRC/HE_raw_images/Tumor/TMA4/TMA 4 Level 16_Core[1,8,14]_[7387,46831].tif","/data_g1/AI_projects/projects/Immune_Cell_Prediction_WK/DIR/nhs/TMA 4 Level 16_Core[1,8,14]_[7387,46831]",success,20.9,"/data_g1/AI_projects/projects/Immune_Cell_Prediction_WK/DIR/nhs/TMA 4 Level 16_Core[1,8,14]_[7387,46831]/batch_run.log"
"/data_g1/AI_projects/raw_data/PCITB_CRC/HE_raw_images/Tumor/TMA4/TMA 4 Level 1_Core[1,8,16]_[6336,45706].tif","/data_g1/AI_projects/projects/Immune_Cell_Prediction_WK/DIR/nhs/TMA 4 Level 1_Core[1,8,16]_[6336,45706]",success,19.7,"/data_g1/AI_projects/projects/Immune_Cell_Prediction_WK/DIR/nhs/TMA 4 Level 1_Core[1,8,16]_[6336,45706]/batch_run.log"
"/data_g1/AI_projects/raw_data/PCITB_CRC/HE_raw_images/Tumor/TMA4/TMA 4 Level 16_Core[1,8,17]_[4642,46856].tif","/data_g1/AI_projects/projects/Immune_Cell_Prediction_WK/DIR/nhs/TMA 4 Level 16_Core[1,8,17]_[4642,46856]",success,22.0,"/data_g1/AI_projects/projects/Immune_Cell_Prediction_WK/DIR/nhs/TMA 4 Level 16_Core[1,8,17]_[4642,46856]/batch_run.log"
"/data_g1/AI_projects/raw_data/PCITB_CRC/HE_raw_images/Tumor/TMA4/TMA 4 Level 1_Core[1,8,18]_[4555,45879].tif","/data_g1/AI_projects/projects/Immune_Cell_Prediction_WK/DIR/nhs/TMA 4 Level 1_Core[1,8,18]_[4555,45879]",success,21.0,"/data_g1/AI_projects/projects/Immune_Cell_Prediction_WK/DIR/nhs/TMA 4 Level 1_Core[1,8,18]_[4555,45879]/batch_run.log"
"/data_g1/AI_projects/raw_data/PCITB_CRC/HE_raw_images/Tumor/TMA4/TMA 4 Level 16_Core[1,8,19]_[2787,46955].tif","/data_g1/AI_projects/projects/Immune_Cell_Prediction_WK/DIR/nhs/TMA 4 Level 16_Core[1,8,19]_[2787,46955]",success,22.0,"/data_g1/AI_projects/projects/Immune_Cell_Prediction_WK/DIR/nhs/TMA 4 Level 16_Core[1,8,19]_[2787,46955]/batch_run.log"
"/data_g1/AI_projects/raw_data/PCITB_CRC/HE_raw_images/Tumor/TMA4/TMA 4 Level 16_Core[1,8,18]_[3727,46930].tif","/data_g1/AI_projects/projects/Immune_Cell_Prediction_WK/DIR/nhs/TMA 4 Level 16_Core[1,8,18]_[3727,46930]",success,20.7,"/data_g1/AI_projects/projects/Immune_Cell_Prediction_WK/DIR/nhs/TMA 4 Level 16_Core[1,8,18]_[3727,46930]/batch_run.log"
"/data_g1/AI_projects/raw_data/PCITB_CRC/HE_raw_images/Tumor/TMA4/TMA 4 Level 16_Core[1,8,16]_[5507,46906].tif","/data_g1/AI_projects/projects/Immune_Cell_Prediction_WK/DIR/nhs/TMA 4 Level 16_Core[1,8,16]_[5507,46906]",success,22.0,"/data_g1/AI_projects/projects/Immune_Cell_Prediction_WK/DIR/nhs/TMA 4 Level 16_Core[1,8,16]_[5507,46906]/batch_run.log"
"/data_g1/AI_projects/raw_data/PCITB_CRC/HE_raw_images/Tumor/TMA4/TMA 4 Level 16_Core[1,8,2]_[18539,46732].tif","/data_g1/AI_projects/projects/Immune_Cell_Prediction_WK/DIR/nhs/TMA 4 Level 16_Core[1,8,2]_[18539,46732]",success,20.3,"/data_g1/AI_projects/projects/Immune_Cell_Prediction_WK/DIR/nhs/TMA 4 Level 16_Core[1,8,2]_[18539,46732]/batch_run.log"
"/data_g1/AI_projects/raw_data/PCITB_CRC/HE_raw_images/Tumor/TMA4/TMA 4 Level 1_Core[1,8,3]_[18279,45607].tif","/data_g1/AI_projects/projects/Immune_Cell_Prediction_WK/DIR/nhs/TMA 4 Level 1_Core[1,8,3]_[18279,45607]",success,20.9,"/data_g1/AI_projects/projects/Immune_Cell_Prediction_WK/DIR/nhs/TMA 4 Level 1_Core[1,8,3]_[18279,45607]/batch_run.log"
"/data_g1/AI_projects/raw_data/PCITB_CRC/HE_raw_images/Tumor/TMA4/TMA 4 Level 16_Core[1,8,3]_[17649,46757].tif","/data_g1/AI_projects/projects/Immune_Cell_Prediction_WK/DIR/nhs/TMA 4 Level 16_Core[1,8,3]_[17649,46757]",success,21.4,"/data_g1/AI_projects/projects/Immune_Cell_Prediction_WK/DIR/nhs/TMA 4 Level 16_Core[1,8,3]_[17649,46757]/batch_run.log"
"/data_g1/AI_projects/raw_data/PCITB_CRC/HE_raw_images/Tumor/TMA4/TMA 4 Level 1_Core[1,8,2]_[19145,45484].tif","/data_g1/AI_projects/projects/Immune_Cell_Prediction_WK/DIR/nhs/TMA 4 Level 1_Core[1,8,2]_[19145,45484]",success,20.1,"/data_g1/AI_projects/projects/Immune_Cell_Prediction_WK/DIR/nhs/TMA 4 Level 1_Core[1,8,2]_[19145,45484]/batch_run.log"
"/data_g1/AI_projects/raw_data/PCITB_CRC/HE_raw_images/Tumor/TMA4/TMA 4 Level 16_Core[1,8,4]_[16684,46708].tif","/data_g1/AI_projects/projects/Immune_Cell_Prediction_WK/DIR/nhs/TMA 4 Level 16_Core[1,8,4]_[16684,46708]",success,21.8,"/data_g1/AI_projects/projects/Immune_Cell_Prediction_WK/DIR/nhs/TMA 4 Level 16_Core[1,8,4]_[16684,46708]/batch_run.log"
"/data_g1/AI_projects/raw_data/PCITB_CRC/HE_raw_images/Tumor/TMA4/TMA 4 Level 1_Core[1,8,4]_[17315,45607].tif","/data_g1/AI_projects/projects/Immune_Cell_Prediction_WK/DIR/nhs/TMA 4 Level 1_Core[1,8,4]_[17315,45607]",success,21.3,"/data_g1/AI_projects/projects/Immune_Cell_Prediction_WK/DIR/nhs/TMA 4 Level 1_Core[1,8,4]_[17315,45607]/batch_run.log"
"/data_g1/AI_projects/raw_data/PCITB_CRC/HE_raw_images/Tumor/TMA4/TMA 4 Level 1_Core[1,8,7]_[14644,45657].tif","/data_g1/AI_projects/projects/Immune_Cell_Prediction_WK/DIR/nhs/TMA 4 Level 1_Core[1,8,7]_[14644,45657]",success,21.3,"/data_g1/AI_projects/projects/Immune_Cell_Prediction_WK/DIR/nhs/TMA 4 Level 1_Core[1,8,7]_[14644,45657]/batch_run.log"
"/data_g1/AI_projects/raw_data/PCITB_CRC/HE_raw_images/Tumor/TMA4/TMA 4 Level 16_Core[1,8,8]_[13074,46782].tif","/data_g1/AI_projects/projects/Immune_Cell_Prediction_WK/DIR/nhs/TMA 4 Level 16_Core[1,8,8]_[13074,46782]",success,21.1,"/data_g1/AI_projects/projects/Immune_Cell_Prediction_WK/DIR/nhs/TMA 4 Level 16_Core[1,8,8]_[13074,46782]/batch_run.log"
"/data_g1/AI_projects/raw_data/PCITB_CRC/HE_raw_images/Tumor/TMA4/TMA 4 Level 1_Core[1,8,8]_[13754,45632].tif","/data_g1/AI_projects/projects/Immune_Cell_Prediction_WK/DIR/nhs/TMA 4 Level 1_Core[1,8,8]_[13754,45632]",success,21.1,"/data_g1/AI_projects/projects/Immune_Cell_Prediction_WK/DIR/nhs/TMA 4 Level 1_Core[1,8,8]_[13754,45632]/batch_run.log"
"/data_g1/AI_projects/raw_data/PCITB_CRC/HE_raw_images/Tumor/TMA4/TMA 4 Level 16_Core[1,8,7]_[13989,46757].tif","/data_g1/AI_projects/projects/Immune_Cell_Prediction_WK/DIR/nhs/TMA 4 Level 16_Core[1,8,7]_[13989,46757]",success,21.9,"/data_g1/AI_projects/projects/Immune_Cell_Prediction_WK/DIR/nhs/TMA 4 Level 16_Core[1,8,7]_[13989,46757]/batch_run.log"
"/data_g1/AI_projects/raw_data/PCITB_CRC/HE_raw_images/Tumor/TMA4/TMA 4 Level 1_Core[1,8,9]_[12864,45657].tif","/data_g1/AI_projects/projects/Immune_Cell_Prediction_WK/DIR/nhs/TMA 4 Level 1_Core[1,8,9]_[12864,45657]",success,22.2,"/data_g1/AI_projects/projects/Immune_Cell_Prediction_WK/DIR/nhs/TMA 4 Level 1_Core[1,8,9]_[12864,45657]/batch_run.log"
"/data_g1/AI_projects/raw_data/PCITB_CRC/HE_raw_images/Tumor/TMA4/TMA 4 Level 16_Core[1,8,9]_[12184,46732].tif","/data_g1/AI_projects/projects/Immune_Cell_Prediction_WK/DIR/nhs/TMA 4 Level 16_Core[1,8,9]_[12184,46732]",success,22.5,"/data_g1/AI_projects/projects/Immune_Cell_Prediction_WK/DIR/nhs/TMA 4 Level 16_Core[1,8,9]_[12184,46732]/batch_run.log"
"/data_g1/AI_projects/raw_data/PCITB_CRC/HE_raw_images/Tumor/TMA4/TMA 4 Level 1_Core[1,9,1]_[20208,46572].tif","/data_g1/AI_projects/projects/Immune_Cell_Prediction_WK/DIR/nhs/TMA 4 Level 1_Core[1,9,1]_[20208,46572]",success,21.2,"/data_g1/AI_projects/projects/Immune_Cell_Prediction_WK/DIR/nhs/TMA 4 Level 1_Core[1,9,1]_[20208,46572]/batch_run.log"
"/data_g1/AI_projects/raw_data/PCITB_CRC/HE_raw_images/Tumor/TMA4/TMA 4 Level 16_Core[1,9,13]_[8252,47548].tif","/data_g1/AI_projects/projects/Immune_Cell_Prediction_WK/DIR/nhs/TMA 4 Level 16_Core[1,9,13]_[8252,47548]",success,21.1,"/data_g1/AI_projects/projects/Immune_Cell_Prediction_WK/DIR/nhs/TMA 4 Level 16_Core[1,9,13]_[8252,47548]/batch_run.log"
"/data_g1/AI_projects/raw_data/PCITB_CRC/HE_raw_images/Tumor/TMA4/TMA 4 Level 1_Core[1,9,15]_[7186,46538].tif","/data_g1/AI_projects/projects/Immune_Cell_Prediction_WK/DIR/nhs/TMA 4 Level 1_Core[1,9,15]_[7186,46538]",success,20.6,"/data_g1/AI_projects/projects/Immune_Cell_Prediction_WK/DIR/nhs/TMA 4 Level 1_Core[1,9,15]_[7186,46538]/batch_run.log"
"/data_g1/AI_projects/raw_data/PCITB_CRC/HE_raw_images/Tumor/TMA4/TMA 4 Level 16_Core[1,9,1]_[19652,47746].tif","/data_g1/AI_projects/projects/Immune_Cell_Prediction_WK/DIR/nhs/TMA 4 Level 16_Core[1,9,1]_[19652,47746]",success,20.9,"/data_g1/AI_projects/projects/Immune_Cell_Prediction_WK/DIR/nhs/TMA 4 Level 16_Core[1,9,1]_[19652,47746]/batch_run.log"
"/data_g1/AI_projects/raw_data/PCITB_CRC/HE_raw_images/Tumor/TMA4/TMA 4 Level 1_Core[1,9,17]_[5149,46596].tif","/data_g1/AI_projects/projects/Immune_Cell_Prediction_WK/DIR/nhs/TMA 4 Level 1_Core[1,9,17]_[5149,46596]",success,20.9,"/data_g1/AI_projects/projects/Immune_Cell_Prediction_WK/DIR/nhs/TMA 4 Level 1_Core[1,9,17]_[5149,46596]/batch_run.log"
"/data_g1/AI_projects/raw_data/PCITB_CRC/HE_raw_images/Tumor/TMA4/TMA 4 Level 16_Core[1,9,15]_[6472,47623].tif","/data_g1/AI_projects/projects/Immune_Cell_Prediction_WK/DIR/nhs/TMA 4 Level 16_Core[1,9,15]_[6472,47623]",success,21.7,"/data_g1/AI_projects/projects/Immune_Cell_Prediction_WK/DIR/nhs/TMA 4 Level 16_Core[1,9,15]_[6472,47623]/batch_run.log"
"/data_g1/AI_projects/raw_data/PCITB_CRC/HE_raw_images/Tumor/TMA4/TMA 4 Level 16_Core[1,9,17]_[4518,47697].tif","/data_g1/AI_projects/projects/Immune_Cell_Prediction_WK/DIR/nhs/TMA 4 Level 16_Core[1,9,17]_[4518,47697]",success,21.6,"/data_g1/AI_projects/projects/Immune_Cell_Prediction_WK/DIR/nhs/TMA 4 Level 16_Core[1,9,17]_[4518,47697]/batch_run.log"
"/data_g1/AI_projects/raw_data/PCITB_CRC/HE_raw_images/Tumor/TMA4/TMA 4 Level 1_Core[1,9,19]_[3418,46498].tif","/data_g1/AI_projects/projects/Immune_Cell_Prediction_WK/DIR/nhs/TMA 4 Level 1_Core[1,9,19]_[3418,46498]",success,20.9,"/data_g1/AI_projects/projects/Immune_Cell_Prediction_WK/DIR/nhs/TMA 4 Level 1_Core[1,9,19]_[3418,46498]/batch_run.log"
"/data_g1/AI_projects/raw_data/PCITB_CRC/HE_raw_images/Tumor/TMA4/TMA 4 Level 16_Core[1,9,3]_[17649,47623].tif","/data_g1/AI_projects/projects/Immune_Cell_Prediction_WK/DIR/nhs/TMA 4 Level 16_Core[1,9,3]_[17649,47623]",success,21.6,"/data_g1/AI_projects/projects/Immune_Cell_Prediction_WK/DIR/nhs/TMA 4 Level 16_Core[1,9,3]_[17649,47623]/batch_run.log"
"/data_g1/AI_projects/raw_data/PCITB_CRC/HE_raw_images/Tumor/TMA4/TMA 4 Level 16_Core[1,9,19]_[2738,47771].tif","/data_g1/AI_projects/projects/Immune_Cell_Prediction_WK/DIR/nhs/TMA 4 Level 16_Core[1,9,19]_[2738,47771]",success,21.7,"/data_g1/AI_projects/projects/Immune_Cell_Prediction_WK/DIR/nhs/TMA 4 Level 16_Core[1,9,19]_[2738,47771]/batch_run.log"
"/data_g1/AI_projects/raw_data/PCITB_CRC/HE_raw_images/Tumor/TMA4/TMA 4 Level 16_Core[1,9,7]_[13964,47623].tif","/data_g1/AI_projects/projects/Immune_Cell_Prediction_WK/DIR/nhs/TMA 4 Level 16_Core[1,9,7]_[13964,47623]",success,21.2,"/data_g1/AI_projects/projects/Immune_Cell_Prediction_WK/DIR/nhs/TMA 4 Level 16_Core[1,9,7]_[13964,47623]/batch_run.log"
"/data_g1/AI_projects/raw_data/PCITB_CRC/HE_raw_images/Tumor/TMA4/TMA 4 Level 1_Core[1,9,3]_[18304,46423].tif","/data_g1/AI_projects/projects/Immune_Cell_Prediction_WK/DIR/nhs/TMA 4 Level 1_Core[1,9,3]_[18304,46423]",success,22.1,"/data_g1/AI_projects/projects/Immune_Cell_Prediction_WK/DIR/nhs/TMA 4 Level 1_Core[1,9,3]_[18304,46423]/batch_run.log"
"/data_g1/AI_projects/raw_data/PCITB_CRC/HE_raw_images/Tumor/TMA4/TMA 4 Level 1_Core[1,9,9]_[12889,46498].tif","/data_g1/AI_projects/projects/Immune_Cell_Prediction_WK/DIR/nhs/TMA 4 Level 1_Core[1,9,9]_[12889,46498]",success,21.4,"/data_g1/AI_projects/projects/Immune_Cell_Prediction_WK/DIR/nhs/TMA 4 Level 1_Core[1,9,9]_[12889,46498]/batch_run.log"
"/data_g1/AI_projects/raw_data/PCITB_CRC/HE_raw_images/Tumor/TMA6/TMA 6 Level 1_Core[1,1,1]_[18724,37484].tif","/data_g1/AI_projects/projects/Immune_Cell_Prediction_WK/DIR/nhs/TMA 6 Level 1_Core[1,1,1]_[18724,37484]",success,21.5,"/data_g1/AI_projects/projects/Immune_Cell_Prediction_WK/DIR/nhs/TMA 6 Level 1_Core[1,1,1]_[18724,37484]/batch_run.log"
"/data_g1/AI_projects/raw_data/PCITB_CRC/HE_raw_images/Tumor/TMA6/TMA 6 Level 1_Core[1,1,10]_[10910,37335].tif","/data_g1/AI_projects/projects/Immune_Cell_Prediction_WK/DIR/nhs/TMA 6 Level 1_Core[1,1,10]_[10910,37335]",success,21.0,"/data_g1/AI_projects/projects/Immune_Cell_Prediction_WK/DIR/nhs/TMA 6 Level 1_Core[1,1,10]_[10910,37335]/batch_run.log"
"/data_g1/AI_projects/raw_data/PCITB_CRC/HE_raw_images/Tumor/TMA4/TMA 4 Level 16_Core[1,9,9]_[12209,47623].tif","/data_g1/AI_projects/projects/Immune_Cell_Prediction_WK/DIR/nhs/TMA 4 Level 16_Core[1,9,9]_[12209,47623]",success,21.5,"/data_g1/AI_projects/projects/Immune_Cell_Prediction_WK/DIR/nhs/TMA 4 Level 16_Core[1,9,9]_[12209,47623]/batch_run.log"
"/data_g1/AI_projects/raw_data/PCITB_CRC/HE_raw_images/Tumor/TMA6/TMA 6 Level 1_Core[1,1,13]_[8313,37385].tif","/data_g1/AI_projects/projects/Immune_Cell_Prediction_WK/DIR/nhs/TMA 6 Level 1_Core[1,1,13]_[8313,37385]",success,21.0,"/data_g1/AI_projects/projects/Immune_Cell_Prediction_WK/DIR/nhs/TMA 6 Level 1_Core[1,1,13]_[8313,37385]/batch_run.log"
"/data_g1/AI_projects/raw_data/PCITB_CRC/HE_raw_images/Tumor/TMA6/TMA 6 Level 1_Core[1,1,11]_[10069,37310].tif","/data_g1/AI_projects/projects/Immune_Cell_Prediction_WK/DIR/nhs/TMA 6 Level 1_Core[1,1,11]_[10069,37310]",success,20.8,"/data_g1/AI_projects/projects/Immune_Cell_Prediction_WK/DIR/nhs/TMA 6 Level 1_Core[1,1,11]_[10069,37310]/batch_run.log"
"/data_g1/AI_projects/raw_data/PCITB_CRC/HE_raw_images/Tumor/TMA6/TMA 6 Level 1_Core[1,1,14]_[7423,37459].tif","/data_g1/AI_projects/projects/Immune_Cell_Prediction_WK/DIR/nhs/TMA 6 Level 1_Core[1,1,14]_[7423,37459]",success,20.5,"/data_g1/AI_projects/projects/Immune_Cell_Prediction_WK/DIR/nhs/TMA 6 Level 1_Core[1,1,14]_[7423,37459]/batch_run.log"
"/data_g1/AI_projects/raw_data/PCITB_CRC/HE_raw_images/Tumor/TMA6/TMA 6 Level 1_Core[1,1,5]_[15163,37286].tif","/data_g1/AI_projects/projects/Immune_Cell_Prediction_WK/DIR/nhs/TMA 6 Level 1_Core[1,1,5]_[15163,37286]",success,20.6,"/data_g1/AI_projects/projects/Immune_Cell_Prediction_WK/DIR/nhs/TMA 6 Level 1_Core[1,1,5]_[15163,37286]/batch_run.log"
"/data_g1/AI_projects/raw_data/PCITB_CRC/HE_raw_images/Tumor/TMA6/TMA 6 Level 1_Core[1,1,7]_[13506,37286].tif","/data_g1/AI_projects/projects/Immune_Cell_Prediction_WK/DIR/nhs/TMA 6 Level 1_Core[1,1,7]_[13506,37286]",success,21.2,"/data_g1/AI_projects/projects/Immune_Cell_Prediction_WK/DIR/nhs/TMA 6 Level 1_Core[1,1,7]_[13506,37286]/batch_run.log"
"/data_g1/AI_projects/raw_data/PCITB_CRC/HE_raw_images/Tumor/TMA6/TMA 6 Level 1_Core[1,10,10]_[10662,44692].tif","/data_g1/AI_projects/projects/Immune_Cell_Prediction_WK/DIR/nhs/TMA 6 Level 1_Core[1,10,10]_[10662,44692]",success,21.9,"/data_g1/AI_projects/projects/Immune_Cell_Prediction_WK/DIR/nhs/TMA 6 Level 1_Core[1,10,10]_[10662,44692]/batch_run.log"
"/data_g1/AI_projects/raw_data/PCITB_CRC/HE_raw_images/Tumor/TMA6/TMA 6 Level 1_Core[1,1,3]_[16919,37335].tif","/data_g1/AI_projects/projects/Immune_Cell_Prediction_WK/DIR/nhs/TMA 6 Level 1_Core[1,1,3]_[16919,37335]",success,22.3,"/data_g1/AI_projects/projects/Immune_Cell_Prediction_WK/DIR/nhs/TMA 6 Level 1_Core[1,1,3]_[16919,37335]/batch_run.log"
"/data_g1/AI_projects/raw_data/PCITB_CRC/HE_raw_images/Tumor/TMA6/TMA 6 Level 1_Core[1,1,9]_[11750,37310].tif","/data_g1/AI_projects/projects/Immune_Cell_Prediction_WK/DIR/nhs/TMA 6 Level 1_Core[1,1,9]_[11750,37310]",success,21.3,"/data_g1/AI_projects/projects/Immune_Cell_Prediction_WK/DIR/nhs/TMA 6 Level 1_Core[1,1,9]_[11750,37310]/batch_run.log"
"/data_g1/AI_projects/raw_data/PCITB_CRC/HE_raw_images/Tumor/TMA6/TMA 6 Level 1_Core[1,10,12]_[8758,44618].tif","/data_g1/AI_projects/projects/Immune_Cell_Prediction_WK/DIR/nhs/TMA 6 Level 1_Core[1,10,12]_[8758,44618]",success,21.2,"/data_g1/AI_projects/projects/Immune_Cell_Prediction_WK/DIR/nhs/TMA 6 Level 1_Core[1,10,12]_[8758,44618]/batch_run.log"
"/data_g1/AI_projects/raw_data/PCITB_CRC/HE_raw_images/Tumor/TMA6/TMA 6 Level 1_Core[1,10,4]_[15880,44766].tif","/data_g1/AI_projects/projects/Immune_Cell_Prediction_WK/DIR/nhs/TMA 6 Level 1_Core[1,10,4]_[15880,44766]",success,21.4,"/data_g1/AI_projects/projects/Immune_Cell_Prediction_WK/DIR/nhs/TMA 6 Level 1_Core[1,10,4]_[15880,44766]/batch_run.log"
"/data_g1/AI_projects/raw_data/PCITB_CRC/HE_raw_images/Tumor/TMA6/TMA 6 Level 1_Core[1,10,5]_[14990,44716].tif","/data_g1/AI_projects/projects/Immune_Cell_Prediction_WK/DIR/nhs/TMA 6 Level 1_Core[1,10,5]_[14990,44716]",success,19.9,"/data_g1/AI_projects/projects/Immune_Cell_Prediction_WK/DIR/nhs/TMA 6 Level 1_Core[1,10,5]_[14990,44716]/batch_run.log"
"/data_g1/AI_projects/raw_data/PCITB_CRC/HE_raw_images/Tumor/TMA6/TMA 6 Level 1_Core[1,11,10]_[10613,45532].tif","/data_g1/AI_projects/projects/Immune_Cell_Prediction_WK/DIR/nhs/TMA 6 Level 1_Core[1,11,10]_[10613,45532]",success,21.1,"/data_g1/AI_projects/projects/Immune_Cell_Prediction_WK/DIR/nhs/TMA 6 Level 1_Core[1,11,10]_[10613,45532]/batch_run.log"
"/data_g1/AI_projects/raw_data/PCITB_CRC/HE_raw_images/Tumor/TMA6/TMA 6 Level 1_Core[1,10,2]_[17660,44865].tif","/data_g1/AI_projects/projects/Immune_Cell_Prediction_WK/DIR/nhs/TMA 6 Level 1_Core[1,10,2]_[17660,44865]",success,21.3,"/data_g1/AI_projects/projects/Immune_Cell_Prediction_WK/DIR/nhs/TMA 6 Level 1_Core[1,10,2]_[17660,44865]/batch_run.log"
"/data_g1/AI_projects/raw_data/PCITB_CRC/HE_raw_images/Tumor/TMA6/TMA 6 Level 1_Core[1,10,6]_[14124,44716].tif","/data_g1/AI_projects/projects/Immune_Cell_Prediction_WK/DIR/nhs/TMA 6 Level 1_Core[1,10,6]_[14124,44716]",success,21.0,"/data_g1/AI_projects/projects/Immune_Cell_Prediction_WK/DIR/nhs/TMA 6 Level 1_Core[1,10,6]_[14124,44716]/batch_run.log"
"/data_g1/AI_projects/raw_data/PCITB_CRC/HE_raw_images/Tumor/TMA6/TMA 6 Level 1_Core[1,11,12]_[8709,45483].tif","/data_g1/AI_projects/projects/Immune_Cell_Prediction_WK/DIR/nhs/TMA 6 Level 1_Core[1,11,12]_[8709,45483]",success,21.0,"/data_g1/AI_projects/projects/Immune_Cell_Prediction_WK/DIR/nhs/TMA 6 Level 1_Core[1,11,12]_[8709,45483]/batch_run.log"
"/data_g1/AI_projects/raw_data/PCITB_CRC/HE_raw_images/Tumor/TMA6/TMA 6 Level 1_Core[1,11,4]_[15855,45656].tif","/data_g1/AI_projects/projects/Immune_Cell_Prediction_WK/DIR/nhs/TMA 6 Level 1_Core[1,11,4]_[15855,45656]",success,20.7,"/data_g1/AI_projects/projects/Immune_Cell_Prediction_WK/DIR/nhs/TMA 6 Level 1_Core[1,11,4]_[15855,45656]/batch_run.log"
"/data_g1/AI_projects/raw_data/PCITB_CRC/HE_raw_images/Tumor/TMA6/TMA 6 Level 1_Core[1,11,6]_[14124,45607].tif","/data_g1/AI_projects/projects/Immune_Cell_Prediction_WK/DIR/nhs/TMA 6 Level 1_Core[1,11,6]_[14124,45607]",success,21.4,"/data_g1/AI_projects/projects/Immune_Cell_Prediction_WK/DIR/nhs/TMA 6 Level 1_Core[1,11,6]_[14124,45607]/batch_run.log"
"/data_g1/AI_projects/raw_data/PCITB_CRC/HE_raw_images/Tumor/TMA6/TMA 6 Level 1_Core[1,12,1]_[18674,46695].tif","/data_g1/AI_projects/projects/Immune_Cell_Prediction_WK/DIR/nhs/TMA 6 Level 1_Core[1,12,1]_[18674,46695]",success,21.8,"/data_g1/AI_projects/projects/Immune_Cell_Prediction_WK/DIR/nhs/TMA 6 Level 1_Core[1,12,1]_[18674,46695]/batch_run.log"
"/data_g1/AI_projects/raw_data/PCITB_CRC/HE_raw_images/Tumor/TMA6/TMA 6 Level 1_Core[1,11,2]_[17636,45780].tif","/data_g1/AI_projects/projects/Immune_Cell_Prediction_WK/DIR/nhs/TMA 6 Level 1_Core[1,11,2]_[17636,45780]",success,21.9,"/data_g1/AI_projects/projects/Immune_Cell_Prediction_WK/DIR/nhs/TMA 6 Level 1_Core[1,11,2]_[17636,45780]/batch_run.log"
"/data_g1/AI_projects/raw_data/PCITB_CRC/HE_raw_images/Tumor/TMA6/TMA 6 Level 1_Core[1,11,8]_[12443,45557].tif","/data_g1/AI_projects/projects/Immune_Cell_Prediction_WK/DIR/nhs/TMA 6 Level 1_Core[1,11,8]_[12443,45557]",success,21.5,"/data_g1/AI_projects/projects/Immune_Cell_Prediction_WK/DIR/nhs/TMA 6 Level 1_Core[1,11,8]_[12443,45557]/batch_run.log"
"/data_g1/AI_projects/raw_data/PCITB_CRC/HE_raw_images/Tumor/TMA6/TMA 6 Level 1_Core[1,12,11]_[9673,46373].tif","/data_g1/AI_projects/projects/Immune_Cell_Prediction_WK/DIR/nhs/TMA 6 Level 1_Core[1,12,11]_[9673,46373]",success,21.4,"/data_g1/AI_projects/projects/Immune_Cell_Prediction_WK/DIR/nhs/TMA 6 Level 1_Core[1,12,11]_[9673,46373]/batch_run.log"
"/data_g1/AI_projects/raw_data/PCITB_CRC/HE_raw_images/Tumor/TMA6/TMA 6 Level 1_Core[1,12,13]_[7695,46348].tif","/data_g1/AI_projects/projects/Immune_Cell_Prediction_WK/DIR/nhs/TMA 6 Level 1_Core[1,12,13]_[7695,46348]",success,21.4,"/data_g1/AI_projects/projects/Immune_Cell_Prediction_WK/DIR/nhs/TMA 6 Level 1_Core[1,12,13]_[7695,46348]/batch_run.log"
"/data_g1/AI_projects/raw_data/PCITB_CRC/HE_raw_images/Tumor/TMA6/TMA 6 Level 1_Core[1,12,4]_[15855,46546].tif","/data_g1/AI_projects/projects/Immune_Cell_Prediction_WK/DIR/nhs/TMA 6 Level 1_Core[1,12,4]_[15855,46546]",success,21.0,"/data_g1/AI_projects/projects/Immune_Cell_Prediction_WK/DIR/nhs/TMA 6 Level 1_Core[1,12,4]_[15855,46546]/batch_run.log"
"/data_g1/AI_projects/raw_data/PCITB_CRC/HE_raw_images/Tumor/TMA6/TMA 6 Level 1_Core[1,12,8]_[12443,46398].tif","/data_g1/AI_projects/projects/Immune_Cell_Prediction_WK/DIR/nhs/TMA 6 Level 1_Core[1,12,8]_[12443,46398]",success,21.5,"/data_g1/AI_projects/projects/Immune_Cell_Prediction_WK/DIR/nhs/TMA 6 Level 1_Core[1,12,8]_[12443,46398]/batch_run.log"
"/data_g1/AI_projects/raw_data/PCITB_CRC/HE_raw_images/Tumor/TMA6/TMA 6 Level 1_Core[1,12,12]_[8585,46348].tif","/data_g1/AI_projects/projects/Immune_Cell_Prediction_WK/DIR/nhs/TMA 6 Level 1_Core[1,12,12]_[8585,46348]",success,21.0,"/data_g1/AI_projects/projects/Immune_Cell_Prediction_WK/DIR/nhs/TMA 6 Level 1_Core[1,12,12]_[8585,46348]/batch_run.log"
"/data_g1/AI_projects/raw_data/PCITB_CRC/HE_raw_images/Tumor/TMA6/TMA 6 Level 1_Core[1,12,5]_[14965,46497].tif","/data_g1/AI_projects/projects/Immune_Cell_Prediction_WK/DIR/nhs/TMA 6 Level 1_Core[1,12,5]_[14965,46497]",success,21.4,"/data_g1/AI_projects/projects/Immune_Cell_Prediction_WK/DIR/nhs/TMA 6 Level 1_Core[1,12,5]_[14965,46497]/batch_run.log"
"/data_g1/AI_projects/raw_data/PCITB_CRC/HE_raw_images/Tumor/TMA6/TMA 6 Level 1_Core[1,12,9]_[11553,46398].tif","/data_g1/AI_projects/projects/Immune_Cell_Prediction_WK/DIR/nhs/TMA 6 Level 1_Core[1,12,9]_[11553,46398]",success,21.0,"/data_g1/AI_projects/projects/Immune_Cell_Prediction_WK/DIR/nhs/TMA 6 Level 1_Core[1,12,9]_[11553,46398]/batch_run.log"
"/data_g1/AI_projects/raw_data/PCITB_CRC/HE_raw_images/Tumor/TMA6/TMA 6 Level 1_Core[1,13,11]_[9599,47239].tif","/data_g1/AI_projects/projects/Immune_Cell_Prediction_WK/DIR/nhs/TMA 6 Level 1_Core[1,13,11]_[9599,47239]",success,20.2,"/data_g1/AI_projects/projects/Immune_Cell_Prediction_WK/DIR/nhs/TMA 6 Level 1_Core[1,13,11]_[9599,47239]/batch_run.log"
"/data_g1/AI_projects/raw_data/PCITB_CRC/HE_raw_images/Tumor/TMA6/TMA 6 Level 1_Core[1,13,12]_[8610,47239].tif","/data_g1/AI_projects/projects/Immune_Cell_Prediction_WK/DIR/nhs/TMA 6 Level 1_Core[1,13,12]_[8610,47239]",success,21.0,"/data_g1/AI_projects/projects/Immune_Cell_Prediction_WK/DIR/nhs/TMA 6 Level 1_Core[1,13,12]_[8610,47239]/batch_run.log"
"/data_g1/AI_projects/raw_data/PCITB_CRC/HE_raw_images/Tumor/TMA6/TMA 6 Level 1_Core[1,13,1]_[18575,47560].tif","/data_g1/AI_projects/projects/Immune_Cell_Prediction_WK/DIR/nhs/TMA 6 Level 1_Core[1,13,1]_[18575,47560]",success,21.1,"/data_g1/AI_projects/projects/Immune_Cell_Prediction_WK/DIR/nhs/TMA 6 Level 1_Core[1,13,1]_[18575,47560]/batch_run.log"
"/data_g1/AI_projects/raw_data/PCITB_CRC/HE_raw_images/Tumor/TMA6/TMA 6 Level 1_Core[1,13,4]_[15855,47412].tif","/data_g1/AI_projects/projects/Immune_Cell_Prediction_WK/DIR/nhs/TMA 6 Level 1_Core[1,13,4]_[15855,47412]",success,21.8,"/data_g1/AI_projects/projects/Immune_Cell_Prediction_WK/DIR/nhs/TMA 6 Level 1_Core[1,13,4]_[15855,47412]/batch_run.log"
"/data_g1/AI_projects/raw_data/PCITB_CRC/HE_raw_images/Tumor/TMA6/TMA 6 Level 1_Core[1,13,13]_[7695,47214].tif","/data_g1/AI_projects/projects/Immune_Cell_Prediction_WK/DIR/nhs/TMA 6 Level 1_Core[1,13,13]_[7695,47214]",success,21.5,"/data_g1/AI_projects/projects/Immune_Cell_Prediction_WK/DIR/nhs/TMA 6 Level 1_Core[1,13,13]_[7695,47214]/batch_run.log"
"/data_g1/AI_projects/raw_data/PCITB_CRC/HE_raw_images/Tumor/TMA6/TMA 6 Level 1_Core[1,13,5]_[14940,47362].tif","/data_g1/AI_projects/projects/Immune_Cell_Prediction_WK/DIR/nhs/TMA 6 Level 1_Core[1,13,5]_[14940,47362]",success,21.5,"/data_g1/AI_projects/projects/Immune_Cell_Prediction_WK/DIR/nhs/TMA 6 Level 1_Core[1,13,5]_[14940,47362]/batch_run.log"
"/data_g1/AI_projects/raw_data/PCITB_CRC/HE_raw_images/Tumor/TMA6/TMA 6 Level 1_Core[1,15,1]_[18376,49030].tif","/data_g1/AI_projects/projects/Immune_Cell_Prediction_WK/DIR/nhs/TMA 6 Level 1_Core[1,15,1]_[18376,49030]",success,21.2,"/data_g1/AI_projects/projects/Immune_Cell_Prediction_WK/DIR/nhs/TMA 6 Level 1_Core[1,15,1]_[18376,49030]/batch_run.log"
"/data_g1/AI_projects/raw_data/PCITB_CRC/HE_raw_images/Tumor/TMA6/TMA 6 Level 1_Core[1,15,10]_[10464,48808].tif","/data_g1/AI_projects/projects/Immune_Cell_Prediction_WK/DIR/nhs/TMA 6 Level 1_Core[1,15,10]_[10464,48808]",success,20.8,"/data_g1/AI_projects/projects/Immune_Cell_Prediction_WK/DIR/nhs/TMA 6 Level 1_Core[1,15,10]_[10464,48808]/batch_run.log"
"/data_g1/AI_projects/raw_data/PCITB_CRC/HE_raw_images/Tumor/TMA6/TMA 6 Level 1_Core[1,13,9]_[11429,47263].tif","/data_g1/AI_projects/projects/Immune_Cell_Prediction_WK/DIR/nhs/TMA 6 Level 1_Core[1,13,9]_[11429,47263]",success,21.0,"/data_g1/AI_projects/projects/Immune_Cell_Prediction_WK/DIR/nhs/TMA 6 Level 1_Core[1,13,9]_[11429,47263]/batch_run.log"
"/data_g1/AI_projects/raw_data/PCITB_CRC/HE_raw_images/Tumor/TMA6/TMA 6 Level 1_Core[1,15,13]_[7694,48734].tif","/data_g1/AI_projects/projects/Immune_Cell_Prediction_WK/DIR/nhs/TMA 6 Level 1_Core[1,15,13]_[7694,48734]",success,21.5,"/data_g1/AI_projects/projects/Immune_Cell_Prediction_WK/DIR/nhs/TMA 6 Level 1_Core[1,15,13]_[7694,48734]/batch_run.log"
"/data_g1/AI_projects/raw_data/PCITB_CRC/HE_raw_images/Tumor/TMA6/TMA 6 Level 1_Core[1,15,12]_[8658,48734].tif","/data_g1/AI_projects/projects/Immune_Cell_Prediction_WK/DIR/nhs/TMA 6 Level 1_Core[1,15,12]_[8658,48734]",success,21.0,"/data_g1/AI_projects/projects/Immune_Cell_Prediction_WK/DIR/nhs/TMA 6 Level 1_Core[1,15,12]_[8658,48734]/batch_run.log"
"/data_g1/AI_projects/raw_data/PCITB_CRC/HE_raw_images/Tumor/TMA6/TMA 6 Level 1_Core[1,15,2]_[17486,48956].tif","/data_g1/AI_projects/projects/Immune_Cell_Prediction_WK/DIR/nhs/TMA 6 Level 1_Core[1,15,2]_[17486,48956]",success,21.3,"/data_g1/AI_projects/projects/Immune_Cell_Prediction_WK/DIR/nhs/TMA 6 Level 1_Core[1,15,2]_[17486,48956]/batch_run.log"
"/data_g1/AI_projects/raw_data/PCITB_CRC/HE_raw_images/Tumor/TMA6/TMA 6 Level 1_Core[1,15,6]_[14099,48734].tif","/data_g1/AI_projects/projects/Immune_Cell_Prediction_WK/DIR/nhs/TMA 6 Level 1_Core[1,15,6]_[14099,48734]",success,20.6,"/data_g1/AI_projects/projects/Immune_Cell_Prediction_WK/DIR/nhs/TMA 6 Level 1_Core[1,15,6]_[14099,48734]/batch_run.log"
"/data_g1/AI_projects/raw_data/PCITB_CRC/HE_raw_images/Tumor/TMA6/TMA 6 Level 1_Core[1,15,8]_[12318,48758].tif","/data_g1/AI_projects/projects/Immune_Cell_Prediction_WK/DIR/nhs/TMA 6 Level 1_Core[1,15,8]_[12318,48758]",success,21.8,"/data_g1/AI_projects/projects/Immune_Cell_Prediction_WK/DIR/nhs/TMA 6 Level 1_Core[1,15,8]_[12318,48758]/batch_run.log"
"/data_g1/AI_projects/raw_data/PCITB_CRC/HE_raw_images/Tumor/TMA6/TMA 6 Level 1_Core[1,15,4]_[15780,48832].tif","/data_g1/AI_projects/projects/Immune_Cell_Prediction_WK/DIR/nhs/TMA 6 Level 1_Core[1,15,4]_[15780,48832]",success,21.8,"/data_g1/AI_projects/projects/Immune_Cell_Prediction_WK/DIR/nhs/TMA 6 Level 1_Core[1,15,4]_[15780,48832]/batch_run.log"
"/data_g1/AI_projects/raw_data/PCITB_CRC/HE_raw_images/Tumor/TMA6/TMA 6 Level 1_Core[1,16,11]_[9549,49624].tif","/data_g1/AI_projects/projects/Immune_Cell_Prediction_WK/DIR/nhs/TMA 6 Level 1_Core[1,16,11]_[9549,49624]",success,21.7,"/data_g1/AI_projects/projects/Immune_Cell_Prediction_WK/DIR/nhs/TMA 6 Level 1_Core[1,16,11]_[9549,49624]/batch_run.log"
"/data_g1/AI_projects/raw_data/PCITB_CRC/HE_raw_images/Tumor/TMA6/TMA 6 Level 1_Core[1,16,10]_[10439,49574].tif","/data_g1/AI_projects/projects/Immune_Cell_Prediction_WK/DIR/nhs/TMA 6 Level 1_Core[1,16,10]_[10439,49574]",success,21.7,"/data_g1/AI_projects/projects/Immune_Cell_Prediction_WK/DIR/nhs/TMA 6 Level 1_Core[1,16,10]_[10439,49574]/batch_run.log"
"/data_g1/AI_projects/raw_data/PCITB_CRC/HE_raw_images/Tumor/TMA6/TMA 6 Level 1_Core[1,16,12]_[8658,49550].tif","/data_g1/AI_projects/projects/Immune_Cell_Prediction_WK/DIR/nhs/TMA 6 Level 1_Core[1,16,12]_[8658,49550]",success,21.0,"/data_g1/AI_projects/projects/Immune_Cell_Prediction_WK/DIR/nhs/TMA 6 Level 1_Core[1,16,12]_[8658,49550]/batch_run.log"
"/data_g1/AI_projects/raw_data/PCITB_CRC/HE_raw_images/Tumor/TMA6/TMA 6 Level 1_Core[1,16,2]_[17437,49822].tif","/data_g1/AI_projects/projects/Immune_Cell_Prediction_WK/DIR/nhs/TMA 6 Level 1_Core[1,16,2]_[17437,49822]",success,21.0,"/data_g1/AI_projects/projects/Immune_Cell_Prediction_WK/DIR/nhs/TMA 6 Level 1_Core[1,16,2]_[17437,49822]/batch_run.log"
"/data_g1/AI_projects/raw_data/PCITB_CRC/HE_raw_images/Tumor/TMA6/TMA 6 Level 1_Core[1,16,4]_[15731,49698].tif","/data_g1/AI_projects/projects/Immune_Cell_Prediction_WK/DIR/nhs/TMA 6 Level 1_Core[1,16,4]_[15731,49698]",success,21.5,"/data_g1/AI_projects/projects/Immune_Cell_Prediction_WK/DIR/nhs/TMA 6 Level 1_Core[1,16,4]_[15731,49698]/batch_run.log"
"/data_g1/AI_projects/raw_data/PCITB_CRC/HE_raw_images/Tumor/TMA6/TMA 6 Level 1_Core[1,16,13]_[7669,49599].tif","/data_g1/AI_projects/projects/Immune_Cell_Prediction_WK/DIR/nhs/TMA 6 Level 1_Core[1,16,13]_[7669,49599]",success,21.8,"/data_g1/AI_projects/projects/Immune_Cell_Prediction_WK/DIR/nhs/TMA 6 Level 1_Core[1,16,13]_[7669,49599]/batch_run.log"
"/data_g1/AI_projects/raw_data/PCITB_CRC/HE_raw_images/Tumor/TMA6/TMA 6 Level 1_Core[1,16,8]_[12294,49574].tif","/data_g1/AI_projects/projects/Immune_Cell_Prediction_WK/DIR/nhs/TMA 6 Level 1_Core[1,16,8]_[12294,49574]",success,21.8,"/data_g1/AI_projects/projects/Immune_Cell_Prediction_WK/DIR/nhs/TMA 6 Level 1_Core[1,16,8]_[12294,49574]/batch_run.log"
"/data_g1/AI_projects/raw_data/PCITB_CRC/HE_raw_images/Tumor/TMA6/TMA 6 Level 1_Core[1,17,1]_[18278,50737].tif","/data_g1/AI_projects/projects/Immune_Cell_Prediction_WK/DIR/nhs/TMA 6 Level 1_Core[1,17,1]_[18278,50737]",success,22.2,"/data_g1/AI_projects/projects/Immune_Cell_Prediction_WK/DIR/nhs/TMA 6 Level 1_Core[1,17,1]_[18278,50737]/batch_run.log"
"/data_g1/AI_projects/raw_data/PCITB_CRC/HE_raw_images/Tumor/TMA6/TMA 6 Level 1_Core[1,17,13]_[7694,50415].tif","/data_g1/AI_projects/projects/Immune_Cell_Prediction_WK/DIR/nhs/TMA 6 Level 1_Core[1,17,13]_[7694,50415]",success,21.7,"/data_g1/AI_projects/projects/Immune_Cell_Prediction_WK/DIR/nhs/TMA 6 Level 1_Core[1,17,13]_[7694,50415]/batch_run.log"
"/data_g1/AI_projects/raw_data/PCITB_CRC/HE_raw_images/Tumor/TMA6/TMA 6 Level 1_Core[1,17,5]_[14840,50564].tif","/data_g1/AI_projects/projects/Immune_Cell_Prediction_WK/DIR/nhs/TMA 6 Level 1_Core[1,17,5]_[14840,50564]",success,20.6,"/data_g1/AI_projects/projects/Immune_Cell_Prediction_WK/DIR/nhs/TMA 6 Level 1_Core[1,17,5]_[14840,50564]/batch_run.log"
"/data_g1/AI_projects/raw_data/PCITB_CRC/HE_raw_images/Tumor/TMA6/TMA 6 Level 1_Core[1,17,9]_[11379,50514].tif","/data_g1/AI_projects/projects/Immune_Cell_Prediction_WK/DIR/nhs/TMA 6 Level 1_Core[1,17,9]_[11379,50514]",success,21.2,"/data_g1/AI_projects/projects/Immune_Cell_Prediction_WK/DIR/nhs/TMA 6 Level 1_Core[1,17,9]_[11379,50514]/batch_run.log"
"/data_g1/AI_projects/raw_data/PCITB_CRC/HE_raw_images/Tumor/TMA6/TMA 6 Level 1_Core[1,17,3]_[16547,50588].tif","/data_g1/AI_projects/projects/Immune_Cell_Prediction_WK/DIR/nhs/TMA 6 Level 1_Core[1,17,3]_[16547,50588]",success,22.1,"/data_g1/AI_projects/projects/Immune_Cell_Prediction_WK/DIR/nhs/TMA 6 Level 1_Core[1,17,3]_[16547,50588]/batch_run.log"
"/data_g1/AI_projects/raw_data/PCITB_CRC/HE_raw_images/Tumor/TMA6/TMA 6 Level 1_Core[1,18,13]_[7645,51231].tif","/data_g1/AI_projects/projects/Immune_Cell_Prediction_WK/DIR/nhs/TMA 6 Level 1_Core[1,18,13]_[7645,51231]",success,22.1,"/data_g1/AI_projects/projects/Immune_Cell_Prediction_WK/DIR/nhs/TMA 6 Level 1_Core[1,18,13]_[7645,51231]/batch_run.log"
"/data_g1/AI_projects/raw_data/PCITB_CRC/HE_raw_images/Tumor/TMA6/TMA 6 Level 1_Core[1,18,1]_[18204,51528].tif","/data_g1/AI_projects/projects/Immune_Cell_Prediction_WK/DIR/nhs/TMA 6 Level 1_Core[1,18,1]_[18204,51528]",success,22.2,"/data_g1/AI_projects/projects/Immune_Cell_Prediction_WK/DIR/nhs/TMA 6 Level 1_Core[1,18,1]_[18204,51528]/batch_run.log"
"/data_g1/AI_projects/raw_data/PCITB_CRC/HE_raw_images/Tumor/TMA6/TMA 6 Level 1_Core[1,19,12]_[8733,51973].tif","/data_g1/AI_projects/projects/Immune_Cell_Prediction_WK/DIR/nhs/TMA 6 Level 1_Core[1,19,12]_[8733,51973]",success,21.0,"/data_g1/AI_projects/projects/Immune_Cell_Prediction_WK/DIR/nhs/TMA 6 Level 1_Core[1,19,12]_[8733,51973]/batch_run.log"
"/data_g1/AI_projects/raw_data/PCITB_CRC/HE_raw_images/Tumor/TMA6/TMA 6 Level 1_Core[1,18,5]_[14766,51404].tif","/data_g1/AI_projects/projects/Immune_Cell_Prediction_WK/DIR/nhs/TMA 6 Level 1_Core[1,18,5]_[14766,51404]",success,21.7,"/data_g1/AI_projects/projects/Immune_Cell_Prediction_WK/DIR/nhs/TMA 6 Level 1_Core[1,18,5]_[14766,51404]/batch_run.log"
"/data_g1/AI_projects/raw_data/PCITB_CRC/HE_raw_images/Tumor/TMA6/TMA 6 Level 1_Core[1,19,13]_[7818,52047].tif","/data_g1/AI_projects/projects/Immune_Cell_Prediction_WK/DIR/nhs/TMA 6 Level 1_Core[1,19,13]_[7818,52047]",success,22.3,"/data_g1/AI_projects/projects/Immune_Cell_Prediction_WK/DIR/nhs/TMA 6 Level 1_Core[1,19,13]_[7818,52047]/batch_run.log"
"/data_g1/AI_projects/raw_data/PCITB_CRC/HE_raw_images/Tumor/TMA6/TMA 6 Level 1_Core[1,19,10]_[10464,52220].tif","/data_g1/AI_projects/projects/Immune_Cell_Prediction_WK/DIR/nhs/TMA 6 Level 1_Core[1,19,10]_[10464,52220]",success,22.1,"/data_g1/AI_projects/projects/Immune_Cell_Prediction_WK/DIR/nhs/TMA 6 Level 1_Core[1,19,10]_[10464,52220]/batch_run.log"
"/data_g1/AI_projects/raw_data/PCITB_CRC/HE_raw_images/Tumor/TMA6/TMA 6 Level 1_Core[1,19,4]_[15558,52270].tif","/data_g1/AI_projects/projects/Immune_Cell_Prediction_WK/DIR/nhs/TMA 6 Level 1_Core[1,19,4]_[15558,52270]",success,21.7,"/data_g1/AI_projects/projects/Immune_Cell_Prediction_WK/DIR/nhs/TMA 6 Level 1_Core[1,19,4]_[15558,52270]/batch_run.log"
"/data_g1/AI_projects/raw_data/PCITB_CRC/HE_raw_images/Tumor/TMA6/TMA 6 Level 1_Core[1,19,2]_[17190,52294].tif","/data_g1/AI_projects/projects/Immune_Cell_Prediction_WK/DIR/nhs/TMA 6 Level 1_Core[1,19,2]_[17190,52294]",success,22.2,"/data_g1/AI_projects/projects/Immune_Cell_Prediction_WK/DIR/nhs/TMA 6 Level 1_Core[1,19,2]_[17190,52294]/batch_run.log"
"/data_g1/AI_projects/raw_data/PCITB_CRC/HE_raw_images/Tumor/TMA6/TMA 6 Level 1_Core[1,19,6]_[13802,52245].tif","/data_g1/AI_projects/projects/Immune_Cell_Prediction_WK/DIR/nhs/TMA 6 Level 1_Core[1,19,6]_[13802,52245]",success,21.6,"/data_g1/AI_projects/projects/Immune_Cell_Prediction_WK/DIR/nhs/TMA 6 Level 1_Core[1,19,6]_[13802,52245]/batch_run.log"
"/data_g1/AI_projects/raw_data/PCITB_CRC/HE_raw_images/Tumor/TMA6/TMA 6 Level 1_Core[1,2,1]_[18773,38349].tif","/data_g1/AI_projects/projects/Immune_Cell_Prediction_WK/DIR/nhs/TMA 6 Level 1_Core[1,2,1]_[18773,38349]",success,21.9,"/data_g1/AI_projects/projects/Immune_Cell_Prediction_WK/DIR/nhs/TMA 6 Level 1_Core[1,2,1]_[18773,38349]/batch_run.log"
"/data_g1/AI_projects/raw_data/PCITB_CRC/HE_raw_images/Tumor/TMA6/TMA 6 Level 1_Core[1,2,10]_[10885,38201].tif","/data_g1/AI_projects/projects/Immune_Cell_Prediction_WK/DIR/nhs/TMA 6 Level 1_Core[1,2,10]_[10885,38201]",success,21.1,"/data_g1/AI_projects/projects/Immune_Cell_Prediction_WK/DIR/nhs/TMA 6 Level 1_Core[1,2,10]_[10885,38201]/batch_run.log"
"/data_g1/AI_projects/raw_data/PCITB_CRC/HE_raw_images/Tumor/TMA6/TMA 6 Level 1_Core[1,19,8]_[12145,52196].tif","/data_g1/AI_projects/projects/Immune_Cell_Prediction_WK/DIR/nhs/TMA 6 Level 1_Core[1,19,8]_[12145,52196]",success,21.4,"/data_g1/AI_projects/projects/Immune_Cell_Prediction_WK/DIR/nhs/TMA 6 Level 1_Core[1,19,8]_[12145,52196]/batch_run.log"
"/data_g1/AI_projects/raw_data/PCITB_CRC/HE_raw_images/Tumor/TMA6/TMA 6 Level 1_Core[1,2,13]_[8239,38250].tif","/data_g1/AI_projects/projects/Immune_Cell_Prediction_WK/DIR/nhs/TMA 6 Level 1_Core[1,2,13]_[8239,38250]",success,21.2,"/data_g1/AI_projects/projects/Immune_Cell_Prediction_WK/DIR/nhs/TMA 6 Level 1_Core[1,2,13]_[8239,38250]/batch_run.log"
"/data_g1/AI_projects/raw_data/PCITB_CRC/HE_raw_images/Tumor/TMA6/TMA 6 Level 1_Core[1,2,11]_[9995,38176].tif","/data_g1/AI_projects/projects/Immune_Cell_Prediction_WK/DIR/nhs/TMA 6 Level 1_Core[1,2,11]_[9995,38176]",success,21.1,"/data_g1/AI_projects/projects/Immune_Cell_Prediction_WK/DIR/nhs/TMA 6 Level 1_Core[1,2,11]_[9995,38176]/batch_run.log"
"/data_g1/AI_projects/raw_data/PCITB_CRC/HE_raw_images/Tumor/TMA6/TMA 6 Level 1_Core[1,2,6]_[14347,38225].tif","/data_g1/AI_projects/projects/Immune_Cell_Prediction_WK/DIR/nhs/TMA 6 Level 1_Core[1,2,6]_[14347,38225]",success,21.4,"/data_g1/AI_projects/projects/Immune_Cell_Prediction_WK/DIR/nhs/TMA 6 Level 1_Core[1,2,6]_[14347,38225]/batch_run.log"
"/data_g1/AI_projects/raw_data/PCITB_CRC/HE_raw_images/Tumor/TMA6/TMA 6 Level 1_Core[1,2,3]_[16943,38250].tif","/data_g1/AI_projects/projects/Immune_Cell_Prediction_WK/DIR/nhs/TMA 6 Level 1_Core[1,2,3]_[16943,38250]",success,21.8,"/data_g1/AI_projects/projects/Immune_Cell_Prediction_WK/DIR/nhs/TMA 6 Level 1_Core[1,2,3]_[16943,38250]/batch_run.log"
"/data_g1/AI_projects/raw_data/PCITB_CRC/HE_raw_images/Tumor/TMA6/TMA 6 Level 1_Core[1,2,7]_[13457,38176].tif","/data_g1/AI_projects/projects/Immune_Cell_Prediction_WK/DIR/nhs/TMA 6 Level 1_Core[1,2,7]_[13457,38176]",success,21.1,"/data_g1/AI_projects/projects/Immune_Cell_Prediction_WK/DIR/nhs/TMA 6 Level 1_Core[1,2,7]_[13457,38176]/batch_run.log"
"/data_g1/AI_projects/raw_data/PCITB_CRC/HE_raw_images/Tumor/TMA6/TMA 6 Level 1_Core[1,2,5]_[15163,38176].tif","/data_g1/AI_projects/projects/Immune_Cell_Prediction_WK/DIR/nhs/TMA 6 Level 1_Core[1,2,5]_[15163,38176]",success,21.4,"/data_g1/AI_projects/projects/Immune_Cell_Prediction_WK/DIR/nhs/TMA 6 Level 1_Core[1,2,5]_[15163,38176]/batch_run.log"
"/data_g1/AI_projects/raw_data/PCITB_CRC/HE_raw_images/Tumor/TMA6/TMA 6 Level 1_Core[1,20,10]_[10464,53135].tif","/data_g1/AI_projects/projects/Immune_Cell_Prediction_WK/DIR/nhs/TMA 6 Level 1_Core[1,20,10]_[10464,53135]",success,20.9,"/data_g1/AI_projects/projects/Immune_Cell_Prediction_WK/DIR/nhs/TMA 6 Level 1_Core[1,20,10]_[10464,53135]/batch_run.log"
"/data_g1/AI_projects/raw_data/PCITB_CRC/HE_raw_images/Tumor/TMA6/TMA 6 Level 1_Core[1,2,9]_[11726,38151].tif","/data_g1/AI_projects/projects/Immune_Cell_Prediction_WK/DIR/nhs/TMA 6 Level 1_Core[1,2,9]_[11726,38151]",success,21.4,"/data_g1/AI_projects/projects/Immune_Cell_Prediction_WK/DIR/nhs/TMA 6 Level 1_Core[1,2,9]_[11726,38151]/batch_run.log"
"/data_g1/AI_projects/raw_data/PCITB_CRC/HE_raw_images/Tumor/TMA6/TMA 6 Level 1_Core[1,20,2]_[17066,53160].tif","/data_g1/AI_projects/projects/Immune_Cell_Prediction_WK/DIR/nhs/TMA 6 Level 1_Core[1,20,2]_[17066,53160]",success,22.1,"/data_g1/AI_projects/projects/Immune_Cell_Prediction_WK/DIR/nhs/TMA 6 Level 1_Core[1,20,2]_[17066,53160]/batch_run.log"
"/data_g1/AI_projects/raw_data/PCITB_CRC/HE_raw_images/Tumor/TMA6/TMA 6 Level 1_Core[1,20,12]_[8757,53135].tif","/data_g1/AI_projects/projects/Immune_Cell_Prediction_WK/DIR/nhs/TMA 6 Level 1_Core[1,20,12]_[8757,53135]",success,21.9,"/data_g1/AI_projects/projects/Immune_Cell_Prediction_WK/DIR/nhs/TMA 6 Level 1_Core[1,20,12]_[8757,53135]/batch_run.log"
"/data_g1/AI_projects/raw_data/PCITB_CRC/HE_raw_images/Tumor/TMA6/TMA 6 Level 1_Core[1,20,4]_[15508,53160].tif","/data_g1/AI_projects/projects/Immune_Cell_Prediction_WK/DIR/nhs/TMA 6 Level 1_Core[1,20,4]_[15508,53160]",success,21.8,"/data_g1/AI_projects/projects/Immune_Cell_Prediction_WK/DIR/nhs/TMA 6 Level 1_Core[1,20,4]_[15508,53160]/batch_run.log"
"/data_g1/AI_projects/raw_data/PCITB_CRC/HE_raw_images/Tumor/TMA6/TMA 6 Level 1_Core[1,20,8]_[12096,53135].tif","/data_g1/AI_projects/projects/Immune_Cell_Prediction_WK/DIR/nhs/TMA 6 Level 1_Core[1,20,8]_[12096,53135]",success,21.0,"/data_g1/AI_projects/projects/Immune_Cell_Prediction_WK/DIR/nhs/TMA 6 Level 1_Core[1,20,8]_[12096,53135]/batch_run.log"
"/data_g1/AI_projects/raw_data/PCITB_CRC/HE_raw_images/Tumor/TMA6/TMA 6 Level 1_Core[1,20,13]_[7744,52937].tif","/data_g1/AI_projects/projects/Immune_Cell_Prediction_WK/DIR/nhs/TMA 6 Level 1_Core[1,20,13]_[7744,52937]",success,21.5,"/data_g1/AI_projects/projects/Immune_Cell_Prediction_WK/DIR/nhs/TMA 6 Level 1_Core[1,20,13]_[7744,52937]/batch_run.log"
"/data_g1/AI_projects/raw_data/PCITB_CRC/HE_raw_images/Tumor/TMA6/TMA 6 Level 1_Core[1,20,6]_[13752,53135].tif","/data_g1/AI_projects/projects/Immune_Cell_Prediction_WK/DIR/nhs/TMA 6 Level 1_Core[1,20,6]_[13752,53135]",success,21.4,"/data_g1/AI_projects/projects/Immune_Cell_Prediction_WK/DIR/nhs/TMA 6 Level 1_Core[1,20,6]_[13752,53135]/batch_run.log"
"/data_g1/AI_projects/raw_data/PCITB_CRC/HE_raw_images/Tumor/TMA6/TMA 6 Level 1_Core[1,3,1]_[18773,39239].tif","/data_g1/AI_projects/projects/Immune_Cell_Prediction_WK/DIR/nhs/TMA 6 Level 1_Core[1,3,1]_[18773,39239]",success,21.2,"/data_g1/AI_projects/projects/Immune_Cell_Prediction_WK/DIR/nhs/TMA 6 Level 1_Core[1,3,1]_[18773,39239]/batch_run.log"
"/data_g1/AI_projects/raw_data/PCITB_CRC/HE_raw_images/Tumor/TMA6/TMA 6 Level 1_Core[1,3,12]_[9129,39041].tif","/data_g1/AI_projects/projects/Immune_Cell_Prediction_WK/DIR/nhs/TMA 6 Level 1_Core[1,3,12]_[9129,39041]",success,21.3,"/data_g1/AI_projects/projects/Immune_Cell_Prediction_WK/DIR/nhs/TMA 6 Level 1_Core[1,3,12]_[9129,39041]/batch_run.log"
"/data_g1/AI_projects/raw_data/PCITB_CRC/HE_raw_images/Tumor/TMA6/TMA 6 Level 1_Core[1,3,2]_[17834,39140].tif","/data_g1/AI_projects/projects/Immune_Cell_Prediction_WK/DIR/nhs/TMA 6 Level 1_Core[1,3,2]_[17834,39140]",success,21.9,"/data_g1/AI_projects/projects/Immune_Cell_Prediction_WK/DIR/nhs/TMA 6 Level 1_Core[1,3,2]_[17834,39140]/batch_run.log"
"/data_g1/AI_projects/raw_data/PCITB_CRC/HE_raw_images/Tumor/TMA6/TMA 6 Level 1_Core[1,3,10]_[10910,39066].tif","/data_g1/AI_projects/projects/Immune_Cell_Prediction_WK/DIR/nhs/TMA 6 Level 1_Core[1,3,10]_[10910,39066]",success,21.5,"/data_g1/AI_projects/projects/Immune_Cell_Prediction_WK/DIR/nhs/TMA 6 Level 1_Core[1,3,10]_[10910,39066]/batch_run.log"
"/data_g1/AI_projects/raw_data/PCITB_CRC/HE_raw_images/Tumor/TMA6/TMA 6 Level 1_Core[1,3,6]_[14273,39066].tif","/data_g1/AI_projects/projects/Immune_Cell_Prediction_WK/DIR/nhs/TMA 6 Level 1_Core[1,3,6]_[14273,39066]",success,21.6,"/data_g1/AI_projects/projects/Immune_Cell_Prediction_WK/DIR/nhs/TMA 6 Level 1_Core[1,3,6]_[14273,39066]/batch_run.log"
"/data_g1/AI_projects/raw_data/PCITB_CRC/HE_raw_images/Tumor/TMA6/TMA 6 Level 1_Core[1,3,5]_[15163,39066].tif","/data_g1/AI_projects/projects/Immune_Cell_Prediction_WK/DIR/nhs/TMA 6 Level 1_Core[1,3,5]_[15163,39066]",success,21.7,"/data_g1/AI_projects/projects/Immune_Cell_Prediction_WK/DIR/nhs/TMA 6 Level 1_Core[1,3,5]_[15163,39066]/batch_run.log"
"/data_g1/AI_projects/raw_data/PCITB_CRC/HE_raw_images/Tumor/TMA6/TMA 6 Level 1_Core[1,4,10]_[10860,39857].tif","/data_g1/AI_projects/projects/Immune_Cell_Prediction_WK/DIR/nhs/TMA 6 Level 1_Core[1,4,10]_[10860,39857]",success,21.5,"/data_g1/AI_projects/projects/Immune_Cell_Prediction_WK/DIR/nhs/TMA 6 Level 1_Core[1,4,10]_[10860,39857]/batch_run.log"
"/data_g1/AI_projects/raw_data/PCITB_CRC/HE_raw_images/Tumor/TMA6/TMA 6 Level 1_Core[1,3,8]_[12591,39041].tif","/data_g1/AI_projects/projects/Immune_Cell_Prediction_WK/DIR/nhs/TMA 6 Level 1_Core[1,3,8]_[12591,39041]",success,22.0,"/data_g1/AI_projects/projects/Immune_Cell_Prediction_WK/DIR/nhs/TMA 6 Level 1_Core[1,3,8]_[12591,39041]/batch_run.log"
"/data_g1/AI_projects/raw_data/PCITB_CRC/HE_raw_images/Tumor/TMA6/TMA 6 Level 1_Core[1,4,12]_[9080,39857].tif","/data_g1/AI_projects/projects/Immune_Cell_Prediction_WK/DIR/nhs/TMA 6 Level 1_Core[1,4,12]_[9080,39857]",success,21.6,"/data_g1/AI_projects/projects/Immune_Cell_Prediction_WK/DIR/nhs/TMA 6 Level 1_Core[1,4,12]_[9080,39857]/batch_run.log"
"/data_g1/AI_projects/raw_data/PCITB_CRC/HE_raw_images/Tumor/TMA6/TMA 6 Level 1_Core[1,4,8]_[12567,39882].tif","/data_g1/AI_projects/projects/Immune_Cell_Prediction_WK/DIR/nhs/TMA 6 Level 1_Core[1,4,8]_[12567,39882]",success,21.9,"/data_g1/AI_projects/projects/Immune_Cell_Prediction_WK/DIR/nhs/TMA 6 Level 1_Core[1,4,8]_[12567,39882]/batch_run.log"
"/data_g1/AI_projects/raw_data/PCITB_CRC/HE_raw_images/Tumor/TMA6/TMA 6 Level 1_Core[1,3,9]_[11726,39017].tif","/data_g1/AI_projects/projects/Immune_Cell_Prediction_WK/DIR/nhs/TMA 6 Level 1_Core[1,3,9]_[11726,39017]",success,22.1,"/data_g1/AI_projects/projects/Immune_Cell_Prediction_WK/DIR/nhs/TMA 6 Level 1_Core[1,3,9]_[11726,39017]/batch_run.log"
"/data_g1/AI_projects/raw_data/PCITB_CRC/HE_raw_images/Tumor/TMA6/TMA 6 Level 1_Core[1,4,2]_[17834,40030].tif","/data_g1/AI_projects/projects/Immune_Cell_Prediction_WK/DIR/nhs/TMA 6 Level 1_Core[1,4,2]_[17834,40030]",success,21.0,"/data_g1/AI_projects/projects/Immune_Cell_Prediction_WK/DIR/nhs/TMA 6 Level 1_Core[1,4,2]_[17834,40030]/batch_run.log"
"/data_g1/AI_projects/raw_data/PCITB_CRC/HE_raw_images/Tumor/TMA6/TMA 6 Level 1_Core[1,5,10]_[10885,40649].tif","/data_g1/AI_projects/projects/Immune_Cell_Prediction_WK/DIR/nhs/TMA 6 Level 1_Core[1,5,10]_[10885,40649]",success,20.8,"/data_g1/AI_projects/projects/Immune_Cell_Prediction_WK/DIR/nhs/TMA 6 Level 1_Core[1,5,10]_[10885,40649]/batch_run.log"
"/data_g1/AI_projects/raw_data/PCITB_CRC/HE_raw_images/Tumor/TMA6/TMA 6 Level 1_Core[1,4,9]_[11701,39857].tif","/data_g1/AI_projects/projects/Immune_Cell_Prediction_WK/DIR/nhs/TMA 6 Level 1_Core[1,4,9]_[11701,39857]",success,21.1,"/data_g1/AI_projects/projects/Immune_Cell_Prediction_WK/DIR/nhs/TMA 6 Level 1_Core[1,4,9]_[11701,39857]/batch_run.log"
"/data_g1/AI_projects/raw_data/PCITB_CRC/HE_raw_images/Tumor/TMA6/TMA 6 Level 1_Core[1,5,11]_[10020,40624].tif","/data_g1/AI_projects/projects/Immune_Cell_Prediction_WK/DIR/nhs/TMA 6 Level 1_Core[1,5,11]_[10020,40624]",success,22.3,"/data_g1/AI_projects/projects/Immune_Cell_Prediction_WK/DIR/nhs/TMA 6 Level 1_Core[1,5,11]_[10020,40624]/batch_run.log"
"/data_g1/AI_projects/raw_data/PCITB_CRC/HE_raw_images/Tumor/TMA6/TMA 6 Level 1_Core[1,5,13]_[7918,40624].tif","/data_g1/AI_projects/projects/Immune_Cell_Prediction_WK/DIR/nhs/TMA 6 Level 1_Core[1,5,13]_[7918,40624]",success,22.8,"/data_g1/AI_projects/projects/Immune_Cell_Prediction_WK/DIR/nhs/TMA 6 Level 1_Core[1,5,13]_[7918,40624]/batch_run.log"
"/data_g1/AI_projects/raw_data/PCITB_CRC/HE_raw_images/Tumor/TMA6/TMA 6 Level 1_Core[1,5,2]_[17784,40896].tif","/data_g1/AI_projects/projects/Immune_Cell_Prediction_WK/DIR/nhs/TMA 6 Level 1_Core[1,5,2]_[17784,40896]",success,23.4,"/data_g1/AI_projects/projects/Immune_Cell_Prediction_WK/DIR/nhs/TMA 6 Level 1_Core[1,5,2]_[17784,40896]/batch_run.log"
"/data_g1/AI_projects/raw_data/PCITB_CRC/HE_raw_images/Tumor/TMA6/TMA 6 Level 1_Core[1,5,1]_[18748,40945].tif","/data_g1/AI_projects/projects/Immune_Cell_Prediction_WK/DIR/nhs/TMA 6 Level 1_Core[1,5,1]_[18748,40945]",success,23.3,"/data_g1/AI_projects/projects/Immune_Cell_Prediction_WK/DIR/nhs/TMA 6 Level 1_Core[1,5,1]_[18748,40945]/batch_run.log"
"/data_g1/AI_projects/raw_data/PCITB_CRC/HE_raw_images/Tumor/TMA6/TMA 6 Level 1_Core[1,5,9]_[11726,40673].tif","/data_g1/AI_projects/projects/Immune_Cell_Prediction_WK/DIR/nhs/TMA 6 Level 1_Core[1,5,9]_[11726,40673]",success,21.5,"/data_g1/AI_projects/projects/Immune_Cell_Prediction_WK/DIR/nhs/TMA 6 Level 1_Core[1,5,9]_[11726,40673]/batch_run.log"
"/data_g1/AI_projects/raw_data/PCITB_CRC/HE_raw_images/Tumor/TMA6/TMA 6 Level 1_Core[1,5,3]_[16894,40846].tif","/data_g1/AI_projects/projects/Immune_Cell_Prediction_WK/DIR/nhs/TMA 6 Level 1_Core[1,5,3]_[16894,40846]",success,21.6,"/data_g1/AI_projects/projects/Immune_Cell_Prediction_WK/DIR/nhs/TMA 6 Level 1_Core[1,5,3]_[16894,40846]/batch_run.log"
"/data_g1/AI_projects/raw_data/PCITB_CRC/HE_raw_images/Tumor/TMA6/TMA 6 Level 1_Core[1,6,1]_[18724,41811].tif","/data_g1/AI_projects/projects/Immune_Cell_Prediction_WK/DIR/nhs/TMA 6 Level 1_Core[1,6,1]_[18724,41811]",success,22.0,"/data_g1/AI_projects/projects/Immune_Cell_Prediction_WK/DIR/nhs/TMA 6 Level 1_Core[1,6,1]_[18724,41811]/batch_run.log"
"/data_g1/AI_projects/raw_data/PCITB_CRC/HE_raw_images/Tumor/TMA6/TMA 6 Level 1_Core[1,6,10]_[10811,41465].tif","/data_g1/AI_projects/projects/Immune_Cell_Prediction_WK/DIR/nhs/TMA 6 Level 1_Core[1,6,10]_[10811,41465]",success,21.4,"/data_g1/AI_projects/projects/Immune_Cell_Prediction_WK/DIR/nhs/TMA 6 Level 1_Core[1,6,10]_[10811,41465]/batch_run.log"
"/data_g1/AI_projects/raw_data/PCITB_CRC/HE_raw_images/Tumor/TMA6/TMA 6 Level 1_Core[1,5,7]_[13407,40673].tif","/data_g1/AI_projects/projects/Immune_Cell_Prediction_WK/DIR/nhs/TMA 6 Level 1_Core[1,5,7]_[13407,40673]",success,22.5,"/data_g1/AI_projects/projects/Immune_Cell_Prediction_WK/DIR/nhs/TMA 6 Level 1_Core[1,5,7]_[13407,40673]/batch_run.log"
"/data_g1/AI_projects/raw_data/PCITB_CRC/HE_raw_images/Tumor/TMA6/TMA 6 Level 1_Core[1,6,11]_[9970,41465].tif","/data_g1/AI_projects/projects/Immune_Cell_Prediction_WK/DIR/nhs/TMA 6 Level 1_Core[1,6,11]_[9970,41465]",success,22.8,"/data_g1/AI_projects/projects/Immune_Cell_Prediction_WK/DIR/nhs/TMA 6 Level 1_Core[1,6,11]_[9970,41465]/batch_run.log"
"/data_g1/AI_projects/raw_data/PCITB_CRC/HE_raw_images/Tumor/TMA6/TMA 6 Level 1_Core[1,6,3]_[16894,41662].tif","/data_g1/AI_projects/projects/Immune_Cell_Prediction_WK/DIR/nhs/TMA 6 Level 1_Core[1,6,3]_[16894,41662]",success,21.1,"/data_g1/AI_projects/projects/Immune_Cell_Prediction_WK/DIR/nhs/TMA 6 Level 1_Core[1,6,3]_[16894,41662]/batch_run.log"
"/data_g1/AI_projects/raw_data/PCITB_CRC/HE_raw_images/Tumor/TMA6/TMA 6 Level 1_Core[1,6,13]_[7992,41539].tif","/data_g1/AI_projects/projects/Immune_Cell_Prediction_WK/DIR/nhs/TMA 6 Level 1_Core[1,6,13]_[7992,41539]",success,20.9,"/data_g1/AI_projects/projects/Immune_Cell_Prediction_WK/DIR/nhs/TMA 6 Level 1_Core[1,6,13]_[7992,41539]/batch_run.log"
"/data_g1/AI_projects/raw_data/PCITB_CRC/HE_raw_images/Tumor/TMA6/TMA 6 Level 1_Core[1,6,5]_[15064,41514].tif","/data_g1/AI_projects/projects/Immune_Cell_Prediction_WK/DIR/nhs/TMA 6 Level 1_Core[1,6,5]_[15064,41514]",success,20.9,"/data_g1/AI_projects/projects/Immune_Cell_Prediction_WK/DIR/nhs/TMA 6 Level 1_Core[1,6,5]_[15064,41514]/batch_run.log"
"/data_g1/AI_projects/raw_data/PCITB_CRC/HE_raw_images/Tumor/TMA6/TMA 6 Level 1_Core[1,6,6]_[14223,41514].tif","/data_g1/AI_projects/projects/Immune_Cell_Prediction_WK/DIR/nhs/TMA 6 Level 1_Core[1,6,6]_[14223,41514]",success,20.6,"/data_g1/AI_projects/projects/Immune_Cell_Prediction_WK/DIR/nhs/TMA 6 Level 1_Core[1,6,6]_[14223,41514]/batch_run.log"
"/data_g1/AI_projects/raw_data/PCITB_CRC/HE_raw_images/Tumor/TMA6/TMA 6 Level 1_Core[1,6,2]_[17784,41737].tif","/data_g1/AI_projects/projects/Immune_Cell_Prediction_WK/DIR/nhs/TMA 6 Level 1_Core[1,6,2]_[17784,41737]",success,20.6,"/data_g1/AI_projects/projects/Immune_Cell_Prediction_WK/DIR/nhs/TMA 6 Level 1_Core[1,6,2]_[17784,41737]/batch_run.log"
"/data_g1/AI_projects/raw_data/PCITB_CRC/HE_raw_images/Tumor/TMA6/TMA 6 Level 1_Core[1,6,7]_[13358,41514].tif","/data_g1/AI_projects/projects/Immune_Cell_Prediction_WK/DIR/nhs/TMA 6 Level 1_Core[1,6,7]_[13358,41514]",success,22.0,"/data_g1/AI_projects/projects/Immune_Cell_Prediction_WK/DIR/nhs/TMA 6 Level 1_Core[1,6,7]_[13358,41514]/batch_run.log"
"/data_g1/AI_projects/raw_data/PCITB_CRC/HE_raw_images/Tumor/TMA6/TMA 6 Level 1_Core[1,8,11]_[9847,42986].tif","/data_g1/AI_projects/projects/Immune_Cell_Prediction_WK/DIR/nhs/TMA 6 Level 1_Core[1,8,11]_[9847,42986]",success,21.3,"/data_g1/AI_projects/projects/Immune_Cell_Prediction_WK/DIR/nhs/TMA 6 Level 1_Core[1,8,11]_[9847,42986]/batch_run.log"
"/data_g1/AI_projects/raw_data/PCITB_CRC/HE_raw_images/Tumor/TMA6/TMA 6 Level 1_Core[1,6,9]_[11676,41440].tif","/data_g1/AI_projects/projects/Immune_Cell_Prediction_WK/DIR/nhs/TMA 6 Level 1_Core[1,6,9]_[11676,41440]",success,21.3,"/data_g1/AI_projects/projects/Immune_Cell_Prediction_WK/DIR/nhs/TMA 6 Level 1_Core[1,6,9]_[11676,41440]/batch_run.log"
"/data_g1/AI_projects/raw_data/PCITB_CRC/HE_raw_images/Tumor/TMA6/TMA 6 Level 1_Core[1,8,13]_[7918,43060].tif","/data_g1/AI_projects/projects/Immune_Cell_Prediction_WK/DIR/nhs/TMA 6 Level 1_Core[1,8,13]_[7918,43060]",success,21.8,"/data_g1/AI_projects/projects/Immune_Cell_Prediction_WK/DIR/nhs/TMA 6 Level 1_Core[1,8,13]_[7918,43060]/batch_run.log"
"/data_g1/AI_projects/raw_data/PCITB_CRC/HE_raw_images/Tumor/TMA6/TMA 6 Level 1_Core[1,8,2]_[17759,43084].tif","/data_g1/AI_projects/projects/Immune_Cell_Prediction_WK/DIR/nhs/TMA 6 Level 1_Core[1,8,2]_[17759,43084]",success,21.2,"/data_g1/AI_projects/projects/Immune_Cell_Prediction_WK/DIR/nhs/TMA 6 Level 1_Core[1,8,2]_[17759,43084]/batch_run.log"
"/data_g1/AI_projects/raw_data/PCITB_CRC/HE_raw_images/Tumor/TMA6/TMA 6 Level 1_Core[1,8,1]_[18699,43208].tif","/data_g1/AI_projects/projects/Immune_Cell_Prediction_WK/DIR/nhs/TMA 6 Level 1_Core[1,8,1]_[18699,43208]",success,21.2,"/data_g1/AI_projects/projects/Immune_Cell_Prediction_WK/DIR/nhs/TMA 6 Level 1_Core[1,8,1]_[18699,43208]/batch_run.log"
"/data_g1/AI_projects/raw_data/PCITB_CRC/HE_raw_images/Tumor/TMA6/TMA 6 Level 1_Core[1,8,3]_[16844,43084].tif","/data_g1/AI_projects/projects/Immune_Cell_Prediction_WK/DIR/nhs/TMA 6 Level 1_Core[1,8,3]_[16844,43084]",success,21.5,"/data_g1/AI_projects/projects/Immune_Cell_Prediction_WK/DIR/nhs/TMA 6 Level 1_Core[1,8,3]_[16844,43084]/batch_run.log"
"/data_g1/AI_projects/raw_data/PCITB_CRC/HE_raw_images/Tumor/TMA6/TMA 6 Level 1_Core[1,8,5]_[15064,42936].tif","/data_g1/AI_projects/projects/Immune_Cell_Prediction_WK/DIR/nhs/TMA 6 Level 1_Core[1,8,5]_[15064,42936]",success,21.2,"/data_g1/AI_projects/projects/Immune_Cell_Prediction_WK/DIR/nhs/TMA 6 Level 1_Core[1,8,5]_[15064,42936]/batch_run.log"
"/data_g1/AI_projects/raw_data/PCITB_CRC/HE_raw_images/Tumor/TMA6/TMA 6 Level 1_Core[1,8,9]_[11602,42911].tif","/data_g1/AI_projects/projects/Immune_Cell_Prediction_WK/DIR/nhs/TMA 6 Level 1_Core[1,8,9]_[11602,42911]",success,22.0,"/data_g1/AI_projects/projects/Immune_Cell_Prediction_WK/DIR/nhs/TMA 6 Level 1_Core[1,8,9]_[11602,42911]/batch_run.log"
"/data_g1/AI_projects/raw_data/PCITB_CRC/HE_raw_images/Tumor/TMA6/TMA 6 Level 1_Core[1,9,1]_[18748,43999].tif","/data_g1/AI_projects/projects/Immune_Cell_Prediction_WK/DIR/nhs/TMA 6 Level 1_Core[1,9,1]_[18748,43999]",success,20.7,"/data_g1/AI_projects/projects/Immune_Cell_Prediction_WK/DIR/nhs/TMA 6 Level 1_Core[1,9,1]_[18748,43999]/batch_run.log"
"/data_g1/AI_projects/raw_data/PCITB_CRC/HE_raw_images/Tumor/TMA6/TMA 6 Level 1_Core[1,9,11]_[9772,43826].tif","/data_g1/AI_projects/projects/Immune_Cell_Prediction_WK/DIR/nhs/TMA 6 Level 1_Core[1,9,11]_[9772,43826]",success,21.3,"/data_g1/AI_projects/projects/Immune_Cell_Prediction_WK/DIR/nhs/TMA 6 Level 1_Core[1,9,11]_[9772,43826]/batch_run.log"
"/data_g1/AI_projects/raw_data/PCITB_CRC/HE_raw_images/Tumor/TMA6/TMA 6 Level 1_Core[1,8,7]_[13308,42961].tif","/data_g1/AI_projects/projects/Immune_Cell_Prediction_WK/DIR/nhs/TMA 6 Level 1_Core[1,8,7]_[13308,42961]",success,21.3,"/data_g1/AI_projects/projects/Immune_Cell_Prediction_WK/DIR/nhs/TMA 6 Level 1_Core[1,8,7]_[13308,42961]/batch_run.log"
"/data_g1/AI_projects/raw_data/PCITB_CRC/HE_raw_images/Tumor/TMA6/TMA 6 Level 1_Core[1,9,13]_[7794,43876].tif","/data_g1/AI_projects/projects/Immune_Cell_Prediction_WK/DIR/nhs/TMA 6 Level 1_Core[1,9,13]_[7794,43876]",success,20.8,"/data_g1/AI_projects/projects/Immune_Cell_Prediction_WK/DIR/nhs/TMA 6 Level 1_Core[1,9,13]_[7794,43876]/batch_run.log"
"/data_g1/AI_projects/raw_data/PCITB_CRC/HE_raw_images/Tumor/TMA6/TMA 6 Level 1_Core[1,9,7]_[13284,43876].tif","/data_g1/AI_projects/projects/Immune_Cell_Prediction_WK/DIR/nhs/TMA 6 Level 1_Core[1,9,7]_[13284,43876]",success,21.4,"/data_g1/AI_projects/projects/Immune_Cell_Prediction_WK/DIR/nhs/TMA 6 Level 1_Core[1,9,7]_[13284,43876]/batch_run.log"
"/data_g1/AI_projects/raw_data/PCITB_CRC/HE_raw_images/Tumor/TMA6/TMA 6 Level 1_Core[1,9,2]_[17735,43950].tif","/data_g1/AI_projects/projects/Immune_Cell_Prediction_WK/DIR/nhs/TMA 6 Level 1_Core[1,9,2]_[17735,43950]",success,22.2,"/data_g1/AI_projects/projects/Immune_Cell_Prediction_WK/DIR/nhs/TMA 6 Level 1_Core[1,9,2]_[17735,43950]/batch_run.log"
"/data_g1/AI_projects/raw_data/PCITB_CRC/HE_raw_images/Tumor/TMA6/TMA 6 Level 1_Core[1,9,9]_[11596,43843].tif","/data_g1/AI_projects/projects/Immune_Cell_Prediction_WK/DIR/nhs/TMA 6 Level 1_Core[1,9,9]_[11596,43843]",success,21.5,"/data_g1/AI_projects/projects/Immune_Cell_Prediction_WK/DIR/nhs/TMA 6 Level 1_Core[1,9,9]_[11596,43843]/batch_run.log"
"/data_g1/AI_projects/raw_data/PCITB_CRC/HE_raw_images/Tumor/TMA6/TMA 6 Level 1_Core[1,9,3]_[16820,43975].tif","/data_g1/AI_projects/projects/Immune_Cell_Prediction_WK/DIR/nhs/TMA 6 Level 1_Core[1,9,3]_[16820,43975]",success,20.6,"/data_g1/AI_projects/projects/Immune_Cell_Prediction_WK/DIR/nhs/TMA 6 Level 1_Core[1,9,3]_[16820,43975]/batch_run.log"
