slide_path,use_malignant_region,output_dir,mpp
"/data_g1/AI_projects/raw_data/PCITB_CRC/HE_raw_images/Tumor/TMA3/TMA 3 Level 1_Core[1,20,4]_[15668,54056].tif",False,"/data_g1/AI_projects/projects/Immune_Cell_Prediction_WK/DIR/nhs/TMA 3 Level 1_Core[1,20,4]_[15668,54056]",0.5
"/data_g1/AI_projects/raw_data/PCITB_CRC/HE_raw_images/Tumor/TMA3/TMA 3 Level 16_Core[1,20,5]_[13131,53380].tif",False,"/data_g1/AI_projects/projects/Immune_Cell_Prediction_WK/DIR/nhs/TMA 3 Level 16_Core[1,20,5]_[13131,53380]",0.5
"/data_g1/AI_projects/raw_data/PCITB_CRC/HE_raw_images/Tumor/TMA3/TMA 3 Level 1_Core[1,20,5]_[14743,54039].tif",False,"/data_g1/AI_projects/projects/Immune_Cell_Prediction_WK/DIR/nhs/TMA 3 Level 1_Core[1,20,5]_[14743,54039]",0.5
"/data_g1/AI_projects/raw_data/PCITB_CRC/HE_raw_images/Tumor/TMA3/TMA 3 Level 1_Core[1,20,7]_[13110,53915].tif",False,"/data_g1/AI_projects/projects/Immune_Cell_Prediction_WK/DIR/nhs/TMA 3 Level 1_Core[1,20,7]_[13110,53915]",0.5
"/data_g1/AI_projects/raw_data/PCITB_CRC/HE_raw_images/Tumor/TMA3/TMA 3 Level 16_Core[1,20,8]_[10584,53132].tif",False,"/data_g1/AI_projects/projects/Immune_Cell_Prediction_WK/DIR/nhs/TMA 3 Level 16_Core[1,20,8]_[10584,53132]",0.5
"/data_g1/AI_projects/raw_data/PCITB_CRC/HE_raw_images/Tumor/TMA3/TMA 3 Level 1_Core[1,20,8]_[12220,53866].tif",False,"/data_g1/AI_projects/projects/Immune_Cell_Prediction_WK/DIR/nhs/TMA 3 Level 1_Core[1,20,8]_[12220,53866]",0.5
"/data_g1/AI_projects/raw_data/PCITB_CRC/HE_raw_images/Tumor/TMA3/TMA 3 Level 16_Core[1,20,9]_[9744,53083].tif",False,"/data_g1/AI_projects/projects/Immune_Cell_Prediction_WK/DIR/nhs/TMA 3 Level 16_Core[1,20,9]_[9744,53083]",0.5
"/data_g1/AI_projects/raw_data/PCITB_CRC/HE_raw_images/Tumor/TMA3/TMA 3 Level 1_Core[1,20,9]_[11380,53841].tif",False,"/data_g1/AI_projects/projects/Immune_Cell_Prediction_WK/DIR/nhs/TMA 3 Level 1_Core[1,20,9]_[11380,53841]",0.5
"/data_g1/AI_projects/raw_data/PCITB_CRC/HE_raw_images/Tumor/TMA3/TMA 3 Level 16_Core[1,22,8]_[10471,54837].tif",False,"/data_g1/AI_projects/projects/Immune_Cell_Prediction_WK/DIR/nhs/TMA 3 Level 16_Core[1,22,8]_[10471,54837]",0.5
"/data_g1/AI_projects/raw_data/PCITB_CRC/HE_raw_images/Tumor/TMA3/TMA 3 Level 1_Core[1,22,8]_[12167,55519].tif",False,"/data_g1/AI_projects/projects/Immune_Cell_Prediction_WK/DIR/nhs/TMA 3 Level 1_Core[1,22,8]_[12167,55519]",0.5
"/data_g1/AI_projects/raw_data/PCITB_CRC/HE_raw_images/Tumor/TMA3/TMA 3 Level 1_Core[1,23,8]_[12118,56335].tif",False,"/data_g1/AI_projects/projects/Immune_Cell_Prediction_WK/DIR/nhs/TMA 3 Level 1_Core[1,23,8]_[12118,56335]",0.5
"/data_g1/AI_projects/raw_data/PCITB_CRC/HE_raw_images/Tumor/TMA3/TMA 3 Level 16_Core[1,24,1]_[16431,56914].tif",False,"/data_g1/AI_projects/projects/Immune_Cell_Prediction_WK/DIR/nhs/TMA 3 Level 16_Core[1,24,1]_[16431,56914]",0.5
"/data_g1/AI_projects/raw_data/PCITB_CRC/HE_raw_images/Tumor/TMA3/TMA 3 Level 1_Core[1,24,1]_[18176,57645].tif",False,"/data_g1/AI_projects/projects/Immune_Cell_Prediction_WK/DIR/nhs/TMA 3 Level 1_Core[1,24,1]_[18176,57645]",0.5
"/data_g1/AI_projects/raw_data/PCITB_CRC/HE_raw_images/Tumor/TMA3/TMA 3 Level 1_Core[1,24,10]_[10263,57002].tif",False,"/data_g1/AI_projects/projects/Immune_Cell_Prediction_WK/DIR/nhs/TMA 3 Level 1_Core[1,24,10]_[10263,57002]",0.5
"/data_g1/AI_projects/raw_data/PCITB_CRC/HE_raw_images/Tumor/TMA3/TMA 3 Level 16_Core[1,24,10]_[8567,56296].tif",False,"/data_g1/AI_projects/projects/Immune_Cell_Prediction_WK/DIR/nhs/TMA 3 Level 16_Core[1,24,10]_[8567,56296]",0.5
"/data_g1/AI_projects/raw_data/PCITB_CRC/HE_raw_images/Tumor/TMA3/TMA 3 Level 1_Core[1,24,11]_[9398,56879].tif",False,"/data_g1/AI_projects/projects/Immune_Cell_Prediction_WK/DIR/nhs/TMA 3 Level 1_Core[1,24,11]_[9398,56879]",0.5
"/data_g1/AI_projects/raw_data/PCITB_CRC/HE_raw_images/Tumor/TMA3/TMA 3 Level 16_Core[1,24,11]_[7652,56222].tif",False,"/data_g1/AI_projects/projects/Immune_Cell_Prediction_WK/DIR/nhs/TMA 3 Level 16_Core[1,24,11]_[7652,56222]",0.5
"/data_g1/AI_projects/raw_data/PCITB_CRC/HE_raw_images/Tumor/TMA3/TMA 3 Level 1_Core[1,24,12]_[8458,56829].tif",False,"/data_g1/AI_projects/projects/Immune_Cell_Prediction_WK/DIR/nhs/TMA 3 Level 1_Core[1,24,12]_[8458,56829]",0.5
"/data_g1/AI_projects/raw_data/PCITB_CRC/HE_raw_images/Tumor/TMA3/TMA 3 Level 16_Core[1,24,12]_[6762,56123].tif",False,"/data_g1/AI_projects/projects/Immune_Cell_Prediction_WK/DIR/nhs/TMA 3 Level 16_Core[1,24,12]_[6762,56123]",0.5
"/data_g1/AI_projects/raw_data/PCITB_CRC/HE_raw_images/Tumor/TMA3/TMA 3 Level 16_Core[1,24,13]_[5921,56048].tif",False,"/data_g1/AI_projects/projects/Immune_Cell_Prediction_WK/DIR/nhs/TMA 3 Level 16_Core[1,24,13]_[5921,56048]",0.5
"/data_g1/AI_projects/raw_data/PCITB_CRC/HE_raw_images/Tumor/TMA3/TMA 3 Level 16_Core[1,24,14]_[5056,55950].tif",False,"/data_g1/AI_projects/projects/Immune_Cell_Prediction_WK/DIR/nhs/TMA 3 Level 16_Core[1,24,14]_[5056,55950]",0.5
"/data_g1/AI_projects/raw_data/PCITB_CRC/HE_raw_images/Tumor/TMA3/TMA 3 Level 16_Core[1,24,2]_[15516,56766].tif",False,"/data_g1/AI_projects/projects/Immune_Cell_Prediction_WK/DIR/nhs/TMA 3 Level 16_Core[1,24,2]_[15516,56766]",0.5
"/data_g1/AI_projects/raw_data/PCITB_CRC/HE_raw_images/Tumor/TMA3/TMA 3 Level 1_Core[1,24,2]_[17187,57472].tif",False,"/data_g1/AI_projects/projects/Immune_Cell_Prediction_WK/DIR/nhs/TMA 3 Level 1_Core[1,24,2]_[17187,57472]",0.5
"/data_g1/AI_projects/raw_data/PCITB_CRC/HE_raw_images/Tumor/TMA3/TMA 3 Level 1_Core[1,24,3]_[16371,57571].tif",False,"/data_g1/AI_projects/projects/Immune_Cell_Prediction_WK/DIR/nhs/TMA 3 Level 1_Core[1,24,3]_[16371,57571]",0.5
"/data_g1/AI_projects/raw_data/PCITB_CRC/HE_raw_images/Tumor/TMA3/TMA 3 Level 16_Core[1,24,3]_[14675,56815].tif",False,"/data_g1/AI_projects/projects/Immune_Cell_Prediction_WK/DIR/nhs/TMA 3 Level 16_Core[1,24,3]_[14675,56815]",0.5
"/data_g1/AI_projects/raw_data/PCITB_CRC/HE_raw_images/Tumor/TMA3/TMA 3 Level 1_Core[1,24,4]_[15530,57522].tif",False,"/data_g1/AI_projects/projects/Immune_Cell_Prediction_WK/DIR/nhs/TMA 3 Level 1_Core[1,24,4]_[15530,57522]",0.5
"/data_g1/AI_projects/raw_data/PCITB_CRC/HE_raw_images/Tumor/TMA3/TMA 3 Level 16_Core[1,24,4]_[13810,56864].tif",False,"/data_g1/AI_projects/projects/Immune_Cell_Prediction_WK/DIR/nhs/TMA 3 Level 16_Core[1,24,4]_[13810,56864]",0.5
"/data_g1/AI_projects/raw_data/PCITB_CRC/HE_raw_images/Tumor/TMA3/TMA 3 Level 16_Core[1,24,5]_[12944,56741].tif",False,"/data_g1/AI_projects/projects/Immune_Cell_Prediction_WK/DIR/nhs/TMA 3 Level 16_Core[1,24,5]_[12944,56741]",0.5
"/data_g1/AI_projects/raw_data/PCITB_CRC/HE_raw_images/Tumor/TMA3/TMA 3 Level 1_Core[1,24,5]_[14714,57373].tif",False,"/data_g1/AI_projects/projects/Immune_Cell_Prediction_WK/DIR/nhs/TMA 3 Level 1_Core[1,24,5]_[14714,57373]",0.5
"/data_g1/AI_projects/raw_data/PCITB_CRC/HE_raw_images/Tumor/TMA3/TMA 3 Level 16_Core[1,24,6]_[11831,56518].tif",False,"/data_g1/AI_projects/projects/Immune_Cell_Prediction_WK/DIR/nhs/TMA 3 Level 16_Core[1,24,6]_[11831,56518]",0.5
"/data_g1/AI_projects/raw_data/PCITB_CRC/HE_raw_images/Tumor/TMA3/TMA 3 Level 1_Core[1,24,6]_[13552,57225].tif",False,"/data_g1/AI_projects/projects/Immune_Cell_Prediction_WK/DIR/nhs/TMA 3 Level 1_Core[1,24,6]_[13552,57225]",0.5
"/data_g1/AI_projects/raw_data/PCITB_CRC/HE_raw_images/Tumor/TMA3/TMA 3 Level 1_Core[1,24,9]_[11178,57052].tif",False,"/data_g1/AI_projects/projects/Immune_Cell_Prediction_WK/DIR/nhs/TMA 3 Level 1_Core[1,24,9]_[11178,57052]",0.5
"/data_g1/AI_projects/raw_data/PCITB_CRC/HE_raw_images/Tumor/TMA3/TMA 3 Level 16_Core[1,24,9]_[9458,56345].tif",False,"/data_g1/AI_projects/projects/Immune_Cell_Prediction_WK/DIR/nhs/TMA 3 Level 16_Core[1,24,9]_[9458,56345]",0.5
"/data_g1/AI_projects/raw_data/PCITB_CRC/HE_raw_images/Tumor/TMA3/TMA 3 Level 16_Core[1,25,1]_[16431,57854].tif",False,"/data_g1/AI_projects/projects/Immune_Cell_Prediction_WK/DIR/nhs/TMA 3 Level 16_Core[1,25,1]_[16431,57854]",0.5
"/data_g1/AI_projects/raw_data/PCITB_CRC/HE_raw_images/Tumor/TMA3/TMA 3 Level 1_Core[1,25,1]_[18126,58511].tif",False,"/data_g1/AI_projects/projects/Immune_Cell_Prediction_WK/DIR/nhs/TMA 3 Level 1_Core[1,25,1]_[18126,58511]",0.5
"/data_g1/AI_projects/raw_data/PCITB_CRC/HE_raw_images/Tumor/TMA3/TMA 3 Level 16_Core[1,25,10]_[8518,57211].tif",False,"/data_g1/AI_projects/projects/Immune_Cell_Prediction_WK/DIR/nhs/TMA 3 Level 16_Core[1,25,10]_[8518,57211]",0.5
"/data_g1/AI_projects/raw_data/PCITB_CRC/HE_raw_images/Tumor/TMA3/TMA 3 Level 1_Core[1,25,10]_[10263,57892].tif",False,"/data_g1/AI_projects/projects/Immune_Cell_Prediction_WK/DIR/nhs/TMA 3 Level 1_Core[1,25,10]_[10263,57892]",0.5
"/data_g1/AI_projects/raw_data/PCITB_CRC/HE_raw_images/Tumor/TMA3/TMA 3 Level 16_Core[1,25,11]_[7628,57112].tif",False,"/data_g1/AI_projects/projects/Immune_Cell_Prediction_WK/DIR/nhs/TMA 3 Level 16_Core[1,25,11]_[7628,57112]",0.5
"/data_g1/AI_projects/raw_data/PCITB_CRC/HE_raw_images/Tumor/TMA3/TMA 3 Level 1_Core[1,25,11]_[9373,57794].tif",False,"/data_g1/AI_projects/projects/Immune_Cell_Prediction_WK/DIR/nhs/TMA 3 Level 1_Core[1,25,11]_[9373,57794]",0.5
"/data_g1/AI_projects/raw_data/PCITB_CRC/HE_raw_images/Tumor/TMA3/TMA 3 Level 1_Core[1,25,12]_[8458,57695].tif",False,"/data_g1/AI_projects/projects/Immune_Cell_Prediction_WK/DIR/nhs/TMA 3 Level 1_Core[1,25,12]_[8458,57695]",0.5
"/data_g1/AI_projects/raw_data/PCITB_CRC/HE_raw_images/Tumor/TMA3/TMA 3 Level 16_Core[1,25,12]_[6688,57013].tif",False,"/data_g1/AI_projects/projects/Immune_Cell_Prediction_WK/DIR/nhs/TMA 3 Level 16_Core[1,25,12]_[6688,57013]",0.5
"/data_g1/AI_projects/raw_data/PCITB_CRC/HE_raw_images/Tumor/TMA3/TMA 3 Level 16_Core[1,25,13]_[5847,56889].tif",False,"/data_g1/AI_projects/projects/Immune_Cell_Prediction_WK/DIR/nhs/TMA 3 Level 16_Core[1,25,13]_[5847,56889]",0.5
"/data_g1/AI_projects/raw_data/PCITB_CRC/HE_raw_images/Tumor/TMA3/TMA 3 Level 1_Core[1,25,13]_[7617,57596].tif",False,"/data_g1/AI_projects/projects/Immune_Cell_Prediction_WK/DIR/nhs/TMA 3 Level 1_Core[1,25,13]_[7617,57596]",0.5
"/data_g1/AI_projects/raw_data/PCITB_CRC/HE_raw_images/Tumor/TMA3/TMA 3 Level 16_Core[1,25,14]_[5031,56790].tif",False,"/data_g1/AI_projects/projects/Immune_Cell_Prediction_WK/DIR/nhs/TMA 3 Level 16_Core[1,25,14]_[5031,56790]",0.5
"/data_g1/AI_projects/raw_data/PCITB_CRC/HE_raw_images/Tumor/TMA3/TMA 3 Level 16_Core[1,25,2]_[15491,57854].tif",False,"/data_g1/AI_projects/projects/Immune_Cell_Prediction_WK/DIR/nhs/TMA 3 Level 16_Core[1,25,2]_[15491,57854]",0.5
"/data_g1/AI_projects/raw_data/PCITB_CRC/HE_raw_images/Tumor/TMA3/TMA 3 Level 1_Core[1,25,2]_[17236,58511].tif",False,"/data_g1/AI_projects/projects/Immune_Cell_Prediction_WK/DIR/nhs/TMA 3 Level 1_Core[1,25,2]_[17236,58511]",0.5
"/data_g1/AI_projects/raw_data/PCITB_CRC/HE_raw_images/Tumor/TMA3/TMA 3 Level 1_Core[1,25,3]_[16297,58387].tif",False,"/data_g1/AI_projects/projects/Immune_Cell_Prediction_WK/DIR/nhs/TMA 3 Level 1_Core[1,25,3]_[16297,58387]",0.5
"/data_g1/AI_projects/raw_data/PCITB_CRC/HE_raw_images/Tumor/TMA3/TMA 3 Level 16_Core[1,25,3]_[14626,57779].tif",False,"/data_g1/AI_projects/projects/Immune_Cell_Prediction_WK/DIR/nhs/TMA 3 Level 16_Core[1,25,3]_[14626,57779]",0.5
"/data_g1/AI_projects/raw_data/PCITB_CRC/HE_raw_images/Tumor/TMA3/TMA 3 Level 1_Core[1,25,4]_[15456,58412].tif",False,"/data_g1/AI_projects/projects/Immune_Cell_Prediction_WK/DIR/nhs/TMA 3 Level 1_Core[1,25,4]_[15456,58412]",0.5
"/data_g1/AI_projects/raw_data/PCITB_CRC/HE_raw_images/Tumor/TMA3/TMA 3 Level 16_Core[1,25,4]_[13736,57755].tif",False,"/data_g1/AI_projects/projects/Immune_Cell_Prediction_WK/DIR/nhs/TMA 3 Level 16_Core[1,25,4]_[13736,57755]",0.5
"/data_g1/AI_projects/raw_data/PCITB_CRC/HE_raw_images/Tumor/TMA3/TMA 3 Level 16_Core[1,25,5]_[12870,57656].tif",False,"/data_g1/AI_projects/projects/Immune_Cell_Prediction_WK/DIR/nhs/TMA 3 Level 16_Core[1,25,5]_[12870,57656]",0.5
"/data_g1/AI_projects/raw_data/PCITB_CRC/HE_raw_images/Tumor/TMA3/TMA 3 Level 1_Core[1,25,6]_[13700,58239].tif",False,"/data_g1/AI_projects/projects/Immune_Cell_Prediction_WK/DIR/nhs/TMA 3 Level 1_Core[1,25,6]_[13700,58239]",0.5
"/data_g1/AI_projects/raw_data/PCITB_CRC/HE_raw_images/Tumor/TMA3/TMA 3 Level 16_Core[1,25,6]_[12004,57631].tif",False,"/data_g1/AI_projects/projects/Immune_Cell_Prediction_WK/DIR/nhs/TMA 3 Level 16_Core[1,25,6]_[12004,57631]",0.5
"/data_g1/AI_projects/raw_data/PCITB_CRC/HE_raw_images/Tumor/TMA3/TMA 3 Level 16_Core[1,25,7]_[11164,57606].tif",False,"/data_g1/AI_projects/projects/Immune_Cell_Prediction_WK/DIR/nhs/TMA 3 Level 16_Core[1,25,7]_[11164,57606]",0.5
"/data_g1/AI_projects/raw_data/PCITB_CRC/HE_raw_images/Tumor/TMA3/TMA 3 Level 16_Core[1,25,8]_[10249,57433].tif",False,"/data_g1/AI_projects/projects/Immune_Cell_Prediction_WK/DIR/nhs/TMA 3 Level 16_Core[1,25,8]_[10249,57433]",0.5
"/data_g1/AI_projects/raw_data/PCITB_CRC/HE_raw_images/Tumor/TMA3/TMA 3 Level 16_Core[1,25,9]_[9383,57260].tif",False,"/data_g1/AI_projects/projects/Immune_Cell_Prediction_WK/DIR/nhs/TMA 3 Level 16_Core[1,25,9]_[9383,57260]",0.5
"/data_g1/AI_projects/raw_data/PCITB_CRC/HE_raw_images/Tumor/TMA3/TMA 3 Level 1_Core[1,25,9]_[11153,57843].tif",False,"/data_g1/AI_projects/projects/Immune_Cell_Prediction_WK/DIR/nhs/TMA 3 Level 1_Core[1,25,9]_[11153,57843]",0.5
"/data_g1/AI_projects/raw_data/PCITB_CRC/HE_raw_images/Tumor/TMA3/TMA 3 Level 1_Core[1,3,6]_[13927,39660].tif",False,"/data_g1/AI_projects/projects/Immune_Cell_Prediction_WK/DIR/nhs/TMA 3 Level 1_Core[1,3,6]_[13927,39660]",0.5
"/data_g1/AI_projects/raw_data/PCITB_CRC/HE_raw_images/Tumor/TMA3/TMA 3 Level 1_Core[1,4,6]_[14026,40550].tif",False,"/data_g1/AI_projects/projects/Immune_Cell_Prediction_WK/DIR/nhs/TMA 3 Level 1_Core[1,4,6]_[14026,40550]",0.5
"/data_g1/AI_projects/raw_data/PCITB_CRC/HE_raw_images/Tumor/TMA3/TMA 3 Level 1_Core[1,5,1]_[18353,41267].tif",False,"/data_g1/AI_projects/projects/Immune_Cell_Prediction_WK/DIR/nhs/TMA 3 Level 1_Core[1,5,1]_[18353,41267]",0.5
"/data_g1/AI_projects/raw_data/PCITB_CRC/HE_raw_images/Tumor/TMA3/TMA 3 Level 16_Core[1,5,1]_[17634,41500].tif",False,"/data_g1/AI_projects/projects/Immune_Cell_Prediction_WK/DIR/nhs/TMA 3 Level 16_Core[1,5,1]_[17634,41500]",0.5
"/data_g1/AI_projects/raw_data/PCITB_CRC/HE_raw_images/Tumor/TMA3/TMA 3 Level 16_Core[1,5,10]_[9746,40585].tif",False,"/data_g1/AI_projects/projects/Immune_Cell_Prediction_WK/DIR/nhs/TMA 3 Level 16_Core[1,5,10]_[9746,40585]",0.5
"/data_g1/AI_projects/raw_data/PCITB_CRC/HE_raw_images/Tumor/TMA3/TMA 3 Level 1_Core[1,5,10]_[10514,41539].tif",False,"/data_g1/AI_projects/projects/Immune_Cell_Prediction_WK/DIR/nhs/TMA 3 Level 1_Core[1,5,10]_[10514,41539]",0.5
"/data_g1/AI_projects/raw_data/PCITB_CRC/HE_raw_images/Tumor/TMA3/TMA 3 Level 1_Core[1,5,11]_[9673,41564].tif",False,"/data_g1/AI_projects/projects/Immune_Cell_Prediction_WK/DIR/nhs/TMA 3 Level 1_Core[1,5,11]_[9673,41564]",0.5
"/data_g1/AI_projects/raw_data/PCITB_CRC/HE_raw_images/Tumor/TMA3/TMA 3 Level 16_Core[1,5,12]_[8039,40511].tif",False,"/data_g1/AI_projects/projects/Immune_Cell_Prediction_WK/DIR/nhs/TMA 3 Level 16_Core[1,5,12]_[8039,40511]",0.5
"/data_g1/AI_projects/raw_data/PCITB_CRC/HE_raw_images/Tumor/TMA3/TMA 3 Level 1_Core[1,5,12]_[8783,41588].tif",False,"/data_g1/AI_projects/projects/Immune_Cell_Prediction_WK/DIR/nhs/TMA 3 Level 1_Core[1,5,12]_[8783,41588]",0.5
"/data_g1/AI_projects/raw_data/PCITB_CRC/HE_raw_images/Tumor/TMA3/TMA 3 Level 16_Core[1,5,14]_[6234,40535].tif",False,"/data_g1/AI_projects/projects/Immune_Cell_Prediction_WK/DIR/nhs/TMA 3 Level 16_Core[1,5,14]_[6234,40535]",0.5
"/data_g1/AI_projects/raw_data/PCITB_CRC/HE_raw_images/Tumor/TMA3/TMA 3 Level 1_Core[1,5,2]_[17463,41341].tif",False,"/data_g1/AI_projects/projects/Immune_Cell_Prediction_WK/DIR/nhs/TMA 3 Level 1_Core[1,5,2]_[17463,41341]",0.5
"/data_g1/AI_projects/raw_data/PCITB_CRC/HE_raw_images/Tumor/TMA3/TMA 3 Level 16_Core[1,5,2]_[16768,41252].tif",False,"/data_g1/AI_projects/projects/Immune_Cell_Prediction_WK/DIR/nhs/TMA 3 Level 16_Core[1,5,2]_[16768,41252]",0.5
"/data_g1/AI_projects/raw_data/PCITB_CRC/HE_raw_images/Tumor/TMA3/TMA 3 Level 1_Core[1,5,3]_[16647,41390].tif",False,"/data_g1/AI_projects/projects/Immune_Cell_Prediction_WK/DIR/nhs/TMA 3 Level 1_Core[1,5,3]_[16647,41390]",0.5
"/data_g1/AI_projects/raw_data/PCITB_CRC/HE_raw_images/Tumor/TMA3/TMA 3 Level 1_Core[1,5,6]_[14026,41489].tif",False,"/data_g1/AI_projects/projects/Immune_Cell_Prediction_WK/DIR/nhs/TMA 3 Level 1_Core[1,5,6]_[14026,41489]",0.5
"/data_g1/AI_projects/raw_data/PCITB_CRC/HE_raw_images/Tumor/TMA3/TMA 3 Level 16_Core[1,5,6]_[13306,40882].tif",False,"/data_g1/AI_projects/projects/Immune_Cell_Prediction_WK/DIR/nhs/TMA 3 Level 16_Core[1,5,6]_[13306,40882]",0.5
"/data_g1/AI_projects/raw_data/PCITB_CRC/HE_raw_images/Tumor/TMA3/TMA 3 Level 1_Core[1,5,8]_[12245,41539].tif",False,"/data_g1/AI_projects/projects/Immune_Cell_Prediction_WK/DIR/nhs/TMA 3 Level 1_Core[1,5,8]_[12245,41539]",0.5
"/data_g1/AI_projects/raw_data/PCITB_CRC/HE_raw_images/Tumor/TMA3/TMA 3 Level 16_Core[1,5,8]_[11501,40708].tif",False,"/data_g1/AI_projects/projects/Immune_Cell_Prediction_WK/DIR/nhs/TMA 3 Level 16_Core[1,5,8]_[11501,40708]",0.5
"/data_g1/AI_projects/raw_data/PCITB_CRC/HE_raw_images/Tumor/TMA3/TMA 3 Level 1_Core[1,5,9]_[11380,41539].tif",False,"/data_g1/AI_projects/projects/Immune_Cell_Prediction_WK/DIR/nhs/TMA 3 Level 1_Core[1,5,9]_[11380,41539]",0.5
"/data_g1/AI_projects/raw_data/PCITB_CRC/HE_raw_images/Tumor/TMA3/TMA 3 Level 16_Core[1,6,1]_[17510,42316].tif",False,"/data_g1/AI_projects/projects/Immune_Cell_Prediction_WK/DIR/nhs/TMA 3 Level 16_Core[1,6,1]_[17510,42316]",0.5
"/data_g1/AI_projects/raw_data/PCITB_CRC/HE_raw_images/Tumor/TMA3/TMA 3 Level 16_Core[1,6,10]_[9696,41426].tif",False,"/data_g1/AI_projects/projects/Immune_Cell_Prediction_WK/DIR/nhs/TMA 3 Level 16_Core[1,6,10]_[9696,41426]",0.5
"/data_g1/AI_projects/raw_data/PCITB_CRC/HE_raw_images/Tumor/TMA3/TMA 3 Level 16_Core[1,6,11]_[8806,41426].tif",False,"/data_g1/AI_projects/projects/Immune_Cell_Prediction_WK/DIR/nhs/TMA 3 Level 16_Core[1,6,11]_[8806,41426]",0.5
"/data_g1/AI_projects/raw_data/PCITB_CRC/HE_raw_images/Tumor/TMA3/TMA 3 Level 16_Core[1,6,14]_[6234,41376].tif",False,"/data_g1/AI_projects/projects/Immune_Cell_Prediction_WK/DIR/nhs/TMA 3 Level 16_Core[1,6,14]_[6234,41376]",0.5
"/data_g1/AI_projects/raw_data/PCITB_CRC/HE_raw_images/Tumor/TMA3/TMA 3 Level 16_Core[1,6,15]_[5344,41376].tif",False,"/data_g1/AI_projects/projects/Immune_Cell_Prediction_WK/DIR/nhs/TMA 3 Level 16_Core[1,6,15]_[5344,41376]",0.5
"/data_g1/AI_projects/raw_data/PCITB_CRC/HE_raw_images/Tumor/TMA3/TMA 3 Level 1_Core[1,6,3]_[16721,42305].tif",False,"/data_g1/AI_projects/projects/Immune_Cell_Prediction_WK/DIR/nhs/TMA 3 Level 1_Core[1,6,3]_[16721,42305]",0.5
"/data_g1/AI_projects/raw_data/PCITB_CRC/HE_raw_images/Tumor/TMA3/TMA 3 Level 16_Core[1,6,3]_[15853,41945].tif",False,"/data_g1/AI_projects/projects/Immune_Cell_Prediction_WK/DIR/nhs/TMA 3 Level 16_Core[1,6,3]_[15853,41945]",0.5
"/data_g1/AI_projects/raw_data/PCITB_CRC/HE_raw_images/Tumor/TMA3/TMA 3 Level 1_Core[1,6,6]_[14026,42404].tif",False,"/data_g1/AI_projects/projects/Immune_Cell_Prediction_WK/DIR/nhs/TMA 3 Level 1_Core[1,6,6]_[14026,42404]",0.5
"/data_g1/AI_projects/raw_data/PCITB_CRC/HE_raw_images/Tumor/TMA3/TMA 3 Level 16_Core[1,6,6]_[13207,41821].tif",False,"/data_g1/AI_projects/projects/Immune_Cell_Prediction_WK/DIR/nhs/TMA 3 Level 16_Core[1,6,6]_[13207,41821]",0.5
"/data_g1/AI_projects/raw_data/PCITB_CRC/HE_raw_images/Tumor/TMA3/TMA 3 Level 16_Core[1,6,8]_[11501,41574].tif",False,"/data_g1/AI_projects/projects/Immune_Cell_Prediction_WK/DIR/nhs/TMA 3 Level 16_Core[1,6,8]_[11501,41574]",0.5
"/data_g1/AI_projects/raw_data/PCITB_CRC/HE_raw_images/Tumor/TMA3/TMA 3 Level 1_Core[1,6,8]_[12319,42404].tif",False,"/data_g1/AI_projects/projects/Immune_Cell_Prediction_WK/DIR/nhs/TMA 3 Level 1_Core[1,6,8]_[12319,42404]",0.5
"/data_g1/AI_projects/raw_data/PCITB_CRC/HE_raw_images/Tumor/TMA3/TMA 3 Level 16_Core[1,6,9]_[10586,41500].tif",False,"/data_g1/AI_projects/projects/Immune_Cell_Prediction_WK/DIR/nhs/TMA 3 Level 16_Core[1,6,9]_[10586,41500]",0.5
"/data_g1/AI_projects/raw_data/PCITB_CRC/HE_raw_images/Tumor/TMA3/TMA 3 Level 1_Core[1,6,9]_[11503,42553].tif",False,"/data_g1/AI_projects/projects/Immune_Cell_Prediction_WK/DIR/nhs/TMA 3 Level 1_Core[1,6,9]_[11503,42553]",0.5
"/data_g1/AI_projects/raw_data/PCITB_CRC/HE_raw_images/Tumor/TMA3/TMA 3 Level 1_Core[1,8,2]_[17578,43976].tif",False,"/data_g1/AI_projects/projects/Immune_Cell_Prediction_WK/DIR/nhs/TMA 3 Level 1_Core[1,8,2]_[17578,43976]",0.5
"/data_g1/AI_projects/raw_data/PCITB_CRC/HE_raw_images/Tumor/TMA3/TMA 3 Level 16_Core[1,8,2]_[16482,43612].tif",False,"/data_g1/AI_projects/projects/Immune_Cell_Prediction_WK/DIR/nhs/TMA 3 Level 16_Core[1,8,2]_[16482,43612]",0.5
"/data_g1/AI_projects/raw_data/PCITB_CRC/HE_raw_images/Tumor/TMA3/TMA 3 Level 1_Core[1,9,2]_[17587,44964].tif",False,"/data_g1/AI_projects/projects/Immune_Cell_Prediction_WK/DIR/nhs/TMA 3 Level 1_Core[1,9,2]_[17587,44964]",0.5
"/data_g1/AI_projects/raw_data/PCITB_CRC/HE_raw_images/Tumor/TMA3/TMA 3 Level 16_Core[1,9,2]_[16358,44774].tif",False,"/data_g1/AI_projects/projects/Immune_Cell_Prediction_WK/DIR/nhs/TMA 3 Level 16_Core[1,9,2]_[16358,44774]",0.5
"/data_g1/AI_projects/raw_data/PCITB_CRC/HE_raw_images/Tumor/TMA3/TMA 3 Level 1_Core[1,9,3]_[16722,44816].tif",False,"/data_g1/AI_projects/projects/Immune_Cell_Prediction_WK/DIR/nhs/TMA 3 Level 1_Core[1,9,3]_[16722,44816]",0.5
"/data_g1/AI_projects/raw_data/PCITB_CRC/HE_raw_images/Tumor/TMA3/TMA 3 Level 16_Core[1,9,3]_[15567,44502].tif",False,"/data_g1/AI_projects/projects/Immune_Cell_Prediction_WK/DIR/nhs/TMA 3 Level 16_Core[1,9,3]_[15567,44502]",0.5
"/data_g1/AI_projects/raw_data/PCITB_CRC/HE_raw_images/Tumor/TMA4/TMA 4 Level 16_Core[1,1,1]_[18959,41342].tif",False,"/data_g1/AI_projects/projects/Immune_Cell_Prediction_WK/DIR/nhs/TMA 4 Level 16_Core[1,1,1]_[18959,41342]",0.5
"/data_g1/AI_projects/raw_data/PCITB_CRC/HE_raw_images/Tumor/TMA4/TMA 4 Level 1_Core[1,1,11]_[10712,39598].tif",False,"/data_g1/AI_projects/projects/Immune_Cell_Prediction_WK/DIR/nhs/TMA 4 Level 1_Core[1,1,11]_[10712,39598]",0.5
"/data_g1/AI_projects/raw_data/PCITB_CRC/HE_raw_images/Tumor/TMA4/TMA 4 Level 16_Core[1,1,11]_[10082,41070].tif",False,"/data_g1/AI_projects/projects/Immune_Cell_Prediction_WK/DIR/nhs/TMA 4 Level 16_Core[1,1,11]_[10082,41070]",0.5
"/data_g1/AI_projects/raw_data/PCITB_CRC/HE_raw_images/Tumor/TMA4/TMA 4 Level 16_Core[1,1,12]_[9241,41070].tif",False,"/data_g1/AI_projects/projects/Immune_Cell_Prediction_WK/DIR/nhs/TMA 4 Level 16_Core[1,1,12]_[9241,41070]",0.5
"/data_g1/AI_projects/raw_data/PCITB_CRC/HE_raw_images/Tumor/TMA4/TMA 4 Level 1_Core[1,1,12]_[9847,39648].tif",False,"/data_g1/AI_projects/projects/Immune_Cell_Prediction_WK/DIR/nhs/TMA 4 Level 1_Core[1,1,12]_[9847,39648]",0.5
"/data_g1/AI_projects/raw_data/PCITB_CRC/HE_raw_images/Tumor/TMA4/TMA 4 Level 16_Core[1,1,13]_[8475,41119].tif",False,"/data_g1/AI_projects/projects/Immune_Cell_Prediction_WK/DIR/nhs/TMA 4 Level 16_Core[1,1,13]_[8475,41119]",0.5
"/data_g1/AI_projects/raw_data/PCITB_CRC/HE_raw_images/Tumor/TMA4/TMA 4 Level 16_Core[1,1,14]_[7535,41094].tif",False,"/data_g1/AI_projects/projects/Immune_Cell_Prediction_WK/DIR/nhs/TMA 4 Level 16_Core[1,1,14]_[7535,41094]",0.5
"/data_g1/AI_projects/raw_data/PCITB_CRC/HE_raw_images/Tumor/TMA4/TMA 4 Level 16_Core[1,1,15]_[6571,41094].tif",False,"/data_g1/AI_projects/projects/Immune_Cell_Prediction_WK/DIR/nhs/TMA 4 Level 16_Core[1,1,15]_[6571,41094]",0.5
"/data_g1/AI_projects/raw_data/PCITB_CRC/HE_raw_images/Tumor/TMA4/TMA 4 Level 1_Core[1,1,15]_[7349,39771].tif",False,"/data_g1/AI_projects/projects/Immune_Cell_Prediction_WK/DIR/nhs/TMA 4 Level 1_Core[1,1,15]_[7349,39771]",0.5
"/data_g1/AI_projects/raw_data/PCITB_CRC/HE_raw_images/Tumor/TMA4/TMA 4 Level 16_Core[1,1,16]_[5730,41020].tif",False,"/data_g1/AI_projects/projects/Immune_Cell_Prediction_WK/DIR/nhs/TMA 4 Level 16_Core[1,1,16]_[5730,41020]",0.5
"/data_g1/AI_projects/raw_data/PCITB_CRC/HE_raw_images/Tumor/TMA4/TMA 4 Level 1_Core[1,1,16]_[6459,39746].tif",False,"/data_g1/AI_projects/projects/Immune_Cell_Prediction_WK/DIR/nhs/TMA 4 Level 1_Core[1,1,16]_[6459,39746]",0.5
"/data_g1/AI_projects/raw_data/PCITB_CRC/HE_raw_images/Tumor/TMA4/TMA 4 Level 16_Core[1,1,17]_[4815,41193].tif",False,"/data_g1/AI_projects/projects/Immune_Cell_Prediction_WK/DIR/nhs/TMA 4 Level 16_Core[1,1,17]_[4815,41193]",0.5
"/data_g1/AI_projects/raw_data/PCITB_CRC/HE_raw_images/Tumor/TMA4/TMA 4 Level 16_Core[1,1,18]_[3950,41243].tif",False,"/data_g1/AI_projects/projects/Immune_Cell_Prediction_WK/DIR/nhs/TMA 4 Level 16_Core[1,1,18]_[3950,41243]",0.5
"/data_g1/AI_projects/raw_data/PCITB_CRC/HE_raw_images/Tumor/TMA4/TMA 4 Level 1_Core[1,1,19]_[3739,39796].tif",False,"/data_g1/AI_projects/projects/Immune_Cell_Prediction_WK/DIR/nhs/TMA 4 Level 1_Core[1,1,19]_[3739,39796]",0.5
"/data_g1/AI_projects/raw_data/PCITB_CRC/HE_raw_images/Tumor/TMA4/TMA 4 Level 16_Core[1,1,19]_[2985,41243].tif",False,"/data_g1/AI_projects/projects/Immune_Cell_Prediction_WK/DIR/nhs/TMA 4 Level 16_Core[1,1,19]_[2985,41243]",0.5
"/data_g1/AI_projects/raw_data/PCITB_CRC/HE_raw_images/Tumor/TMA4/TMA 4 Level 16_Core[1,1,2]_[18044,41144].tif",False,"/data_g1/AI_projects/projects/Immune_Cell_Prediction_WK/DIR/nhs/TMA 4 Level 16_Core[1,1,2]_[18044,41144]",0.5
"/data_g1/AI_projects/raw_data/PCITB_CRC/HE_raw_images/Tumor/TMA4/TMA 4 Level 1_Core[1,1,2]_[18600,39697].tif",False,"/data_g1/AI_projects/projects/Immune_Cell_Prediction_WK/DIR/nhs/TMA 4 Level 1_Core[1,1,2]_[18600,39697]",0.5
"/data_g1/AI_projects/raw_data/PCITB_CRC/HE_raw_images/Tumor/TMA4/TMA 4 Level 16_Core[1,1,20]_[2095,41342].tif",False,"/data_g1/AI_projects/projects/Immune_Cell_Prediction_WK/DIR/nhs/TMA 4 Level 16_Core[1,1,20]_[2095,41342]",0.5
"/data_g1/AI_projects/raw_data/PCITB_CRC/HE_raw_images/Tumor/TMA4/TMA 4 Level 1_Core[1,1,20]_[2874,39944].tif",False,"/data_g1/AI_projects/projects/Immune_Cell_Prediction_WK/DIR/nhs/TMA 4 Level 1_Core[1,1,20]_[2874,39944]",0.5
"/data_g1/AI_projects/raw_data/PCITB_CRC/HE_raw_images/Tumor/TMA4/TMA 4 Level 16_Core[1,1,3]_[17154,41218].tif",False,"/data_g1/AI_projects/projects/Immune_Cell_Prediction_WK/DIR/nhs/TMA 4 Level 16_Core[1,1,3]_[17154,41218]",0.5
"/data_g1/AI_projects/raw_data/PCITB_CRC/HE_raw_images/Tumor/TMA4/TMA 4 Level 1_Core[1,1,3]_[17735,39845].tif",False,"/data_g1/AI_projects/projects/Immune_Cell_Prediction_WK/DIR/nhs/TMA 4 Level 1_Core[1,1,3]_[17735,39845]",0.5
"/data_g1/AI_projects/raw_data/PCITB_CRC/HE_raw_images/Tumor/TMA4/TMA 4 Level 16_Core[1,1,4]_[16140,41193].tif",False,"/data_g1/AI_projects/projects/Immune_Cell_Prediction_WK/DIR/nhs/TMA 4 Level 16_Core[1,1,4]_[16140,41193]",0.5
"/data_g1/AI_projects/raw_data/PCITB_CRC/HE_raw_images/Tumor/TMA4/TMA 4 Level 1_Core[1,1,4]_[16919,39623].tif",False,"/data_g1/AI_projects/projects/Immune_Cell_Prediction_WK/DIR/nhs/TMA 4 Level 1_Core[1,1,4]_[16919,39623]",0.5
"/data_g1/AI_projects/raw_data/PCITB_CRC/HE_raw_images/Tumor/TMA4/TMA 4 Level 16_Core[1,1,5]_[15374,41144].tif",False,"/data_g1/AI_projects/projects/Immune_Cell_Prediction_WK/DIR/nhs/TMA 4 Level 16_Core[1,1,5]_[15374,41144]",0.5
"/data_g1/AI_projects/raw_data/PCITB_CRC/HE_raw_images/Tumor/TMA4/TMA 4 Level 1_Core[1,1,5]_[15955,39697].tif",False,"/data_g1/AI_projects/projects/Immune_Cell_Prediction_WK/DIR/nhs/TMA 4 Level 1_Core[1,1,5]_[15955,39697]",0.5
"/data_g1/AI_projects/raw_data/PCITB_CRC/HE_raw_images/Tumor/TMA4/TMA 4 Level 1_Core[1,1,7]_[14347,39623].tif",False,"/data_g1/AI_projects/projects/Immune_Cell_Prediction_WK/DIR/nhs/TMA 4 Level 1_Core[1,1,7]_[14347,39623]",0.5
"/data_g1/AI_projects/raw_data/PCITB_CRC/HE_raw_images/Tumor/TMA4/TMA 4 Level 16_Core[1,1,7]_[13668,41070].tif",False,"/data_g1/AI_projects/projects/Immune_Cell_Prediction_WK/DIR/nhs/TMA 4 Level 16_Core[1,1,7]_[13668,41070]",0.5
"/data_g1/AI_projects/raw_data/PCITB_CRC/HE_raw_images/Tumor/TMA4/TMA 4 Level 16_Core[1,1,8]_[12852,40996].tif",False,"/data_g1/AI_projects/projects/Immune_Cell_Prediction_WK/DIR/nhs/TMA 4 Level 16_Core[1,1,8]_[12852,40996]",0.5
"/data_g1/AI_projects/raw_data/PCITB_CRC/HE_raw_images/Tumor/TMA4/TMA 4 Level 1_Core[1,1,8]_[13349,39533].tif",False,"/data_g1/AI_projects/projects/Immune_Cell_Prediction_WK/DIR/nhs/TMA 4 Level 1_Core[1,1,8]_[13349,39533]",0.5
"/data_g1/AI_projects/raw_data/PCITB_CRC/HE_raw_images/Tumor/TMA4/TMA 4 Level 16_Core[1,1,9]_[11788,41020].tif",False,"/data_g1/AI_projects/projects/Immune_Cell_Prediction_WK/DIR/nhs/TMA 4 Level 16_Core[1,1,9]_[11788,41020]",0.5
"/data_g1/AI_projects/raw_data/PCITB_CRC/HE_raw_images/Tumor/TMA4/TMA 4 Level 1_Core[1,1,9]_[12270,39499].tif",False,"/data_g1/AI_projects/projects/Immune_Cell_Prediction_WK/DIR/nhs/TMA 4 Level 1_Core[1,1,9]_[12270,39499]",0.5
"/data_g1/AI_projects/raw_data/PCITB_CRC/HE_raw_images/Tumor/TMA4/TMA 4 Level 1_Core[1,10,1]_[20307,47437].tif",False,"/data_g1/AI_projects/projects/Immune_Cell_Prediction_WK/DIR/nhs/TMA 4 Level 1_Core[1,10,1]_[20307,47437]",0.5
"/data_g1/AI_projects/raw_data/PCITB_CRC/HE_raw_images/Tumor/TMA4/TMA 4 Level 16_Core[1,10,1]_[19751,48587].tif",False,"/data_g1/AI_projects/projects/Immune_Cell_Prediction_WK/DIR/nhs/TMA 4 Level 16_Core[1,10,1]_[19751,48587]",0.5
"/data_g1/AI_projects/raw_data/PCITB_CRC/HE_raw_images/Tumor/TMA4/TMA 4 Level 1_Core[1,10,10]_[12073,47091].tif",False,"/data_g1/AI_projects/projects/Immune_Cell_Prediction_WK/DIR/nhs/TMA 4 Level 1_Core[1,10,10]_[12073,47091]",0.5
"/data_g1/AI_projects/raw_data/PCITB_CRC/HE_raw_images/Tumor/TMA4/TMA 4 Level 16_Core[1,10,10]_[11220,48241].tif",False,"/data_g1/AI_projects/projects/Immune_Cell_Prediction_WK/DIR/nhs/TMA 4 Level 16_Core[1,10,10]_[11220,48241]",0.5
"/data_g1/AI_projects/raw_data/PCITB_CRC/HE_raw_images/Tumor/TMA4/TMA 4 Level 1_Core[1,10,12]_[9996,47536].tif",False,"/data_g1/AI_projects/projects/Immune_Cell_Prediction_WK/DIR/nhs/TMA 4 Level 1_Core[1,10,12]_[9996,47536]",0.5
"/data_g1/AI_projects/raw_data/PCITB_CRC/HE_raw_images/Tumor/TMA4/TMA 4 Level 16_Core[1,10,12]_[9093,48513].tif",False,"/data_g1/AI_projects/projects/Immune_Cell_Prediction_WK/DIR/nhs/TMA 4 Level 16_Core[1,10,12]_[9093,48513]",0.5
"/data_g1/AI_projects/raw_data/PCITB_CRC/HE_raw_images/Tumor/TMA4/TMA 4 Level 16_Core[1,10,13]_[8203,48538].tif",False,"/data_g1/AI_projects/projects/Immune_Cell_Prediction_WK/DIR/nhs/TMA 4 Level 16_Core[1,10,13]_[8203,48538]",0.5
"/data_g1/AI_projects/raw_data/PCITB_CRC/HE_raw_images/Tumor/TMA4/TMA 4 Level 16_Core[1,10,14]_[7362,48364].tif",False,"/data_g1/AI_projects/projects/Immune_Cell_Prediction_WK/DIR/nhs/TMA 4 Level 16_Core[1,10,14]_[7362,48364]",0.5
"/data_g1/AI_projects/raw_data/PCITB_CRC/HE_raw_images/Tumor/TMA4/TMA 4 Level 1_Core[1,10,14]_[8116,47239].tif",False,"/data_g1/AI_projects/projects/Immune_Cell_Prediction_WK/DIR/nhs/TMA 4 Level 1_Core[1,10,14]_[8116,47239]",0.5
"/data_g1/AI_projects/raw_data/PCITB_CRC/HE_raw_images/Tumor/TMA4/TMA 4 Level 1_Core[1,10,15]_[7147,47454].tif",False,"/data_g1/AI_projects/projects/Immune_Cell_Prediction_WK/DIR/nhs/TMA 4 Level 1_Core[1,10,15]_[7147,47454]",0.5
"/data_g1/AI_projects/raw_data/PCITB_CRC/HE_raw_images/Tumor/TMA4/TMA 4 Level 16_Core[1,10,15]_[6442,48579].tif",False,"/data_g1/AI_projects/projects/Immune_Cell_Prediction_WK/DIR/nhs/TMA 4 Level 16_Core[1,10,15]_[6442,48579]",0.5
"/data_g1/AI_projects/raw_data/PCITB_CRC/HE_raw_images/Tumor/TMA4/TMA 4 Level 16_Core[1,10,16]_[5483,48513].tif",False,"/data_g1/AI_projects/projects/Immune_Cell_Prediction_WK/DIR/nhs/TMA 4 Level 16_Core[1,10,16]_[5483,48513]",0.5
"/data_g1/AI_projects/raw_data/PCITB_CRC/HE_raw_images/Tumor/TMA4/TMA 4 Level 1_Core[1,10,16]_[6286,47536].tif",False,"/data_g1/AI_projects/projects/Immune_Cell_Prediction_WK/DIR/nhs/TMA 4 Level 1_Core[1,10,16]_[6286,47536]",0.5
"/data_g1/AI_projects/raw_data/PCITB_CRC/HE_raw_images/Tumor/TMA4/TMA 4 Level 16_Core[1,10,17]_[4593,48488].tif",False,"/data_g1/AI_projects/projects/Immune_Cell_Prediction_WK/DIR/nhs/TMA 4 Level 16_Core[1,10,17]_[4593,48488]",0.5
"/data_g1/AI_projects/raw_data/PCITB_CRC/HE_raw_images/Tumor/TMA4/TMA 4 Level 1_Core[1,10,17]_[5396,47487].tif",False,"/data_g1/AI_projects/projects/Immune_Cell_Prediction_WK/DIR/nhs/TMA 4 Level 1_Core[1,10,17]_[5396,47487]",0.5
"/data_g1/AI_projects/raw_data/PCITB_CRC/HE_raw_images/Tumor/TMA4/TMA 4 Level 1_Core[1,10,18]_[4382,47511].tif",False,"/data_g1/AI_projects/projects/Immune_Cell_Prediction_WK/DIR/nhs/TMA 4 Level 1_Core[1,10,18]_[4382,47511]",0.5
"/data_g1/AI_projects/raw_data/PCITB_CRC/HE_raw_images/Tumor/TMA4/TMA 4 Level 16_Core[1,10,18]_[3653,48488].tif",False,"/data_g1/AI_projects/projects/Immune_Cell_Prediction_WK/DIR/nhs/TMA 4 Level 16_Core[1,10,18]_[3653,48488]",0.5
"/data_g1/AI_projects/raw_data/PCITB_CRC/HE_raw_images/Tumor/TMA4/TMA 4 Level 16_Core[1,10,19]_[2688,48661].tif",False,"/data_g1/AI_projects/projects/Immune_Cell_Prediction_WK/DIR/nhs/TMA 4 Level 16_Core[1,10,19]_[2688,48661]",0.5
"/data_g1/AI_projects/raw_data/PCITB_CRC/HE_raw_images/Tumor/TMA4/TMA 4 Level 1_Core[1,10,19]_[3517,47660].tif",False,"/data_g1/AI_projects/projects/Immune_Cell_Prediction_WK/DIR/nhs/TMA 4 Level 1_Core[1,10,19]_[3517,47660]",0.5
"/data_g1/AI_projects/raw_data/PCITB_CRC/HE_raw_images/Tumor/TMA4/TMA 4 Level 1_Core[1,10,2]_[19268,47239].tif",False,"/data_g1/AI_projects/projects/Immune_Cell_Prediction_WK/DIR/nhs/TMA 4 Level 1_Core[1,10,2]_[19268,47239]",0.5
"/data_g1/AI_projects/raw_data/PCITB_CRC/HE_raw_images/Tumor/TMA4/TMA 4 Level 16_Core[1,10,2]_[18490,48463].tif",False,"/data_g1/AI_projects/projects/Immune_Cell_Prediction_WK/DIR/nhs/TMA 4 Level 16_Core[1,10,2]_[18490,48463]",0.5
"/data_g1/AI_projects/raw_data/PCITB_CRC/HE_raw_images/Tumor/TMA4/TMA 4 Level 1_Core[1,10,20]_[2404,47635].tif",False,"/data_g1/AI_projects/projects/Immune_Cell_Prediction_WK/DIR/nhs/TMA 4 Level 1_Core[1,10,20]_[2404,47635]",0.5
"/data_g1/AI_projects/raw_data/PCITB_CRC/HE_raw_images/Tumor/TMA4/TMA 4 Level 16_Core[1,10,20]_[1675,48587].tif",False,"/data_g1/AI_projects/projects/Immune_Cell_Prediction_WK/DIR/nhs/TMA 4 Level 16_Core[1,10,20]_[1675,48587]",0.5
"/data_g1/AI_projects/raw_data/PCITB_CRC/HE_raw_images/Tumor/TMA4/TMA 4 Level 1_Core[1,10,3]_[18230,47338].tif",False,"/data_g1/AI_projects/projects/Immune_Cell_Prediction_WK/DIR/nhs/TMA 4 Level 1_Core[1,10,3]_[18230,47338]",0.5
"/data_g1/AI_projects/raw_data/PCITB_CRC/HE_raw_images/Tumor/TMA4/TMA 4 Level 16_Core[1,10,3]_[17575,48513].tif",False,"/data_g1/AI_projects/projects/Immune_Cell_Prediction_WK/DIR/nhs/TMA 4 Level 16_Core[1,10,3]_[17575,48513]",0.5
"/data_g1/AI_projects/raw_data/PCITB_CRC/HE_raw_images/Tumor/TMA4/TMA 4 Level 1_Core[1,10,6]_[15609,47215].tif",False,"/data_g1/AI_projects/projects/Immune_Cell_Prediction_WK/DIR/nhs/TMA 4 Level 1_Core[1,10,6]_[15609,47215]",0.5
"/data_g1/AI_projects/raw_data/PCITB_CRC/HE_raw_images/Tumor/TMA4/TMA 4 Level 16_Core[1,10,6]_[14879,48463].tif",False,"/data_g1/AI_projects/projects/Immune_Cell_Prediction_WK/DIR/nhs/TMA 4 Level 16_Core[1,10,6]_[14879,48463]",0.5
"/data_g1/AI_projects/raw_data/PCITB_CRC/HE_raw_images/Tumor/TMA4/TMA 4 Level 1_Core[1,10,7]_[14694,47338].tif",False,"/data_g1/AI_projects/projects/Immune_Cell_Prediction_WK/DIR/nhs/TMA 4 Level 1_Core[1,10,7]_[14694,47338]",0.5
"/data_g1/AI_projects/raw_data/PCITB_CRC/HE_raw_images/Tumor/TMA4/TMA 4 Level 16_Core[1,10,7]_[13964,48463].tif",False,"/data_g1/AI_projects/projects/Immune_Cell_Prediction_WK/DIR/nhs/TMA 4 Level 16_Core[1,10,7]_[13964,48463]",0.5
"/data_g1/AI_projects/raw_data/PCITB_CRC/HE_raw_images/Tumor/TMA4/TMA 4 Level 16_Core[1,10,8]_[12901,48661].tif",False,"/data_g1/AI_projects/projects/Immune_Cell_Prediction_WK/DIR/nhs/TMA 4 Level 16_Core[1,10,8]_[12901,48661]",0.5
"/data_g1/AI_projects/raw_data/PCITB_CRC/HE_raw_images/Tumor/TMA4/TMA 4 Level 1_Core[1,10,8]_[13730,47487].tif",False,"/data_g1/AI_projects/projects/Immune_Cell_Prediction_WK/DIR/nhs/TMA 4 Level 1_Core[1,10,8]_[13730,47487]",0.5
"/data_g1/AI_projects/raw_data/PCITB_CRC/HE_raw_images/Tumor/TMA4/TMA 4 Level 16_Core[1,10,9]_[12233,48488].tif",False,"/data_g1/AI_projects/projects/Immune_Cell_Prediction_WK/DIR/nhs/TMA 4 Level 16_Core[1,10,9]_[12233,48488]",0.5
"/data_g1/AI_projects/raw_data/PCITB_CRC/HE_raw_images/Tumor/TMA4/TMA 4 Level 1_Core[1,10,9]_[12938,47388].tif",False,"/data_g1/AI_projects/projects/Immune_Cell_Prediction_WK/DIR/nhs/TMA 4 Level 1_Core[1,10,9]_[12938,47388]",0.5
"/data_g1/AI_projects/raw_data/PCITB_CRC/HE_raw_images/Tumor/TMA4/TMA 4 Level 16_Core[1,11,12]_[9217,49378].tif",False,"/data_g1/AI_projects/projects/Immune_Cell_Prediction_WK/DIR/nhs/TMA 4 Level 16_Core[1,11,12]_[9217,49378]",0.5
"/data_g1/AI_projects/raw_data/PCITB_CRC/HE_raw_images/Tumor/TMA4/TMA 4 Level 1_Core[1,11,12]_[9921,48402].tif",False,"/data_g1/AI_projects/projects/Immune_Cell_Prediction_WK/DIR/nhs/TMA 4 Level 1_Core[1,11,12]_[9921,48402]",0.5
"/data_g1/AI_projects/raw_data/PCITB_CRC/HE_raw_images/Tumor/TMA4/TMA 4 Level 16_Core[1,11,14]_[7263,49452].tif",False,"/data_g1/AI_projects/projects/Immune_Cell_Prediction_WK/DIR/nhs/TMA 4 Level 16_Core[1,11,14]_[7263,49452]",0.5
"/data_g1/AI_projects/raw_data/PCITB_CRC/HE_raw_images/Tumor/TMA4/TMA 4 Level 16_Core[1,11,18]_[3579,49354].tif",False,"/data_g1/AI_projects/projects/Immune_Cell_Prediction_WK/DIR/nhs/TMA 4 Level 16_Core[1,11,18]_[3579,49354]",0.5
"/data_g1/AI_projects/raw_data/PCITB_CRC/HE_raw_images/Tumor/TMA4/TMA 4 Level 1_Core[1,11,18]_[4358,48402].tif",False,"/data_g1/AI_projects/projects/Immune_Cell_Prediction_WK/DIR/nhs/TMA 4 Level 1_Core[1,11,18]_[4358,48402]",0.5
"/data_g1/AI_projects/raw_data/PCITB_CRC/HE_raw_images/Tumor/TMA4/TMA 4 Level 16_Core[1,11,2]_[18687,49354].tif",False,"/data_g1/AI_projects/projects/Immune_Cell_Prediction_WK/DIR/nhs/TMA 4 Level 16_Core[1,11,2]_[18687,49354]",0.5
"/data_g1/AI_projects/raw_data/PCITB_CRC/HE_raw_images/Tumor/TMA4/TMA 4 Level 1_Core[1,11,2]_[19293,48228].tif",False,"/data_g1/AI_projects/projects/Immune_Cell_Prediction_WK/DIR/nhs/TMA 4 Level 1_Core[1,11,2]_[19293,48228]",0.5
"/data_g1/AI_projects/raw_data/PCITB_CRC/HE_raw_images/Tumor/TMA4/TMA 4 Level 16_Core[1,11,20]_[1683,49389].tif",False,"/data_g1/AI_projects/projects/Immune_Cell_Prediction_WK/DIR/nhs/TMA 4 Level 16_Core[1,11,20]_[1683,49389]",0.5
"/data_g1/AI_projects/raw_data/PCITB_CRC/HE_raw_images/Tumor/TMA4/TMA 4 Level 1_Core[1,11,6]_[15732,48130].tif",False,"/data_g1/AI_projects/projects/Immune_Cell_Prediction_WK/DIR/nhs/TMA 4 Level 1_Core[1,11,6]_[15732,48130]",0.5
"/data_g1/AI_projects/raw_data/PCITB_CRC/HE_raw_images/Tumor/TMA4/TMA 4 Level 16_Core[1,11,6]_[14904,49329].tif",False,"/data_g1/AI_projects/projects/Immune_Cell_Prediction_WK/DIR/nhs/TMA 4 Level 16_Core[1,11,6]_[14904,49329]",0.5
"/data_g1/AI_projects/raw_data/PCITB_CRC/HE_raw_images/Tumor/TMA4/TMA 4 Level 1_Core[1,11,8]_[13853,48278].tif",False,"/data_g1/AI_projects/projects/Immune_Cell_Prediction_WK/DIR/nhs/TMA 4 Level 1_Core[1,11,8]_[13853,48278]",0.5
"/data_g1/AI_projects/raw_data/PCITB_CRC/HE_raw_images/Tumor/TMA4/TMA 4 Level 16_Core[1,11,8]_[13124,49403].tif",False,"/data_g1/AI_projects/projects/Immune_Cell_Prediction_WK/DIR/nhs/TMA 4 Level 16_Core[1,11,8]_[13124,49403]",0.5
"/data_g1/AI_projects/raw_data/PCITB_CRC/HE_raw_images/Tumor/TMA4/TMA 4 Level 1_Core[1,12,1]_[20307,49218].tif",False,"/data_g1/AI_projects/projects/Immune_Cell_Prediction_WK/DIR/nhs/TMA 4 Level 1_Core[1,12,1]_[20307,49218]",0.5
"/data_g1/AI_projects/raw_data/PCITB_CRC/HE_raw_images/Tumor/TMA4/TMA 4 Level 16_Core[1,12,1]_[19701,50367].tif",False,"/data_g1/AI_projects/projects/Immune_Cell_Prediction_WK/DIR/nhs/TMA 4 Level 16_Core[1,12,1]_[19701,50367]",0.5
"/data_g1/AI_projects/raw_data/PCITB_CRC/HE_raw_images/Tumor/TMA4/TMA 4 Level 1_Core[1,12,10]_[11998,49292].tif",False,"/data_g1/AI_projects/projects/Immune_Cell_Prediction_WK/DIR/nhs/TMA 4 Level 1_Core[1,12,10]_[11998,49292]",0.5
"/data_g1/AI_projects/raw_data/PCITB_CRC/HE_raw_images/Tumor/TMA4/TMA 4 Level 16_Core[1,12,10]_[11244,50343].tif",False,"/data_g1/AI_projects/projects/Immune_Cell_Prediction_WK/DIR/nhs/TMA 4 Level 16_Core[1,12,10]_[11244,50343]",0.5
"/data_g1/AI_projects/raw_data/PCITB_CRC/HE_raw_images/Tumor/TMA4/TMA 4 Level 16_Core[1,12,11]_[10132,50244].tif",False,"/data_g1/AI_projects/projects/Immune_Cell_Prediction_WK/DIR/nhs/TMA 4 Level 16_Core[1,12,11]_[10132,50244]",0.5
"/data_g1/AI_projects/raw_data/PCITB_CRC/HE_raw_images/Tumor/TMA4/TMA 4 Level 16_Core[1,12,12]_[9241,50219].tif",False,"/data_g1/AI_projects/projects/Immune_Cell_Prediction_WK/DIR/nhs/TMA 4 Level 16_Core[1,12,12]_[9241,50219]",0.5
"/data_g1/AI_projects/raw_data/PCITB_CRC/HE_raw_images/Tumor/TMA4/TMA 4 Level 1_Core[1,12,12]_[9971,49292].tif",False,"/data_g1/AI_projects/projects/Immune_Cell_Prediction_WK/DIR/nhs/TMA 4 Level 1_Core[1,12,12]_[9971,49292]",0.5
"/data_g1/AI_projects/raw_data/PCITB_CRC/HE_raw_images/Tumor/TMA4/TMA 4 Level 16_Core[1,12,13]_[8326,50219].tif",False,"/data_g1/AI_projects/projects/Immune_Cell_Prediction_WK/DIR/nhs/TMA 4 Level 16_Core[1,12,13]_[8326,50219]",0.5
"/data_g1/AI_projects/raw_data/PCITB_CRC/HE_raw_images/Tumor/TMA4/TMA 4 Level 1_Core[1,12,13]_[8982,49267].tif",False,"/data_g1/AI_projects/projects/Immune_Cell_Prediction_WK/DIR/nhs/TMA 4 Level 1_Core[1,12,13]_[8982,49267]",0.5
"/data_g1/AI_projects/raw_data/PCITB_CRC/HE_raw_images/Tumor/TMA4/TMA 4 Level 1_Core[1,12,14]_[8116,49341].tif",False,"/data_g1/AI_projects/projects/Immune_Cell_Prediction_WK/DIR/nhs/TMA 4 Level 1_Core[1,12,14]_[8116,49341]",0.5
"/data_g1/AI_projects/raw_data/PCITB_CRC/HE_raw_images/Tumor/TMA4/TMA 4 Level 16_Core[1,12,14]_[7362,50293].tif",False,"/data_g1/AI_projects/projects/Immune_Cell_Prediction_WK/DIR/nhs/TMA 4 Level 16_Core[1,12,14]_[7362,50293]",0.5
"/data_g1/AI_projects/raw_data/PCITB_CRC/HE_raw_images/Tumor/TMA4/TMA 4 Level 1_Core[1,12,15]_[7152,49366].tif",False,"/data_g1/AI_projects/projects/Immune_Cell_Prediction_WK/DIR/nhs/TMA 4 Level 1_Core[1,12,15]_[7152,49366]",0.5
"/data_g1/AI_projects/raw_data/PCITB_CRC/HE_raw_images/Tumor/TMA4/TMA 4 Level 16_Core[1,12,15]_[6422,50268].tif",False,"/data_g1/AI_projects/projects/Immune_Cell_Prediction_WK/DIR/nhs/TMA 4 Level 16_Core[1,12,15]_[6422,50268]",0.5
"/data_g1/AI_projects/raw_data/PCITB_CRC/HE_raw_images/Tumor/TMA4/TMA 4 Level 16_Core[1,12,17]_[4593,50244].tif",False,"/data_g1/AI_projects/projects/Immune_Cell_Prediction_WK/DIR/nhs/TMA 4 Level 16_Core[1,12,17]_[4593,50244]",0.5
"/data_g1/AI_projects/raw_data/PCITB_CRC/HE_raw_images/Tumor/TMA4/TMA 4 Level 1_Core[1,12,17]_[5396,49366].tif",False,"/data_g1/AI_projects/projects/Immune_Cell_Prediction_WK/DIR/nhs/TMA 4 Level 1_Core[1,12,17]_[5396,49366]",0.5
"/data_g1/AI_projects/raw_data/PCITB_CRC/HE_raw_images/Tumor/TMA4/TMA 4 Level 16_Core[1,12,18]_[3727,50268].tif",False,"/data_g1/AI_projects/projects/Immune_Cell_Prediction_WK/DIR/nhs/TMA 4 Level 16_Core[1,12,18]_[3727,50268]",0.5
"/data_g1/AI_projects/raw_data/PCITB_CRC/HE_raw_images/Tumor/TMA4/TMA 4 Level 16_Core[1,12,19]_[2911,50244].tif",False,"/data_g1/AI_projects/projects/Immune_Cell_Prediction_WK/DIR/nhs/TMA 4 Level 16_Core[1,12,19]_[2911,50244]",0.5
"/data_g1/AI_projects/raw_data/PCITB_CRC/HE_raw_images/Tumor/TMA4/TMA 4 Level 1_Core[1,12,2]_[19219,49193].tif",False,"/data_g1/AI_projects/projects/Immune_Cell_Prediction_WK/DIR/nhs/TMA 4 Level 1_Core[1,12,2]_[19219,49193]",0.5
"/data_g1/AI_projects/raw_data/PCITB_CRC/HE_raw_images/Tumor/TMA4/TMA 4 Level 16_Core[1,12,2]_[18638,50293].tif",False,"/data_g1/AI_projects/projects/Immune_Cell_Prediction_WK/DIR/nhs/TMA 4 Level 16_Core[1,12,2]_[18638,50293]",0.5
"/data_g1/AI_projects/raw_data/PCITB_CRC/HE_raw_images/Tumor/TMA4/TMA 4 Level 1_Core[1,12,20]_[2503,49245].tif",False,"/data_g1/AI_projects/projects/Immune_Cell_Prediction_WK/DIR/nhs/TMA 4 Level 1_Core[1,12,20]_[2503,49245]",0.5
"/data_g1/AI_projects/raw_data/PCITB_CRC/HE_raw_images/Tumor/TMA4/TMA 4 Level 1_Core[1,12,3]_[18279,49119].tif",False,"/data_g1/AI_projects/projects/Immune_Cell_Prediction_WK/DIR/nhs/TMA 4 Level 1_Core[1,12,3]_[18279,49119]",0.5
"/data_g1/AI_projects/raw_data/PCITB_CRC/HE_raw_images/Tumor/TMA4/TMA 4 Level 16_Core[1,12,3]_[17575,50244].tif",False,"/data_g1/AI_projects/projects/Immune_Cell_Prediction_WK/DIR/nhs/TMA 4 Level 16_Core[1,12,3]_[17575,50244]",0.5
"/data_g1/AI_projects/raw_data/PCITB_CRC/HE_raw_images/Tumor/TMA4/TMA 4 Level 1_Core[1,12,5]_[16573,49143].tif",False,"/data_g1/AI_projects/projects/Immune_Cell_Prediction_WK/DIR/nhs/TMA 4 Level 1_Core[1,12,5]_[16573,49143]",0.5
"/data_g1/AI_projects/raw_data/PCITB_CRC/HE_raw_images/Tumor/TMA4/TMA 4 Level 16_Core[1,12,5]_[15794,50170].tif",False,"/data_g1/AI_projects/projects/Immune_Cell_Prediction_WK/DIR/nhs/TMA 4 Level 16_Core[1,12,5]_[15794,50170]",0.5
"/data_g1/AI_projects/raw_data/PCITB_CRC/HE_raw_images/Tumor/TMA4/TMA 4 Level 1_Core[1,12,6]_[15584,49218].tif",False,"/data_g1/AI_projects/projects/Immune_Cell_Prediction_WK/DIR/nhs/TMA 4 Level 1_Core[1,12,6]_[15584,49218]",0.5
"/data_g1/AI_projects/raw_data/PCITB_CRC/HE_raw_images/Tumor/TMA4/TMA 4 Level 16_Core[1,12,6]_[14879,50244].tif",False,"/data_g1/AI_projects/projects/Immune_Cell_Prediction_WK/DIR/nhs/TMA 4 Level 16_Core[1,12,6]_[14879,50244]",0.5
"/data_g1/AI_projects/raw_data/PCITB_CRC/HE_raw_images/Tumor/TMA4/TMA 4 Level 1_Core[1,12,7]_[14694,49094].tif",False,"/data_g1/AI_projects/projects/Immune_Cell_Prediction_WK/DIR/nhs/TMA 4 Level 1_Core[1,12,7]_[14694,49094]",0.5
"/data_g1/AI_projects/raw_data/PCITB_CRC/HE_raw_images/Tumor/TMA4/TMA 4 Level 16_Core[1,12,7]_[13940,50170].tif",False,"/data_g1/AI_projects/projects/Immune_Cell_Prediction_WK/DIR/nhs/TMA 4 Level 16_Core[1,12,7]_[13940,50170]",0.5
"/data_g1/AI_projects/raw_data/PCITB_CRC/HE_raw_images/Tumor/TMA4/TMA 4 Level 1_Core[1,12,8]_[13828,49168].tif",False,"/data_g1/AI_projects/projects/Immune_Cell_Prediction_WK/DIR/nhs/TMA 4 Level 1_Core[1,12,8]_[13828,49168]",0.5
"/data_g1/AI_projects/raw_data/PCITB_CRC/HE_raw_images/Tumor/TMA4/TMA 4 Level 16_Core[1,12,8]_[13099,50268].tif",False,"/data_g1/AI_projects/projects/Immune_Cell_Prediction_WK/DIR/nhs/TMA 4 Level 16_Core[1,12,8]_[13099,50268]",0.5
"/data_g1/AI_projects/raw_data/PCITB_CRC/HE_raw_images/Tumor/TMA4/TMA 4 Level 16_Core[1,12,9]_[12134,50293].tif",False,"/data_g1/AI_projects/projects/Immune_Cell_Prediction_WK/DIR/nhs/TMA 4 Level 16_Core[1,12,9]_[12134,50293]",0.5
"/data_g1/AI_projects/raw_data/PCITB_CRC/HE_raw_images/Tumor/TMA4/TMA 4 Level 1_Core[1,12,9]_[12938,49218].tif",False,"/data_g1/AI_projects/projects/Immune_Cell_Prediction_WK/DIR/nhs/TMA 4 Level 1_Core[1,12,9]_[12938,49218]",0.5
"/data_g1/AI_projects/raw_data/PCITB_CRC/HE_raw_images/Tumor/TMA4/TMA 4 Level 1_Core[1,13,1]_[20356,50108].tif",False,"/data_g1/AI_projects/projects/Immune_Cell_Prediction_WK/DIR/nhs/TMA 4 Level 1_Core[1,13,1]_[20356,50108]",0.5
"/data_g1/AI_projects/raw_data/PCITB_CRC/HE_raw_images/Tumor/TMA4/TMA 4 Level 16_Core[1,13,1]_[19602,51208].tif",False,"/data_g1/AI_projects/projects/Immune_Cell_Prediction_WK/DIR/nhs/TMA 4 Level 16_Core[1,13,1]_[19602,51208]",0.5
"/data_g1/AI_projects/raw_data/PCITB_CRC/HE_raw_images/Tumor/TMA4/TMA 4 Level 16_Core[1,13,11]_[10181,51159].tif",False,"/data_g1/AI_projects/projects/Immune_Cell_Prediction_WK/DIR/nhs/TMA 4 Level 16_Core[1,13,11]_[10181,51159]",0.5
"/data_g1/AI_projects/raw_data/PCITB_CRC/HE_raw_images/Tumor/TMA4/TMA 4 Level 1_Core[1,13,11]_[10960,50108].tif",False,"/data_g1/AI_projects/projects/Immune_Cell_Prediction_WK/DIR/nhs/TMA 4 Level 1_Core[1,13,11]_[10960,50108]",0.5
"/data_g1/AI_projects/raw_data/PCITB_CRC/HE_raw_images/Tumor/TMA4/TMA 4 Level 16_Core[1,13,13]_[8277,51159].tif",False,"/data_g1/AI_projects/projects/Immune_Cell_Prediction_WK/DIR/nhs/TMA 4 Level 16_Core[1,13,13]_[8277,51159]",0.5
"/data_g1/AI_projects/raw_data/PCITB_CRC/HE_raw_images/Tumor/TMA4/TMA 4 Level 1_Core[1,13,15]_[7127,50256].tif",False,"/data_g1/AI_projects/projects/Immune_Cell_Prediction_WK/DIR/nhs/TMA 4 Level 1_Core[1,13,15]_[7127,50256]",0.5
"/data_g1/AI_projects/raw_data/PCITB_CRC/HE_raw_images/Tumor/TMA4/TMA 4 Level 16_Core[1,13,15]_[6409,51155].tif",False,"/data_g1/AI_projects/projects/Immune_Cell_Prediction_WK/DIR/nhs/TMA 4 Level 16_Core[1,13,15]_[6409,51155]",0.5
"/data_g1/AI_projects/raw_data/PCITB_CRC/HE_raw_images/Tumor/TMA4/TMA 4 Level 1_Core[1,13,16]_[6237,50306].tif",False,"/data_g1/AI_projects/projects/Immune_Cell_Prediction_WK/DIR/nhs/TMA 4 Level 1_Core[1,13,16]_[6237,50306]",0.5
"/data_g1/AI_projects/raw_data/PCITB_CRC/HE_raw_images/Tumor/TMA4/TMA 4 Level 16_Core[1,13,16]_[5532,51183].tif",False,"/data_g1/AI_projects/projects/Immune_Cell_Prediction_WK/DIR/nhs/TMA 4 Level 16_Core[1,13,16]_[5532,51183]",0.5
"/data_g1/AI_projects/raw_data/PCITB_CRC/HE_raw_images/Tumor/TMA4/TMA 4 Level 16_Core[1,13,17]_[4568,51060].tif",False,"/data_g1/AI_projects/projects/Immune_Cell_Prediction_WK/DIR/nhs/TMA 4 Level 16_Core[1,13,17]_[4568,51060]",0.5
"/data_g1/AI_projects/raw_data/PCITB_CRC/HE_raw_images/Tumor/TMA4/TMA 4 Level 1_Core[1,13,17]_[5322,50231].tif",False,"/data_g1/AI_projects/projects/Immune_Cell_Prediction_WK/DIR/nhs/TMA 4 Level 1_Core[1,13,17]_[5322,50231]",0.5
"/data_g1/AI_projects/raw_data/PCITB_CRC/HE_raw_images/Tumor/TMA4/TMA 4 Level 16_Core[1,13,20]_[1699,51134].tif",False,"/data_g1/AI_projects/projects/Immune_Cell_Prediction_WK/DIR/nhs/TMA 4 Level 16_Core[1,13,20]_[1699,51134]",0.5
"/data_g1/AI_projects/raw_data/PCITB_CRC/HE_raw_images/Tumor/TMA4/TMA 4 Level 16_Core[1,13,3]_[17575,51183].tif",False,"/data_g1/AI_projects/projects/Immune_Cell_Prediction_WK/DIR/nhs/TMA 4 Level 16_Core[1,13,3]_[17575,51183]",0.5
"/data_g1/AI_projects/raw_data/PCITB_CRC/HE_raw_images/Tumor/TMA4/TMA 4 Level 16_Core[1,13,5]_[15770,51134].tif",False,"/data_g1/AI_projects/projects/Immune_Cell_Prediction_WK/DIR/nhs/TMA 4 Level 16_Core[1,13,5]_[15770,51134]",0.5
"/data_g1/AI_projects/raw_data/PCITB_CRC/HE_raw_images/Tumor/TMA4/TMA 4 Level 16_Core[1,13,7]_[13915,51109].tif",False,"/data_g1/AI_projects/projects/Immune_Cell_Prediction_WK/DIR/nhs/TMA 4 Level 16_Core[1,13,7]_[13915,51109]",0.5
"/data_g1/AI_projects/raw_data/PCITB_CRC/HE_raw_images/Tumor/TMA4/TMA 4 Level 1_Core[1,13,7]_[14719,50009].tif",False,"/data_g1/AI_projects/projects/Immune_Cell_Prediction_WK/DIR/nhs/TMA 4 Level 1_Core[1,13,7]_[14719,50009]",0.5
"/data_g1/AI_projects/raw_data/PCITB_CRC/HE_raw_images/Tumor/TMA4/TMA 4 Level 1_Core[1,13,9]_[12889,50132].tif",False,"/data_g1/AI_projects/projects/Immune_Cell_Prediction_WK/DIR/nhs/TMA 4 Level 1_Core[1,13,9]_[12889,50132]",0.5
"/data_g1/AI_projects/raw_data/PCITB_CRC/HE_raw_images/Tumor/TMA4/TMA 4 Level 16_Core[1,13,9]_[12110,51183].tif",False,"/data_g1/AI_projects/projects/Immune_Cell_Prediction_WK/DIR/nhs/TMA 4 Level 16_Core[1,13,9]_[12110,51183]",0.5
"/data_g1/AI_projects/raw_data/PCITB_CRC/HE_raw_images/Tumor/TMA4/TMA 4 Level 16_Core[1,15,1]_[19318,52581].tif",False,"/data_g1/AI_projects/projects/Immune_Cell_Prediction_WK/DIR/nhs/TMA 4 Level 16_Core[1,15,1]_[19318,52581]",0.5
"/data_g1/AI_projects/raw_data/PCITB_CRC/HE_raw_images/Tumor/TMA4/TMA 4 Level 1_Core[1,15,10]_[12084,51690].tif",False,"/data_g1/AI_projects/projects/Immune_Cell_Prediction_WK/DIR/nhs/TMA 4 Level 1_Core[1,15,10]_[12084,51690]",0.5
"/data_g1/AI_projects/raw_data/PCITB_CRC/HE_raw_images/Tumor/TMA4/TMA 4 Level 16_Core[1,15,10]_[11207,52729].tif",False,"/data_g1/AI_projects/projects/Immune_Cell_Prediction_WK/DIR/nhs/TMA 4 Level 16_Core[1,15,10]_[11207,52729]",0.5
"/data_g1/AI_projects/raw_data/PCITB_CRC/HE_raw_images/Tumor/TMA4/TMA 4 Level 16_Core[1,15,11]_[10268,52803].tif",False,"/data_g1/AI_projects/projects/Immune_Cell_Prediction_WK/DIR/nhs/TMA 4 Level 16_Core[1,15,11]_[10268,52803]",0.5
"/data_g1/AI_projects/raw_data/PCITB_CRC/HE_raw_images/Tumor/TMA4/TMA 4 Level 1_Core[1,15,11]_[11095,51714].tif",False,"/data_g1/AI_projects/projects/Immune_Cell_Prediction_WK/DIR/nhs/TMA 4 Level 1_Core[1,15,11]_[11095,51714]",0.5
"/data_g1/AI_projects/raw_data/PCITB_CRC/HE_raw_images/Tumor/TMA4/TMA 4 Level 16_Core[1,15,16]_[5594,52556].tif",False,"/data_g1/AI_projects/projects/Immune_Cell_Prediction_WK/DIR/nhs/TMA 4 Level 16_Core[1,15,16]_[5594,52556]",0.5
"/data_g1/AI_projects/raw_data/PCITB_CRC/HE_raw_images/Tumor/TMA4/TMA 4 Level 1_Core[1,15,16]_[6323,51912].tif",False,"/data_g1/AI_projects/projects/Immune_Cell_Prediction_WK/DIR/nhs/TMA 4 Level 1_Core[1,15,16]_[6323,51912]",0.5
"/data_g1/AI_projects/raw_data/PCITB_CRC/HE_raw_images/Tumor/TMA4/TMA 4 Level 1_Core[1,15,17]_[5383,51937].tif",False,"/data_g1/AI_projects/projects/Immune_Cell_Prediction_WK/DIR/nhs/TMA 4 Level 1_Core[1,15,17]_[5383,51937]",0.5
"/data_g1/AI_projects/raw_data/PCITB_CRC/HE_raw_images/Tumor/TMA4/TMA 4 Level 1_Core[1,15,18]_[4468,52061].tif",False,"/data_g1/AI_projects/projects/Immune_Cell_Prediction_WK/DIR/nhs/TMA 4 Level 1_Core[1,15,18]_[4468,52061]",0.5
"/data_g1/AI_projects/raw_data/PCITB_CRC/HE_raw_images/Tumor/TMA4/TMA 4 Level 16_Core[1,15,18]_[3739,52655].tif",False,"/data_g1/AI_projects/projects/Immune_Cell_Prediction_WK/DIR/nhs/TMA 4 Level 16_Core[1,15,18]_[3739,52655]",0.5
"/data_g1/AI_projects/raw_data/PCITB_CRC/HE_raw_images/Tumor/TMA4/TMA 4 Level 16_Core[1,15,2]_[18551,52630].tif",False,"/data_g1/AI_projects/projects/Immune_Cell_Prediction_WK/DIR/nhs/TMA 4 Level 16_Core[1,15,2]_[18551,52630]",0.5
"/data_g1/AI_projects/raw_data/PCITB_CRC/HE_raw_images/Tumor/TMA4/TMA 4 Level 1_Core[1,15,20]_[2614,52160].tif",False,"/data_g1/AI_projects/projects/Immune_Cell_Prediction_WK/DIR/nhs/TMA 4 Level 1_Core[1,15,20]_[2614,52160]",0.5
"/data_g1/AI_projects/raw_data/PCITB_CRC/HE_raw_images/Tumor/TMA4/TMA 4 Level 16_Core[1,15,20]_[1835,52630].tif",False,"/data_g1/AI_projects/projects/Immune_Cell_Prediction_WK/DIR/nhs/TMA 4 Level 16_Core[1,15,20]_[1835,52630]",0.5
"/data_g1/AI_projects/raw_data/PCITB_CRC/HE_raw_images/Tumor/TMA4/TMA 4 Level 16_Core[1,15,3]_[17587,52655].tif",False,"/data_g1/AI_projects/projects/Immune_Cell_Prediction_WK/DIR/nhs/TMA 4 Level 16_Core[1,15,3]_[17587,52655]",0.5
"/data_g1/AI_projects/raw_data/PCITB_CRC/HE_raw_images/Tumor/TMA4/TMA 4 Level 16_Core[1,15,5]_[15708,52605].tif",False,"/data_g1/AI_projects/projects/Immune_Cell_Prediction_WK/DIR/nhs/TMA 4 Level 16_Core[1,15,5]_[15708,52605]",0.5
"/data_g1/AI_projects/raw_data/PCITB_CRC/HE_raw_images/Tumor/TMA4/TMA 4 Level 1_Core[1,15,5]_[16511,51665].tif",False,"/data_g1/AI_projects/projects/Immune_Cell_Prediction_WK/DIR/nhs/TMA 4 Level 1_Core[1,15,5]_[16511,51665]",0.5
"/data_g1/AI_projects/raw_data/PCITB_CRC/HE_raw_images/Tumor/TMA4/TMA 4 Level 16_Core[1,15,6]_[14842,52605].tif",False,"/data_g1/AI_projects/projects/Immune_Cell_Prediction_WK/DIR/nhs/TMA 4 Level 16_Core[1,15,6]_[14842,52605]",0.5
"/data_g1/AI_projects/raw_data/PCITB_CRC/HE_raw_images/Tumor/TMA4/TMA 4 Level 1_Core[1,15,6]_[15695,51665].tif",False,"/data_g1/AI_projects/projects/Immune_Cell_Prediction_WK/DIR/nhs/TMA 4 Level 1_Core[1,15,6]_[15695,51665]",0.5
"/data_g1/AI_projects/raw_data/PCITB_CRC/HE_raw_images/Tumor/TMA4/TMA 4 Level 16_Core[1,15,7]_[13903,52655].tif",False,"/data_g1/AI_projects/projects/Immune_Cell_Prediction_WK/DIR/nhs/TMA 4 Level 16_Core[1,15,7]_[13903,52655]",0.5
"/data_g1/AI_projects/raw_data/PCITB_CRC/HE_raw_images/Tumor/TMA4/TMA 4 Level 1_Core[1,15,8]_[13865,51690].tif",False,"/data_g1/AI_projects/projects/Immune_Cell_Prediction_WK/DIR/nhs/TMA 4 Level 1_Core[1,15,8]_[13865,51690]",0.5
"/data_g1/AI_projects/raw_data/PCITB_CRC/HE_raw_images/Tumor/TMA4/TMA 4 Level 16_Core[1,15,8]_[13037,52655].tif",False,"/data_g1/AI_projects/projects/Immune_Cell_Prediction_WK/DIR/nhs/TMA 4 Level 16_Core[1,15,8]_[13037,52655]",0.5
"/data_g1/AI_projects/raw_data/PCITB_CRC/HE_raw_images/Tumor/TMA4/TMA 4 Level 16_Core[1,15,9]_[12122,52630].tif",False,"/data_g1/AI_projects/projects/Immune_Cell_Prediction_WK/DIR/nhs/TMA 4 Level 16_Core[1,15,9]_[12122,52630]",0.5
"/data_g1/AI_projects/raw_data/PCITB_CRC/HE_raw_images/Tumor/TMA4/TMA 4 Level 1_Core[1,15,9]_[12999,51690].tif",False,"/data_g1/AI_projects/projects/Immune_Cell_Prediction_WK/DIR/nhs/TMA 4 Level 1_Core[1,15,9]_[12999,51690]",0.5
"/data_g1/AI_projects/raw_data/PCITB_CRC/HE_raw_images/Tumor/TMA4/TMA 4 Level 16_Core[1,16,1]_[19442,53619].tif",False,"/data_g1/AI_projects/projects/Immune_Cell_Prediction_WK/DIR/nhs/TMA 4 Level 16_Core[1,16,1]_[19442,53619]",0.5
"/data_g1/AI_projects/raw_data/PCITB_CRC/HE_raw_images/Tumor/TMA4/TMA 4 Level 1_Core[1,16,1]_[20170,52555].tif",False,"/data_g1/AI_projects/projects/Immune_Cell_Prediction_WK/DIR/nhs/TMA 4 Level 1_Core[1,16,1]_[20170,52555]",0.5
"/data_g1/AI_projects/raw_data/PCITB_CRC/HE_raw_images/Tumor/TMA4/TMA 4 Level 1_Core[1,16,11]_[11021,52530].tif",False,"/data_g1/AI_projects/projects/Immune_Cell_Prediction_WK/DIR/nhs/TMA 4 Level 1_Core[1,16,11]_[11021,52530]",0.5
"/data_g1/AI_projects/raw_data/PCITB_CRC/HE_raw_images/Tumor/TMA4/TMA 4 Level 16_Core[1,16,11]_[10243,53570].tif",False,"/data_g1/AI_projects/projects/Immune_Cell_Prediction_WK/DIR/nhs/TMA 4 Level 16_Core[1,16,11]_[10243,53570]",0.5
"/data_g1/AI_projects/raw_data/PCITB_CRC/HE_raw_images/Tumor/TMA4/TMA 4 Level 16_Core[1,16,13]_[8289,53496].tif",False,"/data_g1/AI_projects/projects/Immune_Cell_Prediction_WK/DIR/nhs/TMA 4 Level 16_Core[1,16,13]_[8289,53496]",0.5
"/data_g1/AI_projects/raw_data/PCITB_CRC/HE_raw_images/Tumor/TMA4/TMA 4 Level 1_Core[1,16,13]_[9092,52753].tif",False,"/data_g1/AI_projects/projects/Immune_Cell_Prediction_WK/DIR/nhs/TMA 4 Level 1_Core[1,16,13]_[9092,52753]",0.5
"/data_g1/AI_projects/raw_data/PCITB_CRC/HE_raw_images/Tumor/TMA4/TMA 4 Level 16_Core[1,16,16]_[5742,53397].tif",False,"/data_g1/AI_projects/projects/Immune_Cell_Prediction_WK/DIR/nhs/TMA 4 Level 16_Core[1,16,16]_[5742,53397]",0.5
"/data_g1/AI_projects/raw_data/PCITB_CRC/HE_raw_images/Tumor/TMA4/TMA 4 Level 1_Core[1,16,16]_[6496,52728].tif",False,"/data_g1/AI_projects/projects/Immune_Cell_Prediction_WK/DIR/nhs/TMA 4 Level 1_Core[1,16,16]_[6496,52728]",0.5
"/data_g1/AI_projects/raw_data/PCITB_CRC/HE_raw_images/Tumor/TMA4/TMA 4 Level 1_Core[1,16,18]_[4493,52901].tif",False,"/data_g1/AI_projects/projects/Immune_Cell_Prediction_WK/DIR/nhs/TMA 4 Level 1_Core[1,16,18]_[4493,52901]",0.5
"/data_g1/AI_projects/raw_data/PCITB_CRC/HE_raw_images/Tumor/TMA4/TMA 4 Level 16_Core[1,16,18]_[3715,53496].tif",False,"/data_g1/AI_projects/projects/Immune_Cell_Prediction_WK/DIR/nhs/TMA 4 Level 16_Core[1,16,18]_[3715,53496]",0.5
"/data_g1/AI_projects/raw_data/PCITB_CRC/HE_raw_images/Tumor/TMA4/TMA 4 Level 16_Core[1,16,19]_[2800,53446].tif",False,"/data_g1/AI_projects/projects/Immune_Cell_Prediction_WK/DIR/nhs/TMA 4 Level 16_Core[1,16,19]_[2800,53446]",0.5
"/data_g1/AI_projects/raw_data/PCITB_CRC/HE_raw_images/Tumor/TMA4/TMA 4 Level 1_Core[1,16,19]_[3553,52951].tif",False,"/data_g1/AI_projects/projects/Immune_Cell_Prediction_WK/DIR/nhs/TMA 4 Level 1_Core[1,16,19]_[3553,52951]",0.5
"/data_g1/AI_projects/raw_data/PCITB_CRC/HE_raw_images/Tumor/TMA4/TMA 4 Level 1_Core[1,16,20]_[2713,53000].tif",False,"/data_g1/AI_projects/projects/Immune_Cell_Prediction_WK/DIR/nhs/TMA 4 Level 1_Core[1,16,20]_[2713,53000]",0.5
"/data_g1/AI_projects/raw_data/PCITB_CRC/HE_raw_images/Tumor/TMA4/TMA 4 Level 16_Core[1,16,20]_[1911,53389].tif",False,"/data_g1/AI_projects/projects/Immune_Cell_Prediction_WK/DIR/nhs/TMA 4 Level 16_Core[1,16,20]_[1911,53389]",0.5
"/data_g1/AI_projects/raw_data/PCITB_CRC/HE_raw_images/Tumor/TMA4/TMA 4 Level 16_Core[1,16,3]_[17463,53421].tif",False,"/data_g1/AI_projects/projects/Immune_Cell_Prediction_WK/DIR/nhs/TMA 4 Level 16_Core[1,16,3]_[17463,53421]",0.5
"/data_g1/AI_projects/raw_data/PCITB_CRC/HE_raw_images/Tumor/TMA4/TMA 4 Level 1_Core[1,16,3]_[18192,52481].tif",False,"/data_g1/AI_projects/projects/Immune_Cell_Prediction_WK/DIR/nhs/TMA 4 Level 1_Core[1,16,3]_[18192,52481]",0.5
"/data_g1/AI_projects/raw_data/PCITB_CRC/HE_raw_images/Tumor/TMA4/TMA 4 Level 16_Core[1,16,5]_[15683,53372].tif",False,"/data_g1/AI_projects/projects/Immune_Cell_Prediction_WK/DIR/nhs/TMA 4 Level 16_Core[1,16,5]_[15683,53372]",0.5
"/data_g1/AI_projects/raw_data/PCITB_CRC/HE_raw_images/Tumor/TMA4/TMA 4 Level 1_Core[1,16,7]_[14804,52357].tif",False,"/data_g1/AI_projects/projects/Immune_Cell_Prediction_WK/DIR/nhs/TMA 4 Level 1_Core[1,16,7]_[14804,52357]",0.5
"/data_g1/AI_projects/raw_data/PCITB_CRC/HE_raw_images/Tumor/TMA4/TMA 4 Level 16_Core[1,16,9]_[12196,53520].tif",False,"/data_g1/AI_projects/projects/Immune_Cell_Prediction_WK/DIR/nhs/TMA 4 Level 16_Core[1,16,9]_[12196,53520]",0.5
"/data_g1/AI_projects/raw_data/PCITB_CRC/HE_raw_images/Tumor/TMA4/TMA 4 Level 1_Core[1,16,9]_[12999,52580].tif",False,"/data_g1/AI_projects/projects/Immune_Cell_Prediction_WK/DIR/nhs/TMA 4 Level 1_Core[1,16,9]_[12999,52580]",0.5
"/data_g1/AI_projects/raw_data/PCITB_CRC/HE_raw_images/Tumor/TMA4/TMA 4 Level 16_Core[1,17,10]_[11281,54312].tif",False,"/data_g1/AI_projects/projects/Immune_Cell_Prediction_WK/DIR/nhs/TMA 4 Level 16_Core[1,17,10]_[11281,54312]",0.5
"/data_g1/AI_projects/raw_data/PCITB_CRC/HE_raw_images/Tumor/TMA4/TMA 4 Level 16_Core[1,17,12]_[9353,54361].tif",False,"/data_g1/AI_projects/projects/Immune_Cell_Prediction_WK/DIR/nhs/TMA 4 Level 16_Core[1,17,12]_[9353,54361]",0.5
"/data_g1/AI_projects/raw_data/PCITB_CRC/HE_raw_images/Tumor/TMA4/TMA 4 Level 1_Core[1,17,12]_[10156,53569].tif",False,"/data_g1/AI_projects/projects/Immune_Cell_Prediction_WK/DIR/nhs/TMA 4 Level 1_Core[1,17,12]_[10156,53569]",0.5
"/data_g1/AI_projects/raw_data/PCITB_CRC/HE_raw_images/Tumor/TMA4/TMA 4 Level 1_Core[1,17,13]_[9117,53594].tif",False,"/data_g1/AI_projects/projects/Immune_Cell_Prediction_WK/DIR/nhs/TMA 4 Level 1_Core[1,17,13]_[9117,53594]",0.5
"/data_g1/AI_projects/raw_data/PCITB_CRC/HE_raw_images/Tumor/TMA4/TMA 4 Level 16_Core[1,17,13]_[8289,54386].tif",False,"/data_g1/AI_projects/projects/Immune_Cell_Prediction_WK/DIR/nhs/TMA 4 Level 16_Core[1,17,13]_[8289,54386]",0.5
"/data_g1/AI_projects/raw_data/PCITB_CRC/HE_raw_images/Tumor/TMA4/TMA 4 Level 1_Core[1,17,14]_[8252,53594].tif",False,"/data_g1/AI_projects/projects/Immune_Cell_Prediction_WK/DIR/nhs/TMA 4 Level 1_Core[1,17,14]_[8252,53594]",0.5
"/data_g1/AI_projects/raw_data/PCITB_CRC/HE_raw_images/Tumor/TMA4/TMA 4 Level 16_Core[1,17,14]_[7449,54336].tif",False,"/data_g1/AI_projects/projects/Immune_Cell_Prediction_WK/DIR/nhs/TMA 4 Level 16_Core[1,17,14]_[7449,54336]",0.5
"/data_g1/AI_projects/raw_data/PCITB_CRC/HE_raw_images/Tumor/TMA4/TMA 4 Level 1_Core[1,17,15]_[7386,53618].tif",False,"/data_g1/AI_projects/projects/Immune_Cell_Prediction_WK/DIR/nhs/TMA 4 Level 1_Core[1,17,15]_[7386,53618]",0.5
"/data_g1/AI_projects/raw_data/PCITB_CRC/HE_raw_images/Tumor/TMA4/TMA 4 Level 1_Core[1,17,16]_[6422,53643].tif",False,"/data_g1/AI_projects/projects/Immune_Cell_Prediction_WK/DIR/nhs/TMA 4 Level 1_Core[1,17,16]_[6422,53643]",0.5
"/data_g1/AI_projects/raw_data/PCITB_CRC/HE_raw_images/Tumor/TMA4/TMA 4 Level 16_Core[1,17,16]_[5718,54287].tif",False,"/data_g1/AI_projects/projects/Immune_Cell_Prediction_WK/DIR/nhs/TMA 4 Level 16_Core[1,17,16]_[5718,54287]",0.5
"/data_g1/AI_projects/raw_data/PCITB_CRC/HE_raw_images/Tumor/TMA4/TMA 4 Level 1_Core[1,17,17]_[5457,53668].tif",False,"/data_g1/AI_projects/projects/Immune_Cell_Prediction_WK/DIR/nhs/TMA 4 Level 1_Core[1,17,17]_[5457,53668]",0.5
"/data_g1/AI_projects/raw_data/PCITB_CRC/HE_raw_images/Tumor/TMA4/TMA 4 Level 16_Core[1,17,17]_[4580,54262].tif",False,"/data_g1/AI_projects/projects/Immune_Cell_Prediction_WK/DIR/nhs/TMA 4 Level 16_Core[1,17,17]_[4580,54262]",0.5
"/data_g1/AI_projects/raw_data/PCITB_CRC/HE_raw_images/Tumor/TMA4/TMA 4 Level 16_Core[1,17,2]_[18477,54237].tif",False,"/data_g1/AI_projects/projects/Immune_Cell_Prediction_WK/DIR/nhs/TMA 4 Level 16_Core[1,17,2]_[18477,54237]",0.5
"/data_g1/AI_projects/raw_data/PCITB_CRC/HE_raw_images/Tumor/TMA4/TMA 4 Level 1_Core[1,17,2]_[19132,53173].tif",False,"/data_g1/AI_projects/projects/Immune_Cell_Prediction_WK/DIR/nhs/TMA 4 Level 1_Core[1,17,2]_[19132,53173]",0.5
"/data_g1/AI_projects/raw_data/PCITB_CRC/HE_raw_images/Tumor/TMA4/TMA 4 Level 1_Core[1,17,20]_[2614,53866].tif",False,"/data_g1/AI_projects/projects/Immune_Cell_Prediction_WK/DIR/nhs/TMA 4 Level 1_Core[1,17,20]_[2614,53866]",0.5
"/data_g1/AI_projects/raw_data/PCITB_CRC/HE_raw_images/Tumor/TMA4/TMA 4 Level 1_Core[1,17,3]_[18242,53346].tif",False,"/data_g1/AI_projects/projects/Immune_Cell_Prediction_WK/DIR/nhs/TMA 4 Level 1_Core[1,17,3]_[18242,53346]",0.5
"/data_g1/AI_projects/raw_data/PCITB_CRC/HE_raw_images/Tumor/TMA4/TMA 4 Level 16_Core[1,17,3]_[17463,54262].tif",False,"/data_g1/AI_projects/projects/Immune_Cell_Prediction_WK/DIR/nhs/TMA 4 Level 16_Core[1,17,3]_[17463,54262]",0.5
"/data_g1/AI_projects/raw_data/PCITB_CRC/HE_raw_images/Tumor/TMA4/TMA 4 Level 1_Core[1,17,4]_[17376,53346].tif",False,"/data_g1/AI_projects/projects/Immune_Cell_Prediction_WK/DIR/nhs/TMA 4 Level 1_Core[1,17,4]_[17376,53346]",0.5
"/data_g1/AI_projects/raw_data/PCITB_CRC/HE_raw_images/Tumor/TMA4/TMA 4 Level 16_Core[1,17,4]_[16573,54213].tif",False,"/data_g1/AI_projects/projects/Immune_Cell_Prediction_WK/DIR/nhs/TMA 4 Level 16_Core[1,17,4]_[16573,54213]",0.5
"/data_g1/AI_projects/raw_data/PCITB_CRC/HE_raw_images/Tumor/TMA4/TMA 4 Level 1_Core[1,17,5]_[16486,53445].tif",False,"/data_g1/AI_projects/projects/Immune_Cell_Prediction_WK/DIR/nhs/TMA 4 Level 1_Core[1,17,5]_[16486,53445]",0.5
"/data_g1/AI_projects/raw_data/PCITB_CRC/HE_raw_images/Tumor/TMA4/TMA 4 Level 16_Core[1,17,5]_[15683,54262].tif",False,"/data_g1/AI_projects/projects/Immune_Cell_Prediction_WK/DIR/nhs/TMA 4 Level 16_Core[1,17,5]_[15683,54262]",0.5
"/data_g1/AI_projects/raw_data/PCITB_CRC/HE_raw_images/Tumor/TMA4/TMA 4 Level 1_Core[1,17,6]_[15645,53445].tif",False,"/data_g1/AI_projects/projects/Immune_Cell_Prediction_WK/DIR/nhs/TMA 4 Level 1_Core[1,17,6]_[15645,53445]",0.5
"/data_g1/AI_projects/raw_data/PCITB_CRC/HE_raw_images/Tumor/TMA4/TMA 4 Level 16_Core[1,17,6]_[14818,54312].tif",False,"/data_g1/AI_projects/projects/Immune_Cell_Prediction_WK/DIR/nhs/TMA 4 Level 16_Core[1,17,6]_[14818,54312]",0.5
"/data_g1/AI_projects/raw_data/PCITB_CRC/HE_raw_images/Tumor/TMA4/TMA 4 Level 16_Core[1,17,7]_[13952,54237].tif",False,"/data_g1/AI_projects/projects/Immune_Cell_Prediction_WK/DIR/nhs/TMA 4 Level 16_Core[1,17,7]_[13952,54237]",0.5
"/data_g1/AI_projects/raw_data/PCITB_CRC/HE_raw_images/Tumor/TMA4/TMA 4 Level 1_Core[1,17,7]_[14804,53371].tif",False,"/data_g1/AI_projects/projects/Immune_Cell_Prediction_WK/DIR/nhs/TMA 4 Level 1_Core[1,17,7]_[14804,53371]",0.5
"/data_g1/AI_projects/raw_data/PCITB_CRC/HE_raw_images/Tumor/TMA4/TMA 4 Level 16_Core[1,17,8]_[13062,54312].tif",False,"/data_g1/AI_projects/projects/Immune_Cell_Prediction_WK/DIR/nhs/TMA 4 Level 16_Core[1,17,8]_[13062,54312]",0.5
"/data_g1/AI_projects/raw_data/PCITB_CRC/HE_raw_images/Tumor/TMA4/TMA 4 Level 1_Core[1,17,8]_[13890,53470].tif",False,"/data_g1/AI_projects/projects/Immune_Cell_Prediction_WK/DIR/nhs/TMA 4 Level 1_Core[1,17,8]_[13890,53470]",0.5
"/data_g1/AI_projects/raw_data/PCITB_CRC/HE_raw_images/Tumor/TMA4/TMA 4 Level 1_Core[1,17,9]_[13049,53445].tif",False,"/data_g1/AI_projects/projects/Immune_Cell_Prediction_WK/DIR/nhs/TMA 4 Level 1_Core[1,17,9]_[13049,53445]",0.5
"/data_g1/AI_projects/raw_data/PCITB_CRC/HE_raw_images/Tumor/TMA4/TMA 4 Level 16_Core[1,17,9]_[12196,54336].tif",False,"/data_g1/AI_projects/projects/Immune_Cell_Prediction_WK/DIR/nhs/TMA 4 Level 16_Core[1,17,9]_[12196,54336]",0.5
"/data_g1/AI_projects/raw_data/PCITB_CRC/HE_raw_images/Tumor/TMA4/TMA 4 Level 16_Core[1,18,12]_[9353,55226].tif",False,"/data_g1/AI_projects/projects/Immune_Cell_Prediction_WK/DIR/nhs/TMA 4 Level 16_Core[1,18,12]_[9353,55226]",0.5
"/data_g1/AI_projects/raw_data/PCITB_CRC/HE_raw_images/Tumor/TMA4/TMA 4 Level 1_Core[1,18,12]_[10131,54558].tif",False,"/data_g1/AI_projects/projects/Immune_Cell_Prediction_WK/DIR/nhs/TMA 4 Level 1_Core[1,18,12]_[10131,54558]",0.5
"/data_g1/AI_projects/raw_data/PCITB_CRC/HE_raw_images/Tumor/TMA4/TMA 4 Level 1_Core[1,18,14]_[8276,54682].tif",False,"/data_g1/AI_projects/projects/Immune_Cell_Prediction_WK/DIR/nhs/TMA 4 Level 1_Core[1,18,14]_[8276,54682]",0.5
"/data_g1/AI_projects/raw_data/PCITB_CRC/HE_raw_images/Tumor/TMA4/TMA 4 Level 16_Core[1,18,14]_[7449,55202].tif",False,"/data_g1/AI_projects/projects/Immune_Cell_Prediction_WK/DIR/nhs/TMA 4 Level 16_Core[1,18,14]_[7449,55202]",0.5
"/data_g1/AI_projects/raw_data/PCITB_CRC/HE_raw_images/Tumor/TMA4/TMA 4 Level 16_Core[1,18,15]_[6484,55128].tif",False,"/data_g1/AI_projects/projects/Immune_Cell_Prediction_WK/DIR/nhs/TMA 4 Level 16_Core[1,18,15]_[6484,55128]",0.5
"/data_g1/AI_projects/raw_data/PCITB_CRC/HE_raw_images/Tumor/TMA4/TMA 4 Level 1_Core[1,18,15]_[7287,54558].tif",False,"/data_g1/AI_projects/projects/Immune_Cell_Prediction_WK/DIR/nhs/TMA 4 Level 1_Core[1,18,15]_[7287,54558]",0.5
"/data_g1/AI_projects/raw_data/PCITB_CRC/HE_raw_images/Tumor/TMA4/TMA 4 Level 1_Core[1,18,16]_[6446,54608].tif",False,"/data_g1/AI_projects/projects/Immune_Cell_Prediction_WK/DIR/nhs/TMA 4 Level 1_Core[1,18,16]_[6446,54608]",0.5
"/data_g1/AI_projects/raw_data/PCITB_CRC/HE_raw_images/Tumor/TMA4/TMA 4 Level 16_Core[1,18,16]_[5619,55177].tif",False,"/data_g1/AI_projects/projects/Immune_Cell_Prediction_WK/DIR/nhs/TMA 4 Level 16_Core[1,18,16]_[5619,55177]",0.5
"/data_g1/AI_projects/raw_data/PCITB_CRC/HE_raw_images/Tumor/TMA4/TMA 4 Level 16_Core[1,18,17]_[4659,55083].tif",False,"/data_g1/AI_projects/projects/Immune_Cell_Prediction_WK/DIR/nhs/TMA 4 Level 16_Core[1,18,17]_[4659,55083]",0.5
"/data_g1/AI_projects/raw_data/PCITB_CRC/HE_raw_images/Tumor/TMA4/TMA 4 Level 1_Core[1,18,17]_[5526,54621].tif",False,"/data_g1/AI_projects/projects/Immune_Cell_Prediction_WK/DIR/nhs/TMA 4 Level 1_Core[1,18,17]_[5526,54621]",0.5
"/data_g1/AI_projects/raw_data/PCITB_CRC/HE_raw_images/Tumor/TMA4/TMA 4 Level 1_Core[1,18,2]_[19157,54286].tif",False,"/data_g1/AI_projects/projects/Immune_Cell_Prediction_WK/DIR/nhs/TMA 4 Level 1_Core[1,18,2]_[19157,54286]",0.5
"/data_g1/AI_projects/raw_data/PCITB_CRC/HE_raw_images/Tumor/TMA4/TMA 4 Level 16_Core[1,18,2]_[18428,55128].tif",False,"/data_g1/AI_projects/projects/Immune_Cell_Prediction_WK/DIR/nhs/TMA 4 Level 16_Core[1,18,2]_[18428,55128]",0.5
"/data_g1/AI_projects/raw_data/PCITB_CRC/HE_raw_images/Tumor/TMA4/TMA 4 Level 16_Core[1,18,20]_[1984,55078].tif",False,"/data_g1/AI_projects/projects/Immune_Cell_Prediction_WK/DIR/nhs/TMA 4 Level 16_Core[1,18,20]_[1984,55078]",0.5
"/data_g1/AI_projects/raw_data/PCITB_CRC/HE_raw_images/Tumor/TMA4/TMA 4 Level 1_Core[1,18,20]_[2836,54756].tif",False,"/data_g1/AI_projects/projects/Immune_Cell_Prediction_WK/DIR/nhs/TMA 4 Level 1_Core[1,18,20]_[2836,54756]",0.5
"/data_g1/AI_projects/raw_data/PCITB_CRC/HE_raw_images/Tumor/TMA4/TMA 4 Level 16_Core[1,18,4]_[16573,55103].tif",False,"/data_g1/AI_projects/projects/Immune_Cell_Prediction_WK/DIR/nhs/TMA 4 Level 16_Core[1,18,4]_[16573,55103]",0.5
"/data_g1/AI_projects/raw_data/PCITB_CRC/HE_raw_images/Tumor/TMA4/TMA 4 Level 1_Core[1,18,4]_[17302,54286].tif",False,"/data_g1/AI_projects/projects/Immune_Cell_Prediction_WK/DIR/nhs/TMA 4 Level 1_Core[1,18,4]_[17302,54286]",0.5
"/data_g1/AI_projects/raw_data/PCITB_CRC/HE_raw_images/Tumor/TMA4/TMA 4 Level 16_Core[1,18,5]_[15658,55128].tif",False,"/data_g1/AI_projects/projects/Immune_Cell_Prediction_WK/DIR/nhs/TMA 4 Level 16_Core[1,18,5]_[15658,55128]",0.5
"/data_g1/AI_projects/raw_data/PCITB_CRC/HE_raw_images/Tumor/TMA4/TMA 4 Level 1_Core[1,18,5]_[16461,54336].tif",False,"/data_g1/AI_projects/projects/Immune_Cell_Prediction_WK/DIR/nhs/TMA 4 Level 1_Core[1,18,5]_[16461,54336]",0.5
"/data_g1/AI_projects/raw_data/PCITB_CRC/HE_raw_images/Tumor/TMA4/TMA 4 Level 1_Core[1,18,6]_[15620,54336].tif",False,"/data_g1/AI_projects/projects/Immune_Cell_Prediction_WK/DIR/nhs/TMA 4 Level 1_Core[1,18,6]_[15620,54336]",0.5
"/data_g1/AI_projects/raw_data/PCITB_CRC/HE_raw_images/Tumor/TMA4/TMA 4 Level 16_Core[1,18,6]_[14768,55128].tif",False,"/data_g1/AI_projects/projects/Immune_Cell_Prediction_WK/DIR/nhs/TMA 4 Level 16_Core[1,18,6]_[14768,55128]",0.5
"/data_g1/AI_projects/raw_data/PCITB_CRC/HE_raw_images/Tumor/TMA4/TMA 4 Level 16_Core[1,18,8]_[13086,55202].tif",False,"/data_g1/AI_projects/projects/Immune_Cell_Prediction_WK/DIR/nhs/TMA 4 Level 16_Core[1,18,8]_[13086,55202]",0.5
"/data_g1/AI_projects/raw_data/PCITB_CRC/HE_raw_images/Tumor/TMA4/TMA 4 Level 16_Core[1,19,1]_[19244,55894].tif",False,"/data_g1/AI_projects/projects/Immune_Cell_Prediction_WK/DIR/nhs/TMA 4 Level 16_Core[1,19,1]_[19244,55894]",0.5
"/data_g1/AI_projects/raw_data/PCITB_CRC/HE_raw_images/Tumor/TMA4/TMA 4 Level 1_Core[1,19,1]_[19874,55102].tif",False,"/data_g1/AI_projects/projects/Immune_Cell_Prediction_WK/DIR/nhs/TMA 4 Level 1_Core[1,19,1]_[19874,55102]",0.5
"/data_g1/AI_projects/raw_data/PCITB_CRC/HE_raw_images/Tumor/TMA4/TMA 4 Level 16_Core[1,19,11]_[10218,56042].tif",False,"/data_g1/AI_projects/projects/Immune_Cell_Prediction_WK/DIR/nhs/TMA 4 Level 16_Core[1,19,11]_[10218,56042]",0.5
"/data_g1/AI_projects/raw_data/PCITB_CRC/HE_raw_images/Tumor/TMA4/TMA 4 Level 1_Core[1,19,13]_[9389,55424].tif",False,"/data_g1/AI_projects/projects/Immune_Cell_Prediction_WK/DIR/nhs/TMA 4 Level 1_Core[1,19,13]_[9389,55424]",0.5
"/data_g1/AI_projects/raw_data/PCITB_CRC/HE_raw_images/Tumor/TMA4/TMA 4 Level 16_Core[1,19,13]_[8512,55993].tif",False,"/data_g1/AI_projects/projects/Immune_Cell_Prediction_WK/DIR/nhs/TMA 4 Level 16_Core[1,19,13]_[8512,55993]",0.5
"/data_g1/AI_projects/raw_data/PCITB_CRC/HE_raw_images/Tumor/TMA4/TMA 4 Level 16_Core[1,19,14]_[7473,56018].tif",False,"/data_g1/AI_projects/projects/Immune_Cell_Prediction_WK/DIR/nhs/TMA 4 Level 16_Core[1,19,14]_[7473,56018]",0.5
"/data_g1/AI_projects/raw_data/PCITB_CRC/HE_raw_images/Tumor/TMA4/TMA 4 Level 16_Core[1,19,15]_[6583,56042].tif",False,"/data_g1/AI_projects/projects/Immune_Cell_Prediction_WK/DIR/nhs/TMA 4 Level 16_Core[1,19,15]_[6583,56042]",0.5
"/data_g1/AI_projects/raw_data/PCITB_CRC/HE_raw_images/Tumor/TMA4/TMA 4 Level 1_Core[1,19,15]_[7436,55547].tif",False,"/data_g1/AI_projects/projects/Immune_Cell_Prediction_WK/DIR/nhs/TMA 4 Level 1_Core[1,19,15]_[7436,55547]",0.5
"/data_g1/AI_projects/raw_data/PCITB_CRC/HE_raw_images/Tumor/TMA4/TMA 4 Level 16_Core[1,19,16]_[5718,56042].tif",False,"/data_g1/AI_projects/projects/Immune_Cell_Prediction_WK/DIR/nhs/TMA 4 Level 16_Core[1,19,16]_[5718,56042]",0.5
"/data_g1/AI_projects/raw_data/PCITB_CRC/HE_raw_images/Tumor/TMA4/TMA 4 Level 1_Core[1,19,16]_[6545,55572].tif",False,"/data_g1/AI_projects/projects/Immune_Cell_Prediction_WK/DIR/nhs/TMA 4 Level 1_Core[1,19,16]_[6545,55572]",0.5
"/data_g1/AI_projects/raw_data/PCITB_CRC/HE_raw_images/Tumor/TMA4/TMA 4 Level 1_Core[1,19,17]_[5606,55572].tif",False,"/data_g1/AI_projects/projects/Immune_Cell_Prediction_WK/DIR/nhs/TMA 4 Level 1_Core[1,19,17]_[5606,55572]",0.5
"/data_g1/AI_projects/raw_data/PCITB_CRC/HE_raw_images/Tumor/TMA4/TMA 4 Level 16_Core[1,19,17]_[4729,55993].tif",False,"/data_g1/AI_projects/projects/Immune_Cell_Prediction_WK/DIR/nhs/TMA 4 Level 16_Core[1,19,17]_[4729,55993]",0.5
"/data_g1/AI_projects/raw_data/PCITB_CRC/HE_raw_images/Tumor/TMA4/TMA 4 Level 1_Core[1,19,18]_[4765,55547].tif",False,"/data_g1/AI_projects/projects/Immune_Cell_Prediction_WK/DIR/nhs/TMA 4 Level 1_Core[1,19,18]_[4765,55547]",0.5
"/data_g1/AI_projects/raw_data/PCITB_CRC/HE_raw_images/Tumor/TMA4/TMA 4 Level 16_Core[1,19,18]_[3888,55919].tif",False,"/data_g1/AI_projects/projects/Immune_Cell_Prediction_WK/DIR/nhs/TMA 4 Level 16_Core[1,19,18]_[3888,55919]",0.5
"/data_g1/AI_projects/raw_data/PCITB_CRC/HE_raw_images/Tumor/TMA4/TMA 4 Level 1_Core[1,19,19]_[3875,55621].tif",False,"/data_g1/AI_projects/projects/Immune_Cell_Prediction_WK/DIR/nhs/TMA 4 Level 1_Core[1,19,19]_[3875,55621]",0.5
"/data_g1/AI_projects/raw_data/PCITB_CRC/HE_raw_images/Tumor/TMA4/TMA 4 Level 16_Core[1,19,19]_[2973,55919].tif",False,"/data_g1/AI_projects/projects/Immune_Cell_Prediction_WK/DIR/nhs/TMA 4 Level 16_Core[1,19,19]_[2973,55919]",0.5
"/data_g1/AI_projects/raw_data/PCITB_CRC/HE_raw_images/Tumor/TMA4/TMA 4 Level 1_Core[1,19,2]_[18959,55127].tif",False,"/data_g1/AI_projects/projects/Immune_Cell_Prediction_WK/DIR/nhs/TMA 4 Level 1_Core[1,19,2]_[18959,55127]",0.5
"/data_g1/AI_projects/raw_data/PCITB_CRC/HE_raw_images/Tumor/TMA4/TMA 4 Level 16_Core[1,19,2]_[18255,55944].tif",False,"/data_g1/AI_projects/projects/Immune_Cell_Prediction_WK/DIR/nhs/TMA 4 Level 16_Core[1,19,2]_[18255,55944]",0.5
"/data_g1/AI_projects/raw_data/PCITB_CRC/HE_raw_images/Tumor/TMA4/TMA 4 Level 16_Core[1,19,20]_[2061,55902].tif",False,"/data_g1/AI_projects/projects/Immune_Cell_Prediction_WK/DIR/nhs/TMA 4 Level 16_Core[1,19,20]_[2061,55902]",0.5
"/data_g1/AI_projects/raw_data/PCITB_CRC/HE_raw_images/Tumor/TMA4/TMA 4 Level 1_Core[1,19,20]_[2886,55572].tif",False,"/data_g1/AI_projects/projects/Immune_Cell_Prediction_WK/DIR/nhs/TMA 4 Level 1_Core[1,19,20]_[2886,55572]",0.5
"/data_g1/AI_projects/raw_data/PCITB_CRC/HE_raw_images/Tumor/TMA4/TMA 4 Level 1_Core[1,19,4]_[17252,55176].tif",False,"/data_g1/AI_projects/projects/Immune_Cell_Prediction_WK/DIR/nhs/TMA 4 Level 1_Core[1,19,4]_[17252,55176]",0.5
"/data_g1/AI_projects/raw_data/PCITB_CRC/HE_raw_images/Tumor/TMA4/TMA 4 Level 16_Core[1,19,4]_[16474,55968].tif",False,"/data_g1/AI_projects/projects/Immune_Cell_Prediction_WK/DIR/nhs/TMA 4 Level 16_Core[1,19,4]_[16474,55968]",0.5
"/data_g1/AI_projects/raw_data/PCITB_CRC/HE_raw_images/Tumor/TMA4/TMA 4 Level 1_Core[1,19,5]_[16387,55201].tif",False,"/data_g1/AI_projects/projects/Immune_Cell_Prediction_WK/DIR/nhs/TMA 4 Level 1_Core[1,19,5]_[16387,55201]",0.5
"/data_g1/AI_projects/raw_data/PCITB_CRC/HE_raw_images/Tumor/TMA4/TMA 4 Level 16_Core[1,19,5]_[15584,55968].tif",False,"/data_g1/AI_projects/projects/Immune_Cell_Prediction_WK/DIR/nhs/TMA 4 Level 16_Core[1,19,5]_[15584,55968]",0.5
"/data_g1/AI_projects/raw_data/PCITB_CRC/HE_raw_images/Tumor/TMA4/TMA 4 Level 1_Core[1,19,6]_[15571,55226].tif",False,"/data_g1/AI_projects/projects/Immune_Cell_Prediction_WK/DIR/nhs/TMA 4 Level 1_Core[1,19,6]_[15571,55226]",0.5
"/data_g1/AI_projects/raw_data/PCITB_CRC/HE_raw_images/Tumor/TMA4/TMA 4 Level 16_Core[1,19,6]_[14743,55944].tif",False,"/data_g1/AI_projects/projects/Immune_Cell_Prediction_WK/DIR/nhs/TMA 4 Level 16_Core[1,19,6]_[14743,55944]",0.5
"/data_g1/AI_projects/raw_data/PCITB_CRC/HE_raw_images/Tumor/TMA4/TMA 4 Level 1_Core[1,19,7]_[14706,55226].tif",False,"/data_g1/AI_projects/projects/Immune_Cell_Prediction_WK/DIR/nhs/TMA 4 Level 1_Core[1,19,7]_[14706,55226]",0.5
"/data_g1/AI_projects/raw_data/PCITB_CRC/HE_raw_images/Tumor/TMA4/TMA 4 Level 16_Core[1,19,7]_[13927,56166].tif",False,"/data_g1/AI_projects/projects/Immune_Cell_Prediction_WK/DIR/nhs/TMA 4 Level 16_Core[1,19,7]_[13927,56166]",0.5
"/data_g1/AI_projects/raw_data/PCITB_CRC/HE_raw_images/Tumor/TMA4/TMA 4 Level 1_Core[1,19,9]_[13049,55374].tif",False,"/data_g1/AI_projects/projects/Immune_Cell_Prediction_WK/DIR/nhs/TMA 4 Level 1_Core[1,19,9]_[13049,55374]",0.5
"/data_g1/AI_projects/raw_data/PCITB_CRC/HE_raw_images/Tumor/TMA4/TMA 4 Level 16_Core[1,19,9]_[12474,56439].tif",False,"/data_g1/AI_projects/projects/Immune_Cell_Prediction_WK/DIR/nhs/TMA 4 Level 16_Core[1,19,9]_[12474,56439]",0.5
"/data_g1/AI_projects/raw_data/PCITB_CRC/HE_raw_images/Tumor/TMA4/TMA 4 Level 1_Core[1,2,1]_[19664,40810].tif",False,"/data_g1/AI_projects/projects/Immune_Cell_Prediction_WK/DIR/nhs/TMA 4 Level 1_Core[1,2,1]_[19664,40810]",0.5
"/data_g1/AI_projects/raw_data/PCITB_CRC/HE_raw_images/Tumor/TMA4/TMA 4 Level 16_Core[1,2,1]_[19009,42133].tif",False,"/data_g1/AI_projects/projects/Immune_Cell_Prediction_WK/DIR/nhs/TMA 4 Level 16_Core[1,2,1]_[19009,42133]",0.5
"/data_g1/AI_projects/raw_data/PCITB_CRC/HE_raw_images/Tumor/TMA4/TMA 4 Level 16_Core[1,2,11]_[10107,41910].tif",False,"/data_g1/AI_projects/projects/Immune_Cell_Prediction_WK/DIR/nhs/TMA 4 Level 16_Core[1,2,11]_[10107,41910]",0.5
"/data_g1/AI_projects/raw_data/PCITB_CRC/HE_raw_images/Tumor/TMA4/TMA 4 Level 1_Core[1,2,11]_[10762,40488].tif",False,"/data_g1/AI_projects/projects/Immune_Cell_Prediction_WK/DIR/nhs/TMA 4 Level 1_Core[1,2,11]_[10762,40488]",0.5
"/data_g1/AI_projects/raw_data/PCITB_CRC/HE_raw_images/Tumor/TMA4/TMA 4 Level 16_Core[1,2,13]_[8450,41935].tif",False,"/data_g1/AI_projects/projects/Immune_Cell_Prediction_WK/DIR/nhs/TMA 4 Level 16_Core[1,2,13]_[8450,41935]",0.5
"/data_g1/AI_projects/raw_data/PCITB_CRC/HE_raw_images/Tumor/TMA4/TMA 4 Level 1_Core[1,2,13]_[9105,40513].tif",False,"/data_g1/AI_projects/projects/Immune_Cell_Prediction_WK/DIR/nhs/TMA 4 Level 1_Core[1,2,13]_[9105,40513]",0.5
"/data_g1/AI_projects/raw_data/PCITB_CRC/HE_raw_images/Tumor/TMA4/TMA 4 Level 16_Core[1,2,15]_[6595,41910].tif",False,"/data_g1/AI_projects/projects/Immune_Cell_Prediction_WK/DIR/nhs/TMA 4 Level 16_Core[1,2,15]_[6595,41910]",0.5
"/data_g1/AI_projects/raw_data/PCITB_CRC/HE_raw_images/Tumor/TMA4/TMA 4 Level 1_Core[1,2,15]_[7349,40637].tif",False,"/data_g1/AI_projects/projects/Immune_Cell_Prediction_WK/DIR/nhs/TMA 4 Level 1_Core[1,2,15]_[7349,40637]",0.5
"/data_g1/AI_projects/raw_data/PCITB_CRC/HE_raw_images/Tumor/TMA4/TMA 4 Level 16_Core[1,2,17]_[4790,41985].tif",False,"/data_g1/AI_projects/projects/Immune_Cell_Prediction_WK/DIR/nhs/TMA 4 Level 16_Core[1,2,17]_[4790,41985]",0.5
"/data_g1/AI_projects/raw_data/PCITB_CRC/HE_raw_images/Tumor/TMA4/TMA 4 Level 1_Core[1,2,17]_[5519,40736].tif",False,"/data_g1/AI_projects/projects/Immune_Cell_Prediction_WK/DIR/nhs/TMA 4 Level 1_Core[1,2,17]_[5519,40736]",0.5
"/data_g1/AI_projects/raw_data/PCITB_CRC/HE_raw_images/Tumor/TMA4/TMA 4 Level 1_Core[1,2,18]_[4654,40859].tif",False,"/data_g1/AI_projects/projects/Immune_Cell_Prediction_WK/DIR/nhs/TMA 4 Level 1_Core[1,2,18]_[4654,40859]",0.5
"/data_g1/AI_projects/raw_data/PCITB_CRC/HE_raw_images/Tumor/TMA4/TMA 4 Level 16_Core[1,2,18]_[3925,42084].tif",False,"/data_g1/AI_projects/projects/Immune_Cell_Prediction_WK/DIR/nhs/TMA 4 Level 16_Core[1,2,18]_[3925,42084]",0.5
"/data_g1/AI_projects/raw_data/PCITB_CRC/HE_raw_images/Tumor/TMA4/TMA 4 Level 16_Core[1,2,19]_[2960,42108].tif",False,"/data_g1/AI_projects/projects/Immune_Cell_Prediction_WK/DIR/nhs/TMA 4 Level 16_Core[1,2,19]_[2960,42108]",0.5
"/data_g1/AI_projects/raw_data/PCITB_CRC/HE_raw_images/Tumor/TMA4/TMA 4 Level 1_Core[1,2,19]_[3714,40933].tif",False,"/data_g1/AI_projects/projects/Immune_Cell_Prediction_WK/DIR/nhs/TMA 4 Level 1_Core[1,2,19]_[3714,40933]",0.5
"/data_g1/AI_projects/raw_data/PCITB_CRC/HE_raw_images/Tumor/TMA4/TMA 4 Level 1_Core[1,2,2]_[18675,40562].tif",False,"/data_g1/AI_projects/projects/Immune_Cell_Prediction_WK/DIR/nhs/TMA 4 Level 1_Core[1,2,2]_[18675,40562]",0.5
"/data_g1/AI_projects/raw_data/PCITB_CRC/HE_raw_images/Tumor/TMA4/TMA 4 Level 1_Core[1,2,3]_[17859,40513].tif",False,"/data_g1/AI_projects/projects/Immune_Cell_Prediction_WK/DIR/nhs/TMA 4 Level 1_Core[1,2,3]_[17859,40513]",0.5
"/data_g1/AI_projects/raw_data/PCITB_CRC/HE_raw_images/Tumor/TMA4/TMA 4 Level 16_Core[1,2,3]_[17204,42034].tif",False,"/data_g1/AI_projects/projects/Immune_Cell_Prediction_WK/DIR/nhs/TMA 4 Level 16_Core[1,2,3]_[17204,42034]",0.5
"/data_g1/AI_projects/raw_data/PCITB_CRC/HE_raw_images/Tumor/TMA4/TMA 4 Level 1_Core[1,2,5]_[16087,40567].tif",False,"/data_g1/AI_projects/projects/Immune_Cell_Prediction_WK/DIR/nhs/TMA 4 Level 1_Core[1,2,5]_[16087,40567]",0.5
"/data_g1/AI_projects/raw_data/PCITB_CRC/HE_raw_images/Tumor/TMA4/TMA 4 Level 16_Core[1,2,5]_[15439,41944].tif",False,"/data_g1/AI_projects/projects/Immune_Cell_Prediction_WK/DIR/nhs/TMA 4 Level 16_Core[1,2,5]_[15439,41944]",0.5
"/data_g1/AI_projects/raw_data/PCITB_CRC/HE_raw_images/Tumor/TMA4/TMA 4 Level 1_Core[1,2,7]_[14347,40513].tif",False,"/data_g1/AI_projects/projects/Immune_Cell_Prediction_WK/DIR/nhs/TMA 4 Level 1_Core[1,2,7]_[14347,40513]",0.5
"/data_g1/AI_projects/raw_data/PCITB_CRC/HE_raw_images/Tumor/TMA4/TMA 4 Level 1_Core[1,2,8]_[13284,40686].tif",False,"/data_g1/AI_projects/projects/Immune_Cell_Prediction_WK/DIR/nhs/TMA 4 Level 1_Core[1,2,8]_[13284,40686]",0.5
"/data_g1/AI_projects/raw_data/PCITB_CRC/HE_raw_images/Tumor/TMA4/TMA 4 Level 16_Core[1,2,8]_[12777,41836].tif",False,"/data_g1/AI_projects/projects/Immune_Cell_Prediction_WK/DIR/nhs/TMA 4 Level 16_Core[1,2,8]_[12777,41836]",0.5
"/data_g1/AI_projects/raw_data/PCITB_CRC/HE_raw_images/Tumor/TMA4/TMA 4 Level 1_Core[1,2,9]_[12443,40464].tif",False,"/data_g1/AI_projects/projects/Immune_Cell_Prediction_WK/DIR/nhs/TMA 4 Level 1_Core[1,2,9]_[12443,40464]",0.5
"/data_g1/AI_projects/raw_data/PCITB_CRC/HE_raw_images/Tumor/TMA4/TMA 4 Level 16_Core[1,2,9]_[11838,41886].tif",False,"/data_g1/AI_projects/projects/Immune_Cell_Prediction_WK/DIR/nhs/TMA 4 Level 16_Core[1,2,9]_[11838,41886]",0.5
"/data_g1/AI_projects/raw_data/PCITB_CRC/HE_raw_images/Tumor/TMA4/TMA 4 Level 1_Core[1,20,1]_[19824,55918].tif",False,"/data_g1/AI_projects/projects/Immune_Cell_Prediction_WK/DIR/nhs/TMA 4 Level 1_Core[1,20,1]_[19824,55918]",0.5
"/data_g1/AI_projects/raw_data/PCITB_CRC/HE_raw_images/Tumor/TMA4/TMA 4 Level 16_Core[1,20,1]_[19021,56661].tif",False,"/data_g1/AI_projects/projects/Immune_Cell_Prediction_WK/DIR/nhs/TMA 4 Level 16_Core[1,20,1]_[19021,56661]",0.5
"/data_g1/AI_projects/raw_data/PCITB_CRC/HE_raw_images/Tumor/TMA4/TMA 4 Level 16_Core[1,20,10]_[11306,56982].tif",False,"/data_g1/AI_projects/projects/Immune_Cell_Prediction_WK/DIR/nhs/TMA 4 Level 16_Core[1,20,10]_[11306,56982]",0.5
"/data_g1/AI_projects/raw_data/PCITB_CRC/HE_raw_images/Tumor/TMA4/TMA 4 Level 1_Core[1,20,10]_[12159,56289].tif",False,"/data_g1/AI_projects/projects/Immune_Cell_Prediction_WK/DIR/nhs/TMA 4 Level 1_Core[1,20,10]_[12159,56289]",0.5
"/data_g1/AI_projects/raw_data/PCITB_CRC/HE_raw_images/Tumor/TMA4/TMA 4 Level 16_Core[1,20,13]_[8166,56982].tif",False,"/data_g1/AI_projects/projects/Immune_Cell_Prediction_WK/DIR/nhs/TMA 4 Level 16_Core[1,20,13]_[8166,56982]",0.5
"/data_g1/AI_projects/raw_data/PCITB_CRC/HE_raw_images/Tumor/TMA4/TMA 4 Level 16_Core[1,20,15]_[6583,56933].tif",False,"/data_g1/AI_projects/projects/Immune_Cell_Prediction_WK/DIR/nhs/TMA 4 Level 16_Core[1,20,15]_[6583,56933]",0.5
"/data_g1/AI_projects/raw_data/PCITB_CRC/HE_raw_images/Tumor/TMA4/TMA 4 Level 1_Core[1,20,18]_[4839,56487].tif",False,"/data_g1/AI_projects/projects/Immune_Cell_Prediction_WK/DIR/nhs/TMA 4 Level 1_Core[1,20,18]_[4839,56487]",0.5
"/data_g1/AI_projects/raw_data/PCITB_CRC/HE_raw_images/Tumor/TMA4/TMA 4 Level 16_Core[1,20,18]_[3888,56809].tif",False,"/data_g1/AI_projects/projects/Immune_Cell_Prediction_WK/DIR/nhs/TMA 4 Level 16_Core[1,20,18]_[3888,56809]",0.5
"/data_g1/AI_projects/raw_data/PCITB_CRC/HE_raw_images/Tumor/TMA4/TMA 4 Level 16_Core[1,20,19]_[3022,56784].tif",False,"/data_g1/AI_projects/projects/Immune_Cell_Prediction_WK/DIR/nhs/TMA 4 Level 16_Core[1,20,19]_[3022,56784]",0.5
"/data_g1/AI_projects/raw_data/PCITB_CRC/HE_raw_images/Tumor/TMA4/TMA 4 Level 1_Core[1,20,19]_[3974,56512].tif",False,"/data_g1/AI_projects/projects/Immune_Cell_Prediction_WK/DIR/nhs/TMA 4 Level 1_Core[1,20,19]_[3974,56512]",0.5
"/data_g1/AI_projects/raw_data/PCITB_CRC/HE_raw_images/Tumor/TMA4/TMA 4 Level 16_Core[1,20,2]_[18082,56809].tif",False,"/data_g1/AI_projects/projects/Immune_Cell_Prediction_WK/DIR/nhs/TMA 4 Level 16_Core[1,20,2]_[18082,56809]",0.5
"/data_g1/AI_projects/raw_data/PCITB_CRC/HE_raw_images/Tumor/TMA4/TMA 4 Level 16_Core[1,20,20]_[2182,56784].tif",False,"/data_g1/AI_projects/projects/Immune_Cell_Prediction_WK/DIR/nhs/TMA 4 Level 16_Core[1,20,20]_[2182,56784]",0.5
"/data_g1/AI_projects/raw_data/PCITB_CRC/HE_raw_images/Tumor/TMA4/TMA 4 Level 1_Core[1,20,7]_[14804,56116].tif",False,"/data_g1/AI_projects/projects/Immune_Cell_Prediction_WK/DIR/nhs/TMA 4 Level 1_Core[1,20,7]_[14804,56116]",0.5
"/data_g1/AI_projects/raw_data/PCITB_CRC/HE_raw_images/Tumor/TMA4/TMA 4 Level 16_Core[1,20,7]_[14150,56933].tif",False,"/data_g1/AI_projects/projects/Immune_Cell_Prediction_WK/DIR/nhs/TMA 4 Level 16_Core[1,20,7]_[14150,56933]",0.5
"/data_g1/AI_projects/raw_data/PCITB_CRC/HE_raw_images/Tumor/TMA4/TMA 4 Level 1_Core[1,20,8]_[13939,56215].tif",False,"/data_g1/AI_projects/projects/Immune_Cell_Prediction_WK/DIR/nhs/TMA 4 Level 1_Core[1,20,8]_[13939,56215]",0.5
"/data_g1/AI_projects/raw_data/PCITB_CRC/HE_raw_images/Tumor/TMA4/TMA 4 Level 16_Core[1,20,8]_[13359,56933].tif",False,"/data_g1/AI_projects/projects/Immune_Cell_Prediction_WK/DIR/nhs/TMA 4 Level 16_Core[1,20,8]_[13359,56933]",0.5
"/data_g1/AI_projects/raw_data/PCITB_CRC/HE_raw_images/Tumor/TMA4/TMA 4 Level 16_Core[1,20,9]_[12097,57106].tif",False,"/data_g1/AI_projects/projects/Immune_Cell_Prediction_WK/DIR/nhs/TMA 4 Level 16_Core[1,20,9]_[12097,57106]",0.5
"/data_g1/AI_projects/raw_data/PCITB_CRC/HE_raw_images/Tumor/TMA4/TMA 4 Level 1_Core[1,20,9]_[13049,56264].tif",False,"/data_g1/AI_projects/projects/Immune_Cell_Prediction_WK/DIR/nhs/TMA 4 Level 1_Core[1,20,9]_[13049,56264]",0.5
"/data_g1/AI_projects/raw_data/PCITB_CRC/HE_raw_images/Tumor/TMA4/TMA 4 Level 16_Core[1,3,10]_[11046,42702].tif",False,"/data_g1/AI_projects/projects/Immune_Cell_Prediction_WK/DIR/nhs/TMA 4 Level 16_Core[1,3,10]_[11046,42702]",0.5
"/data_g1/AI_projects/raw_data/PCITB_CRC/HE_raw_images/Tumor/TMA4/TMA 4 Level 1_Core[1,3,11]_[10811,41378].tif",False,"/data_g1/AI_projects/projects/Immune_Cell_Prediction_WK/DIR/nhs/TMA 4 Level 1_Core[1,3,11]_[10811,41378]",0.5
"/data_g1/AI_projects/raw_data/PCITB_CRC/HE_raw_images/Tumor/TMA4/TMA 4 Level 16_Core[1,3,11]_[10156,42751].tif",False,"/data_g1/AI_projects/projects/Immune_Cell_Prediction_WK/DIR/nhs/TMA 4 Level 16_Core[1,3,11]_[10156,42751]",0.5
"/data_g1/AI_projects/raw_data/PCITB_CRC/HE_raw_images/Tumor/TMA4/TMA 4 Level 16_Core[1,3,12]_[9217,42751].tif",False,"/data_g1/AI_projects/projects/Immune_Cell_Prediction_WK/DIR/nhs/TMA 4 Level 16_Core[1,3,12]_[9217,42751]",0.5
"/data_g1/AI_projects/raw_data/PCITB_CRC/HE_raw_images/Tumor/TMA4/TMA 4 Level 1_Core[1,3,12]_[9946,41354].tif",False,"/data_g1/AI_projects/projects/Immune_Cell_Prediction_WK/DIR/nhs/TMA 4 Level 1_Core[1,3,12]_[9946,41354]",0.5
"/data_g1/AI_projects/raw_data/PCITB_CRC/HE_raw_images/Tumor/TMA4/TMA 4 Level 1_Core[1,3,13]_[9198,41387].tif",False,"/data_g1/AI_projects/projects/Immune_Cell_Prediction_WK/DIR/nhs/TMA 4 Level 1_Core[1,3,13]_[9198,41387]",0.5
"/data_g1/AI_projects/raw_data/PCITB_CRC/HE_raw_images/Tumor/TMA4/TMA 4 Level 16_Core[1,3,13]_[8473,42748].tif",False,"/data_g1/AI_projects/projects/Immune_Cell_Prediction_WK/DIR/nhs/TMA 4 Level 16_Core[1,3,13]_[8473,42748]",0.5
"/data_g1/AI_projects/raw_data/PCITB_CRC/HE_raw_images/Tumor/TMA4/TMA 4 Level 1_Core[1,3,14]_[8215,41378].tif",False,"/data_g1/AI_projects/projects/Immune_Cell_Prediction_WK/DIR/nhs/TMA 4 Level 1_Core[1,3,14]_[8215,41378]",0.5
"/data_g1/AI_projects/raw_data/PCITB_CRC/HE_raw_images/Tumor/TMA4/TMA 4 Level 16_Core[1,3,14]_[7585,42702].tif",False,"/data_g1/AI_projects/projects/Immune_Cell_Prediction_WK/DIR/nhs/TMA 4 Level 16_Core[1,3,14]_[7585,42702]",0.5
"/data_g1/AI_projects/raw_data/PCITB_CRC/HE_raw_images/Tumor/TMA4/TMA 4 Level 1_Core[1,3,15]_[7325,41502].tif",False,"/data_g1/AI_projects/projects/Immune_Cell_Prediction_WK/DIR/nhs/TMA 4 Level 1_Core[1,3,15]_[7325,41502]",0.5
"/data_g1/AI_projects/raw_data/PCITB_CRC/HE_raw_images/Tumor/TMA4/TMA 4 Level 16_Core[1,3,15]_[6497,42801].tif",False,"/data_g1/AI_projects/projects/Immune_Cell_Prediction_WK/DIR/nhs/TMA 4 Level 16_Core[1,3,15]_[6497,42801]",0.5
"/data_g1/AI_projects/raw_data/PCITB_CRC/HE_raw_images/Tumor/TMA4/TMA 4 Level 16_Core[1,3,16]_[5656,42751].tif",False,"/data_g1/AI_projects/projects/Immune_Cell_Prediction_WK/DIR/nhs/TMA 4 Level 16_Core[1,3,16]_[5656,42751]",0.5
"/data_g1/AI_projects/raw_data/PCITB_CRC/HE_raw_images/Tumor/TMA4/TMA 4 Level 1_Core[1,3,16]_[6360,41477].tif",False,"/data_g1/AI_projects/projects/Immune_Cell_Prediction_WK/DIR/nhs/TMA 4 Level 1_Core[1,3,16]_[6360,41477]",0.5
"/data_g1/AI_projects/raw_data/PCITB_CRC/HE_raw_images/Tumor/TMA4/TMA 4 Level 1_Core[1,3,17]_[5495,41576].tif",False,"/data_g1/AI_projects/projects/Immune_Cell_Prediction_WK/DIR/nhs/TMA 4 Level 1_Core[1,3,17]_[5495,41576]",0.5
"/data_g1/AI_projects/raw_data/PCITB_CRC/HE_raw_images/Tumor/TMA4/TMA 4 Level 16_Core[1,3,17]_[4741,42801].tif",False,"/data_g1/AI_projects/projects/Immune_Cell_Prediction_WK/DIR/nhs/TMA 4 Level 16_Core[1,3,17]_[4741,42801]",0.5
"/data_g1/AI_projects/raw_data/PCITB_CRC/HE_raw_images/Tumor/TMA4/TMA 4 Level 16_Core[1,3,19]_[2936,42974].tif",False,"/data_g1/AI_projects/projects/Immune_Cell_Prediction_WK/DIR/nhs/TMA 4 Level 16_Core[1,3,19]_[2936,42974]",0.5
"/data_g1/AI_projects/raw_data/PCITB_CRC/HE_raw_images/Tumor/TMA4/TMA 4 Level 1_Core[1,3,19]_[3640,41824].tif",False,"/data_g1/AI_projects/projects/Immune_Cell_Prediction_WK/DIR/nhs/TMA 4 Level 1_Core[1,3,19]_[3640,41824]",0.5
"/data_g1/AI_projects/raw_data/PCITB_CRC/HE_raw_images/Tumor/TMA4/TMA 4 Level 16_Core[1,3,2]_[18218,42924].tif",False,"/data_g1/AI_projects/projects/Immune_Cell_Prediction_WK/DIR/nhs/TMA 4 Level 16_Core[1,3,2]_[18218,42924]",0.5
"/data_g1/AI_projects/raw_data/PCITB_CRC/HE_raw_images/Tumor/TMA4/TMA 4 Level 16_Core[1,3,20]_[1897,43097].tif",False,"/data_g1/AI_projects/projects/Immune_Cell_Prediction_WK/DIR/nhs/TMA 4 Level 16_Core[1,3,20]_[1897,43097]",0.5
"/data_g1/AI_projects/raw_data/PCITB_CRC/HE_raw_images/Tumor/TMA4/TMA 4 Level 1_Core[1,3,20]_[2626,41922].tif",False,"/data_g1/AI_projects/projects/Immune_Cell_Prediction_WK/DIR/nhs/TMA 4 Level 1_Core[1,3,20]_[2626,41922]",0.5
"/data_g1/AI_projects/raw_data/PCITB_CRC/HE_raw_images/Tumor/TMA4/TMA 4 Level 16_Core[1,3,3]_[17377,42801].tif",False,"/data_g1/AI_projects/projects/Immune_Cell_Prediction_WK/DIR/nhs/TMA 4 Level 16_Core[1,3,3]_[17377,42801]",0.5
"/data_g1/AI_projects/raw_data/PCITB_CRC/HE_raw_images/Tumor/TMA4/TMA 4 Level 1_Core[1,3,3]_[18032,41502].tif",False,"/data_g1/AI_projects/projects/Immune_Cell_Prediction_WK/DIR/nhs/TMA 4 Level 1_Core[1,3,3]_[18032,41502]",0.5
"/data_g1/AI_projects/raw_data/PCITB_CRC/HE_raw_images/Tumor/TMA4/TMA 4 Level 16_Core[1,3,4]_[16462,42726].tif",False,"/data_g1/AI_projects/projects/Immune_Cell_Prediction_WK/DIR/nhs/TMA 4 Level 16_Core[1,3,4]_[16462,42726]",0.5
"/data_g1/AI_projects/raw_data/PCITB_CRC/HE_raw_images/Tumor/TMA4/TMA 4 Level 1_Core[1,3,4]_[17067,41428].tif",False,"/data_g1/AI_projects/projects/Immune_Cell_Prediction_WK/DIR/nhs/TMA 4 Level 1_Core[1,3,4]_[17067,41428]",0.5
"/data_g1/AI_projects/raw_data/PCITB_CRC/HE_raw_images/Tumor/TMA4/TMA 4 Level 1_Core[1,3,7]_[14323,41354].tif",False,"/data_g1/AI_projects/projects/Immune_Cell_Prediction_WK/DIR/nhs/TMA 4 Level 1_Core[1,3,7]_[14323,41354]",0.5
"/data_g1/AI_projects/raw_data/PCITB_CRC/HE_raw_images/Tumor/TMA4/TMA 4 Level 16_Core[1,3,7]_[13643,42751].tif",False,"/data_g1/AI_projects/projects/Immune_Cell_Prediction_WK/DIR/nhs/TMA 4 Level 16_Core[1,3,7]_[13643,42751]",0.5
"/data_g1/AI_projects/raw_data/PCITB_CRC/HE_raw_images/Tumor/TMA4/TMA 4 Level 16_Core[1,3,8]_[12777,42801].tif",False,"/data_g1/AI_projects/projects/Immune_Cell_Prediction_WK/DIR/nhs/TMA 4 Level 16_Core[1,3,8]_[12777,42801]",0.5
"/data_g1/AI_projects/raw_data/PCITB_CRC/HE_raw_images/Tumor/TMA4/TMA 4 Level 1_Core[1,3,8]_[13408,41453].tif",False,"/data_g1/AI_projects/projects/Immune_Cell_Prediction_WK/DIR/nhs/TMA 4 Level 1_Core[1,3,8]_[13408,41453]",0.5
"/data_g1/AI_projects/raw_data/PCITB_CRC/HE_raw_images/Tumor/TMA4/TMA 4 Level 16_Core[1,3,9]_[11912,42726].tif",False,"/data_g1/AI_projects/projects/Immune_Cell_Prediction_WK/DIR/nhs/TMA 4 Level 16_Core[1,3,9]_[11912,42726]",0.5
"/data_g1/AI_projects/raw_data/PCITB_CRC/HE_raw_images/Tumor/TMA4/TMA 4 Level 1_Core[1,3,9]_[12567,41354].tif",False,"/data_g1/AI_projects/projects/Immune_Cell_Prediction_WK/DIR/nhs/TMA 4 Level 1_Core[1,3,9]_[12567,41354]",0.5
"/data_g1/AI_projects/raw_data/PCITB_CRC/HE_raw_images/Tumor/TMA4/TMA 4 Level 1_Core[1,4,10]_[11701,42145].tif",False,"/data_g1/AI_projects/projects/Immune_Cell_Prediction_WK/DIR/nhs/TMA 4 Level 1_Core[1,4,10]_[11701,42145]",0.5
"/data_g1/AI_projects/raw_data/PCITB_CRC/HE_raw_images/Tumor/TMA4/TMA 4 Level 1_Core[1,4,12]_[9995,42269].tif",False,"/data_g1/AI_projects/projects/Immune_Cell_Prediction_WK/DIR/nhs/TMA 4 Level 1_Core[1,4,12]_[9995,42269]",0.5
"/data_g1/AI_projects/raw_data/PCITB_CRC/HE_raw_images/Tumor/TMA4/TMA 4 Level 16_Core[1,4,12]_[9316,43617].tif",False,"/data_g1/AI_projects/projects/Immune_Cell_Prediction_WK/DIR/nhs/TMA 4 Level 16_Core[1,4,12]_[9316,43617]",0.5
"/data_g1/AI_projects/raw_data/PCITB_CRC/HE_raw_images/Tumor/TMA4/TMA 4 Level 16_Core[1,4,14]_[7436,43617].tif",False,"/data_g1/AI_projects/projects/Immune_Cell_Prediction_WK/DIR/nhs/TMA 4 Level 16_Core[1,4,14]_[7436,43617]",0.5
"/data_g1/AI_projects/raw_data/PCITB_CRC/HE_raw_images/Tumor/TMA4/TMA 4 Level 1_Core[1,4,14]_[8165,42244].tif",False,"/data_g1/AI_projects/projects/Immune_Cell_Prediction_WK/DIR/nhs/TMA 4 Level 1_Core[1,4,14]_[8165,42244]",0.5
"/data_g1/AI_projects/raw_data/PCITB_CRC/HE_raw_images/Tumor/TMA4/TMA 4 Level 16_Core[1,4,16]_[5582,43716].tif",False,"/data_g1/AI_projects/projects/Immune_Cell_Prediction_WK/DIR/nhs/TMA 4 Level 16_Core[1,4,16]_[5582,43716]",0.5
"/data_g1/AI_projects/raw_data/PCITB_CRC/HE_raw_images/Tumor/TMA4/TMA 4 Level 1_Core[1,4,16]_[6410,42516].tif",False,"/data_g1/AI_projects/projects/Immune_Cell_Prediction_WK/DIR/nhs/TMA 4 Level 1_Core[1,4,16]_[6410,42516]",0.5
"/data_g1/AI_projects/raw_data/PCITB_CRC/HE_raw_images/Tumor/TMA4/TMA 4 Level 16_Core[1,4,2]_[18292,43716].tif",False,"/data_g1/AI_projects/projects/Immune_Cell_Prediction_WK/DIR/nhs/TMA 4 Level 16_Core[1,4,2]_[18292,43716]",0.5
"/data_g1/AI_projects/raw_data/PCITB_CRC/HE_raw_images/Tumor/TMA4/TMA 4 Level 16_Core[1,4,3]_[17402,43617].tif",False,"/data_g1/AI_projects/projects/Immune_Cell_Prediction_WK/DIR/nhs/TMA 4 Level 16_Core[1,4,3]_[17402,43617]",0.5
"/data_g1/AI_projects/raw_data/PCITB_CRC/HE_raw_images/Tumor/TMA4/TMA 4 Level 1_Core[1,4,3]_[17933,42368].tif",False,"/data_g1/AI_projects/projects/Immune_Cell_Prediction_WK/DIR/nhs/TMA 4 Level 1_Core[1,4,3]_[17933,42368]",0.5
"/data_g1/AI_projects/raw_data/PCITB_CRC/HE_raw_images/Tumor/TMA4/TMA 4 Level 1_Core[1,4,4]_[17043,42318].tif",False,"/data_g1/AI_projects/projects/Immune_Cell_Prediction_WK/DIR/nhs/TMA 4 Level 1_Core[1,4,4]_[17043,42318]",0.5
"/data_g1/AI_projects/raw_data/PCITB_CRC/HE_raw_images/Tumor/TMA4/TMA 4 Level 16_Core[1,4,4]_[16462,43592].tif",False,"/data_g1/AI_projects/projects/Immune_Cell_Prediction_WK/DIR/nhs/TMA 4 Level 16_Core[1,4,4]_[16462,43592]",0.5
"/data_g1/AI_projects/raw_data/PCITB_CRC/HE_raw_images/Tumor/TMA4/TMA 4 Level 16_Core[1,4,6]_[14558,43567].tif",False,"/data_g1/AI_projects/projects/Immune_Cell_Prediction_WK/DIR/nhs/TMA 4 Level 16_Core[1,4,6]_[14558,43567]",0.5
"/data_g1/AI_projects/raw_data/PCITB_CRC/HE_raw_images/Tumor/TMA4/TMA 4 Level 16_Core[1,4,8]_[12802,43567].tif",False,"/data_g1/AI_projects/projects/Immune_Cell_Prediction_WK/DIR/nhs/TMA 4 Level 16_Core[1,4,8]_[12802,43567]",0.5
"/data_g1/AI_projects/raw_data/PCITB_CRC/HE_raw_images/Tumor/TMA4/TMA 4 Level 1_Core[1,4,8]_[13408,42219].tif",False,"/data_g1/AI_projects/projects/Immune_Cell_Prediction_WK/DIR/nhs/TMA 4 Level 1_Core[1,4,8]_[13408,42219]",0.5
"/data_g1/AI_projects/raw_data/PCITB_CRC/HE_raw_images/Tumor/TMA4/TMA 4 Level 1_Core[1,4,9]_[12616,42219].tif",False,"/data_g1/AI_projects/projects/Immune_Cell_Prediction_WK/DIR/nhs/TMA 4 Level 1_Core[1,4,9]_[12616,42219]",0.5
"/data_g1/AI_projects/raw_data/PCITB_CRC/HE_raw_images/Tumor/TMA4/TMA 4 Level 16_Core[1,4,9]_[11961,43542].tif",False,"/data_g1/AI_projects/projects/Immune_Cell_Prediction_WK/DIR/nhs/TMA 4 Level 16_Core[1,4,9]_[11961,43542]",0.5
"/data_g1/AI_projects/raw_data/PCITB_CRC/HE_raw_images/Tumor/TMA4/TMA 4 Level 1_Core[1,5,1]_[19565,43159].tif",False,"/data_g1/AI_projects/projects/Immune_Cell_Prediction_WK/DIR/nhs/TMA 4 Level 1_Core[1,5,1]_[19565,43159]",0.5
"/data_g1/AI_projects/raw_data/PCITB_CRC/HE_raw_images/Tumor/TMA4/TMA 4 Level 16_Core[1,5,1]_[19083,44433].tif",False,"/data_g1/AI_projects/projects/Immune_Cell_Prediction_WK/DIR/nhs/TMA 4 Level 16_Core[1,5,1]_[19083,44433]",0.5
"/data_g1/AI_projects/raw_data/PCITB_CRC/HE_raw_images/Tumor/TMA4/TMA 4 Level 16_Core[1,5,10]_[11071,44383].tif",False,"/data_g1/AI_projects/projects/Immune_Cell_Prediction_WK/DIR/nhs/TMA 4 Level 16_Core[1,5,10]_[11071,44383]",0.5
"/data_g1/AI_projects/raw_data/PCITB_CRC/HE_raw_images/Tumor/TMA4/TMA 4 Level 1_Core[1,5,11]_[10836,43085].tif",False,"/data_g1/AI_projects/projects/Immune_Cell_Prediction_WK/DIR/nhs/TMA 4 Level 1_Core[1,5,11]_[10836,43085]",0.5
"/data_g1/AI_projects/raw_data/PCITB_CRC/HE_raw_images/Tumor/TMA4/TMA 4 Level 16_Core[1,5,11]_[10156,44408].tif",False,"/data_g1/AI_projects/projects/Immune_Cell_Prediction_WK/DIR/nhs/TMA 4 Level 16_Core[1,5,11]_[10156,44408]",0.5
"/data_g1/AI_projects/raw_data/PCITB_CRC/HE_raw_images/Tumor/TMA4/TMA 4 Level 1_Core[1,5,12]_[9970,43159].tif",False,"/data_g1/AI_projects/projects/Immune_Cell_Prediction_WK/DIR/nhs/TMA 4 Level 1_Core[1,5,12]_[9970,43159]",0.5
"/data_g1/AI_projects/raw_data/PCITB_CRC/HE_raw_images/Tumor/TMA4/TMA 4 Level 16_Core[1,5,12]_[9291,44482].tif",False,"/data_g1/AI_projects/projects/Immune_Cell_Prediction_WK/DIR/nhs/TMA 4 Level 16_Core[1,5,12]_[9291,44482]",0.5
"/data_g1/AI_projects/raw_data/PCITB_CRC/HE_raw_images/Tumor/TMA4/TMA 4 Level 16_Core[1,5,14]_[7412,44458].tif",False,"/data_g1/AI_projects/projects/Immune_Cell_Prediction_WK/DIR/nhs/TMA 4 Level 16_Core[1,5,14]_[7412,44458]",0.5
"/data_g1/AI_projects/raw_data/PCITB_CRC/HE_raw_images/Tumor/TMA4/TMA 4 Level 1_Core[1,5,14]_[8289,43233].tif",False,"/data_g1/AI_projects/projects/Immune_Cell_Prediction_WK/DIR/nhs/TMA 4 Level 1_Core[1,5,14]_[8289,43233]",0.5
"/data_g1/AI_projects/raw_data/PCITB_CRC/HE_raw_images/Tumor/TMA4/TMA 4 Level 1_Core[1,5,15]_[7275,43282].tif",False,"/data_g1/AI_projects/projects/Immune_Cell_Prediction_WK/DIR/nhs/TMA 4 Level 1_Core[1,5,15]_[7275,43282]",0.5
"/data_g1/AI_projects/raw_data/PCITB_CRC/HE_raw_images/Tumor/TMA4/TMA 4 Level 16_Core[1,5,15]_[6422,44458].tif",False,"/data_g1/AI_projects/projects/Immune_Cell_Prediction_WK/DIR/nhs/TMA 4 Level 16_Core[1,5,15]_[6422,44458]",0.5
"/data_g1/AI_projects/raw_data/PCITB_CRC/HE_raw_images/Tumor/TMA4/TMA 4 Level 16_Core[1,5,17]_[4691,44458].tif",False,"/data_g1/AI_projects/projects/Immune_Cell_Prediction_WK/DIR/nhs/TMA 4 Level 16_Core[1,5,17]_[4691,44458]",0.5
"/data_g1/AI_projects/raw_data/PCITB_CRC/HE_raw_images/Tumor/TMA4/TMA 4 Level 16_Core[1,5,18]_[3776,44532].tif",False,"/data_g1/AI_projects/projects/Immune_Cell_Prediction_WK/DIR/nhs/TMA 4 Level 16_Core[1,5,18]_[3776,44532]",0.5
"/data_g1/AI_projects/raw_data/PCITB_CRC/HE_raw_images/Tumor/TMA4/TMA 4 Level 1_Core[1,5,2]_[18897,43258].tif",False,"/data_g1/AI_projects/projects/Immune_Cell_Prediction_WK/DIR/nhs/TMA 4 Level 1_Core[1,5,2]_[18897,43258]",0.5
"/data_g1/AI_projects/raw_data/PCITB_CRC/HE_raw_images/Tumor/TMA4/TMA 4 Level 16_Core[1,5,2]_[18292,44532].tif",False,"/data_g1/AI_projects/projects/Immune_Cell_Prediction_WK/DIR/nhs/TMA 4 Level 16_Core[1,5,2]_[18292,44532]",0.5
"/data_g1/AI_projects/raw_data/PCITB_CRC/HE_raw_images/Tumor/TMA4/TMA 4 Level 1_Core[1,5,3]_[17982,43184].tif",False,"/data_g1/AI_projects/projects/Immune_Cell_Prediction_WK/DIR/nhs/TMA 4 Level 1_Core[1,5,3]_[17982,43184]",0.5
"/data_g1/AI_projects/raw_data/PCITB_CRC/HE_raw_images/Tumor/TMA4/TMA 4 Level 16_Core[1,5,3]_[17426,44408].tif",False,"/data_g1/AI_projects/projects/Immune_Cell_Prediction_WK/DIR/nhs/TMA 4 Level 16_Core[1,5,3]_[17426,44408]",0.5
"/data_g1/AI_projects/raw_data/PCITB_CRC/HE_raw_images/Tumor/TMA4/TMA 4 Level 1_Core[1,5,4]_[17067,43159].tif",False,"/data_g1/AI_projects/projects/Immune_Cell_Prediction_WK/DIR/nhs/TMA 4 Level 1_Core[1,5,4]_[17067,43159]",0.5
"/data_g1/AI_projects/raw_data/PCITB_CRC/HE_raw_images/Tumor/TMA4/TMA 4 Level 16_Core[1,5,4]_[16511,44383].tif",False,"/data_g1/AI_projects/projects/Immune_Cell_Prediction_WK/DIR/nhs/TMA 4 Level 16_Core[1,5,4]_[16511,44383]",0.5
"/data_g1/AI_projects/raw_data/PCITB_CRC/HE_raw_images/Tumor/TMA4/TMA 4 Level 16_Core[1,5,5]_[15621,44359].tif",False,"/data_g1/AI_projects/projects/Immune_Cell_Prediction_WK/DIR/nhs/TMA 4 Level 16_Core[1,5,5]_[15621,44359]",0.5
"/data_g1/AI_projects/raw_data/PCITB_CRC/HE_raw_images/Tumor/TMA4/TMA 4 Level 1_Core[1,5,5]_[16251,43110].tif",False,"/data_g1/AI_projects/projects/Immune_Cell_Prediction_WK/DIR/nhs/TMA 4 Level 1_Core[1,5,5]_[16251,43110]",0.5
"/data_g1/AI_projects/raw_data/PCITB_CRC/HE_raw_images/Tumor/TMA4/TMA 4 Level 1_Core[1,5,6]_[15361,43159].tif",False,"/data_g1/AI_projects/projects/Immune_Cell_Prediction_WK/DIR/nhs/TMA 4 Level 1_Core[1,5,6]_[15361,43159]",0.5
"/data_g1/AI_projects/raw_data/PCITB_CRC/HE_raw_images/Tumor/TMA4/TMA 4 Level 16_Core[1,5,6]_[14706,44408].tif",False,"/data_g1/AI_projects/projects/Immune_Cell_Prediction_WK/DIR/nhs/TMA 4 Level 16_Core[1,5,6]_[14706,44408]",0.5
"/data_g1/AI_projects/raw_data/PCITB_CRC/HE_raw_images/Tumor/TMA4/TMA 4 Level 1_Core[1,5,8]_[13383,43060].tif",False,"/data_g1/AI_projects/projects/Immune_Cell_Prediction_WK/DIR/nhs/TMA 4 Level 1_Core[1,5,8]_[13383,43060]",0.5
"/data_g1/AI_projects/raw_data/PCITB_CRC/HE_raw_images/Tumor/TMA4/TMA 4 Level 16_Core[1,5,8]_[12753,44334].tif",False,"/data_g1/AI_projects/projects/Immune_Cell_Prediction_WK/DIR/nhs/TMA 4 Level 16_Core[1,5,8]_[12753,44334]",0.5
"/data_g1/AI_projects/raw_data/PCITB_CRC/HE_raw_images/Tumor/TMA4/TMA 4 Level 16_Core[1,5,9]_[11937,44359].tif",False,"/data_g1/AI_projects/projects/Immune_Cell_Prediction_WK/DIR/nhs/TMA 4 Level 16_Core[1,5,9]_[11937,44359]",0.5
"/data_g1/AI_projects/raw_data/PCITB_CRC/HE_raw_images/Tumor/TMA4/TMA 4 Level 16_Core[1,6,1]_[19303,45382].tif",False,"/data_g1/AI_projects/projects/Immune_Cell_Prediction_WK/DIR/nhs/TMA 4 Level 16_Core[1,6,1]_[19303,45382]",0.5
"/data_g1/AI_projects/raw_data/PCITB_CRC/HE_raw_images/Tumor/TMA4/TMA 4 Level 16_Core[1,6,11]_[10156,45274].tif",False,"/data_g1/AI_projects/projects/Immune_Cell_Prediction_WK/DIR/nhs/TMA 4 Level 16_Core[1,6,11]_[10156,45274]",0.5
"/data_g1/AI_projects/raw_data/PCITB_CRC/HE_raw_images/Tumor/TMA4/TMA 4 Level 1_Core[1,6,11]_[10861,43950].tif",False,"/data_g1/AI_projects/projects/Immune_Cell_Prediction_WK/DIR/nhs/TMA 4 Level 1_Core[1,6,11]_[10861,43950]",0.5
"/data_g1/AI_projects/raw_data/PCITB_CRC/HE_raw_images/Tumor/TMA4/TMA 4 Level 1_Core[1,6,13]_[9130,44099].tif",False,"/data_g1/AI_projects/projects/Immune_Cell_Prediction_WK/DIR/nhs/TMA 4 Level 1_Core[1,6,13]_[9130,44099]",0.5
"/data_g1/AI_projects/raw_data/PCITB_CRC/HE_raw_images/Tumor/TMA4/TMA 4 Level 16_Core[1,6,13]_[8450,45323].tif",False,"/data_g1/AI_projects/projects/Immune_Cell_Prediction_WK/DIR/nhs/TMA 4 Level 16_Core[1,6,13]_[8450,45323]",0.5
"/data_g1/AI_projects/raw_data/PCITB_CRC/HE_raw_images/Tumor/TMA4/TMA 4 Level 16_Core[1,6,15]_[6521,45397].tif",False,"/data_g1/AI_projects/projects/Immune_Cell_Prediction_WK/DIR/nhs/TMA 4 Level 16_Core[1,6,15]_[6521,45397]",0.5
"/data_g1/AI_projects/raw_data/PCITB_CRC/HE_raw_images/Tumor/TMA4/TMA 4 Level 1_Core[1,6,15]_[7226,44222].tif",False,"/data_g1/AI_projects/projects/Immune_Cell_Prediction_WK/DIR/nhs/TMA 4 Level 1_Core[1,6,15]_[7226,44222]",0.5
"/data_g1/AI_projects/raw_data/PCITB_CRC/HE_raw_images/Tumor/TMA4/TMA 4 Level 16_Core[1,6,17]_[4593,45496].tif",False,"/data_g1/AI_projects/projects/Immune_Cell_Prediction_WK/DIR/nhs/TMA 4 Level 16_Core[1,6,17]_[4593,45496]",0.5
"/data_g1/AI_projects/raw_data/PCITB_CRC/HE_raw_images/Tumor/TMA4/TMA 4 Level 1_Core[1,6,17]_[5445,44321].tif",False,"/data_g1/AI_projects/projects/Immune_Cell_Prediction_WK/DIR/nhs/TMA 4 Level 1_Core[1,6,17]_[5445,44321]",0.5
"/data_g1/AI_projects/raw_data/PCITB_CRC/HE_raw_images/Tumor/TMA4/TMA 4 Level 16_Core[1,6,19]_[2960,45397].tif",False,"/data_g1/AI_projects/projects/Immune_Cell_Prediction_WK/DIR/nhs/TMA 4 Level 16_Core[1,6,19]_[2960,45397]",0.5
"/data_g1/AI_projects/raw_data/PCITB_CRC/HE_raw_images/Tumor/TMA4/TMA 4 Level 1_Core[1,6,19]_[3887,44173].tif",False,"/data_g1/AI_projects/projects/Immune_Cell_Prediction_WK/DIR/nhs/TMA 4 Level 1_Core[1,6,19]_[3887,44173]",0.5
"/data_g1/AI_projects/raw_data/PCITB_CRC/HE_raw_images/Tumor/TMA4/TMA 4 Level 16_Core[1,6,3]_[17451,45249].tif",False,"/data_g1/AI_projects/projects/Immune_Cell_Prediction_WK/DIR/nhs/TMA 4 Level 16_Core[1,6,3]_[17451,45249]",0.5
"/data_g1/AI_projects/raw_data/PCITB_CRC/HE_raw_images/Tumor/TMA4/TMA 4 Level 16_Core[1,6,5]_[15646,45199].tif",False,"/data_g1/AI_projects/projects/Immune_Cell_Prediction_WK/DIR/nhs/TMA 4 Level 16_Core[1,6,5]_[15646,45199]",0.5
"/data_g1/AI_projects/raw_data/PCITB_CRC/HE_raw_images/Tumor/TMA4/TMA 4 Level 1_Core[1,6,5]_[16276,43975].tif",False,"/data_g1/AI_projects/projects/Immune_Cell_Prediction_WK/DIR/nhs/TMA 4 Level 1_Core[1,6,5]_[16276,43975]",0.5
"/data_g1/AI_projects/raw_data/PCITB_CRC/HE_raw_images/Tumor/TMA4/TMA 4 Level 1_Core[1,6,7]_[14515,44040].tif",False,"/data_g1/AI_projects/projects/Immune_Cell_Prediction_WK/DIR/nhs/TMA 4 Level 1_Core[1,6,7]_[14515,44040]",0.5
"/data_g1/AI_projects/raw_data/PCITB_CRC/HE_raw_images/Tumor/TMA4/TMA 4 Level 16_Core[1,6,7]_[13915,45323].tif",False,"/data_g1/AI_projects/projects/Immune_Cell_Prediction_WK/DIR/nhs/TMA 4 Level 16_Core[1,6,7]_[13915,45323]",0.5
"/data_g1/AI_projects/raw_data/PCITB_CRC/HE_raw_images/Tumor/TMA4/TMA 4 Level 1_Core[1,8,1]_[20109,45756].tif",False,"/data_g1/AI_projects/projects/Immune_Cell_Prediction_WK/DIR/nhs/TMA 4 Level 1_Core[1,8,1]_[20109,45756]",0.5
"/data_g1/AI_projects/raw_data/PCITB_CRC/HE_raw_images/Tumor/TMA4/TMA 4 Level 16_Core[1,8,1]_[19553,46930].tif",False,"/data_g1/AI_projects/projects/Immune_Cell_Prediction_WK/DIR/nhs/TMA 4 Level 16_Core[1,8,1]_[19553,46930]",0.5
"/data_g1/AI_projects/raw_data/PCITB_CRC/HE_raw_images/Tumor/TMA4/TMA 4 Level 16_Core[1,8,10]_[11269,46782].tif",False,"/data_g1/AI_projects/projects/Immune_Cell_Prediction_WK/DIR/nhs/TMA 4 Level 16_Core[1,8,10]_[11269,46782]",0.5
"/data_g1/AI_projects/raw_data/PCITB_CRC/HE_raw_images/Tumor/TMA4/TMA 4 Level 16_Core[1,8,12]_[9142,46831].tif",False,"/data_g1/AI_projects/projects/Immune_Cell_Prediction_WK/DIR/nhs/TMA 4 Level 16_Core[1,8,12]_[9142,46831]",0.5
"/data_g1/AI_projects/raw_data/PCITB_CRC/HE_raw_images/Tumor/TMA4/TMA 4 Level 16_Core[1,8,14]_[7387,46831].tif",False,"/data_g1/AI_projects/projects/Immune_Cell_Prediction_WK/DIR/nhs/TMA 4 Level 16_Core[1,8,14]_[7387,46831]",0.5
"/data_g1/AI_projects/raw_data/PCITB_CRC/HE_raw_images/Tumor/TMA4/TMA 4 Level 16_Core[1,8,15]_[6398,46807].tif",False,"/data_g1/AI_projects/projects/Immune_Cell_Prediction_WK/DIR/nhs/TMA 4 Level 16_Core[1,8,15]_[6398,46807]",0.5
"/data_g1/AI_projects/raw_data/PCITB_CRC/HE_raw_images/Tumor/TMA4/TMA 4 Level 1_Core[1,8,16]_[6336,45706].tif",False,"/data_g1/AI_projects/projects/Immune_Cell_Prediction_WK/DIR/nhs/TMA 4 Level 1_Core[1,8,16]_[6336,45706]",0.5
"/data_g1/AI_projects/raw_data/PCITB_CRC/HE_raw_images/Tumor/TMA4/TMA 4 Level 16_Core[1,8,16]_[5507,46906].tif",False,"/data_g1/AI_projects/projects/Immune_Cell_Prediction_WK/DIR/nhs/TMA 4 Level 16_Core[1,8,16]_[5507,46906]",0.5
"/data_g1/AI_projects/raw_data/PCITB_CRC/HE_raw_images/Tumor/TMA4/TMA 4 Level 16_Core[1,8,17]_[4642,46856].tif",False,"/data_g1/AI_projects/projects/Immune_Cell_Prediction_WK/DIR/nhs/TMA 4 Level 16_Core[1,8,17]_[4642,46856]",0.5
"/data_g1/AI_projects/raw_data/PCITB_CRC/HE_raw_images/Tumor/TMA4/TMA 4 Level 1_Core[1,8,18]_[4555,45879].tif",False,"/data_g1/AI_projects/projects/Immune_Cell_Prediction_WK/DIR/nhs/TMA 4 Level 1_Core[1,8,18]_[4555,45879]",0.5
"/data_g1/AI_projects/raw_data/PCITB_CRC/HE_raw_images/Tumor/TMA4/TMA 4 Level 16_Core[1,8,18]_[3727,46930].tif",False,"/data_g1/AI_projects/projects/Immune_Cell_Prediction_WK/DIR/nhs/TMA 4 Level 16_Core[1,8,18]_[3727,46930]",0.5
"/data_g1/AI_projects/raw_data/PCITB_CRC/HE_raw_images/Tumor/TMA4/TMA 4 Level 16_Core[1,8,19]_[2787,46955].tif",False,"/data_g1/AI_projects/projects/Immune_Cell_Prediction_WK/DIR/nhs/TMA 4 Level 16_Core[1,8,19]_[2787,46955]",0.5
"/data_g1/AI_projects/raw_data/PCITB_CRC/HE_raw_images/Tumor/TMA4/TMA 4 Level 16_Core[1,8,2]_[18539,46732].tif",False,"/data_g1/AI_projects/projects/Immune_Cell_Prediction_WK/DIR/nhs/TMA 4 Level 16_Core[1,8,2]_[18539,46732]",0.5
"/data_g1/AI_projects/raw_data/PCITB_CRC/HE_raw_images/Tumor/TMA4/TMA 4 Level 1_Core[1,8,2]_[19145,45484].tif",False,"/data_g1/AI_projects/projects/Immune_Cell_Prediction_WK/DIR/nhs/TMA 4 Level 1_Core[1,8,2]_[19145,45484]",0.5
"/data_g1/AI_projects/raw_data/PCITB_CRC/HE_raw_images/Tumor/TMA4/TMA 4 Level 1_Core[1,8,3]_[18279,45607].tif",False,"/data_g1/AI_projects/projects/Immune_Cell_Prediction_WK/DIR/nhs/TMA 4 Level 1_Core[1,8,3]_[18279,45607]",0.5
"/data_g1/AI_projects/raw_data/PCITB_CRC/HE_raw_images/Tumor/TMA4/TMA 4 Level 16_Core[1,8,3]_[17649,46757].tif",False,"/data_g1/AI_projects/projects/Immune_Cell_Prediction_WK/DIR/nhs/TMA 4 Level 16_Core[1,8,3]_[17649,46757]",0.5
"/data_g1/AI_projects/raw_data/PCITB_CRC/HE_raw_images/Tumor/TMA4/TMA 4 Level 1_Core[1,8,4]_[17315,45607].tif",False,"/data_g1/AI_projects/projects/Immune_Cell_Prediction_WK/DIR/nhs/TMA 4 Level 1_Core[1,8,4]_[17315,45607]",0.5
"/data_g1/AI_projects/raw_data/PCITB_CRC/HE_raw_images/Tumor/TMA4/TMA 4 Level 16_Core[1,8,4]_[16684,46708].tif",False,"/data_g1/AI_projects/projects/Immune_Cell_Prediction_WK/DIR/nhs/TMA 4 Level 16_Core[1,8,4]_[16684,46708]",0.5
"/data_g1/AI_projects/raw_data/PCITB_CRC/HE_raw_images/Tumor/TMA4/TMA 4 Level 1_Core[1,8,7]_[14644,45657].tif",False,"/data_g1/AI_projects/projects/Immune_Cell_Prediction_WK/DIR/nhs/TMA 4 Level 1_Core[1,8,7]_[14644,45657]",0.5
"/data_g1/AI_projects/raw_data/PCITB_CRC/HE_raw_images/Tumor/TMA4/TMA 4 Level 16_Core[1,8,7]_[13989,46757].tif",False,"/data_g1/AI_projects/projects/Immune_Cell_Prediction_WK/DIR/nhs/TMA 4 Level 16_Core[1,8,7]_[13989,46757]",0.5
"/data_g1/AI_projects/raw_data/PCITB_CRC/HE_raw_images/Tumor/TMA4/TMA 4 Level 16_Core[1,8,8]_[13074,46782].tif",False,"/data_g1/AI_projects/projects/Immune_Cell_Prediction_WK/DIR/nhs/TMA 4 Level 16_Core[1,8,8]_[13074,46782]",0.5
"/data_g1/AI_projects/raw_data/PCITB_CRC/HE_raw_images/Tumor/TMA4/TMA 4 Level 1_Core[1,8,8]_[13754,45632].tif",False,"/data_g1/AI_projects/projects/Immune_Cell_Prediction_WK/DIR/nhs/TMA 4 Level 1_Core[1,8,8]_[13754,45632]",0.5
"/data_g1/AI_projects/raw_data/PCITB_CRC/HE_raw_images/Tumor/TMA4/TMA 4 Level 16_Core[1,8,9]_[12184,46732].tif",False,"/data_g1/AI_projects/projects/Immune_Cell_Prediction_WK/DIR/nhs/TMA 4 Level 16_Core[1,8,9]_[12184,46732]",0.5
"/data_g1/AI_projects/raw_data/PCITB_CRC/HE_raw_images/Tumor/TMA4/TMA 4 Level 1_Core[1,8,9]_[12864,45657].tif",False,"/data_g1/AI_projects/projects/Immune_Cell_Prediction_WK/DIR/nhs/TMA 4 Level 1_Core[1,8,9]_[12864,45657]",0.5
"/data_g1/AI_projects/raw_data/PCITB_CRC/HE_raw_images/Tumor/TMA4/TMA 4 Level 1_Core[1,9,1]_[20208,46572].tif",False,"/data_g1/AI_projects/projects/Immune_Cell_Prediction_WK/DIR/nhs/TMA 4 Level 1_Core[1,9,1]_[20208,46572]",0.5
"/data_g1/AI_projects/raw_data/PCITB_CRC/HE_raw_images/Tumor/TMA4/TMA 4 Level 16_Core[1,9,1]_[19652,47746].tif",False,"/data_g1/AI_projects/projects/Immune_Cell_Prediction_WK/DIR/nhs/TMA 4 Level 16_Core[1,9,1]_[19652,47746]",0.5
"/data_g1/AI_projects/raw_data/PCITB_CRC/HE_raw_images/Tumor/TMA4/TMA 4 Level 16_Core[1,9,13]_[8252,47548].tif",False,"/data_g1/AI_projects/projects/Immune_Cell_Prediction_WK/DIR/nhs/TMA 4 Level 16_Core[1,9,13]_[8252,47548]",0.5
"/data_g1/AI_projects/raw_data/PCITB_CRC/HE_raw_images/Tumor/TMA4/TMA 4 Level 1_Core[1,9,15]_[7186,46538].tif",False,"/data_g1/AI_projects/projects/Immune_Cell_Prediction_WK/DIR/nhs/TMA 4 Level 1_Core[1,9,15]_[7186,46538]",0.5
"/data_g1/AI_projects/raw_data/PCITB_CRC/HE_raw_images/Tumor/TMA4/TMA 4 Level 16_Core[1,9,15]_[6472,47623].tif",False,"/data_g1/AI_projects/projects/Immune_Cell_Prediction_WK/DIR/nhs/TMA 4 Level 16_Core[1,9,15]_[6472,47623]",0.5
"/data_g1/AI_projects/raw_data/PCITB_CRC/HE_raw_images/Tumor/TMA4/TMA 4 Level 1_Core[1,9,17]_[5149,46596].tif",False,"/data_g1/AI_projects/projects/Immune_Cell_Prediction_WK/DIR/nhs/TMA 4 Level 1_Core[1,9,17]_[5149,46596]",0.5
"/data_g1/AI_projects/raw_data/PCITB_CRC/HE_raw_images/Tumor/TMA4/TMA 4 Level 16_Core[1,9,17]_[4518,47697].tif",False,"/data_g1/AI_projects/projects/Immune_Cell_Prediction_WK/DIR/nhs/TMA 4 Level 16_Core[1,9,17]_[4518,47697]",0.5
"/data_g1/AI_projects/raw_data/PCITB_CRC/HE_raw_images/Tumor/TMA4/TMA 4 Level 16_Core[1,9,19]_[2738,47771].tif",False,"/data_g1/AI_projects/projects/Immune_Cell_Prediction_WK/DIR/nhs/TMA 4 Level 16_Core[1,9,19]_[2738,47771]",0.5
"/data_g1/AI_projects/raw_data/PCITB_CRC/HE_raw_images/Tumor/TMA4/TMA 4 Level 1_Core[1,9,19]_[3418,46498].tif",False,"/data_g1/AI_projects/projects/Immune_Cell_Prediction_WK/DIR/nhs/TMA 4 Level 1_Core[1,9,19]_[3418,46498]",0.5
"/data_g1/AI_projects/raw_data/PCITB_CRC/HE_raw_images/Tumor/TMA4/TMA 4 Level 16_Core[1,9,3]_[17649,47623].tif",False,"/data_g1/AI_projects/projects/Immune_Cell_Prediction_WK/DIR/nhs/TMA 4 Level 16_Core[1,9,3]_[17649,47623]",0.5
"/data_g1/AI_projects/raw_data/PCITB_CRC/HE_raw_images/Tumor/TMA4/TMA 4 Level 1_Core[1,9,3]_[18304,46423].tif",False,"/data_g1/AI_projects/projects/Immune_Cell_Prediction_WK/DIR/nhs/TMA 4 Level 1_Core[1,9,3]_[18304,46423]",0.5
"/data_g1/AI_projects/raw_data/PCITB_CRC/HE_raw_images/Tumor/TMA4/TMA 4 Level 16_Core[1,9,7]_[13964,47623].tif",False,"/data_g1/AI_projects/projects/Immune_Cell_Prediction_WK/DIR/nhs/TMA 4 Level 16_Core[1,9,7]_[13964,47623]",0.5
"/data_g1/AI_projects/raw_data/PCITB_CRC/HE_raw_images/Tumor/TMA4/TMA 4 Level 1_Core[1,9,9]_[12889,46498].tif",False,"/data_g1/AI_projects/projects/Immune_Cell_Prediction_WK/DIR/nhs/TMA 4 Level 1_Core[1,9,9]_[12889,46498]",0.5
"/data_g1/AI_projects/raw_data/PCITB_CRC/HE_raw_images/Tumor/TMA4/TMA 4 Level 16_Core[1,9,9]_[12209,47623].tif",False,"/data_g1/AI_projects/projects/Immune_Cell_Prediction_WK/DIR/nhs/TMA 4 Level 16_Core[1,9,9]_[12209,47623]",0.5
"/data_g1/AI_projects/raw_data/PCITB_CRC/HE_raw_images/Tumor/TMA6/TMA 6 Level 1_Core[1,1,1]_[18724,37484].tif",False,"/data_g1/AI_projects/projects/Immune_Cell_Prediction_WK/DIR/nhs/TMA 6 Level 1_Core[1,1,1]_[18724,37484]",0.5
"/data_g1/AI_projects/raw_data/PCITB_CRC/HE_raw_images/Tumor/TMA6/TMA 6 Level 1_Core[1,1,10]_[10910,37335].tif",False,"/data_g1/AI_projects/projects/Immune_Cell_Prediction_WK/DIR/nhs/TMA 6 Level 1_Core[1,1,10]_[10910,37335]",0.5
"/data_g1/AI_projects/raw_data/PCITB_CRC/HE_raw_images/Tumor/TMA6/TMA 6 Level 1_Core[1,1,11]_[10069,37310].tif",False,"/data_g1/AI_projects/projects/Immune_Cell_Prediction_WK/DIR/nhs/TMA 6 Level 1_Core[1,1,11]_[10069,37310]",0.5
"/data_g1/AI_projects/raw_data/PCITB_CRC/HE_raw_images/Tumor/TMA6/TMA 6 Level 1_Core[1,1,13]_[8313,37385].tif",False,"/data_g1/AI_projects/projects/Immune_Cell_Prediction_WK/DIR/nhs/TMA 6 Level 1_Core[1,1,13]_[8313,37385]",0.5
"/data_g1/AI_projects/raw_data/PCITB_CRC/HE_raw_images/Tumor/TMA6/TMA 6 Level 1_Core[1,1,14]_[7423,37459].tif",False,"/data_g1/AI_projects/projects/Immune_Cell_Prediction_WK/DIR/nhs/TMA 6 Level 1_Core[1,1,14]_[7423,37459]",0.5
"/data_g1/AI_projects/raw_data/PCITB_CRC/HE_raw_images/Tumor/TMA6/TMA 6 Level 1_Core[1,1,3]_[16919,37335].tif",False,"/data_g1/AI_projects/projects/Immune_Cell_Prediction_WK/DIR/nhs/TMA 6 Level 1_Core[1,1,3]_[16919,37335]",0.5
"/data_g1/AI_projects/raw_data/PCITB_CRC/HE_raw_images/Tumor/TMA6/TMA 6 Level 1_Core[1,1,5]_[15163,37286].tif",False,"/data_g1/AI_projects/projects/Immune_Cell_Prediction_WK/DIR/nhs/TMA 6 Level 1_Core[1,1,5]_[15163,37286]",0.5
"/data_g1/AI_projects/raw_data/PCITB_CRC/HE_raw_images/Tumor/TMA6/TMA 6 Level 1_Core[1,1,7]_[13506,37286].tif",False,"/data_g1/AI_projects/projects/Immune_Cell_Prediction_WK/DIR/nhs/TMA 6 Level 1_Core[1,1,7]_[13506,37286]",0.5
"/data_g1/AI_projects/raw_data/PCITB_CRC/HE_raw_images/Tumor/TMA6/TMA 6 Level 1_Core[1,1,9]_[11750,37310].tif",False,"/data_g1/AI_projects/projects/Immune_Cell_Prediction_WK/DIR/nhs/TMA 6 Level 1_Core[1,1,9]_[11750,37310]",0.5
"/data_g1/AI_projects/raw_data/PCITB_CRC/HE_raw_images/Tumor/TMA6/TMA 6 Level 1_Core[1,10,10]_[10662,44692].tif",False,"/data_g1/AI_projects/projects/Immune_Cell_Prediction_WK/DIR/nhs/TMA 6 Level 1_Core[1,10,10]_[10662,44692]",0.5
"/data_g1/AI_projects/raw_data/PCITB_CRC/HE_raw_images/Tumor/TMA6/TMA 6 Level 1_Core[1,10,12]_[8758,44618].tif",False,"/data_g1/AI_projects/projects/Immune_Cell_Prediction_WK/DIR/nhs/TMA 6 Level 1_Core[1,10,12]_[8758,44618]",0.5
"/data_g1/AI_projects/raw_data/PCITB_CRC/HE_raw_images/Tumor/TMA6/TMA 6 Level 1_Core[1,10,2]_[17660,44865].tif",False,"/data_g1/AI_projects/projects/Immune_Cell_Prediction_WK/DIR/nhs/TMA 6 Level 1_Core[1,10,2]_[17660,44865]",0.5
"/data_g1/AI_projects/raw_data/PCITB_CRC/HE_raw_images/Tumor/TMA6/TMA 6 Level 1_Core[1,10,4]_[15880,44766].tif",False,"/data_g1/AI_projects/projects/Immune_Cell_Prediction_WK/DIR/nhs/TMA 6 Level 1_Core[1,10,4]_[15880,44766]",0.5
"/data_g1/AI_projects/raw_data/PCITB_CRC/HE_raw_images/Tumor/TMA6/TMA 6 Level 1_Core[1,10,5]_[14990,44716].tif",False,"/data_g1/AI_projects/projects/Immune_Cell_Prediction_WK/DIR/nhs/TMA 6 Level 1_Core[1,10,5]_[14990,44716]",0.5
"/data_g1/AI_projects/raw_data/PCITB_CRC/HE_raw_images/Tumor/TMA6/TMA 6 Level 1_Core[1,10,6]_[14124,44716].tif",False,"/data_g1/AI_projects/projects/Immune_Cell_Prediction_WK/DIR/nhs/TMA 6 Level 1_Core[1,10,6]_[14124,44716]",0.5
"/data_g1/AI_projects/raw_data/PCITB_CRC/HE_raw_images/Tumor/TMA6/TMA 6 Level 1_Core[1,11,10]_[10613,45532].tif",False,"/data_g1/AI_projects/projects/Immune_Cell_Prediction_WK/DIR/nhs/TMA 6 Level 1_Core[1,11,10]_[10613,45532]",0.5
"/data_g1/AI_projects/raw_data/PCITB_CRC/HE_raw_images/Tumor/TMA6/TMA 6 Level 1_Core[1,11,12]_[8709,45483].tif",False,"/data_g1/AI_projects/projects/Immune_Cell_Prediction_WK/DIR/nhs/TMA 6 Level 1_Core[1,11,12]_[8709,45483]",0.5
"/data_g1/AI_projects/raw_data/PCITB_CRC/HE_raw_images/Tumor/TMA6/TMA 6 Level 1_Core[1,11,2]_[17636,45780].tif",False,"/data_g1/AI_projects/projects/Immune_Cell_Prediction_WK/DIR/nhs/TMA 6 Level 1_Core[1,11,2]_[17636,45780]",0.5
"/data_g1/AI_projects/raw_data/PCITB_CRC/HE_raw_images/Tumor/TMA6/TMA 6 Level 1_Core[1,11,4]_[15855,45656].tif",False,"/data_g1/AI_projects/projects/Immune_Cell_Prediction_WK/DIR/nhs/TMA 6 Level 1_Core[1,11,4]_[15855,45656]",0.5
"/data_g1/AI_projects/raw_data/PCITB_CRC/HE_raw_images/Tumor/TMA6/TMA 6 Level 1_Core[1,11,6]_[14124,45607].tif",False,"/data_g1/AI_projects/projects/Immune_Cell_Prediction_WK/DIR/nhs/TMA 6 Level 1_Core[1,11,6]_[14124,45607]",0.5
"/data_g1/AI_projects/raw_data/PCITB_CRC/HE_raw_images/Tumor/TMA6/TMA 6 Level 1_Core[1,11,8]_[12443,45557].tif",False,"/data_g1/AI_projects/projects/Immune_Cell_Prediction_WK/DIR/nhs/TMA 6 Level 1_Core[1,11,8]_[12443,45557]",0.5
"/data_g1/AI_projects/raw_data/PCITB_CRC/HE_raw_images/Tumor/TMA6/TMA 6 Level 1_Core[1,12,1]_[18674,46695].tif",False,"/data_g1/AI_projects/projects/Immune_Cell_Prediction_WK/DIR/nhs/TMA 6 Level 1_Core[1,12,1]_[18674,46695]",0.5
"/data_g1/AI_projects/raw_data/PCITB_CRC/HE_raw_images/Tumor/TMA6/TMA 6 Level 1_Core[1,12,11]_[9673,46373].tif",False,"/data_g1/AI_projects/projects/Immune_Cell_Prediction_WK/DIR/nhs/TMA 6 Level 1_Core[1,12,11]_[9673,46373]",0.5
"/data_g1/AI_projects/raw_data/PCITB_CRC/HE_raw_images/Tumor/TMA6/TMA 6 Level 1_Core[1,12,12]_[8585,46348].tif",False,"/data_g1/AI_projects/projects/Immune_Cell_Prediction_WK/DIR/nhs/TMA 6 Level 1_Core[1,12,12]_[8585,46348]",0.5
"/data_g1/AI_projects/raw_data/PCITB_CRC/HE_raw_images/Tumor/TMA6/TMA 6 Level 1_Core[1,12,13]_[7695,46348].tif",False,"/data_g1/AI_projects/projects/Immune_Cell_Prediction_WK/DIR/nhs/TMA 6 Level 1_Core[1,12,13]_[7695,46348]",0.5
"/data_g1/AI_projects/raw_data/PCITB_CRC/HE_raw_images/Tumor/TMA6/TMA 6 Level 1_Core[1,12,4]_[15855,46546].tif",False,"/data_g1/AI_projects/projects/Immune_Cell_Prediction_WK/DIR/nhs/TMA 6 Level 1_Core[1,12,4]_[15855,46546]",0.5
"/data_g1/AI_projects/raw_data/PCITB_CRC/HE_raw_images/Tumor/TMA6/TMA 6 Level 1_Core[1,12,5]_[14965,46497].tif",False,"/data_g1/AI_projects/projects/Immune_Cell_Prediction_WK/DIR/nhs/TMA 6 Level 1_Core[1,12,5]_[14965,46497]",0.5
"/data_g1/AI_projects/raw_data/PCITB_CRC/HE_raw_images/Tumor/TMA6/TMA 6 Level 1_Core[1,12,8]_[12443,46398].tif",False,"/data_g1/AI_projects/projects/Immune_Cell_Prediction_WK/DIR/nhs/TMA 6 Level 1_Core[1,12,8]_[12443,46398]",0.5
"/data_g1/AI_projects/raw_data/PCITB_CRC/HE_raw_images/Tumor/TMA6/TMA 6 Level 1_Core[1,12,9]_[11553,46398].tif",False,"/data_g1/AI_projects/projects/Immune_Cell_Prediction_WK/DIR/nhs/TMA 6 Level 1_Core[1,12,9]_[11553,46398]",0.5
"/data_g1/AI_projects/raw_data/PCITB_CRC/HE_raw_images/Tumor/TMA6/TMA 6 Level 1_Core[1,13,1]_[18575,47560].tif",False,"/data_g1/AI_projects/projects/Immune_Cell_Prediction_WK/DIR/nhs/TMA 6 Level 1_Core[1,13,1]_[18575,47560]",0.5
"/data_g1/AI_projects/raw_data/PCITB_CRC/HE_raw_images/Tumor/TMA6/TMA 6 Level 1_Core[1,13,11]_[9599,47239].tif",False,"/data_g1/AI_projects/projects/Immune_Cell_Prediction_WK/DIR/nhs/TMA 6 Level 1_Core[1,13,11]_[9599,47239]",0.5
"/data_g1/AI_projects/raw_data/PCITB_CRC/HE_raw_images/Tumor/TMA6/TMA 6 Level 1_Core[1,13,12]_[8610,47239].tif",False,"/data_g1/AI_projects/projects/Immune_Cell_Prediction_WK/DIR/nhs/TMA 6 Level 1_Core[1,13,12]_[8610,47239]",0.5
"/data_g1/AI_projects/raw_data/PCITB_CRC/HE_raw_images/Tumor/TMA6/TMA 6 Level 1_Core[1,13,13]_[7695,47214].tif",False,"/data_g1/AI_projects/projects/Immune_Cell_Prediction_WK/DIR/nhs/TMA 6 Level 1_Core[1,13,13]_[7695,47214]",0.5
"/data_g1/AI_projects/raw_data/PCITB_CRC/HE_raw_images/Tumor/TMA6/TMA 6 Level 1_Core[1,13,4]_[15855,47412].tif",False,"/data_g1/AI_projects/projects/Immune_Cell_Prediction_WK/DIR/nhs/TMA 6 Level 1_Core[1,13,4]_[15855,47412]",0.5
"/data_g1/AI_projects/raw_data/PCITB_CRC/HE_raw_images/Tumor/TMA6/TMA 6 Level 1_Core[1,13,5]_[14940,47362].tif",False,"/data_g1/AI_projects/projects/Immune_Cell_Prediction_WK/DIR/nhs/TMA 6 Level 1_Core[1,13,5]_[14940,47362]",0.5
"/data_g1/AI_projects/raw_data/PCITB_CRC/HE_raw_images/Tumor/TMA6/TMA 6 Level 1_Core[1,13,9]_[11429,47263].tif",False,"/data_g1/AI_projects/projects/Immune_Cell_Prediction_WK/DIR/nhs/TMA 6 Level 1_Core[1,13,9]_[11429,47263]",0.5
"/data_g1/AI_projects/raw_data/PCITB_CRC/HE_raw_images/Tumor/TMA6/TMA 6 Level 1_Core[1,15,1]_[18376,49030].tif",False,"/data_g1/AI_projects/projects/Immune_Cell_Prediction_WK/DIR/nhs/TMA 6 Level 1_Core[1,15,1]_[18376,49030]",0.5
"/data_g1/AI_projects/raw_data/PCITB_CRC/HE_raw_images/Tumor/TMA6/TMA 6 Level 1_Core[1,15,10]_[10464,48808].tif",False,"/data_g1/AI_projects/projects/Immune_Cell_Prediction_WK/DIR/nhs/TMA 6 Level 1_Core[1,15,10]_[10464,48808]",0.5
"/data_g1/AI_projects/raw_data/PCITB_CRC/HE_raw_images/Tumor/TMA6/TMA 6 Level 1_Core[1,15,12]_[8658,48734].tif",False,"/data_g1/AI_projects/projects/Immune_Cell_Prediction_WK/DIR/nhs/TMA 6 Level 1_Core[1,15,12]_[8658,48734]",0.5
"/data_g1/AI_projects/raw_data/PCITB_CRC/HE_raw_images/Tumor/TMA6/TMA 6 Level 1_Core[1,15,13]_[7694,48734].tif",False,"/data_g1/AI_projects/projects/Immune_Cell_Prediction_WK/DIR/nhs/TMA 6 Level 1_Core[1,15,13]_[7694,48734]",0.5
"/data_g1/AI_projects/raw_data/PCITB_CRC/HE_raw_images/Tumor/TMA6/TMA 6 Level 1_Core[1,15,2]_[17486,48956].tif",False,"/data_g1/AI_projects/projects/Immune_Cell_Prediction_WK/DIR/nhs/TMA 6 Level 1_Core[1,15,2]_[17486,48956]",0.5
"/data_g1/AI_projects/raw_data/PCITB_CRC/HE_raw_images/Tumor/TMA6/TMA 6 Level 1_Core[1,15,4]_[15780,48832].tif",False,"/data_g1/AI_projects/projects/Immune_Cell_Prediction_WK/DIR/nhs/TMA 6 Level 1_Core[1,15,4]_[15780,48832]",0.5
"/data_g1/AI_projects/raw_data/PCITB_CRC/HE_raw_images/Tumor/TMA6/TMA 6 Level 1_Core[1,15,6]_[14099,48734].tif",False,"/data_g1/AI_projects/projects/Immune_Cell_Prediction_WK/DIR/nhs/TMA 6 Level 1_Core[1,15,6]_[14099,48734]",0.5
"/data_g1/AI_projects/raw_data/PCITB_CRC/HE_raw_images/Tumor/TMA6/TMA 6 Level 1_Core[1,15,8]_[12318,48758].tif",False,"/data_g1/AI_projects/projects/Immune_Cell_Prediction_WK/DIR/nhs/TMA 6 Level 1_Core[1,15,8]_[12318,48758]",0.5
"/data_g1/AI_projects/raw_data/PCITB_CRC/HE_raw_images/Tumor/TMA6/TMA 6 Level 1_Core[1,16,10]_[10439,49574].tif",False,"/data_g1/AI_projects/projects/Immune_Cell_Prediction_WK/DIR/nhs/TMA 6 Level 1_Core[1,16,10]_[10439,49574]",0.5
"/data_g1/AI_projects/raw_data/PCITB_CRC/HE_raw_images/Tumor/TMA6/TMA 6 Level 1_Core[1,16,11]_[9549,49624].tif",False,"/data_g1/AI_projects/projects/Immune_Cell_Prediction_WK/DIR/nhs/TMA 6 Level 1_Core[1,16,11]_[9549,49624]",0.5
"/data_g1/AI_projects/raw_data/PCITB_CRC/HE_raw_images/Tumor/TMA6/TMA 6 Level 1_Core[1,16,12]_[8658,49550].tif",False,"/data_g1/AI_projects/projects/Immune_Cell_Prediction_WK/DIR/nhs/TMA 6 Level 1_Core[1,16,12]_[8658,49550]",0.5
"/data_g1/AI_projects/raw_data/PCITB_CRC/HE_raw_images/Tumor/TMA6/TMA 6 Level 1_Core[1,16,13]_[7669,49599].tif",False,"/data_g1/AI_projects/projects/Immune_Cell_Prediction_WK/DIR/nhs/TMA 6 Level 1_Core[1,16,13]_[7669,49599]",0.5
"/data_g1/AI_projects/raw_data/PCITB_CRC/HE_raw_images/Tumor/TMA6/TMA 6 Level 1_Core[1,16,2]_[17437,49822].tif",False,"/data_g1/AI_projects/projects/Immune_Cell_Prediction_WK/DIR/nhs/TMA 6 Level 1_Core[1,16,2]_[17437,49822]",0.5
"/data_g1/AI_projects/raw_data/PCITB_CRC/HE_raw_images/Tumor/TMA6/TMA 6 Level 1_Core[1,16,4]_[15731,49698].tif",False,"/data_g1/AI_projects/projects/Immune_Cell_Prediction_WK/DIR/nhs/TMA 6 Level 1_Core[1,16,4]_[15731,49698]",0.5
"/data_g1/AI_projects/raw_data/PCITB_CRC/HE_raw_images/Tumor/TMA6/TMA 6 Level 1_Core[1,16,8]_[12294,49574].tif",False,"/data_g1/AI_projects/projects/Immune_Cell_Prediction_WK/DIR/nhs/TMA 6 Level 1_Core[1,16,8]_[12294,49574]",0.5
"/data_g1/AI_projects/raw_data/PCITB_CRC/HE_raw_images/Tumor/TMA6/TMA 6 Level 1_Core[1,17,1]_[18278,50737].tif",False,"/data_g1/AI_projects/projects/Immune_Cell_Prediction_WK/DIR/nhs/TMA 6 Level 1_Core[1,17,1]_[18278,50737]",0.5
"/data_g1/AI_projects/raw_data/PCITB_CRC/HE_raw_images/Tumor/TMA6/TMA 6 Level 1_Core[1,17,13]_[7694,50415].tif",False,"/data_g1/AI_projects/projects/Immune_Cell_Prediction_WK/DIR/nhs/TMA 6 Level 1_Core[1,17,13]_[7694,50415]",0.5
"/data_g1/AI_projects/raw_data/PCITB_CRC/HE_raw_images/Tumor/TMA6/TMA 6 Level 1_Core[1,17,3]_[16547,50588].tif",False,"/data_g1/AI_projects/projects/Immune_Cell_Prediction_WK/DIR/nhs/TMA 6 Level 1_Core[1,17,3]_[16547,50588]",0.5
"/data_g1/AI_projects/raw_data/PCITB_CRC/HE_raw_images/Tumor/TMA6/TMA 6 Level 1_Core[1,17,5]_[14840,50564].tif",False,"/data_g1/AI_projects/projects/Immune_Cell_Prediction_WK/DIR/nhs/TMA 6 Level 1_Core[1,17,5]_[14840,50564]",0.5
"/data_g1/AI_projects/raw_data/PCITB_CRC/HE_raw_images/Tumor/TMA6/TMA 6 Level 1_Core[1,17,9]_[11379,50514].tif",False,"/data_g1/AI_projects/projects/Immune_Cell_Prediction_WK/DIR/nhs/TMA 6 Level 1_Core[1,17,9]_[11379,50514]",0.5
"/data_g1/AI_projects/raw_data/PCITB_CRC/HE_raw_images/Tumor/TMA6/TMA 6 Level 1_Core[1,18,1]_[18204,51528].tif",False,"/data_g1/AI_projects/projects/Immune_Cell_Prediction_WK/DIR/nhs/TMA 6 Level 1_Core[1,18,1]_[18204,51528]",0.5
"/data_g1/AI_projects/raw_data/PCITB_CRC/HE_raw_images/Tumor/TMA6/TMA 6 Level 1_Core[1,18,13]_[7645,51231].tif",False,"/data_g1/AI_projects/projects/Immune_Cell_Prediction_WK/DIR/nhs/TMA 6 Level 1_Core[1,18,13]_[7645,51231]",0.5
"/data_g1/AI_projects/raw_data/PCITB_CRC/HE_raw_images/Tumor/TMA6/TMA 6 Level 1_Core[1,18,5]_[14766,51404].tif",False,"/data_g1/AI_projects/projects/Immune_Cell_Prediction_WK/DIR/nhs/TMA 6 Level 1_Core[1,18,5]_[14766,51404]",0.5
"/data_g1/AI_projects/raw_data/PCITB_CRC/HE_raw_images/Tumor/TMA6/TMA 6 Level 1_Core[1,19,10]_[10464,52220].tif",False,"/data_g1/AI_projects/projects/Immune_Cell_Prediction_WK/DIR/nhs/TMA 6 Level 1_Core[1,19,10]_[10464,52220]",0.5
"/data_g1/AI_projects/raw_data/PCITB_CRC/HE_raw_images/Tumor/TMA6/TMA 6 Level 1_Core[1,19,12]_[8733,51973].tif",False,"/data_g1/AI_projects/projects/Immune_Cell_Prediction_WK/DIR/nhs/TMA 6 Level 1_Core[1,19,12]_[8733,51973]",0.5
"/data_g1/AI_projects/raw_data/PCITB_CRC/HE_raw_images/Tumor/TMA6/TMA 6 Level 1_Core[1,19,13]_[7818,52047].tif",False,"/data_g1/AI_projects/projects/Immune_Cell_Prediction_WK/DIR/nhs/TMA 6 Level 1_Core[1,19,13]_[7818,52047]",0.5
"/data_g1/AI_projects/raw_data/PCITB_CRC/HE_raw_images/Tumor/TMA6/TMA 6 Level 1_Core[1,19,2]_[17190,52294].tif",False,"/data_g1/AI_projects/projects/Immune_Cell_Prediction_WK/DIR/nhs/TMA 6 Level 1_Core[1,19,2]_[17190,52294]",0.5
"/data_g1/AI_projects/raw_data/PCITB_CRC/HE_raw_images/Tumor/TMA6/TMA 6 Level 1_Core[1,19,4]_[15558,52270].tif",False,"/data_g1/AI_projects/projects/Immune_Cell_Prediction_WK/DIR/nhs/TMA 6 Level 1_Core[1,19,4]_[15558,52270]",0.5
"/data_g1/AI_projects/raw_data/PCITB_CRC/HE_raw_images/Tumor/TMA6/TMA 6 Level 1_Core[1,19,6]_[13802,52245].tif",False,"/data_g1/AI_projects/projects/Immune_Cell_Prediction_WK/DIR/nhs/TMA 6 Level 1_Core[1,19,6]_[13802,52245]",0.5
"/data_g1/AI_projects/raw_data/PCITB_CRC/HE_raw_images/Tumor/TMA6/TMA 6 Level 1_Core[1,19,8]_[12145,52196].tif",False,"/data_g1/AI_projects/projects/Immune_Cell_Prediction_WK/DIR/nhs/TMA 6 Level 1_Core[1,19,8]_[12145,52196]",0.5
"/data_g1/AI_projects/raw_data/PCITB_CRC/HE_raw_images/Tumor/TMA6/TMA 6 Level 1_Core[1,2,1]_[18773,38349].tif",False,"/data_g1/AI_projects/projects/Immune_Cell_Prediction_WK/DIR/nhs/TMA 6 Level 1_Core[1,2,1]_[18773,38349]",0.5
"/data_g1/AI_projects/raw_data/PCITB_CRC/HE_raw_images/Tumor/TMA6/TMA 6 Level 1_Core[1,2,10]_[10885,38201].tif",False,"/data_g1/AI_projects/projects/Immune_Cell_Prediction_WK/DIR/nhs/TMA 6 Level 1_Core[1,2,10]_[10885,38201]",0.5
"/data_g1/AI_projects/raw_data/PCITB_CRC/HE_raw_images/Tumor/TMA6/TMA 6 Level 1_Core[1,2,11]_[9995,38176].tif",False,"/data_g1/AI_projects/projects/Immune_Cell_Prediction_WK/DIR/nhs/TMA 6 Level 1_Core[1,2,11]_[9995,38176]",0.5
"/data_g1/AI_projects/raw_data/PCITB_CRC/HE_raw_images/Tumor/TMA6/TMA 6 Level 1_Core[1,2,13]_[8239,38250].tif",False,"/data_g1/AI_projects/projects/Immune_Cell_Prediction_WK/DIR/nhs/TMA 6 Level 1_Core[1,2,13]_[8239,38250]",0.5
"/data_g1/AI_projects/raw_data/PCITB_CRC/HE_raw_images/Tumor/TMA6/TMA 6 Level 1_Core[1,2,3]_[16943,38250].tif",False,"/data_g1/AI_projects/projects/Immune_Cell_Prediction_WK/DIR/nhs/TMA 6 Level 1_Core[1,2,3]_[16943,38250]",0.5
"/data_g1/AI_projects/raw_data/PCITB_CRC/HE_raw_images/Tumor/TMA6/TMA 6 Level 1_Core[1,2,5]_[15163,38176].tif",False,"/data_g1/AI_projects/projects/Immune_Cell_Prediction_WK/DIR/nhs/TMA 6 Level 1_Core[1,2,5]_[15163,38176]",0.5
"/data_g1/AI_projects/raw_data/PCITB_CRC/HE_raw_images/Tumor/TMA6/TMA 6 Level 1_Core[1,2,6]_[14347,38225].tif",False,"/data_g1/AI_projects/projects/Immune_Cell_Prediction_WK/DIR/nhs/TMA 6 Level 1_Core[1,2,6]_[14347,38225]",0.5
"/data_g1/AI_projects/raw_data/PCITB_CRC/HE_raw_images/Tumor/TMA6/TMA 6 Level 1_Core[1,2,7]_[13457,38176].tif",False,"/data_g1/AI_projects/projects/Immune_Cell_Prediction_WK/DIR/nhs/TMA 6 Level 1_Core[1,2,7]_[13457,38176]",0.5
"/data_g1/AI_projects/raw_data/PCITB_CRC/HE_raw_images/Tumor/TMA6/TMA 6 Level 1_Core[1,2,9]_[11726,38151].tif",False,"/data_g1/AI_projects/projects/Immune_Cell_Prediction_WK/DIR/nhs/TMA 6 Level 1_Core[1,2,9]_[11726,38151]",0.5
"/data_g1/AI_projects/raw_data/PCITB_CRC/HE_raw_images/Tumor/TMA6/TMA 6 Level 1_Core[1,20,10]_[10464,53135].tif",False,"/data_g1/AI_projects/projects/Immune_Cell_Prediction_WK/DIR/nhs/TMA 6 Level 1_Core[1,20,10]_[10464,53135]",0.5
"/data_g1/AI_projects/raw_data/PCITB_CRC/HE_raw_images/Tumor/TMA6/TMA 6 Level 1_Core[1,20,12]_[8757,53135].tif",False,"/data_g1/AI_projects/projects/Immune_Cell_Prediction_WK/DIR/nhs/TMA 6 Level 1_Core[1,20,12]_[8757,53135]",0.5
"/data_g1/AI_projects/raw_data/PCITB_CRC/HE_raw_images/Tumor/TMA6/TMA 6 Level 1_Core[1,20,13]_[7744,52937].tif",False,"/data_g1/AI_projects/projects/Immune_Cell_Prediction_WK/DIR/nhs/TMA 6 Level 1_Core[1,20,13]_[7744,52937]",0.5
"/data_g1/AI_projects/raw_data/PCITB_CRC/HE_raw_images/Tumor/TMA6/TMA 6 Level 1_Core[1,20,2]_[17066,53160].tif",False,"/data_g1/AI_projects/projects/Immune_Cell_Prediction_WK/DIR/nhs/TMA 6 Level 1_Core[1,20,2]_[17066,53160]",0.5
"/data_g1/AI_projects/raw_data/PCITB_CRC/HE_raw_images/Tumor/TMA6/TMA 6 Level 1_Core[1,20,4]_[15508,53160].tif",False,"/data_g1/AI_projects/projects/Immune_Cell_Prediction_WK/DIR/nhs/TMA 6 Level 1_Core[1,20,4]_[15508,53160]",0.5
"/data_g1/AI_projects/raw_data/PCITB_CRC/HE_raw_images/Tumor/TMA6/TMA 6 Level 1_Core[1,20,6]_[13752,53135].tif",False,"/data_g1/AI_projects/projects/Immune_Cell_Prediction_WK/DIR/nhs/TMA 6 Level 1_Core[1,20,6]_[13752,53135]",0.5
"/data_g1/AI_projects/raw_data/PCITB_CRC/HE_raw_images/Tumor/TMA6/TMA 6 Level 1_Core[1,20,8]_[12096,53135].tif",False,"/data_g1/AI_projects/projects/Immune_Cell_Prediction_WK/DIR/nhs/TMA 6 Level 1_Core[1,20,8]_[12096,53135]",0.5
"/data_g1/AI_projects/raw_data/PCITB_CRC/HE_raw_images/Tumor/TMA6/TMA 6 Level 1_Core[1,3,1]_[18773,39239].tif",False,"/data_g1/AI_projects/projects/Immune_Cell_Prediction_WK/DIR/nhs/TMA 6 Level 1_Core[1,3,1]_[18773,39239]",0.5
"/data_g1/AI_projects/raw_data/PCITB_CRC/HE_raw_images/Tumor/TMA6/TMA 6 Level 1_Core[1,3,10]_[10910,39066].tif",False,"/data_g1/AI_projects/projects/Immune_Cell_Prediction_WK/DIR/nhs/TMA 6 Level 1_Core[1,3,10]_[10910,39066]",0.5
"/data_g1/AI_projects/raw_data/PCITB_CRC/HE_raw_images/Tumor/TMA6/TMA 6 Level 1_Core[1,3,12]_[9129,39041].tif",False,"/data_g1/AI_projects/projects/Immune_Cell_Prediction_WK/DIR/nhs/TMA 6 Level 1_Core[1,3,12]_[9129,39041]",0.5
"/data_g1/AI_projects/raw_data/PCITB_CRC/HE_raw_images/Tumor/TMA6/TMA 6 Level 1_Core[1,3,2]_[17834,39140].tif",False,"/data_g1/AI_projects/projects/Immune_Cell_Prediction_WK/DIR/nhs/TMA 6 Level 1_Core[1,3,2]_[17834,39140]",0.5
"/data_g1/AI_projects/raw_data/PCITB_CRC/HE_raw_images/Tumor/TMA6/TMA 6 Level 1_Core[1,3,5]_[15163,39066].tif",False,"/data_g1/AI_projects/projects/Immune_Cell_Prediction_WK/DIR/nhs/TMA 6 Level 1_Core[1,3,5]_[15163,39066]",0.5
"/data_g1/AI_projects/raw_data/PCITB_CRC/HE_raw_images/Tumor/TMA6/TMA 6 Level 1_Core[1,3,6]_[14273,39066].tif",False,"/data_g1/AI_projects/projects/Immune_Cell_Prediction_WK/DIR/nhs/TMA 6 Level 1_Core[1,3,6]_[14273,39066]",0.5
"/data_g1/AI_projects/raw_data/PCITB_CRC/HE_raw_images/Tumor/TMA6/TMA 6 Level 1_Core[1,3,8]_[12591,39041].tif",False,"/data_g1/AI_projects/projects/Immune_Cell_Prediction_WK/DIR/nhs/TMA 6 Level 1_Core[1,3,8]_[12591,39041]",0.5
"/data_g1/AI_projects/raw_data/PCITB_CRC/HE_raw_images/Tumor/TMA6/TMA 6 Level 1_Core[1,3,9]_[11726,39017].tif",False,"/data_g1/AI_projects/projects/Immune_Cell_Prediction_WK/DIR/nhs/TMA 6 Level 1_Core[1,3,9]_[11726,39017]",0.5
"/data_g1/AI_projects/raw_data/PCITB_CRC/HE_raw_images/Tumor/TMA6/TMA 6 Level 1_Core[1,4,10]_[10860,39857].tif",False,"/data_g1/AI_projects/projects/Immune_Cell_Prediction_WK/DIR/nhs/TMA 6 Level 1_Core[1,4,10]_[10860,39857]",0.5
"/data_g1/AI_projects/raw_data/PCITB_CRC/HE_raw_images/Tumor/TMA6/TMA 6 Level 1_Core[1,4,12]_[9080,39857].tif",False,"/data_g1/AI_projects/projects/Immune_Cell_Prediction_WK/DIR/nhs/TMA 6 Level 1_Core[1,4,12]_[9080,39857]",0.5
"/data_g1/AI_projects/raw_data/PCITB_CRC/HE_raw_images/Tumor/TMA6/TMA 6 Level 1_Core[1,4,2]_[17834,40030].tif",False,"/data_g1/AI_projects/projects/Immune_Cell_Prediction_WK/DIR/nhs/TMA 6 Level 1_Core[1,4,2]_[17834,40030]",0.5
"/data_g1/AI_projects/raw_data/PCITB_CRC/HE_raw_images/Tumor/TMA6/TMA 6 Level 1_Core[1,4,8]_[12567,39882].tif",False,"/data_g1/AI_projects/projects/Immune_Cell_Prediction_WK/DIR/nhs/TMA 6 Level 1_Core[1,4,8]_[12567,39882]",0.5
"/data_g1/AI_projects/raw_data/PCITB_CRC/HE_raw_images/Tumor/TMA6/TMA 6 Level 1_Core[1,4,9]_[11701,39857].tif",False,"/data_g1/AI_projects/projects/Immune_Cell_Prediction_WK/DIR/nhs/TMA 6 Level 1_Core[1,4,9]_[11701,39857]",0.5
"/data_g1/AI_projects/raw_data/PCITB_CRC/HE_raw_images/Tumor/TMA6/TMA 6 Level 1_Core[1,5,1]_[18748,40945].tif",False,"/data_g1/AI_projects/projects/Immune_Cell_Prediction_WK/DIR/nhs/TMA 6 Level 1_Core[1,5,1]_[18748,40945]",0.5
"/data_g1/AI_projects/raw_data/PCITB_CRC/HE_raw_images/Tumor/TMA6/TMA 6 Level 1_Core[1,5,10]_[10885,40649].tif",False,"/data_g1/AI_projects/projects/Immune_Cell_Prediction_WK/DIR/nhs/TMA 6 Level 1_Core[1,5,10]_[10885,40649]",0.5
"/data_g1/AI_projects/raw_data/PCITB_CRC/HE_raw_images/Tumor/TMA6/TMA 6 Level 1_Core[1,5,11]_[10020,40624].tif",False,"/data_g1/AI_projects/projects/Immune_Cell_Prediction_WK/DIR/nhs/TMA 6 Level 1_Core[1,5,11]_[10020,40624]",0.5
"/data_g1/AI_projects/raw_data/PCITB_CRC/HE_raw_images/Tumor/TMA6/TMA 6 Level 1_Core[1,5,13]_[7918,40624].tif",False,"/data_g1/AI_projects/projects/Immune_Cell_Prediction_WK/DIR/nhs/TMA 6 Level 1_Core[1,5,13]_[7918,40624]",0.5
"/data_g1/AI_projects/raw_data/PCITB_CRC/HE_raw_images/Tumor/TMA6/TMA 6 Level 1_Core[1,5,2]_[17784,40896].tif",False,"/data_g1/AI_projects/projects/Immune_Cell_Prediction_WK/DIR/nhs/TMA 6 Level 1_Core[1,5,2]_[17784,40896]",0.5
"/data_g1/AI_projects/raw_data/PCITB_CRC/HE_raw_images/Tumor/TMA6/TMA 6 Level 1_Core[1,5,3]_[16894,40846].tif",False,"/data_g1/AI_projects/projects/Immune_Cell_Prediction_WK/DIR/nhs/TMA 6 Level 1_Core[1,5,3]_[16894,40846]",0.5
"/data_g1/AI_projects/raw_data/PCITB_CRC/HE_raw_images/Tumor/TMA6/TMA 6 Level 1_Core[1,5,7]_[13407,40673].tif",False,"/data_g1/AI_projects/projects/Immune_Cell_Prediction_WK/DIR/nhs/TMA 6 Level 1_Core[1,5,7]_[13407,40673]",0.5
"/data_g1/AI_projects/raw_data/PCITB_CRC/HE_raw_images/Tumor/TMA6/TMA 6 Level 1_Core[1,5,9]_[11726,40673].tif",False,"/data_g1/AI_projects/projects/Immune_Cell_Prediction_WK/DIR/nhs/TMA 6 Level 1_Core[1,5,9]_[11726,40673]",0.5
"/data_g1/AI_projects/raw_data/PCITB_CRC/HE_raw_images/Tumor/TMA6/TMA 6 Level 1_Core[1,6,1]_[18724,41811].tif",False,"/data_g1/AI_projects/projects/Immune_Cell_Prediction_WK/DIR/nhs/TMA 6 Level 1_Core[1,6,1]_[18724,41811]",0.5
"/data_g1/AI_projects/raw_data/PCITB_CRC/HE_raw_images/Tumor/TMA6/TMA 6 Level 1_Core[1,6,10]_[10811,41465].tif",False,"/data_g1/AI_projects/projects/Immune_Cell_Prediction_WK/DIR/nhs/TMA 6 Level 1_Core[1,6,10]_[10811,41465]",0.5
"/data_g1/AI_projects/raw_data/PCITB_CRC/HE_raw_images/Tumor/TMA6/TMA 6 Level 1_Core[1,6,11]_[9970,41465].tif",False,"/data_g1/AI_projects/projects/Immune_Cell_Prediction_WK/DIR/nhs/TMA 6 Level 1_Core[1,6,11]_[9970,41465]",0.5
"/data_g1/AI_projects/raw_data/PCITB_CRC/HE_raw_images/Tumor/TMA6/TMA 6 Level 1_Core[1,6,13]_[7992,41539].tif",False,"/data_g1/AI_projects/projects/Immune_Cell_Prediction_WK/DIR/nhs/TMA 6 Level 1_Core[1,6,13]_[7992,41539]",0.5
"/data_g1/AI_projects/raw_data/PCITB_CRC/HE_raw_images/Tumor/TMA6/TMA 6 Level 1_Core[1,6,2]_[17784,41737].tif",False,"/data_g1/AI_projects/projects/Immune_Cell_Prediction_WK/DIR/nhs/TMA 6 Level 1_Core[1,6,2]_[17784,41737]",0.5
"/data_g1/AI_projects/raw_data/PCITB_CRC/HE_raw_images/Tumor/TMA6/TMA 6 Level 1_Core[1,6,3]_[16894,41662].tif",False,"/data_g1/AI_projects/projects/Immune_Cell_Prediction_WK/DIR/nhs/TMA 6 Level 1_Core[1,6,3]_[16894,41662]",0.5
"/data_g1/AI_projects/raw_data/PCITB_CRC/HE_raw_images/Tumor/TMA6/TMA 6 Level 1_Core[1,6,5]_[15064,41514].tif",False,"/data_g1/AI_projects/projects/Immune_Cell_Prediction_WK/DIR/nhs/TMA 6 Level 1_Core[1,6,5]_[15064,41514]",0.5
"/data_g1/AI_projects/raw_data/PCITB_CRC/HE_raw_images/Tumor/TMA6/TMA 6 Level 1_Core[1,6,6]_[14223,41514].tif",False,"/data_g1/AI_projects/projects/Immune_Cell_Prediction_WK/DIR/nhs/TMA 6 Level 1_Core[1,6,6]_[14223,41514]",0.5
"/data_g1/AI_projects/raw_data/PCITB_CRC/HE_raw_images/Tumor/TMA6/TMA 6 Level 1_Core[1,6,7]_[13358,41514].tif",False,"/data_g1/AI_projects/projects/Immune_Cell_Prediction_WK/DIR/nhs/TMA 6 Level 1_Core[1,6,7]_[13358,41514]",0.5
"/data_g1/AI_projects/raw_data/PCITB_CRC/HE_raw_images/Tumor/TMA6/TMA 6 Level 1_Core[1,6,9]_[11676,41440].tif",False,"/data_g1/AI_projects/projects/Immune_Cell_Prediction_WK/DIR/nhs/TMA 6 Level 1_Core[1,6,9]_[11676,41440]",0.5
"/data_g1/AI_projects/raw_data/PCITB_CRC/HE_raw_images/Tumor/TMA6/TMA 6 Level 1_Core[1,8,1]_[18699,43208].tif",False,"/data_g1/AI_projects/projects/Immune_Cell_Prediction_WK/DIR/nhs/TMA 6 Level 1_Core[1,8,1]_[18699,43208]",0.5
"/data_g1/AI_projects/raw_data/PCITB_CRC/HE_raw_images/Tumor/TMA6/TMA 6 Level 1_Core[1,8,11]_[9847,42986].tif",False,"/data_g1/AI_projects/projects/Immune_Cell_Prediction_WK/DIR/nhs/TMA 6 Level 1_Core[1,8,11]_[9847,42986]",0.5
"/data_g1/AI_projects/raw_data/PCITB_CRC/HE_raw_images/Tumor/TMA6/TMA 6 Level 1_Core[1,8,13]_[7918,43060].tif",False,"/data_g1/AI_projects/projects/Immune_Cell_Prediction_WK/DIR/nhs/TMA 6 Level 1_Core[1,8,13]_[7918,43060]",0.5
"/data_g1/AI_projects/raw_data/PCITB_CRC/HE_raw_images/Tumor/TMA6/TMA 6 Level 1_Core[1,8,2]_[17759,43084].tif",False,"/data_g1/AI_projects/projects/Immune_Cell_Prediction_WK/DIR/nhs/TMA 6 Level 1_Core[1,8,2]_[17759,43084]",0.5
"/data_g1/AI_projects/raw_data/PCITB_CRC/HE_raw_images/Tumor/TMA6/TMA 6 Level 1_Core[1,8,3]_[16844,43084].tif",False,"/data_g1/AI_projects/projects/Immune_Cell_Prediction_WK/DIR/nhs/TMA 6 Level 1_Core[1,8,3]_[16844,43084]",0.5
"/data_g1/AI_projects/raw_data/PCITB_CRC/HE_raw_images/Tumor/TMA6/TMA 6 Level 1_Core[1,8,5]_[15064,42936].tif",False,"/data_g1/AI_projects/projects/Immune_Cell_Prediction_WK/DIR/nhs/TMA 6 Level 1_Core[1,8,5]_[15064,42936]",0.5
"/data_g1/AI_projects/raw_data/PCITB_CRC/HE_raw_images/Tumor/TMA6/TMA 6 Level 1_Core[1,8,7]_[13308,42961].tif",False,"/data_g1/AI_projects/projects/Immune_Cell_Prediction_WK/DIR/nhs/TMA 6 Level 1_Core[1,8,7]_[13308,42961]",0.5
"/data_g1/AI_projects/raw_data/PCITB_CRC/HE_raw_images/Tumor/TMA6/TMA 6 Level 1_Core[1,8,9]_[11602,42911].tif",False,"/data_g1/AI_projects/projects/Immune_Cell_Prediction_WK/DIR/nhs/TMA 6 Level 1_Core[1,8,9]_[11602,42911]",0.5
"/data_g1/AI_projects/raw_data/PCITB_CRC/HE_raw_images/Tumor/TMA6/TMA 6 Level 1_Core[1,9,1]_[18748,43999].tif",False,"/data_g1/AI_projects/projects/Immune_Cell_Prediction_WK/DIR/nhs/TMA 6 Level 1_Core[1,9,1]_[18748,43999]",0.5
"/data_g1/AI_projects/raw_data/PCITB_CRC/HE_raw_images/Tumor/TMA6/TMA 6 Level 1_Core[1,9,11]_[9772,43826].tif",False,"/data_g1/AI_projects/projects/Immune_Cell_Prediction_WK/DIR/nhs/TMA 6 Level 1_Core[1,9,11]_[9772,43826]",0.5
"/data_g1/AI_projects/raw_data/PCITB_CRC/HE_raw_images/Tumor/TMA6/TMA 6 Level 1_Core[1,9,13]_[7794,43876].tif",False,"/data_g1/AI_projects/projects/Immune_Cell_Prediction_WK/DIR/nhs/TMA 6 Level 1_Core[1,9,13]_[7794,43876]",0.5
"/data_g1/AI_projects/raw_data/PCITB_CRC/HE_raw_images/Tumor/TMA6/TMA 6 Level 1_Core[1,9,2]_[17735,43950].tif",False,"/data_g1/AI_projects/projects/Immune_Cell_Prediction_WK/DIR/nhs/TMA 6 Level 1_Core[1,9,2]_[17735,43950]",0.5
"/data_g1/AI_projects/raw_data/PCITB_CRC/HE_raw_images/Tumor/TMA6/TMA 6 Level 1_Core[1,9,3]_[16820,43975].tif",False,"/data_g1/AI_projects/projects/Immune_Cell_Prediction_WK/DIR/nhs/TMA 6 Level 1_Core[1,9,3]_[16820,43975]",0.5
"/data_g1/AI_projects/raw_data/PCITB_CRC/HE_raw_images/Tumor/TMA6/TMA 6 Level 1_Core[1,9,7]_[13284,43876].tif",False,"/data_g1/AI_projects/projects/Immune_Cell_Prediction_WK/DIR/nhs/TMA 6 Level 1_Core[1,9,7]_[13284,43876]",0.5
"/data_g1/AI_projects/raw_data/PCITB_CRC/HE_raw_images/Tumor/TMA6/TMA 6 Level 1_Core[1,9,9]_[11596,43843].tif",False,"/data_g1/AI_projects/projects/Immune_Cell_Prediction_WK/DIR/nhs/TMA 6 Level 1_Core[1,9,9]_[11596,43843]",0.5
