slide_path,use_malignant_region,output_dir,mpp
"/data_g1/AI_projects/raw_data/PCITB_CRC/HE_raw_images/Tumor/TMA1/TMA 1 Level 16_Core[1,1,10]_[4381,47584].tif",FALSE,"/data_g1/AI_projects/projects/Immune_Cell_Prediction_WK/DIR/nhs/TMA 1 Level 16_Core[1,1,10]_[4381,47584]",0.4
"/data_g1/AI_projects/raw_data/PCITB_CRC/HE_raw_images/Tumor/TMA1/TMA 1 Level 1_Core[1,1,10]_[3229,44466].tif",FALSE,"/data_g1/AI_projects/projects/Immune_Cell_Prediction_WK/DIR/nhs/TMA 1 Level 1_Core[1,1,10]_[3229,44466]",0.4
"/data_g1/AI_projects/raw_data/PCITB_CRC/HE_raw_images/Tumor/TMA1/TMA 1 Level 1_Core[1,1,12]_[3031,46487].tif",FALSE,"/data_g1/AI_projects/projects/Immune_Cell_Prediction_WK/DIR/nhs/TMA 1 Level 1_Core[1,1,12]_[3031,46487]",0.4
"/data_g1/AI_projects/raw_data/PCITB_CRC/HE_raw_images/Tumor/TMA1/TMA 1 Level 16_Core[1,1,12]_[4134,49464].tif",FALSE,"/data_g1/AI_projects/projects/Immune_Cell_Prediction_WK/DIR/nhs/TMA 1 Level 16_Core[1,1,12]_[4134,49464]",0.4
"/data_g1/AI_projects/raw_data/PCITB_CRC/HE_raw_images/Tumor/TMA1/TMA 1 Level 1_Core[1,1,13]_[3344,47029].tif",FALSE,"/data_g1/AI_projects/projects/Immune_Cell_Prediction_WK/DIR/nhs/TMA 1 Level 1_Core[1,1,13]_[3344,47029]",0.4
"/data_g1/AI_projects/raw_data/PCITB_CRC/HE_raw_images/Tumor/TMA1/TMA 1 Level 16_Core[1,1,13]_[4110,50255].tif",FALSE,"/data_g1/AI_projects/projects/Immune_Cell_Prediction_WK/DIR/nhs/TMA 1 Level 16_Core[1,1,13]_[4110,50255]",0.4
"/data_g1/AI_projects/raw_data/PCITB_CRC/HE_raw_images/Tumor/TMA1/TMA 1 Level 16_Core[1,1,14]_[4258,50948].tif",FALSE,"/data_g1/AI_projects/projects/Immune_Cell_Prediction_WK/DIR/nhs/TMA 1 Level 16_Core[1,1,14]_[4258,50948]",0.4
"/data_g1/AI_projects/raw_data/PCITB_CRC/HE_raw_images/Tumor/TMA1/TMA 1 Level 1_Core[1,1,14]_[3121,48068].tif",FALSE,"/data_g1/AI_projects/projects/Immune_Cell_Prediction_WK/DIR/nhs/TMA 1 Level 1_Core[1,1,14]_[3121,48068]",0.4
"/data_g1/AI_projects/raw_data/PCITB_CRC/HE_raw_images/Tumor/TMA1/TMA 1 Level 1_Core[1,1,15]_[3047,48810].tif",FALSE,"/data_g1/AI_projects/projects/Immune_Cell_Prediction_WK/DIR/nhs/TMA 1 Level 1_Core[1,1,15]_[3047,48810]",0.4
"/data_g1/AI_projects/raw_data/PCITB_CRC/HE_raw_images/Tumor/TMA1/TMA 1 Level 16_Core[1,1,15]_[4258,51665].tif",FALSE,"/data_g1/AI_projects/projects/Immune_Cell_Prediction_WK/DIR/nhs/TMA 1 Level 16_Core[1,1,15]_[4258,51665]",0.4
"/data_g1/AI_projects/raw_data/PCITB_CRC/HE_raw_images/Tumor/TMA1/TMA 1 Level 16_Core[1,1,16]_[4258,52456].tif",FALSE,"/data_g1/AI_projects/projects/Immune_Cell_Prediction_WK/DIR/nhs/TMA 1 Level 16_Core[1,1,16]_[4258,52456]",0.4
"/data_g1/AI_projects/raw_data/PCITB_CRC/HE_raw_images/Tumor/TMA1/TMA 1 Level 1_Core[1,1,16]_[3145,49644].tif",FALSE,"/data_g1/AI_projects/projects/Immune_Cell_Prediction_WK/DIR/nhs/TMA 1 Level 1_Core[1,1,16]_[3145,49644]",0.4
"/data_g1/AI_projects/raw_data/PCITB_CRC/HE_raw_images/Tumor/TMA1/TMA 1 Level 1_Core[1,1,17]_[3022,50219].tif",FALSE,"/data_g1/AI_projects/projects/Immune_Cell_Prediction_WK/DIR/nhs/TMA 1 Level 1_Core[1,1,17]_[3022,50219]",0.4
"/data_g1/AI_projects/raw_data/PCITB_CRC/HE_raw_images/Tumor/TMA1/TMA 1 Level 16_Core[1,1,17]_[4270,53098].tif",FALSE,"/data_g1/AI_projects/projects/Immune_Cell_Prediction_WK/DIR/nhs/TMA 1 Level 16_Core[1,1,17]_[4270,53098]",0.4
"/data_g1/AI_projects/raw_data/PCITB_CRC/HE_raw_images/Tumor/TMA1/TMA 1 Level 16_Core[1,1,18]_[4431,53940].tif",FALSE,"/data_g1/AI_projects/projects/Immune_Cell_Prediction_WK/DIR/nhs/TMA 1 Level 16_Core[1,1,18]_[4431,53940]",0.4
"/data_g1/AI_projects/raw_data/PCITB_CRC/HE_raw_images/Tumor/TMA1/TMA 1 Level 1_Core[1,1,18]_[3245,51208].tif",FALSE,"/data_g1/AI_projects/projects/Immune_Cell_Prediction_WK/DIR/nhs/TMA 1 Level 1_Core[1,1,18]_[3245,51208]",0.4
"/data_g1/AI_projects/raw_data/PCITB_CRC/HE_raw_images/Tumor/TMA1/TMA 1 Level 1_Core[1,1,19]_[3492,51975].tif",FALSE,"/data_g1/AI_projects/projects/Immune_Cell_Prediction_WK/DIR/nhs/TMA 1 Level 1_Core[1,1,19]_[3492,51975]",0.4
"/data_g1/AI_projects/raw_data/PCITB_CRC/HE_raw_images/Tumor/TMA1/TMA 1 Level 16_Core[1,1,19]_[4654,54657].tif",FALSE,"/data_g1/AI_projects/projects/Immune_Cell_Prediction_WK/DIR/nhs/TMA 1 Level 16_Core[1,1,19]_[4654,54657]",0.4
"/data_g1/AI_projects/raw_data/PCITB_CRC/HE_raw_images/Tumor/TMA1/TMA 1 Level 16_Core[2,1,21]_[4617,56500].tif",FALSE,"/data_g1/AI_projects/projects/Immune_Cell_Prediction_WK/DIR/nhs/TMA 1 Level 16_Core[2,1,21]_[4617,56500]",0.4
"/data_g1/AI_projects/raw_data/PCITB_CRC/HE_raw_images/Tumor/TMA1/TMA 1 Level 16_Core[2,1,22]_[4494,57316].tif",FALSE,"/data_g1/AI_projects/projects/Immune_Cell_Prediction_WK/DIR/nhs/TMA 1 Level 16_Core[2,1,22]_[4494,57316]",0.4
"/data_g1/AI_projects/raw_data/PCITB_CRC/HE_raw_images/Tumor/TMA1/TMA 1 Level 16_Core[2,1,23]_[4754,58061].tif",FALSE,"/data_g1/AI_projects/projects/Immune_Cell_Prediction_WK/DIR/nhs/TMA 1 Level 16_Core[2,1,23]_[4754,58061]",0.4
"/data_g1/AI_projects/raw_data/PCITB_CRC/HE_raw_images/Tumor/TMA1/TMA 1 Level 1_Core[1,1,23]_[3652,55658].tif",FALSE,"/data_g1/AI_projects/projects/Immune_Cell_Prediction_WK/DIR/nhs/TMA 1 Level 1_Core[1,1,23]_[3652,55658]",0.4
"/data_g1/AI_projects/raw_data/PCITB_CRC/HE_raw_images/Tumor/TMA1/TMA 1 Level 16_Core[1,1,3]_[4406,42367].tif",FALSE,"/data_g1/AI_projects/projects/Immune_Cell_Prediction_WK/DIR/nhs/TMA 1 Level 16_Core[1,1,3]_[4406,42367]",0.4
"/data_g1/AI_projects/raw_data/PCITB_CRC/HE_raw_images/Tumor/TMA1/TMA 1 Level 1_Core[1,1,4]_[3130,39917].tif",FALSE,"/data_g1/AI_projects/projects/Immune_Cell_Prediction_WK/DIR/nhs/TMA 1 Level 1_Core[1,1,4]_[3130,39917]",0.4
"/data_g1/AI_projects/raw_data/PCITB_CRC/HE_raw_images/Tumor/TMA1/TMA 1 Level 16_Core[1,1,4]_[4332,43207].tif",FALSE,"/data_g1/AI_projects/projects/Immune_Cell_Prediction_WK/DIR/nhs/TMA 1 Level 16_Core[1,1,4]_[4332,43207]",0.4
"/data_g1/AI_projects/raw_data/PCITB_CRC/HE_raw_images/Tumor/TMA1/TMA 1 Level 16_Core[1,1,6]_[4430,44592].tif",FALSE,"/data_g1/AI_projects/projects/Immune_Cell_Prediction_WK/DIR/nhs/TMA 1 Level 16_Core[1,1,6]_[4430,44592]",0.4
"/data_g1/AI_projects/raw_data/PCITB_CRC/HE_raw_images/Tumor/TMA1/TMA 1 Level 16_Core[1,1,7]_[4332,45433].tif",FALSE,"/data_g1/AI_projects/projects/Immune_Cell_Prediction_WK/DIR/nhs/TMA 1 Level 16_Core[1,1,7]_[4332,45433]",0.4
"/data_g1/AI_projects/raw_data/PCITB_CRC/HE_raw_images/Tumor/TMA1/TMA 1 Level 1_Core[1,1,7]_[3130,42216].tif",FALSE,"/data_g1/AI_projects/projects/Immune_Cell_Prediction_WK/DIR/nhs/TMA 1 Level 1_Core[1,1,7]_[3130,42216]",0.4
"/data_g1/AI_projects/raw_data/PCITB_CRC/HE_raw_images/Tumor/TMA1/TMA 1 Level 1_Core[1,1,8]_[3229,42958].tif",FALSE,"/data_g1/AI_projects/projects/Immune_Cell_Prediction_WK/DIR/nhs/TMA 1 Level 1_Core[1,1,8]_[3229,42958]",0.4
"/data_g1/AI_projects/raw_data/PCITB_CRC/HE_raw_images/Tumor/TMA1/TMA 1 Level 16_Core[1,1,8]_[4406,46150].tif",FALSE,"/data_g1/AI_projects/projects/Immune_Cell_Prediction_WK/DIR/nhs/TMA 1 Level 16_Core[1,1,8]_[4406,46150]",0.4
"/data_g1/AI_projects/raw_data/PCITB_CRC/HE_raw_images/Tumor/TMA1/TMA 1 Level 1_Core[1,1,9]_[3303,43675].tif",FALSE,"/data_g1/AI_projects/projects/Immune_Cell_Prediction_WK/DIR/nhs/TMA 1 Level 1_Core[1,1,9]_[3303,43675]",0.4
"/data_g1/AI_projects/raw_data/PCITB_CRC/HE_raw_images/Tumor/TMA1/TMA 1 Level 16_Core[1,1,9]_[4480,46867].tif",FALSE,"/data_g1/AI_projects/projects/Immune_Cell_Prediction_WK/DIR/nhs/TMA 1 Level 16_Core[1,1,9]_[4480,46867]",0.4
"/data_g1/AI_projects/raw_data/PCITB_CRC/HE_raw_images/Tumor/TMA1/TMA 1 Level 1_Core[1,10,11]_[13012,45520].tif",FALSE,"/data_g1/AI_projects/projects/Immune_Cell_Prediction_WK/DIR/nhs/TMA 1 Level 1_Core[1,10,11]_[13012,45520]",0.4
"/data_g1/AI_projects/raw_data/PCITB_CRC/HE_raw_images/Tumor/TMA1/TMA 1 Level 16_Core[1,10,11]_[13989,48537].tif",FALSE,"/data_g1/AI_projects/projects/Immune_Cell_Prediction_WK/DIR/nhs/TMA 1 Level 16_Core[1,10,11]_[13989,48537]",0.4
"/data_g1/AI_projects/raw_data/PCITB_CRC/HE_raw_images/Tumor/TMA1/TMA 1 Level 16_Core[1,10,12]_[14014,49304].tif",FALSE,"/data_g1/AI_projects/projects/Immune_Cell_Prediction_WK/DIR/nhs/TMA 1 Level 16_Core[1,10,12]_[14014,49304]",0.4
"/data_g1/AI_projects/raw_data/PCITB_CRC/HE_raw_images/Tumor/TMA1/TMA 1 Level 1_Core[1,10,12]_[12987,46386].tif",FALSE,"/data_g1/AI_projects/projects/Immune_Cell_Prediction_WK/DIR/nhs/TMA 1 Level 1_Core[1,10,12]_[12987,46386]",0.4
"/data_g1/AI_projects/raw_data/PCITB_CRC/HE_raw_images/Tumor/TMA1/TMA 1 Level 1_Core[1,10,14]_[12987,47968].tif",FALSE,"/data_g1/AI_projects/projects/Immune_Cell_Prediction_WK/DIR/nhs/TMA 1 Level 1_Core[1,10,14]_[12987,47968]",0.4
"/data_g1/AI_projects/raw_data/PCITB_CRC/HE_raw_images/Tumor/TMA1/TMA 1 Level 16_Core[1,10,14]_[14063,50787].tif",FALSE,"/data_g1/AI_projects/projects/Immune_Cell_Prediction_WK/DIR/nhs/TMA 1 Level 16_Core[1,10,14]_[14063,50787]",0.4
"/data_g1/AI_projects/raw_data/PCITB_CRC/HE_raw_images/Tumor/TMA1/TMA 1 Level 16_Core[1,10,15]_[14014,51529].tif",FALSE,"/data_g1/AI_projects/projects/Immune_Cell_Prediction_WK/DIR/nhs/TMA 1 Level 16_Core[1,10,15]_[14014,51529]",0.4
"/data_g1/AI_projects/raw_data/PCITB_CRC/HE_raw_images/Tumor/TMA1/TMA 1 Level 1_Core[1,10,15]_[12963,48710].tif",FALSE,"/data_g1/AI_projects/projects/Immune_Cell_Prediction_WK/DIR/nhs/TMA 1 Level 1_Core[1,10,15]_[12963,48710]",0.4
"/data_g1/AI_projects/raw_data/PCITB_CRC/HE_raw_images/Tumor/TMA1/TMA 1 Level 16_Core[1,10,16]_[13939,52271].tif",FALSE,"/data_g1/AI_projects/projects/Immune_Cell_Prediction_WK/DIR/nhs/TMA 1 Level 16_Core[1,10,16]_[13939,52271]",0.4
"/data_g1/AI_projects/raw_data/PCITB_CRC/HE_raw_images/Tumor/TMA1/TMA 1 Level 16_Core[1,10,18]_[14088,53755].tif",FALSE,"/data_g1/AI_projects/projects/Immune_Cell_Prediction_WK/DIR/nhs/TMA 1 Level 16_Core[1,10,18]_[14088,53755]",0.4
"/data_g1/AI_projects/raw_data/PCITB_CRC/HE_raw_images/Tumor/TMA1/TMA 1 Level 1_Core[1,10,18]_[12987,51183].tif",FALSE,"/data_g1/AI_projects/projects/Immune_Cell_Prediction_WK/DIR/nhs/TMA 1 Level 1_Core[1,10,18]_[12987,51183]",0.4
"/data_g1/AI_projects/raw_data/PCITB_CRC/HE_raw_images/Tumor/TMA1/TMA 1 Level 1_Core[1,10,19]_[12888,51974].tif",FALSE,"/data_g1/AI_projects/projects/Immune_Cell_Prediction_WK/DIR/nhs/TMA 1 Level 1_Core[1,10,19]_[12888,51974]",0.4
"/data_g1/AI_projects/raw_data/PCITB_CRC/HE_raw_images/Tumor/TMA1/TMA 1 Level 16_Core[1,10,20]_[14088,55189].tif",FALSE,"/data_g1/AI_projects/projects/Immune_Cell_Prediction_WK/DIR/nhs/TMA 1 Level 16_Core[1,10,20]_[14088,55189]",0.4
"/data_g1/AI_projects/raw_data/PCITB_CRC/HE_raw_images/Tumor/TMA1/TMA 1 Level 1_Core[1,10,20]_[12987,52741].tif",FALSE,"/data_g1/AI_projects/projects/Immune_Cell_Prediction_WK/DIR/nhs/TMA 1 Level 1_Core[1,10,20]_[12987,52741]",0.4
"/data_g1/AI_projects/raw_data/PCITB_CRC/HE_raw_images/Tumor/TMA1/TMA 1 Level 16_Core[1,10,21]_[14075,56289].tif",FALSE,"/data_g1/AI_projects/projects/Immune_Cell_Prediction_WK/DIR/nhs/TMA 1 Level 16_Core[1,10,21]_[14075,56289]",0.4
"/data_g1/AI_projects/raw_data/PCITB_CRC/HE_raw_images/Tumor/TMA1/TMA 1 Level 1_Core[1,10,21]_[12947,53925].tif",FALSE,"/data_g1/AI_projects/projects/Immune_Cell_Prediction_WK/DIR/nhs/TMA 1 Level 1_Core[1,10,21]_[12947,53925]",0.4
"/data_g1/AI_projects/raw_data/PCITB_CRC/HE_raw_images/Tumor/TMA1/TMA 1 Level 1_Core[1,10,22]_[12873,54691].tif",FALSE,"/data_g1/AI_projects/projects/Immune_Cell_Prediction_WK/DIR/nhs/TMA 1 Level 1_Core[1,10,22]_[12873,54691]",0.4
"/data_g1/AI_projects/raw_data/PCITB_CRC/HE_raw_images/Tumor/TMA1/TMA 1 Level 16_Core[1,10,23]_[14026,57724].tif",FALSE,"/data_g1/AI_projects/projects/Immune_Cell_Prediction_WK/DIR/nhs/TMA 1 Level 16_Core[1,10,23]_[14026,57724]",0.4
"/data_g1/AI_projects/raw_data/PCITB_CRC/HE_raw_images/Tumor/TMA1/TMA 1 Level 1_Core[1,10,23]_[12799,55507].tif",FALSE,"/data_g1/AI_projects/projects/Immune_Cell_Prediction_WK/DIR/nhs/TMA 1 Level 1_Core[1,10,23]_[12799,55507]",0.4
"/data_g1/AI_projects/raw_data/PCITB_CRC/HE_raw_images/Tumor/TMA1/TMA 1 Level 16_Core[1,10,3]_[13915,41984].tif",FALSE,"/data_g1/AI_projects/projects/Immune_Cell_Prediction_WK/DIR/nhs/TMA 1 Level 16_Core[1,10,3]_[13915,41984]",0.4
"/data_g1/AI_projects/raw_data/PCITB_CRC/HE_raw_images/Tumor/TMA1/TMA 1 Level 1_Core[1,10,4]_[12689,39114].tif",FALSE,"/data_g1/AI_projects/projects/Immune_Cell_Prediction_WK/DIR/nhs/TMA 1 Level 1_Core[1,10,4]_[12689,39114]",0.4
"/data_g1/AI_projects/raw_data/PCITB_CRC/HE_raw_images/Tumor/TMA1/TMA 1 Level 16_Core[1,10,4]_[13890,42726].tif",FALSE,"/data_g1/AI_projects/projects/Immune_Cell_Prediction_WK/DIR/nhs/TMA 1 Level 16_Core[1,10,4]_[13890,42726]",0.4
"/data_g1/AI_projects/raw_data/PCITB_CRC/HE_raw_images/Tumor/TMA1/TMA 1 Level 16_Core[1,10,5]_[13939,43493].tif",FALSE,"/data_g1/AI_projects/projects/Immune_Cell_Prediction_WK/DIR/nhs/TMA 1 Level 16_Core[1,10,5]_[13939,43493]",0.4
"/data_g1/AI_projects/raw_data/PCITB_CRC/HE_raw_images/Tumor/TMA1/TMA 1 Level 1_Core[1,10,5]_[12763,39906].tif",FALSE,"/data_g1/AI_projects/projects/Immune_Cell_Prediction_WK/DIR/nhs/TMA 1 Level 1_Core[1,10,5]_[12763,39906]",0.4
"/data_g1/AI_projects/raw_data/PCITB_CRC/HE_raw_images/Tumor/TMA1/TMA 1 Level 16_Core[1,10,6]_[13890,44309].tif",FALSE,"/data_g1/AI_projects/projects/Immune_Cell_Prediction_WK/DIR/nhs/TMA 1 Level 16_Core[1,10,6]_[13890,44309]",0.4
"/data_g1/AI_projects/raw_data/PCITB_CRC/HE_raw_images/Tumor/TMA1/TMA 1 Level 1_Core[1,10,6]_[12788,40746].tif",FALSE,"/data_g1/AI_projects/projects/Immune_Cell_Prediction_WK/DIR/nhs/TMA 1 Level 1_Core[1,10,6]_[12788,40746]",0.4
"/data_g1/AI_projects/raw_data/PCITB_CRC/HE_raw_images/Tumor/TMA1/TMA 1 Level 1_Core[1,10,7]_[12838,41587].tif",FALSE,"/data_g1/AI_projects/projects/Immune_Cell_Prediction_WK/DIR/nhs/TMA 1 Level 1_Core[1,10,7]_[12838,41587]",0.4
"/data_g1/AI_projects/raw_data/PCITB_CRC/HE_raw_images/Tumor/TMA1/TMA 1 Level 16_Core[1,10,7]_[13915,45075].tif",FALSE,"/data_g1/AI_projects/projects/Immune_Cell_Prediction_WK/DIR/nhs/TMA 1 Level 16_Core[1,10,7]_[13915,45075]",0.4
"/data_g1/AI_projects/raw_data/PCITB_CRC/HE_raw_images/Tumor/TMA1/TMA 1 Level 1_Core[1,10,8]_[12912,42403].tif",FALSE,"/data_g1/AI_projects/projects/Immune_Cell_Prediction_WK/DIR/nhs/TMA 1 Level 1_Core[1,10,8]_[12912,42403]",0.4
"/data_g1/AI_projects/raw_data/PCITB_CRC/HE_raw_images/Tumor/TMA1/TMA 1 Level 16_Core[1,10,8]_[13939,45842].tif",FALSE,"/data_g1/AI_projects/projects/Immune_Cell_Prediction_WK/DIR/nhs/TMA 1 Level 16_Core[1,10,8]_[13939,45842]",0.4
"/data_g1/AI_projects/raw_data/PCITB_CRC/HE_raw_images/Tumor/TMA1/TMA 1 Level 16_Core[1,10,9]_[13964,46658].tif",FALSE,"/data_g1/AI_projects/projects/Immune_Cell_Prediction_WK/DIR/nhs/TMA 1 Level 16_Core[1,10,9]_[13964,46658]",0.4
"/data_g1/AI_projects/raw_data/PCITB_CRC/HE_raw_images/Tumor/TMA1/TMA 1 Level 16_Core[1,11,20]_[14953,55164].tif",FALSE,"/data_g1/AI_projects/projects/Immune_Cell_Prediction_WK/DIR/nhs/TMA 1 Level 16_Core[1,11,20]_[14953,55164]",0.4
"/data_g1/AI_projects/raw_data/PCITB_CRC/HE_raw_images/Tumor/TMA1/TMA 1 Level 1_Core[1,11,6]_[13703,40771].tif",FALSE,"/data_g1/AI_projects/projects/Immune_Cell_Prediction_WK/DIR/nhs/TMA 1 Level 1_Core[1,11,6]_[13703,40771]",0.4
"/data_g1/AI_projects/raw_data/PCITB_CRC/HE_raw_images/Tumor/TMA1/TMA 1 Level 16_Core[1,11,9]_[14953,46757].tif",FALSE,"/data_g1/AI_projects/projects/Immune_Cell_Prediction_WK/DIR/nhs/TMA 1 Level 16_Core[1,11,9]_[14953,46757]",0.4
"/data_g1/AI_projects/raw_data/PCITB_CRC/HE_raw_images/Tumor/TMA1/TMA 1 Level 16_Core[1,12,20]_[15819,55115].tif",FALSE,"/data_g1/AI_projects/projects/Immune_Cell_Prediction_WK/DIR/nhs/TMA 1 Level 16_Core[1,12,20]_[15819,55115]",0.4
"/data_g1/AI_projects/raw_data/PCITB_CRC/HE_raw_images/Tumor/TMA1/TMA 1 Level 1_Core[1,12,20]_[14768,52741].tif",FALSE,"/data_g1/AI_projects/projects/Immune_Cell_Prediction_WK/DIR/nhs/TMA 1 Level 1_Core[1,12,20]_[14768,52741]",0.4
"/data_g1/AI_projects/raw_data/PCITB_CRC/HE_raw_images/Tumor/TMA1/TMA 1 Level 1_Core[1,13,1]_[16114,36753].tif",FALSE,"/data_g1/AI_projects/projects/Immune_Cell_Prediction_WK/DIR/nhs/TMA 1 Level 1_Core[1,13,1]_[16114,36753]",0.4
"/data_g1/AI_projects/raw_data/PCITB_CRC/HE_raw_images/Tumor/TMA1/TMA 1 Level 1_Core[1,13,10]_[16262,44246].tif",FALSE,"/data_g1/AI_projects/projects/Immune_Cell_Prediction_WK/DIR/nhs/TMA 1 Level 1_Core[1,13,10]_[16262,44246]",0.4
"/data_g1/AI_projects/raw_data/PCITB_CRC/HE_raw_images/Tumor/TMA1/TMA 1 Level 16_Core[1,13,10]_[17215,47436].tif",FALSE,"/data_g1/AI_projects/projects/Immune_Cell_Prediction_WK/DIR/nhs/TMA 1 Level 16_Core[1,13,10]_[17215,47436]",0.4
"/data_g1/AI_projects/raw_data/PCITB_CRC/HE_raw_images/Tumor/TMA1/TMA 1 Level 16_Core[1,13,13]_[17227,49958].tif",FALSE,"/data_g1/AI_projects/projects/Immune_Cell_Prediction_WK/DIR/nhs/TMA 1 Level 16_Core[1,13,13]_[17227,49958]",0.4
"/data_g1/AI_projects/raw_data/PCITB_CRC/HE_raw_images/Tumor/TMA1/TMA 1 Level 1_Core[1,13,13]_[16288,47189].tif",FALSE,"/data_g1/AI_projects/projects/Immune_Cell_Prediction_WK/DIR/nhs/TMA 1 Level 1_Core[1,13,13]_[16288,47189]",0.4
"/data_g1/AI_projects/raw_data/PCITB_CRC/HE_raw_images/Tumor/TMA1/TMA 1 Level 16_Core[1,13,14]_[17252,50576].tif",FALSE,"/data_g1/AI_projects/projects/Immune_Cell_Prediction_WK/DIR/nhs/TMA 1 Level 16_Core[1,13,14]_[17252,50576]",0.4
"/data_g1/AI_projects/raw_data/PCITB_CRC/HE_raw_images/Tumor/TMA1/TMA 1 Level 16_Core[1,13,15]_[17177,51367].tif",FALSE,"/data_g1/AI_projects/projects/Immune_Cell_Prediction_WK/DIR/nhs/TMA 1 Level 16_Core[1,13,15]_[17177,51367]",0.4
"/data_g1/AI_projects/raw_data/PCITB_CRC/HE_raw_images/Tumor/TMA1/TMA 1 Level 1_Core[1,13,15]_[16288,48722].tif",FALSE,"/data_g1/AI_projects/projects/Immune_Cell_Prediction_WK/DIR/nhs/TMA 1 Level 1_Core[1,13,15]_[16288,48722]",0.4
"/data_g1/AI_projects/raw_data/PCITB_CRC/HE_raw_images/Tumor/TMA1/TMA 1 Level 16_Core[1,13,16]_[17350,52060].tif",FALSE,"/data_g1/AI_projects/projects/Immune_Cell_Prediction_WK/DIR/nhs/TMA 1 Level 16_Core[1,13,16]_[17350,52060]",0.4
"/data_g1/AI_projects/raw_data/PCITB_CRC/HE_raw_images/Tumor/TMA1/TMA 1 Level 1_Core[1,13,16]_[16387,49489].tif",FALSE,"/data_g1/AI_projects/projects/Immune_Cell_Prediction_WK/DIR/nhs/TMA 1 Level 1_Core[1,13,16]_[16387,49489]",0.4
"/data_g1/AI_projects/raw_data/PCITB_CRC/HE_raw_images/Tumor/TMA1/TMA 1 Level 16_Core[1,13,17]_[17202,52851].tif",FALSE,"/data_g1/AI_projects/projects/Immune_Cell_Prediction_WK/DIR/nhs/TMA 1 Level 16_Core[1,13,17]_[17202,52851]",0.4
"/data_g1/AI_projects/raw_data/PCITB_CRC/HE_raw_images/Tumor/TMA1/TMA 1 Level 1_Core[1,13,17]_[16214,50330].tif",FALSE,"/data_g1/AI_projects/projects/Immune_Cell_Prediction_WK/DIR/nhs/TMA 1 Level 1_Core[1,13,17]_[16214,50330]",0.4
"/data_g1/AI_projects/raw_data/PCITB_CRC/HE_raw_images/Tumor/TMA1/TMA 1 Level 16_Core[1,13,18]_[17276,53518].tif",FALSE,"/data_g1/AI_projects/projects/Immune_Cell_Prediction_WK/DIR/nhs/TMA 1 Level 16_Core[1,13,18]_[17276,53518]",0.4
"/data_g1/AI_projects/raw_data/PCITB_CRC/HE_raw_images/Tumor/TMA1/TMA 1 Level 1_Core[1,13,18]_[16338,51072].tif",FALSE,"/data_g1/AI_projects/projects/Immune_Cell_Prediction_WK/DIR/nhs/TMA 1 Level 1_Core[1,13,18]_[16338,51072]",0.4
"/data_g1/AI_projects/raw_data/PCITB_CRC/HE_raw_images/Tumor/TMA1/TMA 1 Level 1_Core[1,13,19]_[16461,51764].tif",FALSE,"/data_g1/AI_projects/projects/Immune_Cell_Prediction_WK/DIR/nhs/TMA 1 Level 1_Core[1,13,19]_[16461,51764]",0.4
"/data_g1/AI_projects/raw_data/PCITB_CRC/HE_raw_images/Tumor/TMA1/TMA 1 Level 16_Core[1,13,19]_[17425,54112].tif",FALSE,"/data_g1/AI_projects/projects/Immune_Cell_Prediction_WK/DIR/nhs/TMA 1 Level 16_Core[1,13,19]_[17425,54112]",0.4
"/data_g1/AI_projects/raw_data/PCITB_CRC/HE_raw_images/Tumor/TMA1/TMA 1 Level 1_Core[1,13,2]_[16238,37594].tif",FALSE,"/data_g1/AI_projects/projects/Immune_Cell_Prediction_WK/DIR/nhs/TMA 1 Level 1_Core[1,13,2]_[16238,37594]",0.4
"/data_g1/AI_projects/raw_data/PCITB_CRC/HE_raw_images/Tumor/TMA1/TMA 1 Level 1_Core[1,13,20]_[16387,52605].tif",FALSE,"/data_g1/AI_projects/projects/Immune_Cell_Prediction_WK/DIR/nhs/TMA 1 Level 1_Core[1,13,20]_[16387,52605]",0.4
"/data_g1/AI_projects/raw_data/PCITB_CRC/HE_raw_images/Tumor/TMA1/TMA 1 Level 16_Core[1,13,20]_[17350,54878].tif",FALSE,"/data_g1/AI_projects/projects/Immune_Cell_Prediction_WK/DIR/nhs/TMA 1 Level 16_Core[1,13,20]_[17350,54878]",0.4
"/data_g1/AI_projects/raw_data/PCITB_CRC/HE_raw_images/Tumor/TMA1/TMA 1 Level 16_Core[1,13,21]_[17027,56002].tif",FALSE,"/data_g1/AI_projects/projects/Immune_Cell_Prediction_WK/DIR/nhs/TMA 1 Level 16_Core[1,13,21]_[17027,56002]",0.4
"/data_g1/AI_projects/raw_data/PCITB_CRC/HE_raw_images/Tumor/TMA1/TMA 1 Level 16_Core[1,13,22]_[17299,57139].tif",FALSE,"/data_g1/AI_projects/projects/Immune_Cell_Prediction_WK/DIR/nhs/TMA 1 Level 16_Core[1,13,22]_[17299,57139]",0.4
"/data_g1/AI_projects/raw_data/PCITB_CRC/HE_raw_images/Tumor/TMA1/TMA 1 Level 1_Core[1,13,3]_[16287,38385].tif",FALSE,"/data_g1/AI_projects/projects/Immune_Cell_Prediction_WK/DIR/nhs/TMA 1 Level 1_Core[1,13,3]_[16287,38385]",0.4
"/data_g1/AI_projects/raw_data/PCITB_CRC/HE_raw_images/Tumor/TMA1/TMA 1 Level 16_Core[1,13,3]_[17363,41922].tif",FALSE,"/data_g1/AI_projects/projects/Immune_Cell_Prediction_WK/DIR/nhs/TMA 1 Level 16_Core[1,13,3]_[17363,41922]",0.4
"/data_g1/AI_projects/raw_data/PCITB_CRC/HE_raw_images/Tumor/TMA1/TMA 1 Level 1_Core[1,13,4]_[16213,39226].tif",FALSE,"/data_g1/AI_projects/projects/Immune_Cell_Prediction_WK/DIR/nhs/TMA 1 Level 1_Core[1,13,4]_[16213,39226]",0.4
"/data_g1/AI_projects/raw_data/PCITB_CRC/HE_raw_images/Tumor/TMA1/TMA 1 Level 16_Core[1,13,4]_[17289,42738].tif",FALSE,"/data_g1/AI_projects/projects/Immune_Cell_Prediction_WK/DIR/nhs/TMA 1 Level 16_Core[1,13,4]_[17289,42738]",0.4
"/data_g1/AI_projects/raw_data/PCITB_CRC/HE_raw_images/Tumor/TMA1/TMA 1 Level 16_Core[1,13,5]_[17363,43504].tif",FALSE,"/data_g1/AI_projects/projects/Immune_Cell_Prediction_WK/DIR/nhs/TMA 1 Level 16_Core[1,13,5]_[17363,43504]",0.4
"/data_g1/AI_projects/raw_data/PCITB_CRC/HE_raw_images/Tumor/TMA1/TMA 1 Level 1_Core[1,13,5]_[16213,40042].tif",FALSE,"/data_g1/AI_projects/projects/Immune_Cell_Prediction_WK/DIR/nhs/TMA 1 Level 1_Core[1,13,5]_[16213,40042]",0.4
"/data_g1/AI_projects/raw_data/PCITB_CRC/HE_raw_images/Tumor/TMA1/TMA 1 Level 16_Core[1,13,6]_[17240,44271].tif",FALSE,"/data_g1/AI_projects/projects/Immune_Cell_Prediction_WK/DIR/nhs/TMA 1 Level 16_Core[1,13,6]_[17240,44271]",0.4
"/data_g1/AI_projects/raw_data/PCITB_CRC/HE_raw_images/Tumor/TMA1/TMA 1 Level 1_Core[1,13,6]_[16164,40858].tif",FALSE,"/data_g1/AI_projects/projects/Immune_Cell_Prediction_WK/DIR/nhs/TMA 1 Level 1_Core[1,13,6]_[16164,40858]",0.4
"/data_g1/AI_projects/raw_data/PCITB_CRC/HE_raw_images/Tumor/TMA1/TMA 1 Level 1_Core[1,13,7]_[16411,41822].tif",FALSE,"/data_g1/AI_projects/projects/Immune_Cell_Prediction_WK/DIR/nhs/TMA 1 Level 1_Core[1,13,7]_[16411,41822]",0.4
"/data_g1/AI_projects/raw_data/PCITB_CRC/HE_raw_images/Tumor/TMA1/TMA 1 Level 16_Core[1,13,7]_[17116,45087].tif",FALSE,"/data_g1/AI_projects/projects/Immune_Cell_Prediction_WK/DIR/nhs/TMA 1 Level 16_Core[1,13,7]_[17116,45087]",0.4
"/data_g1/AI_projects/raw_data/PCITB_CRC/HE_raw_images/Tumor/TMA1/TMA 1 Level 16_Core[1,13,8]_[17165,45977].tif",FALSE,"/data_g1/AI_projects/projects/Immune_Cell_Prediction_WK/DIR/nhs/TMA 1 Level 16_Core[1,13,8]_[17165,45977]",0.4
"/data_g1/AI_projects/raw_data/PCITB_CRC/HE_raw_images/Tumor/TMA1/TMA 1 Level 1_Core[1,13,8]_[16139,42663].tif",FALSE,"/data_g1/AI_projects/projects/Immune_Cell_Prediction_WK/DIR/nhs/TMA 1 Level 1_Core[1,13,8]_[16139,42663]",0.4
"/data_g1/AI_projects/raw_data/PCITB_CRC/HE_raw_images/Tumor/TMA1/TMA 1 Level 1_Core[1,14,1]_[17004,36704].tif",FALSE,"/data_g1/AI_projects/projects/Immune_Cell_Prediction_WK/DIR/nhs/TMA 1 Level 1_Core[1,14,1]_[17004,36704]",0.4
"/data_g1/AI_projects/raw_data/PCITB_CRC/HE_raw_images/Tumor/TMA1/TMA 1 Level 16_Core[1,14,1]_[18130,40314].tif",FALSE,"/data_g1/AI_projects/projects/Immune_Cell_Prediction_WK/DIR/nhs/TMA 1 Level 16_Core[1,14,1]_[18130,40314]",0.4
"/data_g1/AI_projects/raw_data/PCITB_CRC/HE_raw_images/Tumor/TMA1/TMA 1 Level 16_Core[1,14,10]_[18179,47485].tif",FALSE,"/data_g1/AI_projects/projects/Immune_Cell_Prediction_WK/DIR/nhs/TMA 1 Level 16_Core[1,14,10]_[18179,47485]",0.4
"/data_g1/AI_projects/raw_data/PCITB_CRC/HE_raw_images/Tumor/TMA1/TMA 1 Level 1_Core[1,14,10]_[17202,44344].tif",FALSE,"/data_g1/AI_projects/projects/Immune_Cell_Prediction_WK/DIR/nhs/TMA 1 Level 1_Core[1,14,10]_[17202,44344]",0.4
"/data_g1/AI_projects/raw_data/PCITB_CRC/HE_raw_images/Tumor/TMA1/TMA 1 Level 16_Core[1,14,11]_[18216,48474].tif",FALSE,"/data_g1/AI_projects/projects/Immune_Cell_Prediction_WK/DIR/nhs/TMA 1 Level 16_Core[1,14,11]_[18216,48474]",0.4
"/data_g1/AI_projects/raw_data/PCITB_CRC/HE_raw_images/Tumor/TMA1/TMA 1 Level 1_Core[1,14,11]_[17277,45508].tif",FALSE,"/data_g1/AI_projects/projects/Immune_Cell_Prediction_WK/DIR/nhs/TMA 1 Level 1_Core[1,14,11]_[17277,45508]",0.4
"/data_g1/AI_projects/raw_data/PCITB_CRC/HE_raw_images/Tumor/TMA1/TMA 1 Level 16_Core[1,14,12]_[18216,49241].tif",FALSE,"/data_g1/AI_projects/projects/Immune_Cell_Prediction_WK/DIR/nhs/TMA 1 Level 16_Core[1,14,12]_[18216,49241]",0.4
"/data_g1/AI_projects/raw_data/PCITB_CRC/HE_raw_images/Tumor/TMA1/TMA 1 Level 1_Core[1,14,12]_[17252,46324].tif",FALSE,"/data_g1/AI_projects/projects/Immune_Cell_Prediction_WK/DIR/nhs/TMA 1 Level 1_Core[1,14,12]_[17252,46324]",0.4
"/data_g1/AI_projects/raw_data/PCITB_CRC/HE_raw_images/Tumor/TMA1/TMA 1 Level 1_Core[1,14,13]_[17203,47164].tif",FALSE,"/data_g1/AI_projects/projects/Immune_Cell_Prediction_WK/DIR/nhs/TMA 1 Level 1_Core[1,14,13]_[17203,47164]",0.4
"/data_g1/AI_projects/raw_data/PCITB_CRC/HE_raw_images/Tumor/TMA1/TMA 1 Level 16_Core[1,14,13]_[18117,49933].tif",FALSE,"/data_g1/AI_projects/projects/Immune_Cell_Prediction_WK/DIR/nhs/TMA 1 Level 16_Core[1,14,13]_[18117,49933]",0.4
"/data_g1/AI_projects/raw_data/PCITB_CRC/HE_raw_images/Tumor/TMA1/TMA 1 Level 16_Core[1,14,14]_[18216,50675].tif",FALSE,"/data_g1/AI_projects/projects/Immune_Cell_Prediction_WK/DIR/nhs/TMA 1 Level 16_Core[1,14,14]_[18216,50675]",0.4
"/data_g1/AI_projects/raw_data/PCITB_CRC/HE_raw_images/Tumor/TMA1/TMA 1 Level 1_Core[1,14,14]_[17302,47980].tif",FALSE,"/data_g1/AI_projects/projects/Immune_Cell_Prediction_WK/DIR/nhs/TMA 1 Level 1_Core[1,14,14]_[17302,47980]",0.4
"/data_g1/AI_projects/raw_data/PCITB_CRC/HE_raw_images/Tumor/TMA1/TMA 1 Level 16_Core[1,14,16]_[18290,52084].tif",FALSE,"/data_g1/AI_projects/projects/Immune_Cell_Prediction_WK/DIR/nhs/TMA 1 Level 16_Core[1,14,16]_[18290,52084]",0.4
"/data_g1/AI_projects/raw_data/PCITB_CRC/HE_raw_images/Tumor/TMA1/TMA 1 Level 1_Core[1,14,16]_[17450,49489].tif",FALSE,"/data_g1/AI_projects/projects/Immune_Cell_Prediction_WK/DIR/nhs/TMA 1 Level 1_Core[1,14,16]_[17450,49489]",0.4
"/data_g1/AI_projects/raw_data/PCITB_CRC/HE_raw_images/Tumor/TMA1/TMA 1 Level 16_Core[1,14,17]_[18241,52727].tif",FALSE,"/data_g1/AI_projects/projects/Immune_Cell_Prediction_WK/DIR/nhs/TMA 1 Level 16_Core[1,14,17]_[18241,52727]",0.4
"/data_g1/AI_projects/raw_data/PCITB_CRC/HE_raw_images/Tumor/TMA1/TMA 1 Level 1_Core[1,14,17]_[17401,50255].tif",FALSE,"/data_g1/AI_projects/projects/Immune_Cell_Prediction_WK/DIR/nhs/TMA 1 Level 1_Core[1,14,17]_[17401,50255]",0.4
"/data_g1/AI_projects/raw_data/PCITB_CRC/HE_raw_images/Tumor/TMA1/TMA 1 Level 16_Core[1,14,18]_[18117,53420].tif",FALSE,"/data_g1/AI_projects/projects/Immune_Cell_Prediction_WK/DIR/nhs/TMA 1 Level 16_Core[1,14,18]_[18117,53420]",0.4
"/data_g1/AI_projects/raw_data/PCITB_CRC/HE_raw_images/Tumor/TMA1/TMA 1 Level 1_Core[1,14,18]_[17178,51022].tif",FALSE,"/data_g1/AI_projects/projects/Immune_Cell_Prediction_WK/DIR/nhs/TMA 1 Level 1_Core[1,14,18]_[17178,51022]",0.4
"/data_g1/AI_projects/raw_data/PCITB_CRC/HE_raw_images/Tumor/TMA1/TMA 1 Level 1_Core[1,14,19]_[17302,51690].tif",FALSE,"/data_g1/AI_projects/projects/Immune_Cell_Prediction_WK/DIR/nhs/TMA 1 Level 1_Core[1,14,19]_[17302,51690]",0.4
"/data_g1/AI_projects/raw_data/PCITB_CRC/HE_raw_images/Tumor/TMA1/TMA 1 Level 16_Core[1,14,19]_[18241,54013].tif",FALSE,"/data_g1/AI_projects/projects/Immune_Cell_Prediction_WK/DIR/nhs/TMA 1 Level 16_Core[1,14,19]_[18241,54013]",0.4
"/data_g1/AI_projects/raw_data/PCITB_CRC/HE_raw_images/Tumor/TMA1/TMA 1 Level 1_Core[1,14,2]_[17078,37569].tif",FALSE,"/data_g1/AI_projects/projects/Immune_Cell_Prediction_WK/DIR/nhs/TMA 1 Level 1_Core[1,14,2]_[17078,37569]",0.4
"/data_g1/AI_projects/raw_data/PCITB_CRC/HE_raw_images/Tumor/TMA1/TMA 1 Level 16_Core[1,14,2]_[18204,41106].tif",FALSE,"/data_g1/AI_projects/projects/Immune_Cell_Prediction_WK/DIR/nhs/TMA 1 Level 16_Core[1,14,2]_[18204,41106]",0.4
"/data_g1/AI_projects/raw_data/PCITB_CRC/HE_raw_images/Tumor/TMA1/TMA 1 Level 16_Core[1,14,20]_[18166,54780].tif",FALSE,"/data_g1/AI_projects/projects/Immune_Cell_Prediction_WK/DIR/nhs/TMA 1 Level 16_Core[1,14,20]_[18166,54780]",0.4
"/data_g1/AI_projects/raw_data/PCITB_CRC/HE_raw_images/Tumor/TMA1/TMA 1 Level 1_Core[1,14,20]_[17203,52555].tif",FALSE,"/data_g1/AI_projects/projects/Immune_Cell_Prediction_WK/DIR/nhs/TMA 1 Level 1_Core[1,14,20]_[17203,52555]",0.4
"/data_g1/AI_projects/raw_data/PCITB_CRC/HE_raw_images/Tumor/TMA1/TMA 1 Level 16_Core[1,14,21]_[17917,55903].tif",FALSE,"/data_g1/AI_projects/projects/Immune_Cell_Prediction_WK/DIR/nhs/TMA 1 Level 16_Core[1,14,21]_[17917,55903]",0.4
"/data_g1/AI_projects/raw_data/PCITB_CRC/HE_raw_images/Tumor/TMA1/TMA 1 Level 1_Core[1,14,21]_[16943,53766].tif",FALSE,"/data_g1/AI_projects/projects/Immune_Cell_Prediction_WK/DIR/nhs/TMA 1 Level 1_Core[1,14,21]_[16943,53766]",0.4
"/data_g1/AI_projects/raw_data/PCITB_CRC/HE_raw_images/Tumor/TMA1/TMA 1 Level 1_Core[1,14,22]_[17091,54483].tif",FALSE,"/data_g1/AI_projects/projects/Immune_Cell_Prediction_WK/DIR/nhs/TMA 1 Level 1_Core[1,14,22]_[17091,54483]",0.4
"/data_g1/AI_projects/raw_data/PCITB_CRC/HE_raw_images/Tumor/TMA1/TMA 1 Level 16_Core[1,14,22]_[18189,57090].tif",FALSE,"/data_g1/AI_projects/projects/Immune_Cell_Prediction_WK/DIR/nhs/TMA 1 Level 16_Core[1,14,22]_[18189,57090]",0.4
"/data_g1/AI_projects/raw_data/PCITB_CRC/HE_raw_images/Tumor/TMA1/TMA 1 Level 16_Core[1,14,3]_[18204,41971].tif",FALSE,"/data_g1/AI_projects/projects/Immune_Cell_Prediction_WK/DIR/nhs/TMA 1 Level 16_Core[1,14,3]_[18204,41971]",0.4
"/data_g1/AI_projects/raw_data/PCITB_CRC/HE_raw_images/Tumor/TMA1/TMA 1 Level 1_Core[1,14,3]_[17177,38434].tif",FALSE,"/data_g1/AI_projects/projects/Immune_Cell_Prediction_WK/DIR/nhs/TMA 1 Level 1_Core[1,14,3]_[17177,38434]",0.4
"/data_g1/AI_projects/raw_data/PCITB_CRC/HE_raw_images/Tumor/TMA1/TMA 1 Level 16_Core[1,14,4]_[18229,42812].tif",FALSE,"/data_g1/AI_projects/projects/Immune_Cell_Prediction_WK/DIR/nhs/TMA 1 Level 16_Core[1,14,4]_[18229,42812]",0.4
"/data_g1/AI_projects/raw_data/PCITB_CRC/HE_raw_images/Tumor/TMA1/TMA 1 Level 1_Core[1,14,4]_[17153,39275].tif",FALSE,"/data_g1/AI_projects/projects/Immune_Cell_Prediction_WK/DIR/nhs/TMA 1 Level 1_Core[1,14,4]_[17153,39275]",0.4
"/data_g1/AI_projects/raw_data/PCITB_CRC/HE_raw_images/Tumor/TMA1/TMA 1 Level 16_Core[1,14,5]_[18253,43529].tif",FALSE,"/data_g1/AI_projects/projects/Immune_Cell_Prediction_WK/DIR/nhs/TMA 1 Level 16_Core[1,14,5]_[18253,43529]",0.4
"/data_g1/AI_projects/raw_data/PCITB_CRC/HE_raw_images/Tumor/TMA1/TMA 1 Level 1_Core[1,14,5]_[17227,40067].tif",FALSE,"/data_g1/AI_projects/projects/Immune_Cell_Prediction_WK/DIR/nhs/TMA 1 Level 1_Core[1,14,5]_[17227,40067]",0.4
"/data_g1/AI_projects/raw_data/PCITB_CRC/HE_raw_images/Tumor/TMA1/TMA 1 Level 1_Core[1,14,6]_[17103,40907].tif",FALSE,"/data_g1/AI_projects/projects/Immune_Cell_Prediction_WK/DIR/nhs/TMA 1 Level 1_Core[1,14,6]_[17103,40907]",0.4
"/data_g1/AI_projects/raw_data/PCITB_CRC/HE_raw_images/Tumor/TMA1/TMA 1 Level 16_Core[1,14,6]_[18130,44295].tif",FALSE,"/data_g1/AI_projects/projects/Immune_Cell_Prediction_WK/DIR/nhs/TMA 1 Level 16_Core[1,14,6]_[18130,44295]",0.4
"/data_g1/AI_projects/raw_data/PCITB_CRC/HE_raw_images/Tumor/TMA1/TMA 1 Level 16_Core[1,14,7]_[18154,45087].tif",FALSE,"/data_g1/AI_projects/projects/Immune_Cell_Prediction_WK/DIR/nhs/TMA 1 Level 16_Core[1,14,7]_[18154,45087]",0.4
"/data_g1/AI_projects/raw_data/PCITB_CRC/HE_raw_images/Tumor/TMA1/TMA 1 Level 1_Core[1,14,7]_[17103,41748].tif",FALSE,"/data_g1/AI_projects/projects/Immune_Cell_Prediction_WK/DIR/nhs/TMA 1 Level 1_Core[1,14,7]_[17103,41748]",0.4
"/data_g1/AI_projects/raw_data/PCITB_CRC/HE_raw_images/Tumor/TMA1/TMA 1 Level 1_Core[1,14,8]_[17103,42688].tif",FALSE,"/data_g1/AI_projects/projects/Immune_Cell_Prediction_WK/DIR/nhs/TMA 1 Level 1_Core[1,14,8]_[17103,42688]",0.4
"/data_g1/AI_projects/raw_data/PCITB_CRC/HE_raw_images/Tumor/TMA1/TMA 1 Level 16_Core[1,14,8]_[18303,46100].tif",FALSE,"/data_g1/AI_projects/projects/Immune_Cell_Prediction_WK/DIR/nhs/TMA 1 Level 16_Core[1,14,8]_[18303,46100]",0.4
"/data_g1/AI_projects/raw_data/PCITB_CRC/HE_raw_images/Tumor/TMA1/TMA 1 Level 16_Core[1,16,19]_[20120,53815].tif",FALSE,"/data_g1/AI_projects/projects/Immune_Cell_Prediction_WK/DIR/nhs/TMA 1 Level 16_Core[1,16,19]_[20120,53815]",0.4
"/data_g1/AI_projects/raw_data/PCITB_CRC/HE_raw_images/Tumor/TMA1/TMA 1 Level 16_Core[1,2,1]_[5271,40710].tif",FALSE,"/data_g1/AI_projects/projects/Immune_Cell_Prediction_WK/DIR/nhs/TMA 1 Level 16_Core[1,2,1]_[5271,40710]",0.4
"/data_g1/AI_projects/raw_data/PCITB_CRC/HE_raw_images/Tumor/TMA1/TMA 1 Level 1_Core[1,2,10]_[4243,44442].tif",FALSE,"/data_g1/AI_projects/projects/Immune_Cell_Prediction_WK/DIR/nhs/TMA 1 Level 1_Core[1,2,10]_[4243,44442]",0.4
"/data_g1/AI_projects/raw_data/PCITB_CRC/HE_raw_images/Tumor/TMA1/TMA 1 Level 16_Core[1,2,10]_[5444,47535].tif",FALSE,"/data_g1/AI_projects/projects/Immune_Cell_Prediction_WK/DIR/nhs/TMA 1 Level 16_Core[1,2,10]_[5444,47535]",0.4
"/data_g1/AI_projects/raw_data/PCITB_CRC/HE_raw_images/Tumor/TMA1/TMA 1 Level 16_Core[1,2,11]_[5395,48648].tif",FALSE,"/data_g1/AI_projects/projects/Immune_Cell_Prediction_WK/DIR/nhs/TMA 1 Level 16_Core[1,2,11]_[5395,48648]",0.4
"/data_g1/AI_projects/raw_data/PCITB_CRC/HE_raw_images/Tumor/TMA1/TMA 1 Level 1_Core[1,2,11]_[4209,45620].tif",FALSE,"/data_g1/AI_projects/projects/Immune_Cell_Prediction_WK/DIR/nhs/TMA 1 Level 1_Core[1,2,11]_[4209,45620]",0.4
"/data_g1/AI_projects/raw_data/PCITB_CRC/HE_raw_images/Tumor/TMA1/TMA 1 Level 1_Core[1,2,13]_[4085,47094].tif",FALSE,"/data_g1/AI_projects/projects/Immune_Cell_Prediction_WK/DIR/nhs/TMA 1 Level 1_Core[1,2,13]_[4085,47094]",0.4
"/data_g1/AI_projects/raw_data/PCITB_CRC/HE_raw_images/Tumor/TMA1/TMA 1 Level 1_Core[1,2,14]_[4086,47845].tif",FALSE,"/data_g1/AI_projects/projects/Immune_Cell_Prediction_WK/DIR/nhs/TMA 1 Level 1_Core[1,2,14]_[4086,47845]",0.4
"/data_g1/AI_projects/raw_data/PCITB_CRC/HE_raw_images/Tumor/TMA1/TMA 1 Level 16_Core[1,2,14]_[5272,50799].tif",FALSE,"/data_g1/AI_projects/projects/Immune_Cell_Prediction_WK/DIR/nhs/TMA 1 Level 16_Core[1,2,14]_[5272,50799]",0.4
"/data_g1/AI_projects/raw_data/PCITB_CRC/HE_raw_images/Tumor/TMA1/TMA 1 Level 16_Core[1,2,15]_[5173,51615].tif",FALSE,"/data_g1/AI_projects/projects/Immune_Cell_Prediction_WK/DIR/nhs/TMA 1 Level 16_Core[1,2,15]_[5173,51615]",0.4
"/data_g1/AI_projects/raw_data/PCITB_CRC/HE_raw_images/Tumor/TMA1/TMA 1 Level 1_Core[1,2,15]_[4011,48711].tif",FALSE,"/data_g1/AI_projects/projects/Immune_Cell_Prediction_WK/DIR/nhs/TMA 1 Level 1_Core[1,2,15]_[4011,48711]",0.4
"/data_g1/AI_projects/raw_data/PCITB_CRC/HE_raw_images/Tumor/TMA1/TMA 1 Level 1_Core[1,2,16]_[4234,49502].tif",FALSE,"/data_g1/AI_projects/projects/Immune_Cell_Prediction_WK/DIR/nhs/TMA 1 Level 1_Core[1,2,16]_[4234,49502]",0.4
"/data_g1/AI_projects/raw_data/PCITB_CRC/HE_raw_images/Tumor/TMA1/TMA 1 Level 16_Core[1,2,16]_[5445,52382].tif",FALSE,"/data_g1/AI_projects/projects/Immune_Cell_Prediction_WK/DIR/nhs/TMA 1 Level 16_Core[1,2,16]_[5445,52382]",0.4
"/data_g1/AI_projects/raw_data/PCITB_CRC/HE_raw_images/Tumor/TMA1/TMA 1 Level 16_Core[1,2,18]_[5297,53915].tif",FALSE,"/data_g1/AI_projects/projects/Immune_Cell_Prediction_WK/DIR/nhs/TMA 1 Level 16_Core[1,2,18]_[5297,53915]",0.4
"/data_g1/AI_projects/raw_data/PCITB_CRC/HE_raw_images/Tumor/TMA1/TMA 1 Level 1_Core[1,2,18]_[4160,51183].tif",FALSE,"/data_g1/AI_projects/projects/Immune_Cell_Prediction_WK/DIR/nhs/TMA 1 Level 1_Core[1,2,18]_[4160,51183]",0.4
"/data_g1/AI_projects/raw_data/PCITB_CRC/HE_raw_images/Tumor/TMA1/TMA 1 Level 16_Core[1,2,19]_[5593,54657].tif",FALSE,"/data_g1/AI_projects/projects/Immune_Cell_Prediction_WK/DIR/nhs/TMA 1 Level 16_Core[1,2,19]_[5593,54657]",0.4
"/data_g1/AI_projects/raw_data/PCITB_CRC/HE_raw_images/Tumor/TMA1/TMA 1 Level 1_Core[1,2,19]_[4382,51975].tif",FALSE,"/data_g1/AI_projects/projects/Immune_Cell_Prediction_WK/DIR/nhs/TMA 1 Level 1_Core[1,2,19]_[4382,51975]",0.4
"/data_g1/AI_projects/raw_data/PCITB_CRC/HE_raw_images/Tumor/TMA1/TMA 1 Level 1_Core[1,2,21]_[4320,53952].tif",FALSE,"/data_g1/AI_projects/projects/Immune_Cell_Prediction_WK/DIR/nhs/TMA 1 Level 1_Core[1,2,21]_[4320,53952]",0.4
"/data_g1/AI_projects/raw_data/PCITB_CRC/HE_raw_images/Tumor/TMA1/TMA 1 Level 16_Core[2,2,21]_[5433,56500].tif",FALSE,"/data_g1/AI_projects/projects/Immune_Cell_Prediction_WK/DIR/nhs/TMA 1 Level 16_Core[2,2,21]_[5433,56500]",0.4
"/data_g1/AI_projects/raw_data/PCITB_CRC/HE_raw_images/Tumor/TMA1/TMA 1 Level 1_Core[1,2,23]_[4592,55708].tif",FALSE,"/data_g1/AI_projects/projects/Immune_Cell_Prediction_WK/DIR/nhs/TMA 1 Level 1_Core[1,2,23]_[4592,55708]",0.4
"/data_g1/AI_projects/raw_data/PCITB_CRC/HE_raw_images/Tumor/TMA1/TMA 1 Level 16_Core[2,2,23]_[5606,58132].tif",FALSE,"/data_g1/AI_projects/projects/Immune_Cell_Prediction_WK/DIR/nhs/TMA 1 Level 16_Core[2,2,23]_[5606,58132]",0.4
"/data_g1/AI_projects/raw_data/PCITB_CRC/HE_raw_images/Tumor/TMA1/TMA 1 Level 16_Core[1,2,3]_[5296,42317].tif",FALSE,"/data_g1/AI_projects/projects/Immune_Cell_Prediction_WK/DIR/nhs/TMA 1 Level 16_Core[1,2,3]_[5296,42317]",0.4
"/data_g1/AI_projects/raw_data/PCITB_CRC/HE_raw_images/Tumor/TMA1/TMA 1 Level 1_Core[1,2,3]_[4070,39026].tif",FALSE,"/data_g1/AI_projects/projects/Immune_Cell_Prediction_WK/DIR/nhs/TMA 1 Level 1_Core[1,2,3]_[4070,39026]",0.4
"/data_g1/AI_projects/raw_data/PCITB_CRC/HE_raw_images/Tumor/TMA1/TMA 1 Level 16_Core[1,2,4]_[5345,43133].tif",FALSE,"/data_g1/AI_projects/projects/Immune_Cell_Prediction_WK/DIR/nhs/TMA 1 Level 16_Core[1,2,4]_[5345,43133]",0.4
"/data_g1/AI_projects/raw_data/PCITB_CRC/HE_raw_images/Tumor/TMA1/TMA 1 Level 16_Core[1,2,5]_[5395,43900].tif",FALSE,"/data_g1/AI_projects/projects/Immune_Cell_Prediction_WK/DIR/nhs/TMA 1 Level 16_Core[1,2,5]_[5395,43900]",0.4
"/data_g1/AI_projects/raw_data/PCITB_CRC/HE_raw_images/Tumor/TMA1/TMA 1 Level 16_Core[1,2,6]_[5420,44691].tif",FALSE,"/data_g1/AI_projects/projects/Immune_Cell_Prediction_WK/DIR/nhs/TMA 1 Level 16_Core[1,2,6]_[5420,44691]",0.4
"/data_g1/AI_projects/raw_data/PCITB_CRC/HE_raw_images/Tumor/TMA1/TMA 1 Level 1_Core[1,2,6]_[4243,41499].tif",FALSE,"/data_g1/AI_projects/projects/Immune_Cell_Prediction_WK/DIR/nhs/TMA 1 Level 1_Core[1,2,6]_[4243,41499]",0.4
"/data_g1/AI_projects/raw_data/PCITB_CRC/HE_raw_images/Tumor/TMA1/TMA 1 Level 1_Core[1,2,7]_[3996,42167].tif",FALSE,"/data_g1/AI_projects/projects/Immune_Cell_Prediction_WK/DIR/nhs/TMA 1 Level 1_Core[1,2,7]_[3996,42167]",0.4
"/data_g1/AI_projects/raw_data/PCITB_CRC/HE_raw_images/Tumor/TMA1/TMA 1 Level 16_Core[1,2,7]_[5197,45408].tif",FALSE,"/data_g1/AI_projects/projects/Immune_Cell_Prediction_WK/DIR/nhs/TMA 1 Level 16_Core[1,2,7]_[5197,45408]",0.4
"/data_g1/AI_projects/raw_data/PCITB_CRC/HE_raw_images/Tumor/TMA1/TMA 1 Level 16_Core[1,2,8]_[5345,46076].tif",FALSE,"/data_g1/AI_projects/projects/Immune_Cell_Prediction_WK/DIR/nhs/TMA 1 Level 16_Core[1,2,8]_[5345,46076]",0.4
"/data_g1/AI_projects/raw_data/PCITB_CRC/HE_raw_images/Tumor/TMA1/TMA 1 Level 1_Core[1,2,8]_[4144,42834].tif",FALSE,"/data_g1/AI_projects/projects/Immune_Cell_Prediction_WK/DIR/nhs/TMA 1 Level 1_Core[1,2,8]_[4144,42834]",0.4
"/data_g1/AI_projects/raw_data/PCITB_CRC/HE_raw_images/Tumor/TMA1/TMA 1 Level 1_Core[1,2,9]_[4292,43650].tif",FALSE,"/data_g1/AI_projects/projects/Immune_Cell_Prediction_WK/DIR/nhs/TMA 1 Level 1_Core[1,2,9]_[4292,43650]",0.4
"/data_g1/AI_projects/raw_data/PCITB_CRC/HE_raw_images/Tumor/TMA1/TMA 1 Level 16_Core[1,2,9]_[5444,46793].tif",FALSE,"/data_g1/AI_projects/projects/Immune_Cell_Prediction_WK/DIR/nhs/TMA 1 Level 16_Core[1,2,9]_[5444,46793]",0.4
"/data_g1/AI_projects/raw_data/PCITB_CRC/HE_raw_images/Tumor/TMA1/TMA 1 Level 16_Core[1,3,10]_[6236,47461].tif",FALSE,"/data_g1/AI_projects/projects/Immune_Cell_Prediction_WK/DIR/nhs/TMA 1 Level 16_Core[1,3,10]_[6236,47461]",0.4
"/data_g1/AI_projects/raw_data/PCITB_CRC/HE_raw_images/Tumor/TMA1/TMA 1 Level 1_Core[1,3,10]_[5034,44368].tif",FALSE,"/data_g1/AI_projects/projects/Immune_Cell_Prediction_WK/DIR/nhs/TMA 1 Level 1_Core[1,3,10]_[5034,44368]",0.4
"/data_g1/AI_projects/raw_data/PCITB_CRC/HE_raw_images/Tumor/TMA1/TMA 1 Level 1_Core[1,3,14]_[5174,47796].tif",FALSE,"/data_g1/AI_projects/projects/Immune_Cell_Prediction_WK/DIR/nhs/TMA 1 Level 1_Core[1,3,14]_[5174,47796]",0.4
"/data_g1/AI_projects/raw_data/PCITB_CRC/HE_raw_images/Tumor/TMA1/TMA 1 Level 16_Core[1,4,10]_[7225,47436].tif",FALSE,"/data_g1/AI_projects/projects/Immune_Cell_Prediction_WK/DIR/nhs/TMA 1 Level 16_Core[1,4,10]_[7225,47436]",0.4
"/data_g1/AI_projects/raw_data/PCITB_CRC/HE_raw_images/Tumor/TMA1/TMA 1 Level 1_Core[1,4,10]_[6023,44318].tif",FALSE,"/data_g1/AI_projects/projects/Immune_Cell_Prediction_WK/DIR/nhs/TMA 1 Level 1_Core[1,4,10]_[6023,44318]",0.4
"/data_g1/AI_projects/raw_data/PCITB_CRC/HE_raw_images/Tumor/TMA1/TMA 1 Level 16_Core[1,4,14]_[7275,50824].tif",FALSE,"/data_g1/AI_projects/projects/Immune_Cell_Prediction_WK/DIR/nhs/TMA 1 Level 16_Core[1,4,14]_[7275,50824]",0.4
"/data_g1/AI_projects/raw_data/PCITB_CRC/HE_raw_images/Tumor/TMA1/TMA 1 Level 1_Core[1,4,14]_[6138,47969].tif",FALSE,"/data_g1/AI_projects/projects/Immune_Cell_Prediction_WK/DIR/nhs/TMA 1 Level 1_Core[1,4,14]_[6138,47969]",0.4
"/data_g1/AI_projects/raw_data/PCITB_CRC/HE_raw_images/Tumor/TMA1/TMA 1 Level 16_Core[1,5,1]_[8945,40526].tif",FALSE,"/data_g1/AI_projects/projects/Immune_Cell_Prediction_WK/DIR/nhs/TMA 1 Level 16_Core[1,5,1]_[8945,40526]",0.4
"/data_g1/AI_projects/raw_data/PCITB_CRC/HE_raw_images/Tumor/TMA1/TMA 1 Level 1_Core[1,5,1]_[7410,37112].tif",FALSE,"/data_g1/AI_projects/projects/Immune_Cell_Prediction_WK/DIR/nhs/TMA 1 Level 1_Core[1,5,1]_[7410,37112]",0.4
"/data_g1/AI_projects/raw_data/PCITB_CRC/HE_raw_images/Tumor/TMA1/TMA 1 Level 16_Core[1,5,10]_[8796,47425].tif",FALSE,"/data_g1/AI_projects/projects/Immune_Cell_Prediction_WK/DIR/nhs/TMA 1 Level 16_Core[1,5,10]_[8796,47425]",0.4
"/data_g1/AI_projects/raw_data/PCITB_CRC/HE_raw_images/Tumor/TMA1/TMA 1 Level 1_Core[1,5,10]_[7583,44332].tif",FALSE,"/data_g1/AI_projects/projects/Immune_Cell_Prediction_WK/DIR/nhs/TMA 1 Level 1_Core[1,5,10]_[7583,44332]",0.4
"/data_g1/AI_projects/raw_data/PCITB_CRC/HE_raw_images/Tumor/TMA1/TMA 1 Level 16_Core[1,5,11]_[8584,48573].tif",FALSE,"/data_g1/AI_projects/projects/Immune_Cell_Prediction_WK/DIR/nhs/TMA 1 Level 16_Core[1,5,11]_[8584,48573]",0.4
"/data_g1/AI_projects/raw_data/PCITB_CRC/HE_raw_images/Tumor/TMA1/TMA 1 Level 1_Core[1,5,11]_[7386,45632].tif",FALSE,"/data_g1/AI_projects/projects/Immune_Cell_Prediction_WK/DIR/nhs/TMA 1 Level 1_Core[1,5,11]_[7386,45632]",0.4
"/data_g1/AI_projects/raw_data/PCITB_CRC/HE_raw_images/Tumor/TMA1/TMA 1 Level 1_Core[1,5,12]_[7461,46472].tif",FALSE,"/data_g1/AI_projects/projects/Immune_Cell_Prediction_WK/DIR/nhs/TMA 1 Level 1_Core[1,5,12]_[7461,46472]",0.4
"/data_g1/AI_projects/raw_data/PCITB_CRC/HE_raw_images/Tumor/TMA1/TMA 1 Level 16_Core[1,5,12]_[8634,49389].tif",FALSE,"/data_g1/AI_projects/projects/Immune_Cell_Prediction_WK/DIR/nhs/TMA 1 Level 16_Core[1,5,12]_[8634,49389]",0.4
"/data_g1/AI_projects/raw_data/PCITB_CRC/HE_raw_images/Tumor/TMA1/TMA 1 Level 1_Core[1,5,13]_[7510,47190].tif",FALSE,"/data_g1/AI_projects/projects/Immune_Cell_Prediction_WK/DIR/nhs/TMA 1 Level 1_Core[1,5,13]_[7510,47190]",0.4
"/data_g1/AI_projects/raw_data/PCITB_CRC/HE_raw_images/Tumor/TMA1/TMA 1 Level 16_Core[1,5,13]_[8683,50131].tif",FALSE,"/data_g1/AI_projects/projects/Immune_Cell_Prediction_WK/DIR/nhs/TMA 1 Level 16_Core[1,5,13]_[8683,50131]",0.4
"/data_g1/AI_projects/raw_data/PCITB_CRC/HE_raw_images/Tumor/TMA1/TMA 1 Level 16_Core[1,5,14]_[8856,50848].tif",FALSE,"/data_g1/AI_projects/projects/Immune_Cell_Prediction_WK/DIR/nhs/TMA 1 Level 16_Core[1,5,14]_[8856,50848]",0.4
"/data_g1/AI_projects/raw_data/PCITB_CRC/HE_raw_images/Tumor/TMA1/TMA 1 Level 1_Core[1,5,14]_[7683,48030].tif",FALSE,"/data_g1/AI_projects/projects/Immune_Cell_Prediction_WK/DIR/nhs/TMA 1 Level 1_Core[1,5,14]_[7683,48030]",0.4
"/data_g1/AI_projects/raw_data/PCITB_CRC/HE_raw_images/Tumor/TMA1/TMA 1 Level 16_Core[1,5,15]_[8634,51590].tif",FALSE,"/data_g1/AI_projects/projects/Immune_Cell_Prediction_WK/DIR/nhs/TMA 1 Level 16_Core[1,5,15]_[8634,51590]",0.4
"/data_g1/AI_projects/raw_data/PCITB_CRC/HE_raw_images/Tumor/TMA1/TMA 1 Level 1_Core[1,5,15]_[7461,48822].tif",FALSE,"/data_g1/AI_projects/projects/Immune_Cell_Prediction_WK/DIR/nhs/TMA 1 Level 1_Core[1,5,15]_[7461,48822]",0.4
"/data_g1/AI_projects/raw_data/PCITB_CRC/HE_raw_images/Tumor/TMA1/TMA 1 Level 16_Core[1,5,16]_[8881,52307].tif",FALSE,"/data_g1/AI_projects/projects/Immune_Cell_Prediction_WK/DIR/nhs/TMA 1 Level 16_Core[1,5,16]_[8881,52307]",0.4
"/data_g1/AI_projects/raw_data/PCITB_CRC/HE_raw_images/Tumor/TMA1/TMA 1 Level 1_Core[1,5,16]_[7757,49588].tif",FALSE,"/data_g1/AI_projects/projects/Immune_Cell_Prediction_WK/DIR/nhs/TMA 1 Level 1_Core[1,5,16]_[7757,49588]",0.4
"/data_g1/AI_projects/raw_data/PCITB_CRC/HE_raw_images/Tumor/TMA1/TMA 1 Level 1_Core[1,5,17]_[7658,50429].tif",FALSE,"/data_g1/AI_projects/projects/Immune_Cell_Prediction_WK/DIR/nhs/TMA 1 Level 1_Core[1,5,17]_[7658,50429]",0.4
"/data_g1/AI_projects/raw_data/PCITB_CRC/HE_raw_images/Tumor/TMA1/TMA 1 Level 16_Core[1,5,17]_[8856,53049].tif",FALSE,"/data_g1/AI_projects/projects/Immune_Cell_Prediction_WK/DIR/nhs/TMA 1 Level 16_Core[1,5,17]_[8856,53049]",0.4
"/data_g1/AI_projects/raw_data/PCITB_CRC/HE_raw_images/Tumor/TMA1/TMA 1 Level 16_Core[1,5,18]_[8980,53741].tif",FALSE,"/data_g1/AI_projects/projects/Immune_Cell_Prediction_WK/DIR/nhs/TMA 1 Level 16_Core[1,5,18]_[8980,53741]",0.4
"/data_g1/AI_projects/raw_data/PCITB_CRC/HE_raw_images/Tumor/TMA1/TMA 1 Level 1_Core[1,5,18]_[7733,51171].tif",FALSE,"/data_g1/AI_projects/projects/Immune_Cell_Prediction_WK/DIR/nhs/TMA 1 Level 1_Core[1,5,18]_[7733,51171]",0.4
"/data_g1/AI_projects/raw_data/PCITB_CRC/HE_raw_images/Tumor/TMA1/TMA 1 Level 16_Core[1,5,2]_[8895,41441].tif",FALSE,"/data_g1/AI_projects/projects/Immune_Cell_Prediction_WK/DIR/nhs/TMA 1 Level 16_Core[1,5,2]_[8895,41441]",0.4
"/data_g1/AI_projects/raw_data/PCITB_CRC/HE_raw_images/Tumor/TMA1/TMA 1 Level 1_Core[1,5,20]_[7831,52778].tif",FALSE,"/data_g1/AI_projects/projects/Immune_Cell_Prediction_WK/DIR/nhs/TMA 1 Level 1_Core[1,5,20]_[7831,52778]",0.4
"/data_g1/AI_projects/raw_data/PCITB_CRC/HE_raw_images/Tumor/TMA1/TMA 1 Level 16_Core[1,5,20]_[9054,55250].tif",FALSE,"/data_g1/AI_projects/projects/Immune_Cell_Prediction_WK/DIR/nhs/TMA 1 Level 16_Core[1,5,20]_[9054,55250]",0.4
"/data_g1/AI_projects/raw_data/PCITB_CRC/HE_raw_images/Tumor/TMA1/TMA 1 Level 1_Core[1,5,21]_[7683,53940].tif",FALSE,"/data_g1/AI_projects/projects/Immune_Cell_Prediction_WK/DIR/nhs/TMA 1 Level 1_Core[1,5,21]_[7683,53940]",0.4
"/data_g1/AI_projects/raw_data/PCITB_CRC/HE_raw_images/Tumor/TMA1/TMA 1 Level 16_Core[1,5,21]_[8932,56240].tif",FALSE,"/data_g1/AI_projects/projects/Immune_Cell_Prediction_WK/DIR/nhs/TMA 1 Level 16_Core[1,5,21]_[8932,56240]",0.4
"/data_g1/AI_projects/raw_data/PCITB_CRC/HE_raw_images/Tumor/TMA1/TMA 1 Level 1_Core[1,5,23]_[7931,55721].tif",FALSE,"/data_g1/AI_projects/projects/Immune_Cell_Prediction_WK/DIR/nhs/TMA 1 Level 1_Core[1,5,23]_[7931,55721]",0.4
"/data_g1/AI_projects/raw_data/PCITB_CRC/HE_raw_images/Tumor/TMA1/TMA 1 Level 16_Core[1,5,23]_[9179,57773].tif",FALSE,"/data_g1/AI_projects/projects/Immune_Cell_Prediction_WK/DIR/nhs/TMA 1 Level 16_Core[1,5,23]_[9179,57773]",0.4
"/data_g1/AI_projects/raw_data/PCITB_CRC/HE_raw_images/Tumor/TMA1/TMA 1 Level 1_Core[1,5,3]_[7434,38867].tif",FALSE,"/data_g1/AI_projects/projects/Immune_Cell_Prediction_WK/DIR/nhs/TMA 1 Level 1_Core[1,5,3]_[7434,38867]",0.4
"/data_g1/AI_projects/raw_data/PCITB_CRC/HE_raw_images/Tumor/TMA1/TMA 1 Level 16_Core[1,5,3]_[8846,42257].tif",FALSE,"/data_g1/AI_projects/projects/Immune_Cell_Prediction_WK/DIR/nhs/TMA 1 Level 16_Core[1,5,3]_[8846,42257]",0.4
"/data_g1/AI_projects/raw_data/PCITB_CRC/HE_raw_images/Tumor/TMA1/TMA 1 Level 1_Core[1,5,4]_[7509,39658].tif",FALSE,"/data_g1/AI_projects/projects/Immune_Cell_Prediction_WK/DIR/nhs/TMA 1 Level 1_Core[1,5,4]_[7509,39658]",0.4
"/data_g1/AI_projects/raw_data/PCITB_CRC/HE_raw_images/Tumor/TMA1/TMA 1 Level 16_Core[1,5,4]_[8870,42998].tif",FALSE,"/data_g1/AI_projects/projects/Immune_Cell_Prediction_WK/DIR/nhs/TMA 1 Level 16_Core[1,5,4]_[8870,42998]",0.4
"/data_g1/AI_projects/raw_data/PCITB_CRC/HE_raw_images/Tumor/TMA1/TMA 1 Level 1_Core[1,5,6]_[7558,41216].tif",FALSE,"/data_g1/AI_projects/projects/Immune_Cell_Prediction_WK/DIR/nhs/TMA 1 Level 1_Core[1,5,6]_[7558,41216]",0.4
"/data_g1/AI_projects/raw_data/PCITB_CRC/HE_raw_images/Tumor/TMA1/TMA 1 Level 16_Core[1,5,6]_[8796,44383].tif",FALSE,"/data_g1/AI_projects/projects/Immune_Cell_Prediction_WK/DIR/nhs/TMA 1 Level 16_Core[1,5,6]_[8796,44383]",0.4
"/data_g1/AI_projects/raw_data/PCITB_CRC/HE_raw_images/Tumor/TMA1/TMA 1 Level 16_Core[1,5,7]_[8796,45125].tif",FALSE,"/data_g1/AI_projects/projects/Immune_Cell_Prediction_WK/DIR/nhs/TMA 1 Level 16_Core[1,5,7]_[8796,45125]",0.4
"/data_g1/AI_projects/raw_data/PCITB_CRC/HE_raw_images/Tumor/TMA1/TMA 1 Level 1_Core[1,5,7]_[7608,41983].tif",FALSE,"/data_g1/AI_projects/projects/Immune_Cell_Prediction_WK/DIR/nhs/TMA 1 Level 1_Core[1,5,7]_[7608,41983]",0.4
"/data_g1/AI_projects/raw_data/PCITB_CRC/HE_raw_images/Tumor/TMA1/TMA 1 Level 16_Core[1,5,8]_[8796,45892].tif",FALSE,"/data_g1/AI_projects/projects/Immune_Cell_Prediction_WK/DIR/nhs/TMA 1 Level 16_Core[1,5,8]_[8796,45892]",0.4
"/data_g1/AI_projects/raw_data/PCITB_CRC/HE_raw_images/Tumor/TMA1/TMA 1 Level 1_Core[1,5,8]_[7657,42749].tif",FALSE,"/data_g1/AI_projects/projects/Immune_Cell_Prediction_WK/DIR/nhs/TMA 1 Level 1_Core[1,5,8]_[7657,42749]",0.4
"/data_g1/AI_projects/raw_data/PCITB_CRC/HE_raw_images/Tumor/TMA1/TMA 1 Level 16_Core[1,5,9]_[8846,46683].tif",FALSE,"/data_g1/AI_projects/projects/Immune_Cell_Prediction_WK/DIR/nhs/TMA 1 Level 16_Core[1,5,9]_[8846,46683]",0.4
"/data_g1/AI_projects/raw_data/PCITB_CRC/HE_raw_images/Tumor/TMA1/TMA 1 Level 1_Core[1,5,9]_[7682,43516].tif",FALSE,"/data_g1/AI_projects/projects/Immune_Cell_Prediction_WK/DIR/nhs/TMA 1 Level 1_Core[1,5,9]_[7682,43516]",0.4
"/data_g1/AI_projects/raw_data/PCITB_CRC/HE_raw_images/Tumor/TMA1/TMA 1 Level 1_Core[1,6,1]_[8349,36938].tif",FALSE,"/data_g1/AI_projects/projects/Immune_Cell_Prediction_WK/DIR/nhs/TMA 1 Level 1_Core[1,6,1]_[8349,36938]",0.4
"/data_g1/AI_projects/raw_data/PCITB_CRC/HE_raw_images/Tumor/TMA1/TMA 1 Level 16_Core[1,6,1]_[9835,40427].tif",FALSE,"/data_g1/AI_projects/projects/Immune_Cell_Prediction_WK/DIR/nhs/TMA 1 Level 16_Core[1,6,1]_[9835,40427]",0.4
"/data_g1/AI_projects/raw_data/PCITB_CRC/HE_raw_images/Tumor/TMA1/TMA 1 Level 16_Core[1,6,10]_[9711,47400].tif",FALSE,"/data_g1/AI_projects/projects/Immune_Cell_Prediction_WK/DIR/nhs/TMA 1 Level 16_Core[1,6,10]_[9711,47400]",0.4
"/data_g1/AI_projects/raw_data/PCITB_CRC/HE_raw_images/Tumor/TMA1/TMA 1 Level 1_Core[1,6,10]_[8547,44332].tif",FALSE,"/data_g1/AI_projects/projects/Immune_Cell_Prediction_WK/DIR/nhs/TMA 1 Level 1_Core[1,6,10]_[8547,44332]",0.4
"/data_g1/AI_projects/raw_data/PCITB_CRC/HE_raw_images/Tumor/TMA1/TMA 1 Level 16_Core[1,6,11]_[9648,48524].tif",FALSE,"/data_g1/AI_projects/projects/Immune_Cell_Prediction_WK/DIR/nhs/TMA 1 Level 16_Core[1,6,11]_[9648,48524]",0.4
"/data_g1/AI_projects/raw_data/PCITB_CRC/HE_raw_images/Tumor/TMA1/TMA 1 Level 1_Core[1,6,11]_[8450,45533].tif",FALSE,"/data_g1/AI_projects/projects/Immune_Cell_Prediction_WK/DIR/nhs/TMA 1 Level 1_Core[1,6,11]_[8450,45533]",0.4
"/data_g1/AI_projects/raw_data/PCITB_CRC/HE_raw_images/Tumor/TMA1/TMA 1 Level 1_Core[1,6,12]_[8425,46398].tif",FALSE,"/data_g1/AI_projects/projects/Immune_Cell_Prediction_WK/DIR/nhs/TMA 1 Level 1_Core[1,6,12]_[8425,46398]",0.4
"/data_g1/AI_projects/raw_data/PCITB_CRC/HE_raw_images/Tumor/TMA1/TMA 1 Level 16_Core[1,6,12]_[9574,49315].tif",FALSE,"/data_g1/AI_projects/projects/Immune_Cell_Prediction_WK/DIR/nhs/TMA 1 Level 16_Core[1,6,12]_[9574,49315]",0.4
"/data_g1/AI_projects/raw_data/PCITB_CRC/HE_raw_images/Tumor/TMA1/TMA 1 Level 16_Core[1,6,14]_[9821,50749].tif",FALSE,"/data_g1/AI_projects/projects/Immune_Cell_Prediction_WK/DIR/nhs/TMA 1 Level 16_Core[1,6,14]_[9821,50749]",0.4
"/data_g1/AI_projects/raw_data/PCITB_CRC/HE_raw_images/Tumor/TMA1/TMA 1 Level 1_Core[1,6,14]_[8672,47931].tif",FALSE,"/data_g1/AI_projects/projects/Immune_Cell_Prediction_WK/DIR/nhs/TMA 1 Level 1_Core[1,6,14]_[8672,47931]",0.4
"/data_g1/AI_projects/raw_data/PCITB_CRC/HE_raw_images/Tumor/TMA1/TMA 1 Level 16_Core[1,6,15]_[9623,51491].tif",FALSE,"/data_g1/AI_projects/projects/Immune_Cell_Prediction_WK/DIR/nhs/TMA 1 Level 16_Core[1,6,15]_[9623,51491]",0.4
"/data_g1/AI_projects/raw_data/PCITB_CRC/HE_raw_images/Tumor/TMA1/TMA 1 Level 1_Core[1,6,15]_[8450,48698].tif",FALSE,"/data_g1/AI_projects/projects/Immune_Cell_Prediction_WK/DIR/nhs/TMA 1 Level 1_Core[1,6,15]_[8450,48698]",0.4
"/data_g1/AI_projects/raw_data/PCITB_CRC/HE_raw_images/Tumor/TMA1/TMA 1 Level 1_Core[1,6,16]_[8648,49638].tif",FALSE,"/data_g1/AI_projects/projects/Immune_Cell_Prediction_WK/DIR/nhs/TMA 1 Level 1_Core[1,6,16]_[8648,49638]",0.4
"/data_g1/AI_projects/raw_data/PCITB_CRC/HE_raw_images/Tumor/TMA1/TMA 1 Level 16_Core[1,6,16]_[9771,52332].tif",FALSE,"/data_g1/AI_projects/projects/Immune_Cell_Prediction_WK/DIR/nhs/TMA 1 Level 16_Core[1,6,16]_[9771,52332]",0.4
"/data_g1/AI_projects/raw_data/PCITB_CRC/HE_raw_images/Tumor/TMA1/TMA 1 Level 1_Core[1,6,17]_[8623,50454].tif",FALSE,"/data_g1/AI_projects/projects/Immune_Cell_Prediction_WK/DIR/nhs/TMA 1 Level 1_Core[1,6,17]_[8623,50454]",0.4
"/data_g1/AI_projects/raw_data/PCITB_CRC/HE_raw_images/Tumor/TMA1/TMA 1 Level 16_Core[1,6,17]_[9821,53074].tif",FALSE,"/data_g1/AI_projects/projects/Immune_Cell_Prediction_WK/DIR/nhs/TMA 1 Level 16_Core[1,6,17]_[9821,53074]",0.4
"/data_g1/AI_projects/raw_data/PCITB_CRC/HE_raw_images/Tumor/TMA1/TMA 1 Level 1_Core[1,6,18]_[8697,51270].tif",FALSE,"/data_g1/AI_projects/projects/Immune_Cell_Prediction_WK/DIR/nhs/TMA 1 Level 1_Core[1,6,18]_[8697,51270]",0.4
"/data_g1/AI_projects/raw_data/PCITB_CRC/HE_raw_images/Tumor/TMA1/TMA 1 Level 16_Core[1,6,18]_[9895,53815].tif",FALSE,"/data_g1/AI_projects/projects/Immune_Cell_Prediction_WK/DIR/nhs/TMA 1 Level 16_Core[1,6,18]_[9895,53815]",0.4
"/data_g1/AI_projects/raw_data/PCITB_CRC/HE_raw_images/Tumor/TMA1/TMA 1 Level 1_Core[1,6,19]_[8697,51962].tif",FALSE,"/data_g1/AI_projects/projects/Immune_Cell_Prediction_WK/DIR/nhs/TMA 1 Level 1_Core[1,6,19]_[8697,51962]",0.4
"/data_g1/AI_projects/raw_data/PCITB_CRC/HE_raw_images/Tumor/TMA1/TMA 1 Level 16_Core[1,6,19]_[9920,54483].tif",FALSE,"/data_g1/AI_projects/projects/Immune_Cell_Prediction_WK/DIR/nhs/TMA 1 Level 16_Core[1,6,19]_[9920,54483]",0.4
"/data_g1/AI_projects/raw_data/PCITB_CRC/HE_raw_images/Tumor/TMA1/TMA 1 Level 16_Core[1,6,2]_[9761,41317].tif",FALSE,"/data_g1/AI_projects/projects/Immune_Cell_Prediction_WK/DIR/nhs/TMA 1 Level 16_Core[1,6,2]_[9761,41317]",0.4
"/data_g1/AI_projects/raw_data/PCITB_CRC/HE_raw_images/Tumor/TMA1/TMA 1 Level 1_Core[1,6,20]_[8771,52778].tif",FALSE,"/data_g1/AI_projects/projects/Immune_Cell_Prediction_WK/DIR/nhs/TMA 1 Level 1_Core[1,6,20]_[8771,52778]",0.4
"/data_g1/AI_projects/raw_data/PCITB_CRC/HE_raw_images/Tumor/TMA1/TMA 1 Level 16_Core[1,6,20]_[9944,55225].tif",FALSE,"/data_g1/AI_projects/projects/Immune_Cell_Prediction_WK/DIR/nhs/TMA 1 Level 16_Core[1,6,20]_[9944,55225]",0.4
"/data_g1/AI_projects/raw_data/PCITB_CRC/HE_raw_images/Tumor/TMA1/TMA 1 Level 1_Core[1,6,21]_[8425,53965].tif",FALSE,"/data_g1/AI_projects/projects/Immune_Cell_Prediction_WK/DIR/nhs/TMA 1 Level 1_Core[1,6,21]_[8425,53965]",0.4
"/data_g1/AI_projects/raw_data/PCITB_CRC/HE_raw_images/Tumor/TMA1/TMA 1 Level 16_Core[1,6,21]_[9723,56265].tif",FALSE,"/data_g1/AI_projects/projects/Immune_Cell_Prediction_WK/DIR/nhs/TMA 1 Level 16_Core[1,6,21]_[9723,56265]",0.4
"/data_g1/AI_projects/raw_data/PCITB_CRC/HE_raw_images/Tumor/TMA1/TMA 1 Level 1_Core[1,6,23]_[8648,55746].tif",FALSE,"/data_g1/AI_projects/projects/Immune_Cell_Prediction_WK/DIR/nhs/TMA 1 Level 1_Core[1,6,23]_[8648,55746]",0.4
"/data_g1/AI_projects/raw_data/PCITB_CRC/HE_raw_images/Tumor/TMA1/TMA 1 Level 16_Core[1,6,23]_[9921,57798].tif",FALSE,"/data_g1/AI_projects/projects/Immune_Cell_Prediction_WK/DIR/nhs/TMA 1 Level 16_Core[1,6,23]_[9921,57798]",0.4
"/data_g1/AI_projects/raw_data/PCITB_CRC/HE_raw_images/Tumor/TMA1/TMA 1 Level 16_Core[1,6,3]_[9761,42182].tif",FALSE,"/data_g1/AI_projects/projects/Immune_Cell_Prediction_WK/DIR/nhs/TMA 1 Level 16_Core[1,6,3]_[9761,42182]",0.4
"/data_g1/AI_projects/raw_data/PCITB_CRC/HE_raw_images/Tumor/TMA1/TMA 1 Level 1_Core[1,6,3]_[8374,38768].tif",FALSE,"/data_g1/AI_projects/projects/Immune_Cell_Prediction_WK/DIR/nhs/TMA 1 Level 1_Core[1,6,3]_[8374,38768]",0.4
"/data_g1/AI_projects/raw_data/PCITB_CRC/HE_raw_images/Tumor/TMA1/TMA 1 Level 1_Core[1,6,4]_[8448,39560].tif",FALSE,"/data_g1/AI_projects/projects/Immune_Cell_Prediction_WK/DIR/nhs/TMA 1 Level 1_Core[1,6,4]_[8448,39560]",0.4
"/data_g1/AI_projects/raw_data/PCITB_CRC/HE_raw_images/Tumor/TMA1/TMA 1 Level 16_Core[1,6,4]_[9761,42974].tif",FALSE,"/data_g1/AI_projects/projects/Immune_Cell_Prediction_WK/DIR/nhs/TMA 1 Level 16_Core[1,6,4]_[9761,42974]",0.4
"/data_g1/AI_projects/raw_data/PCITB_CRC/HE_raw_images/Tumor/TMA1/TMA 1 Level 1_Core[1,6,5]_[8201,40351].tif",FALSE,"/data_g1/AI_projects/projects/Immune_Cell_Prediction_WK/DIR/nhs/TMA 1 Level 1_Core[1,6,5]_[8201,40351]",0.4
"/data_g1/AI_projects/raw_data/PCITB_CRC/HE_raw_images/Tumor/TMA1/TMA 1 Level 16_Core[1,6,5]_[9513,43666].tif",FALSE,"/data_g1/AI_projects/projects/Immune_Cell_Prediction_WK/DIR/nhs/TMA 1 Level 16_Core[1,6,5]_[9513,43666]",0.4
"/data_g1/AI_projects/raw_data/PCITB_CRC/HE_raw_images/Tumor/TMA1/TMA 1 Level 16_Core[1,6,6]_[9662,44433].tif",FALSE,"/data_g1/AI_projects/projects/Immune_Cell_Prediction_WK/DIR/nhs/TMA 1 Level 16_Core[1,6,6]_[9662,44433]",0.4
"/data_g1/AI_projects/raw_data/PCITB_CRC/HE_raw_images/Tumor/TMA1/TMA 1 Level 1_Core[1,6,6]_[8424,41167].tif",FALSE,"/data_g1/AI_projects/projects/Immune_Cell_Prediction_WK/DIR/nhs/TMA 1 Level 1_Core[1,6,6]_[8424,41167]",0.4
"/data_g1/AI_projects/raw_data/PCITB_CRC/HE_raw_images/Tumor/TMA1/TMA 1 Level 1_Core[1,6,7]_[8448,41958].tif",FALSE,"/data_g1/AI_projects/projects/Immune_Cell_Prediction_WK/DIR/nhs/TMA 1 Level 1_Core[1,6,7]_[8448,41958]",0.4
"/data_g1/AI_projects/raw_data/PCITB_CRC/HE_raw_images/Tumor/TMA1/TMA 1 Level 16_Core[1,6,7]_[9662,45175].tif",FALSE,"/data_g1/AI_projects/projects/Immune_Cell_Prediction_WK/DIR/nhs/TMA 1 Level 16_Core[1,6,7]_[9662,45175]",0.4
"/data_g1/AI_projects/raw_data/PCITB_CRC/HE_raw_images/Tumor/TMA1/TMA 1 Level 16_Core[1,6,8]_[9686,45892].tif",FALSE,"/data_g1/AI_projects/projects/Immune_Cell_Prediction_WK/DIR/nhs/TMA 1 Level 16_Core[1,6,8]_[9686,45892]",0.4
"/data_g1/AI_projects/raw_data/PCITB_CRC/HE_raw_images/Tumor/TMA1/TMA 1 Level 1_Core[1,6,8]_[8522,42700].tif",FALSE,"/data_g1/AI_projects/projects/Immune_Cell_Prediction_WK/DIR/nhs/TMA 1 Level 1_Core[1,6,8]_[8522,42700]",0.4
"/data_g1/AI_projects/raw_data/PCITB_CRC/HE_raw_images/Tumor/TMA1/TMA 1 Level 16_Core[1,6,9]_[9662,46683].tif",FALSE,"/data_g1/AI_projects/projects/Immune_Cell_Prediction_WK/DIR/nhs/TMA 1 Level 16_Core[1,6,9]_[9662,46683]",0.4
"/data_g1/AI_projects/raw_data/PCITB_CRC/HE_raw_images/Tumor/TMA1/TMA 1 Level 1_Core[1,6,9]_[8498,43566].tif",FALSE,"/data_g1/AI_projects/projects/Immune_Cell_Prediction_WK/DIR/nhs/TMA 1 Level 1_Core[1,6,9]_[8498,43566]",0.4
"/data_g1/AI_projects/raw_data/PCITB_CRC/HE_raw_images/Tumor/TMA1/TMA 1 Level 16_Core[1,7,18]_[10668,53800].tif",FALSE,"/data_g1/AI_projects/projects/Immune_Cell_Prediction_WK/DIR/nhs/TMA 1 Level 16_Core[1,7,18]_[10668,53800]",0.4
"/data_g1/AI_projects/raw_data/PCITB_CRC/HE_raw_images/Tumor/TMA1/TMA 1 Level 1_Core[1,7,18]_[9414,51220].tif",FALSE,"/data_g1/AI_projects/projects/Immune_Cell_Prediction_WK/DIR/nhs/TMA 1 Level 1_Core[1,7,18]_[9414,51220]",0.4
"/data_g1/AI_projects/raw_data/PCITB_CRC/HE_raw_images/Tumor/TMA1/TMA 1 Level 16_Core[1,7,21]_[10688,56289].tif",FALSE,"/data_g1/AI_projects/projects/Immune_Cell_Prediction_WK/DIR/nhs/TMA 1 Level 16_Core[1,7,21]_[10688,56289]",0.4
"/data_g1/AI_projects/raw_data/PCITB_CRC/HE_raw_images/Tumor/TMA1/TMA 1 Level 1_Core[1,7,21]_[9389,54014].tif",FALSE,"/data_g1/AI_projects/projects/Immune_Cell_Prediction_WK/DIR/nhs/TMA 1 Level 1_Core[1,7,21]_[9389,54014]",0.4
"/data_g1/AI_projects/raw_data/PCITB_CRC/HE_raw_images/Tumor/TMA1/TMA 1 Level 1_Core[1,7,22]_[9216,54905].tif",FALSE,"/data_g1/AI_projects/projects/Immune_Cell_Prediction_WK/DIR/nhs/TMA 1 Level 1_Core[1,7,22]_[9216,54905]",0.4
"/data_g1/AI_projects/raw_data/PCITB_CRC/HE_raw_images/Tumor/TMA1/TMA 1 Level 16_Core[1,8,18]_[11725,53741].tif",FALSE,"/data_g1/AI_projects/projects/Immune_Cell_Prediction_WK/DIR/nhs/TMA 1 Level 16_Core[1,8,18]_[11725,53741]",0.4
"/data_g1/AI_projects/raw_data/PCITB_CRC/HE_raw_images/Tumor/TMA1/TMA 1 Level 1_Core[1,8,18]_[10527,51171].tif",FALSE,"/data_g1/AI_projects/projects/Immune_Cell_Prediction_WK/DIR/nhs/TMA 1 Level 1_Core[1,8,18]_[10527,51171]",0.4
"/data_g1/AI_projects/raw_data/PCITB_CRC/HE_raw_images/Tumor/TMA1/TMA 1 Level 16_Core[1,8,21]_[11602,56314].tif",FALSE,"/data_g1/AI_projects/projects/Immune_Cell_Prediction_WK/DIR/nhs/TMA 1 Level 16_Core[1,8,21]_[11602,56314]",0.4
"/data_g1/AI_projects/raw_data/PCITB_CRC/HE_raw_images/Tumor/TMA1/TMA 1 Level 1_Core[1,8,21]_[10304,53965].tif",FALSE,"/data_g1/AI_projects/projects/Immune_Cell_Prediction_WK/DIR/nhs/TMA 1 Level 1_Core[1,8,21]_[10304,53965]",0.4
"/data_g1/AI_projects/raw_data/PCITB_CRC/HE_raw_images/Tumor/TMA1/TMA 1 Level 1_Core[1,9,10]_[12096,44134].tif",FALSE,"/data_g1/AI_projects/projects/Immune_Cell_Prediction_WK/DIR/nhs/TMA 1 Level 1_Core[1,9,10]_[12096,44134]",0.4
"/data_g1/AI_projects/raw_data/PCITB_CRC/HE_raw_images/Tumor/TMA1/TMA 1 Level 16_Core[1,9,10]_[13024,47400].tif",FALSE,"/data_g1/AI_projects/projects/Immune_Cell_Prediction_WK/DIR/nhs/TMA 1 Level 16_Core[1,9,10]_[13024,47400]",0.4
"/data_g1/AI_projects/raw_data/PCITB_CRC/HE_raw_images/Tumor/TMA1/TMA 1 Level 16_Core[1,9,11]_[13099,48587].tif",FALSE,"/data_g1/AI_projects/projects/Immune_Cell_Prediction_WK/DIR/nhs/TMA 1 Level 16_Core[1,9,11]_[13099,48587]",0.4
"/data_g1/AI_projects/raw_data/PCITB_CRC/HE_raw_images/Tumor/TMA1/TMA 1 Level 1_Core[1,9,11]_[12072,45619].tif",FALSE,"/data_g1/AI_projects/projects/Immune_Cell_Prediction_WK/DIR/nhs/TMA 1 Level 1_Core[1,9,11]_[12072,45619]",0.4
"/data_g1/AI_projects/raw_data/PCITB_CRC/HE_raw_images/Tumor/TMA1/TMA 1 Level 16_Core[1,9,12]_[13074,49353].tif",FALSE,"/data_g1/AI_projects/projects/Immune_Cell_Prediction_WK/DIR/nhs/TMA 1 Level 16_Core[1,9,12]_[13074,49353]",0.4
"/data_g1/AI_projects/raw_data/PCITB_CRC/HE_raw_images/Tumor/TMA1/TMA 1 Level 1_Core[1,9,12]_[11998,46460].tif",FALSE,"/data_g1/AI_projects/projects/Immune_Cell_Prediction_WK/DIR/nhs/TMA 1 Level 1_Core[1,9,12]_[11998,46460]",0.4
"/data_g1/AI_projects/raw_data/PCITB_CRC/HE_raw_images/Tumor/TMA1/TMA 1 Level 16_Core[1,9,13]_[13049,50095].tif",FALSE,"/data_g1/AI_projects/projects/Immune_Cell_Prediction_WK/DIR/nhs/TMA 1 Level 16_Core[1,9,13]_[13049,50095]",0.4
"/data_g1/AI_projects/raw_data/PCITB_CRC/HE_raw_images/Tumor/TMA1/TMA 1 Level 16_Core[1,9,14]_[13148,50837].tif",FALSE,"/data_g1/AI_projects/projects/Immune_Cell_Prediction_WK/DIR/nhs/TMA 1 Level 16_Core[1,9,14]_[13148,50837]",0.4
"/data_g1/AI_projects/raw_data/PCITB_CRC/HE_raw_images/Tumor/TMA1/TMA 1 Level 1_Core[1,9,14]_[12023,48018].tif",FALSE,"/data_g1/AI_projects/projects/Immune_Cell_Prediction_WK/DIR/nhs/TMA 1 Level 1_Core[1,9,14]_[12023,48018]",0.4
"/data_g1/AI_projects/raw_data/PCITB_CRC/HE_raw_images/Tumor/TMA1/TMA 1 Level 1_Core[1,9,15]_[11924,48760].tif",FALSE,"/data_g1/AI_projects/projects/Immune_Cell_Prediction_WK/DIR/nhs/TMA 1 Level 1_Core[1,9,15]_[11924,48760]",0.4
"/data_g1/AI_projects/raw_data/PCITB_CRC/HE_raw_images/Tumor/TMA1/TMA 1 Level 16_Core[1,9,15]_[13049,51554].tif",FALSE,"/data_g1/AI_projects/projects/Immune_Cell_Prediction_WK/DIR/nhs/TMA 1 Level 16_Core[1,9,15]_[13049,51554]",0.4
"/data_g1/AI_projects/raw_data/PCITB_CRC/HE_raw_images/Tumor/TMA1/TMA 1 Level 16_Core[1,9,16]_[13123,52296].tif",FALSE,"/data_g1/AI_projects/projects/Immune_Cell_Prediction_WK/DIR/nhs/TMA 1 Level 16_Core[1,9,16]_[13123,52296]",0.4
"/data_g1/AI_projects/raw_data/PCITB_CRC/HE_raw_images/Tumor/TMA1/TMA 1 Level 16_Core[1,9,17]_[13123,53013].tif",FALSE,"/data_g1/AI_projects/projects/Immune_Cell_Prediction_WK/DIR/nhs/TMA 1 Level 16_Core[1,9,17]_[13123,53013]",0.4
"/data_g1/AI_projects/raw_data/PCITB_CRC/HE_raw_images/Tumor/TMA1/TMA 1 Level 1_Core[1,9,17]_[11974,50342].tif",FALSE,"/data_g1/AI_projects/projects/Immune_Cell_Prediction_WK/DIR/nhs/TMA 1 Level 1_Core[1,9,17]_[11974,50342]",0.4
"/data_g1/AI_projects/raw_data/PCITB_CRC/HE_raw_images/Tumor/TMA1/TMA 1 Level 1_Core[1,9,18]_[11924,51233].tif",FALSE,"/data_g1/AI_projects/projects/Immune_Cell_Prediction_WK/DIR/nhs/TMA 1 Level 1_Core[1,9,18]_[11924,51233]",0.4
"/data_g1/AI_projects/raw_data/PCITB_CRC/HE_raw_images/Tumor/TMA1/TMA 1 Level 16_Core[1,9,18]_[13074,53878].tif",FALSE,"/data_g1/AI_projects/projects/Immune_Cell_Prediction_WK/DIR/nhs/TMA 1 Level 16_Core[1,9,18]_[13074,53878]",0.4
"/data_g1/AI_projects/raw_data/PCITB_CRC/HE_raw_images/Tumor/TMA1/TMA 1 Level 1_Core[1,9,19]_[12097,51900].tif",FALSE,"/data_g1/AI_projects/projects/Immune_Cell_Prediction_WK/DIR/nhs/TMA 1 Level 1_Core[1,9,19]_[12097,51900]",0.4
"/data_g1/AI_projects/raw_data/PCITB_CRC/HE_raw_images/Tumor/TMA1/TMA 1 Level 16_Core[1,9,19]_[13247,54447].tif",FALSE,"/data_g1/AI_projects/projects/Immune_Cell_Prediction_WK/DIR/nhs/TMA 1 Level 16_Core[1,9,19]_[13247,54447]",0.4
"/data_g1/AI_projects/raw_data/PCITB_CRC/HE_raw_images/Tumor/TMA1/TMA 1 Level 1_Core[1,9,20]_[12147,52741].tif",FALSE,"/data_g1/AI_projects/projects/Immune_Cell_Prediction_WK/DIR/nhs/TMA 1 Level 1_Core[1,9,20]_[12147,52741]",0.4
"/data_g1/AI_projects/raw_data/PCITB_CRC/HE_raw_images/Tumor/TMA1/TMA 1 Level 16_Core[1,9,22]_[13111,56908].tif",FALSE,"/data_g1/AI_projects/projects/Immune_Cell_Prediction_WK/DIR/nhs/TMA 1 Level 16_Core[1,9,22]_[13111,56908]",0.4
"/data_g1/AI_projects/raw_data/PCITB_CRC/HE_raw_images/Tumor/TMA1/TMA 1 Level 1_Core[1,9,22]_[11810,54543].tif",FALSE,"/data_g1/AI_projects/projects/Immune_Cell_Prediction_WK/DIR/nhs/TMA 1 Level 1_Core[1,9,22]_[11810,54543]",0.4
"/data_g1/AI_projects/raw_data/PCITB_CRC/HE_raw_images/Tumor/TMA1/TMA 1 Level 1_Core[1,9,23]_[11908,55458].tif",FALSE,"/data_g1/AI_projects/projects/Immune_Cell_Prediction_WK/DIR/nhs/TMA 1 Level 1_Core[1,9,23]_[11908,55458]",0.4
"/data_g1/AI_projects/raw_data/PCITB_CRC/HE_raw_images/Tumor/TMA1/TMA 1 Level 16_Core[1,9,23]_[13185,57699].tif",FALSE,"/data_g1/AI_projects/projects/Immune_Cell_Prediction_WK/DIR/nhs/TMA 1 Level 16_Core[1,9,23]_[13185,57699]",0.4
"/data_g1/AI_projects/raw_data/PCITB_CRC/HE_raw_images/Tumor/TMA1/TMA 1 Level 1_Core[1,9,3]_[11774,38447].tif",FALSE,"/data_g1/AI_projects/projects/Immune_Cell_Prediction_WK/DIR/nhs/TMA 1 Level 1_Core[1,9,3]_[11774,38447]",0.4
"/data_g1/AI_projects/raw_data/PCITB_CRC/HE_raw_images/Tumor/TMA1/TMA 1 Level 1_Core[1,9,4]_[11750,39213].tif",FALSE,"/data_g1/AI_projects/projects/Immune_Cell_Prediction_WK/DIR/nhs/TMA 1 Level 1_Core[1,9,4]_[11750,39213]",0.4
"/data_g1/AI_projects/raw_data/PCITB_CRC/HE_raw_images/Tumor/TMA1/TMA 1 Level 16_Core[1,9,4]_[13024,42751].tif",FALSE,"/data_g1/AI_projects/projects/Immune_Cell_Prediction_WK/DIR/nhs/TMA 1 Level 16_Core[1,9,4]_[13024,42751]",0.4
"/data_g1/AI_projects/raw_data/PCITB_CRC/HE_raw_images/Tumor/TMA1/TMA 1 Level 16_Core[1,9,5]_[13049,43542].tif",FALSE,"/data_g1/AI_projects/projects/Immune_Cell_Prediction_WK/DIR/nhs/TMA 1 Level 16_Core[1,9,5]_[13049,43542]",0.4
"/data_g1/AI_projects/raw_data/PCITB_CRC/HE_raw_images/Tumor/TMA1/TMA 1 Level 1_Core[1,9,5]_[11873,39980].tif",FALSE,"/data_g1/AI_projects/projects/Immune_Cell_Prediction_WK/DIR/nhs/TMA 1 Level 1_Core[1,9,5]_[11873,39980]",0.4
"/data_g1/AI_projects/raw_data/PCITB_CRC/HE_raw_images/Tumor/TMA1/TMA 1 Level 16_Core[1,9,7]_[12926,45125].tif",FALSE,"/data_g1/AI_projects/projects/Immune_Cell_Prediction_WK/DIR/nhs/TMA 1 Level 16_Core[1,9,7]_[12926,45125]",0.4
"/data_g1/AI_projects/raw_data/PCITB_CRC/HE_raw_images/Tumor/TMA1/TMA 1 Level 1_Core[1,9,7]_[11898,41637].tif",FALSE,"/data_g1/AI_projects/projects/Immune_Cell_Prediction_WK/DIR/nhs/TMA 1 Level 1_Core[1,9,7]_[11898,41637]",0.4
"/data_g1/AI_projects/raw_data/PCITB_CRC/HE_raw_images/Tumor/TMA1/TMA 1 Level 1_Core[1,9,8]_[12071,42428].tif",FALSE,"/data_g1/AI_projects/projects/Immune_Cell_Prediction_WK/DIR/nhs/TMA 1 Level 1_Core[1,9,8]_[12071,42428]",0.4
"/data_g1/AI_projects/raw_data/PCITB_CRC/HE_raw_images/Tumor/TMA1/TMA 1 Level 16_Core[1,9,8]_[13049,45867].tif",FALSE,"/data_g1/AI_projects/projects/Immune_Cell_Prediction_WK/DIR/nhs/TMA 1 Level 16_Core[1,9,8]_[13049,45867]",0.4
"/data_g1/AI_projects/raw_data/PCITB_CRC/HE_raw_images/Tumor/TMA1/TMA 1 Level 1_Core[1,9,9]_[12096,43318].tif",FALSE,"/data_g1/AI_projects/projects/Immune_Cell_Prediction_WK/DIR/nhs/TMA 1 Level 1_Core[1,9,9]_[12096,43318]",0.4
"/data_g1/AI_projects/raw_data/PCITB_CRC/HE_raw_images/Tumor/TMA1/TMA 1 Level 16_Core[1,9,9]_[13049,46683].tif",FALSE,"/data_g1/AI_projects/projects/Immune_Cell_Prediction_WK/DIR/nhs/TMA 1 Level 16_Core[1,9,9]_[13049,46683]",0.4
"/data_g1/AI_projects/raw_data/PCITB_CRC/HE_raw_images/Tumor/TMA10/TMA 10 Level 1_Core[1,1,1]_[19516,34752].tif",FALSE,"/data_g1/AI_projects/projects/Immune_Cell_Prediction_WK/DIR/nhs/TMA 10 Level 1_Core[1,1,1]_[19516,34752]",0.4
"/data_g1/AI_projects/raw_data/PCITB_CRC/HE_raw_images/Tumor/TMA10/TMA 10 Level 1_Core[1,1,11]_[10960,34504].tif",FALSE,"/data_g1/AI_projects/projects/Immune_Cell_Prediction_WK/DIR/nhs/TMA 10 Level 1_Core[1,1,11]_[10960,34504]",0.4
"/data_g1/AI_projects/raw_data/PCITB_CRC/HE_raw_images/Tumor/TMA10/TMA 10 Level 1_Core[1,1,12]_[10070,34455].tif",FALSE,"/data_g1/AI_projects/projects/Immune_Cell_Prediction_WK/DIR/nhs/TMA 10 Level 1_Core[1,1,12]_[10070,34455]",0.4
"/data_g1/AI_projects/raw_data/PCITB_CRC/HE_raw_images/Tumor/TMA10/TMA 10 Level 1_Core[1,1,13]_[9204,34504].tif",FALSE,"/data_g1/AI_projects/projects/Immune_Cell_Prediction_WK/DIR/nhs/TMA 10 Level 1_Core[1,1,13]_[9204,34504]",0.4
"/data_g1/AI_projects/raw_data/PCITB_CRC/HE_raw_images/Tumor/TMA10/TMA 10 Level 1_Core[1,1,15]_[7473,34603].tif",FALSE,"/data_g1/AI_projects/projects/Immune_Cell_Prediction_WK/DIR/nhs/TMA 10 Level 1_Core[1,1,15]_[7473,34603]",0.4
"/data_g1/AI_projects/raw_data/PCITB_CRC/HE_raw_images/Tumor/TMA10/TMA 10 Level 1_Core[1,1,6]_[15213,34504].tif",FALSE,"/data_g1/AI_projects/projects/Immune_Cell_Prediction_WK/DIR/nhs/TMA 10 Level 1_Core[1,1,6]_[15213,34504]",0.4
"/data_g1/AI_projects/raw_data/PCITB_CRC/HE_raw_images/Tumor/TMA10/TMA 10 Level 1_Core[1,1,7]_[14372,34529].tif",FALSE,"/data_g1/AI_projects/projects/Immune_Cell_Prediction_WK/DIR/nhs/TMA 10 Level 1_Core[1,1,7]_[14372,34529]",0.4
"/data_g1/AI_projects/raw_data/PCITB_CRC/HE_raw_images/Tumor/TMA10/TMA 10 Level 1_Core[1,1,9]_[12617,34430].tif",FALSE,"/data_g1/AI_projects/projects/Immune_Cell_Prediction_WK/DIR/nhs/TMA 10 Level 1_Core[1,1,9]_[12617,34430]",0.4
"/data_g1/AI_projects/raw_data/PCITB_CRC/HE_raw_images/Tumor/TMA10/TMA 10 Level 1_Core[1,10,10]_[11850,41502].tif",FALSE,"/data_g1/AI_projects/projects/Immune_Cell_Prediction_WK/DIR/nhs/TMA 10 Level 1_Core[1,10,10]_[11850,41502]",0.4
"/data_g1/AI_projects/raw_data/PCITB_CRC/HE_raw_images/Tumor/TMA10/TMA 10 Level 1_Core[1,10,12]_[10045,41601].tif",FALSE,"/data_g1/AI_projects/projects/Immune_Cell_Prediction_WK/DIR/nhs/TMA 10 Level 1_Core[1,10,12]_[10045,41601]",0.4
"/data_g1/AI_projects/raw_data/PCITB_CRC/HE_raw_images/Tumor/TMA10/TMA 10 Level 1_Core[1,10,14]_[8265,41824].tif",FALSE,"/data_g1/AI_projects/projects/Immune_Cell_Prediction_WK/DIR/nhs/TMA 10 Level 1_Core[1,10,14]_[8265,41824]",0.4
"/data_g1/AI_projects/raw_data/PCITB_CRC/HE_raw_images/Tumor/TMA10/TMA 10 Level 1_Core[1,10,16]_[6435,41601].tif",FALSE,"/data_g1/AI_projects/projects/Immune_Cell_Prediction_WK/DIR/nhs/TMA 10 Level 1_Core[1,10,16]_[6435,41601]",0.4
"/data_g1/AI_projects/raw_data/PCITB_CRC/HE_raw_images/Tumor/TMA10/TMA 10 Level 1_Core[1,10,2]_[18873,41725].tif",FALSE,"/data_g1/AI_projects/projects/Immune_Cell_Prediction_WK/DIR/nhs/TMA 10 Level 1_Core[1,10,2]_[18873,41725]",0.4
"/data_g1/AI_projects/raw_data/PCITB_CRC/HE_raw_images/Tumor/TMA10/TMA 10 Level 1_Core[1,10,5]_[16276,41552].tif",FALSE,"/data_g1/AI_projects/projects/Immune_Cell_Prediction_WK/DIR/nhs/TMA 10 Level 1_Core[1,10,5]_[16276,41552]",0.4
"/data_g1/AI_projects/raw_data/PCITB_CRC/HE_raw_images/Tumor/TMA10/TMA 10 Level 1_Core[1,10,6]_[15386,41478].tif",FALSE,"/data_g1/AI_projects/projects/Immune_Cell_Prediction_WK/DIR/nhs/TMA 10 Level 1_Core[1,10,6]_[15386,41478]",0.4
"/data_g1/AI_projects/raw_data/PCITB_CRC/HE_raw_images/Tumor/TMA10/TMA 10 Level 1_Core[1,11,10]_[11776,42343].tif",FALSE,"/data_g1/AI_projects/projects/Immune_Cell_Prediction_WK/DIR/nhs/TMA 10 Level 1_Core[1,11,10]_[11776,42343]",0.4
"/data_g1/AI_projects/raw_data/PCITB_CRC/HE_raw_images/Tumor/TMA10/TMA 10 Level 1_Core[1,11,12]_[9996,42393].tif",FALSE,"/data_g1/AI_projects/projects/Immune_Cell_Prediction_WK/DIR/nhs/TMA 10 Level 1_Core[1,11,12]_[9996,42393]",0.4
"/data_g1/AI_projects/raw_data/PCITB_CRC/HE_raw_images/Tumor/TMA10/TMA 10 Level 1_Core[1,11,16]_[6435,42393].tif",FALSE,"/data_g1/AI_projects/projects/Immune_Cell_Prediction_WK/DIR/nhs/TMA 10 Level 1_Core[1,11,16]_[6435,42393]",0.4
"/data_g1/AI_projects/raw_data/PCITB_CRC/HE_raw_images/Tumor/TMA10/TMA 10 Level 1_Core[1,11,2]_[18898,42467].tif",FALSE,"/data_g1/AI_projects/projects/Immune_Cell_Prediction_WK/DIR/nhs/TMA 10 Level 1_Core[1,11,2]_[18898,42467]",0.4
"/data_g1/AI_projects/raw_data/PCITB_CRC/HE_raw_images/Tumor/TMA10/TMA 10 Level 1_Core[1,11,6]_[15362,42269].tif",FALSE,"/data_g1/AI_projects/projects/Immune_Cell_Prediction_WK/DIR/nhs/TMA 10 Level 1_Core[1,11,6]_[15362,42269]",0.4
"/data_g1/AI_projects/raw_data/PCITB_CRC/HE_raw_images/Tumor/TMA10/TMA 10 Level 1_Core[1,12,1]_[19763,43209].tif",FALSE,"/data_g1/AI_projects/projects/Immune_Cell_Prediction_WK/DIR/nhs/TMA 10 Level 1_Core[1,12,1]_[19763,43209]",0.4
"/data_g1/AI_projects/raw_data/PCITB_CRC/HE_raw_images/Tumor/TMA10/TMA 10 Level 1_Core[1,12,10]_[11776,43134].tif",FALSE,"/data_g1/AI_projects/projects/Immune_Cell_Prediction_WK/DIR/nhs/TMA 10 Level 1_Core[1,12,10]_[11776,43134]",0.4
"/data_g1/AI_projects/raw_data/PCITB_CRC/HE_raw_images/Tumor/TMA10/TMA 10 Level 1_Core[1,12,11]_[10812,43159].tif",FALSE,"/data_g1/AI_projects/projects/Immune_Cell_Prediction_WK/DIR/nhs/TMA 10 Level 1_Core[1,12,11]_[10812,43159]",0.4
"/data_g1/AI_projects/raw_data/PCITB_CRC/HE_raw_images/Tumor/TMA10/TMA 10 Level 1_Core[1,12,15]_[7300,43159].tif",FALSE,"/data_g1/AI_projects/projects/Immune_Cell_Prediction_WK/DIR/nhs/TMA 10 Level 1_Core[1,12,15]_[7300,43159]",0.4
"/data_g1/AI_projects/raw_data/PCITB_CRC/HE_raw_images/Tumor/TMA10/TMA 10 Level 1_Core[1,12,17]_[5371,43110].tif",FALSE,"/data_g1/AI_projects/projects/Immune_Cell_Prediction_WK/DIR/nhs/TMA 10 Level 1_Core[1,12,17]_[5371,43110]",0.4
"/data_g1/AI_projects/raw_data/PCITB_CRC/HE_raw_images/Tumor/TMA10/TMA 10 Level 1_Core[1,12,5]_[16351,43184].tif",FALSE,"/data_g1/AI_projects/projects/Immune_Cell_Prediction_WK/DIR/nhs/TMA 10 Level 1_Core[1,12,5]_[16351,43184]",0.4
"/data_g1/AI_projects/raw_data/PCITB_CRC/HE_raw_images/Tumor/TMA10/TMA 10 Level 1_Core[1,12,7]_[14274,43134].tif",FALSE,"/data_g1/AI_projects/projects/Immune_Cell_Prediction_WK/DIR/nhs/TMA 10 Level 1_Core[1,12,7]_[14274,43134]",0.4
"/data_g1/AI_projects/raw_data/PCITB_CRC/HE_raw_images/Tumor/TMA10/TMA 10 Level 1_Core[1,13,1]_[19738,44025].tif",FALSE,"/data_g1/AI_projects/projects/Immune_Cell_Prediction_WK/DIR/nhs/TMA 10 Level 1_Core[1,13,1]_[19738,44025]",0.4
"/data_g1/AI_projects/raw_data/PCITB_CRC/HE_raw_images/Tumor/TMA10/TMA 10 Level 1_Core[1,13,10]_[11726,43926].tif",FALSE,"/data_g1/AI_projects/projects/Immune_Cell_Prediction_WK/DIR/nhs/TMA 10 Level 1_Core[1,13,10]_[11726,43926]",0.4
"/data_g1/AI_projects/raw_data/PCITB_CRC/HE_raw_images/Tumor/TMA10/TMA 10 Level 1_Core[1,13,11]_[10787,44000].tif",FALSE,"/data_g1/AI_projects/projects/Immune_Cell_Prediction_WK/DIR/nhs/TMA 10 Level 1_Core[1,13,11]_[10787,44000]",0.4
"/data_g1/AI_projects/raw_data/PCITB_CRC/HE_raw_images/Tumor/TMA10/TMA 10 Level 1_Core[1,13,15]_[7300,43975].tif",FALSE,"/data_g1/AI_projects/projects/Immune_Cell_Prediction_WK/DIR/nhs/TMA 10 Level 1_Core[1,13,15]_[7300,43975]",0.4
"/data_g1/AI_projects/raw_data/PCITB_CRC/HE_raw_images/Tumor/TMA10/TMA 10 Level 1_Core[1,13,17]_[5495,43950].tif",FALSE,"/data_g1/AI_projects/projects/Immune_Cell_Prediction_WK/DIR/nhs/TMA 10 Level 1_Core[1,13,17]_[5495,43950]",0.4
"/data_g1/AI_projects/raw_data/PCITB_CRC/HE_raw_images/Tumor/TMA10/TMA 10 Level 1_Core[1,13,3]_[18057,44050].tif",FALSE,"/data_g1/AI_projects/projects/Immune_Cell_Prediction_WK/DIR/nhs/TMA 10 Level 1_Core[1,13,3]_[18057,44050]",0.4
"/data_g1/AI_projects/raw_data/PCITB_CRC/HE_raw_images/Tumor/TMA10/TMA 10 Level 1_Core[1,13,5]_[16375,44050].tif",FALSE,"/data_g1/AI_projects/projects/Immune_Cell_Prediction_WK/DIR/nhs/TMA 10 Level 1_Core[1,13,5]_[16375,44050]",0.4
"/data_g1/AI_projects/raw_data/PCITB_CRC/HE_raw_images/Tumor/TMA10/TMA 10 Level 1_Core[1,13,7]_[14447,43975].tif",FALSE,"/data_g1/AI_projects/projects/Immune_Cell_Prediction_WK/DIR/nhs/TMA 10 Level 1_Core[1,13,7]_[14447,43975]",0.4
"/data_g1/AI_projects/raw_data/PCITB_CRC/HE_raw_images/Tumor/TMA10/TMA 10 Level 1_Core[1,15,1]_[19701,45471].tif",FALSE,"/data_g1/AI_projects/projects/Immune_Cell_Prediction_WK/DIR/nhs/TMA 10 Level 1_Core[1,15,1]_[19701,45471]",0.4
"/data_g1/AI_projects/raw_data/PCITB_CRC/HE_raw_images/Tumor/TMA10/TMA 10 Level 1_Core[1,15,11]_[10725,45446].tif",FALSE,"/data_g1/AI_projects/projects/Immune_Cell_Prediction_WK/DIR/nhs/TMA 10 Level 1_Core[1,15,11]_[10725,45446]",0.4
"/data_g1/AI_projects/raw_data/PCITB_CRC/HE_raw_images/Tumor/TMA10/TMA 10 Level 1_Core[1,15,15]_[7263,45347].tif",FALSE,"/data_g1/AI_projects/projects/Immune_Cell_Prediction_WK/DIR/nhs/TMA 10 Level 1_Core[1,15,15]_[7263,45347]",0.4
"/data_g1/AI_projects/raw_data/PCITB_CRC/HE_raw_images/Tumor/TMA10/TMA 10 Level 1_Core[1,15,17]_[5532,45422].tif",FALSE,"/data_g1/AI_projects/projects/Immune_Cell_Prediction_WK/DIR/nhs/TMA 10 Level 1_Core[1,15,17]_[5532,45422]",0.4
"/data_g1/AI_projects/raw_data/PCITB_CRC/HE_raw_images/Tumor/TMA10/TMA 10 Level 1_Core[1,15,3]_[17920,45446].tif",FALSE,"/data_g1/AI_projects/projects/Immune_Cell_Prediction_WK/DIR/nhs/TMA 10 Level 1_Core[1,15,3]_[17920,45446]",0.4
"/data_g1/AI_projects/raw_data/PCITB_CRC/HE_raw_images/Tumor/TMA10/TMA 10 Level 1_Core[1,15,5]_[16264,45397].tif",FALSE,"/data_g1/AI_projects/projects/Immune_Cell_Prediction_WK/DIR/nhs/TMA 10 Level 1_Core[1,15,5]_[16264,45397]",0.4
"/data_g1/AI_projects/raw_data/PCITB_CRC/HE_raw_images/Tumor/TMA10/TMA 10 Level 1_Core[1,15,7]_[14409,45446].tif",FALSE,"/data_g1/AI_projects/projects/Immune_Cell_Prediction_WK/DIR/nhs/TMA 10 Level 1_Core[1,15,7]_[14409,45446]",0.4
"/data_g1/AI_projects/raw_data/PCITB_CRC/HE_raw_images/Tumor/TMA10/TMA 10 Level 1_Core[1,15,9]_[12703,45372].tif",FALSE,"/data_g1/AI_projects/projects/Immune_Cell_Prediction_WK/DIR/nhs/TMA 10 Level 1_Core[1,15,9]_[12703,45372]",0.4
"/data_g1/AI_projects/raw_data/PCITB_CRC/HE_raw_images/Tumor/TMA10/TMA 10 Level 1_Core[1,16,1]_[19676,46312].tif",FALSE,"/data_g1/AI_projects/projects/Immune_Cell_Prediction_WK/DIR/nhs/TMA 10 Level 1_Core[1,16,1]_[19676,46312]",0.4
"/data_g1/AI_projects/raw_data/PCITB_CRC/HE_raw_images/Tumor/TMA10/TMA 10 Level 1_Core[1,16,11]_[10774,46262].tif",FALSE,"/data_g1/AI_projects/projects/Immune_Cell_Prediction_WK/DIR/nhs/TMA 10 Level 1_Core[1,16,11]_[10774,46262]",0.4
"/data_g1/AI_projects/raw_data/PCITB_CRC/HE_raw_images/Tumor/TMA10/TMA 10 Level 1_Core[1,16,17]_[5606,46238].tif",FALSE,"/data_g1/AI_projects/projects/Immune_Cell_Prediction_WK/DIR/nhs/TMA 10 Level 1_Core[1,16,17]_[5606,46238]",0.4
"/data_g1/AI_projects/raw_data/PCITB_CRC/HE_raw_images/Tumor/TMA10/TMA 10 Level 1_Core[1,16,3]_[17945,46262].tif",FALSE,"/data_g1/AI_projects/projects/Immune_Cell_Prediction_WK/DIR/nhs/TMA 10 Level 1_Core[1,16,3]_[17945,46262]",0.4
"/data_g1/AI_projects/raw_data/PCITB_CRC/HE_raw_images/Tumor/TMA10/TMA 10 Level 1_Core[1,16,5]_[16288,46312].tif",FALSE,"/data_g1/AI_projects/projects/Immune_Cell_Prediction_WK/DIR/nhs/TMA 10 Level 1_Core[1,16,5]_[16288,46312]",0.4
"/data_g1/AI_projects/raw_data/PCITB_CRC/HE_raw_images/Tumor/TMA10/TMA 10 Level 1_Core[1,16,7]_[14409,46238].tif",FALSE,"/data_g1/AI_projects/projects/Immune_Cell_Prediction_WK/DIR/nhs/TMA 10 Level 1_Core[1,16,7]_[14409,46238]",0.4
"/data_g1/AI_projects/raw_data/PCITB_CRC/HE_raw_images/Tumor/TMA10/TMA 10 Level 1_Core[1,16,9]_[12728,46262].tif",FALSE,"/data_g1/AI_projects/projects/Immune_Cell_Prediction_WK/DIR/nhs/TMA 10 Level 1_Core[1,16,9]_[12728,46262]",0.4
"/data_g1/AI_projects/raw_data/PCITB_CRC/HE_raw_images/Tumor/TMA10/TMA 10 Level 1_Core[1,17,10]_[11738,47103].tif",FALSE,"/data_g1/AI_projects/projects/Immune_Cell_Prediction_WK/DIR/nhs/TMA 10 Level 1_Core[1,17,10]_[11738,47103]",0.4
"/data_g1/AI_projects/raw_data/PCITB_CRC/HE_raw_images/Tumor/TMA10/TMA 10 Level 1_Core[1,17,12]_[10008,47029].tif",FALSE,"/data_g1/AI_projects/projects/Immune_Cell_Prediction_WK/DIR/nhs/TMA 10 Level 1_Core[1,17,12]_[10008,47029]",0.4
"/data_g1/AI_projects/raw_data/PCITB_CRC/HE_raw_images/Tumor/TMA10/TMA 10 Level 1_Core[1,17,14]_[8178,46905].tif",FALSE,"/data_g1/AI_projects/projects/Immune_Cell_Prediction_WK/DIR/nhs/TMA 10 Level 1_Core[1,17,14]_[8178,46905]",0.4
"/data_g1/AI_projects/raw_data/PCITB_CRC/HE_raw_images/Tumor/TMA10/TMA 10 Level 1_Core[1,17,4]_[17080,47054].tif",FALSE,"/data_g1/AI_projects/projects/Immune_Cell_Prediction_WK/DIR/nhs/TMA 10 Level 1_Core[1,17,4]_[17080,47054]",0.4
"/data_g1/AI_projects/raw_data/PCITB_CRC/HE_raw_images/Tumor/TMA10/TMA 10 Level 1_Core[1,17,6]_[15324,47078].tif",FALSE,"/data_g1/AI_projects/projects/Immune_Cell_Prediction_WK/DIR/nhs/TMA 10 Level 1_Core[1,17,6]_[15324,47078]",0.4
"/data_g1/AI_projects/raw_data/PCITB_CRC/HE_raw_images/Tumor/TMA10/TMA 10 Level 1_Core[1,18,10]_[11714,47919].tif",FALSE,"/data_g1/AI_projects/projects/Immune_Cell_Prediction_WK/DIR/nhs/TMA 10 Level 1_Core[1,18,10]_[11714,47919]",0.4
"/data_g1/AI_projects/raw_data/PCITB_CRC/HE_raw_images/Tumor/TMA10/TMA 10 Level 1_Core[1,18,12]_[10008,47845].tif",FALSE,"/data_g1/AI_projects/projects/Immune_Cell_Prediction_WK/DIR/nhs/TMA 10 Level 1_Core[1,18,12]_[10008,47845]",0.4
"/data_g1/AI_projects/raw_data/PCITB_CRC/HE_raw_images/Tumor/TMA10/TMA 10 Level 1_Core[1,18,14]_[8128,47845].tif",FALSE,"/data_g1/AI_projects/projects/Immune_Cell_Prediction_WK/DIR/nhs/TMA 10 Level 1_Core[1,18,14]_[8128,47845]",0.4
"/data_g1/AI_projects/raw_data/PCITB_CRC/HE_raw_images/Tumor/TMA10/TMA 10 Level 1_Core[1,18,15]_[7263,47820].tif",FALSE,"/data_g1/AI_projects/projects/Immune_Cell_Prediction_WK/DIR/nhs/TMA 10 Level 1_Core[1,18,15]_[7263,47820]",0.4
"/data_g1/AI_projects/raw_data/PCITB_CRC/HE_raw_images/Tumor/TMA10/TMA 10 Level 1_Core[1,18,16]_[6373,47820].tif",FALSE,"/data_g1/AI_projects/projects/Immune_Cell_Prediction_WK/DIR/nhs/TMA 10 Level 1_Core[1,18,16]_[6373,47820]",0.4
"/data_g1/AI_projects/raw_data/PCITB_CRC/HE_raw_images/Tumor/TMA10/TMA 10 Level 1_Core[1,18,4]_[17006,47919].tif",FALSE,"/data_g1/AI_projects/projects/Immune_Cell_Prediction_WK/DIR/nhs/TMA 10 Level 1_Core[1,18,4]_[17006,47919]",0.4
"/data_g1/AI_projects/raw_data/PCITB_CRC/HE_raw_images/Tumor/TMA10/TMA 10 Level 1_Core[1,18,6]_[15299,47919].tif",FALSE,"/data_g1/AI_projects/projects/Immune_Cell_Prediction_WK/DIR/nhs/TMA 10 Level 1_Core[1,18,6]_[15299,47919]",0.4
"/data_g1/AI_projects/raw_data/PCITB_CRC/HE_raw_images/Tumor/TMA10/TMA 10 Level 1_Core[1,18,8]_[13494,47919].tif",FALSE,"/data_g1/AI_projects/projects/Immune_Cell_Prediction_WK/DIR/nhs/TMA 10 Level 1_Core[1,18,8]_[13494,47919]",0.4
"/data_g1/AI_projects/raw_data/PCITB_CRC/HE_raw_images/Tumor/TMA10/TMA 10 Level 1_Core[1,19,1]_[19750,48710].tif",FALSE,"/data_g1/AI_projects/projects/Immune_Cell_Prediction_WK/DIR/nhs/TMA 10 Level 1_Core[1,19,1]_[19750,48710]",0.4
"/data_g1/AI_projects/raw_data/PCITB_CRC/HE_raw_images/Tumor/TMA10/TMA 10 Level 1_Core[1,19,10]_[11664,48710].tif",FALSE,"/data_g1/AI_projects/projects/Immune_Cell_Prediction_WK/DIR/nhs/TMA 10 Level 1_Core[1,19,10]_[11664,48710]",0.4
"/data_g1/AI_projects/raw_data/PCITB_CRC/HE_raw_images/Tumor/TMA10/TMA 10 Level 1_Core[1,19,11]_[10848,48710].tif",FALSE,"/data_g1/AI_projects/projects/Immune_Cell_Prediction_WK/DIR/nhs/TMA 10 Level 1_Core[1,19,11]_[10848,48710]",0.4
"/data_g1/AI_projects/raw_data/PCITB_CRC/HE_raw_images/Tumor/TMA10/TMA 10 Level 1_Core[1,19,13]_[9093,48686].tif",FALSE,"/data_g1/AI_projects/projects/Immune_Cell_Prediction_WK/DIR/nhs/TMA 10 Level 1_Core[1,19,13]_[9093,48686]",0.4
"/data_g1/AI_projects/raw_data/PCITB_CRC/HE_raw_images/Tumor/TMA10/TMA 10 Level 1_Core[1,19,15]_[7263,48661].tif",FALSE,"/data_g1/AI_projects/projects/Immune_Cell_Prediction_WK/DIR/nhs/TMA 10 Level 1_Core[1,19,15]_[7263,48661]",0.4
"/data_g1/AI_projects/raw_data/PCITB_CRC/HE_raw_images/Tumor/TMA10/TMA 10 Level 1_Core[1,19,17]_[5458,48636].tif",FALSE,"/data_g1/AI_projects/projects/Immune_Cell_Prediction_WK/DIR/nhs/TMA 10 Level 1_Core[1,19,17]_[5458,48636]",0.4
"/data_g1/AI_projects/raw_data/PCITB_CRC/HE_raw_images/Tumor/TMA10/TMA 10 Level 1_Core[1,19,3]_[17797,48686].tif",FALSE,"/data_g1/AI_projects/projects/Immune_Cell_Prediction_WK/DIR/nhs/TMA 10 Level 1_Core[1,19,3]_[17797,48686]",0.4
"/data_g1/AI_projects/raw_data/PCITB_CRC/HE_raw_images/Tumor/TMA10/TMA 10 Level 1_Core[1,19,5]_[16115,48735].tif",FALSE,"/data_g1/AI_projects/projects/Immune_Cell_Prediction_WK/DIR/nhs/TMA 10 Level 1_Core[1,19,5]_[16115,48735]",0.4
"/data_g1/AI_projects/raw_data/PCITB_CRC/HE_raw_images/Tumor/TMA10/TMA 10 Level 1_Core[1,19,7]_[14360,48735].tif",FALSE,"/data_g1/AI_projects/projects/Immune_Cell_Prediction_WK/DIR/nhs/TMA 10 Level 1_Core[1,19,7]_[14360,48735]",0.4
"/data_g1/AI_projects/raw_data/PCITB_CRC/HE_raw_images/Tumor/TMA10/TMA 10 Level 1_Core[1,19,9]_[12554,48760].tif",FALSE,"/data_g1/AI_projects/projects/Immune_Cell_Prediction_WK/DIR/nhs/TMA 10 Level 1_Core[1,19,9]_[12554,48760]",0.4
"/data_g1/AI_projects/raw_data/PCITB_CRC/HE_raw_images/Tumor/TMA10/TMA 10 Level 1_Core[1,2,1]_[19639,35543].tif",FALSE,"/data_g1/AI_projects/projects/Immune_Cell_Prediction_WK/DIR/nhs/TMA 10 Level 1_Core[1,2,1]_[19639,35543]",0.4
"/data_g1/AI_projects/raw_data/PCITB_CRC/HE_raw_images/Tumor/TMA10/TMA 10 Level 1_Core[1,2,11]_[10985,35320].tif",FALSE,"/data_g1/AI_projects/projects/Immune_Cell_Prediction_WK/DIR/nhs/TMA 10 Level 1_Core[1,2,11]_[10985,35320]",0.4
"/data_g1/AI_projects/raw_data/PCITB_CRC/HE_raw_images/Tumor/TMA10/TMA 10 Level 1_Core[1,2,12]_[10020,35296].tif",FALSE,"/data_g1/AI_projects/projects/Immune_Cell_Prediction_WK/DIR/nhs/TMA 10 Level 1_Core[1,2,12]_[10020,35296]",0.4
"/data_g1/AI_projects/raw_data/PCITB_CRC/HE_raw_images/Tumor/TMA10/TMA 10 Level 1_Core[1,2,13]_[9229,35296].tif",FALSE,"/data_g1/AI_projects/projects/Immune_Cell_Prediction_WK/DIR/nhs/TMA 10 Level 1_Core[1,2,13]_[9229,35296]",0.4
"/data_g1/AI_projects/raw_data/PCITB_CRC/HE_raw_images/Tumor/TMA10/TMA 10 Level 1_Core[1,2,15]_[7424,35370].tif",FALSE,"/data_g1/AI_projects/projects/Immune_Cell_Prediction_WK/DIR/nhs/TMA 10 Level 1_Core[1,2,15]_[7424,35370]",0.4
"/data_g1/AI_projects/raw_data/PCITB_CRC/HE_raw_images/Tumor/TMA10/TMA 10 Level 1_Core[1,2,3]_[17834,35370].tif",FALSE,"/data_g1/AI_projects/projects/Immune_Cell_Prediction_WK/DIR/nhs/TMA 10 Level 1_Core[1,2,3]_[17834,35370]",0.4
"/data_g1/AI_projects/raw_data/PCITB_CRC/HE_raw_images/Tumor/TMA10/TMA 10 Level 1_Core[1,2,5]_[16103,35320].tif",FALSE,"/data_g1/AI_projects/projects/Immune_Cell_Prediction_WK/DIR/nhs/TMA 10 Level 1_Core[1,2,5]_[16103,35320]",0.4
"/data_g1/AI_projects/raw_data/PCITB_CRC/HE_raw_images/Tumor/TMA10/TMA 10 Level 1_Core[1,2,6]_[15263,35345].tif",FALSE,"/data_g1/AI_projects/projects/Immune_Cell_Prediction_WK/DIR/nhs/TMA 10 Level 1_Core[1,2,6]_[15263,35345]",0.4
"/data_g1/AI_projects/raw_data/PCITB_CRC/HE_raw_images/Tumor/TMA10/TMA 10 Level 1_Core[1,2,7]_[14422,35345].tif",FALSE,"/data_g1/AI_projects/projects/Immune_Cell_Prediction_WK/DIR/nhs/TMA 10 Level 1_Core[1,2,7]_[14422,35345]",0.4
"/data_g1/AI_projects/raw_data/PCITB_CRC/HE_raw_images/Tumor/TMA10/TMA 10 Level 1_Core[1,2,9]_[12617,35271].tif",FALSE,"/data_g1/AI_projects/projects/Immune_Cell_Prediction_WK/DIR/nhs/TMA 10 Level 1_Core[1,2,9]_[12617,35271]",0.4
"/data_g1/AI_projects/raw_data/PCITB_CRC/HE_raw_images/Tumor/TMA10/TMA 10 Level 1_Core[1,20,1]_[19726,49576].tif",FALSE,"/data_g1/AI_projects/projects/Immune_Cell_Prediction_WK/DIR/nhs/TMA 10 Level 1_Core[1,20,1]_[19726,49576]",0.4
"/data_g1/AI_projects/raw_data/PCITB_CRC/HE_raw_images/Tumor/TMA10/TMA 10 Level 1_Core[1,20,10]_[11615,49502].tif",FALSE,"/data_g1/AI_projects/projects/Immune_Cell_Prediction_WK/DIR/nhs/TMA 10 Level 1_Core[1,20,10]_[11615,49502]",0.4
"/data_g1/AI_projects/raw_data/PCITB_CRC/HE_raw_images/Tumor/TMA10/TMA 10 Level 1_Core[1,20,11]_[10774,49502].tif",FALSE,"/data_g1/AI_projects/projects/Immune_Cell_Prediction_WK/DIR/nhs/TMA 10 Level 1_Core[1,20,11]_[10774,49502]",0.4
"/data_g1/AI_projects/raw_data/PCITB_CRC/HE_raw_images/Tumor/TMA10/TMA 10 Level 1_Core[1,20,13]_[9043,49551].tif",FALSE,"/data_g1/AI_projects/projects/Immune_Cell_Prediction_WK/DIR/nhs/TMA 10 Level 1_Core[1,20,13]_[9043,49551]",0.4
"/data_g1/AI_projects/raw_data/PCITB_CRC/HE_raw_images/Tumor/TMA10/TMA 10 Level 1_Core[1,20,15]_[7263,49526].tif",FALSE,"/data_g1/AI_projects/projects/Immune_Cell_Prediction_WK/DIR/nhs/TMA 10 Level 1_Core[1,20,15]_[7263,49526]",0.4
"/data_g1/AI_projects/raw_data/PCITB_CRC/HE_raw_images/Tumor/TMA10/TMA 10 Level 1_Core[1,20,17]_[5433,49452].tif",FALSE,"/data_g1/AI_projects/projects/Immune_Cell_Prediction_WK/DIR/nhs/TMA 10 Level 1_Core[1,20,17]_[5433,49452]",0.4
"/data_g1/AI_projects/raw_data/PCITB_CRC/HE_raw_images/Tumor/TMA10/TMA 10 Level 1_Core[1,20,3]_[17723,49551].tif",FALSE,"/data_g1/AI_projects/projects/Immune_Cell_Prediction_WK/DIR/nhs/TMA 10 Level 1_Core[1,20,3]_[17723,49551]",0.4
"/data_g1/AI_projects/raw_data/PCITB_CRC/HE_raw_images/Tumor/TMA10/TMA 10 Level 1_Core[1,20,5]_[16066,49526].tif",FALSE,"/data_g1/AI_projects/projects/Immune_Cell_Prediction_WK/DIR/nhs/TMA 10 Level 1_Core[1,20,5]_[16066,49526]",0.4
"/data_g1/AI_projects/raw_data/PCITB_CRC/HE_raw_images/Tumor/TMA10/TMA 10 Level 1_Core[1,20,7]_[14286,49502].tif",FALSE,"/data_g1/AI_projects/projects/Immune_Cell_Prediction_WK/DIR/nhs/TMA 10 Level 1_Core[1,20,7]_[14286,49502]",0.4
"/data_g1/AI_projects/raw_data/PCITB_CRC/HE_raw_images/Tumor/TMA10/TMA 10 Level 1_Core[1,20,8]_[13395,49502].tif",FALSE,"/data_g1/AI_projects/projects/Immune_Cell_Prediction_WK/DIR/nhs/TMA 10 Level 1_Core[1,20,8]_[13395,49502]",0.4
"/data_g1/AI_projects/raw_data/PCITB_CRC/HE_raw_images/Tumor/TMA10/TMA 10 Level 1_Core[1,20,9]_[12480,49551].tif",FALSE,"/data_g1/AI_projects/projects/Immune_Cell_Prediction_WK/DIR/nhs/TMA 10 Level 1_Core[1,20,9]_[12480,49551]",0.4
"/data_g1/AI_projects/raw_data/PCITB_CRC/HE_raw_images/Tumor/TMA10/TMA 10 Level 1_Core[1,22,1]_[19391,51429].tif",FALSE,"/data_g1/AI_projects/projects/Immune_Cell_Prediction_WK/DIR/nhs/TMA 10 Level 1_Core[1,22,1]_[19391,51429]",0.4
"/data_g1/AI_projects/raw_data/PCITB_CRC/HE_raw_images/Tumor/TMA10/TMA 10 Level 1_Core[1,22,11]_[10513,51330].tif",FALSE,"/data_g1/AI_projects/projects/Immune_Cell_Prediction_WK/DIR/nhs/TMA 10 Level 1_Core[1,22,11]_[10513,51330]",0.4
"/data_g1/AI_projects/raw_data/PCITB_CRC/HE_raw_images/Tumor/TMA10/TMA 10 Level 1_Core[1,22,13]_[8807,51429].tif",FALSE,"/data_g1/AI_projects/projects/Immune_Cell_Prediction_WK/DIR/nhs/TMA 10 Level 1_Core[1,22,13]_[8807,51429]",0.4
"/data_g1/AI_projects/raw_data/PCITB_CRC/HE_raw_images/Tumor/TMA10/TMA 10 Level 1_Core[1,22,15]_[7150,51330].tif",FALSE,"/data_g1/AI_projects/projects/Immune_Cell_Prediction_WK/DIR/nhs/TMA 10 Level 1_Core[1,22,15]_[7150,51330]",0.4
"/data_g1/AI_projects/raw_data/PCITB_CRC/HE_raw_images/Tumor/TMA10/TMA 10 Level 1_Core[1,22,3]_[17635,51355].tif",FALSE,"/data_g1/AI_projects/projects/Immune_Cell_Prediction_WK/DIR/nhs/TMA 10 Level 1_Core[1,22,3]_[17635,51355]",0.4
"/data_g1/AI_projects/raw_data/PCITB_CRC/HE_raw_images/Tumor/TMA10/TMA 10 Level 1_Core[1,22,4]_[16794,51232].tif",FALSE,"/data_g1/AI_projects/projects/Immune_Cell_Prediction_WK/DIR/nhs/TMA 10 Level 1_Core[1,22,4]_[16794,51232]",0.4
"/data_g1/AI_projects/raw_data/PCITB_CRC/HE_raw_images/Tumor/TMA10/TMA 10 Level 1_Core[1,22,5]_[15954,51330].tif",FALSE,"/data_g1/AI_projects/projects/Immune_Cell_Prediction_WK/DIR/nhs/TMA 10 Level 1_Core[1,22,5]_[15954,51330]",0.4
"/data_g1/AI_projects/raw_data/PCITB_CRC/HE_raw_images/Tumor/TMA10/TMA 10 Level 1_Core[1,22,6]_[15088,51256].tif",FALSE,"/data_g1/AI_projects/projects/Immune_Cell_Prediction_WK/DIR/nhs/TMA 10 Level 1_Core[1,22,6]_[15088,51256]",0.4
"/data_g1/AI_projects/raw_data/PCITB_CRC/HE_raw_images/Tumor/TMA10/TMA 10 Level 1_Core[1,22,7]_[14124,51306].tif",FALSE,"/data_g1/AI_projects/projects/Immune_Cell_Prediction_WK/DIR/nhs/TMA 10 Level 1_Core[1,22,7]_[14124,51306]",0.4
"/data_g1/AI_projects/raw_data/PCITB_CRC/HE_raw_images/Tumor/TMA10/TMA 10 Level 1_Core[1,22,9]_[12442,51306].tif",FALSE,"/data_g1/AI_projects/projects/Immune_Cell_Prediction_WK/DIR/nhs/TMA 10 Level 1_Core[1,22,9]_[12442,51306]",0.4
"/data_g1/AI_projects/raw_data/PCITB_CRC/HE_raw_images/Tumor/TMA10/TMA 10 Level 1_Core[1,23,1]_[19416,52221].tif",FALSE,"/data_g1/AI_projects/projects/Immune_Cell_Prediction_WK/DIR/nhs/TMA 10 Level 1_Core[1,23,1]_[19416,52221]",0.4
"/data_g1/AI_projects/raw_data/PCITB_CRC/HE_raw_images/Tumor/TMA10/TMA 10 Level 1_Core[1,23,11]_[10711,52122].tif",FALSE,"/data_g1/AI_projects/projects/Immune_Cell_Prediction_WK/DIR/nhs/TMA 10 Level 1_Core[1,23,11]_[10711,52122]",0.4
"/data_g1/AI_projects/raw_data/PCITB_CRC/HE_raw_images/Tumor/TMA10/TMA 10 Level 1_Core[1,23,13]_[8758,52245].tif",FALSE,"/data_g1/AI_projects/projects/Immune_Cell_Prediction_WK/DIR/nhs/TMA 10 Level 1_Core[1,23,13]_[8758,52245]",0.4
"/data_g1/AI_projects/raw_data/PCITB_CRC/HE_raw_images/Tumor/TMA10/TMA 10 Level 1_Core[1,23,15]_[6928,52196].tif",FALSE,"/data_g1/AI_projects/projects/Immune_Cell_Prediction_WK/DIR/nhs/TMA 10 Level 1_Core[1,23,15]_[6928,52196]",0.4
"/data_g1/AI_projects/raw_data/PCITB_CRC/HE_raw_images/Tumor/TMA10/TMA 10 Level 1_Core[1,23,3]_[17660,52270].tif",FALSE,"/data_g1/AI_projects/projects/Immune_Cell_Prediction_WK/DIR/nhs/TMA 10 Level 1_Core[1,23,3]_[17660,52270]",0.4
"/data_g1/AI_projects/raw_data/PCITB_CRC/HE_raw_images/Tumor/TMA10/TMA 10 Level 1_Core[1,23,4]_[16794,52221].tif",FALSE,"/data_g1/AI_projects/projects/Immune_Cell_Prediction_WK/DIR/nhs/TMA 10 Level 1_Core[1,23,4]_[16794,52221]",0.4
"/data_g1/AI_projects/raw_data/PCITB_CRC/HE_raw_images/Tumor/TMA10/TMA 10 Level 1_Core[1,23,5]_[15954,52221].tif",FALSE,"/data_g1/AI_projects/projects/Immune_Cell_Prediction_WK/DIR/nhs/TMA 10 Level 1_Core[1,23,5]_[15954,52221]",0.4
"/data_g1/AI_projects/raw_data/PCITB_CRC/HE_raw_images/Tumor/TMA10/TMA 10 Level 1_Core[1,23,6]_[15162,52196].tif",FALSE,"/data_g1/AI_projects/projects/Immune_Cell_Prediction_WK/DIR/nhs/TMA 10 Level 1_Core[1,23,6]_[15162,52196]",0.4
"/data_g1/AI_projects/raw_data/PCITB_CRC/HE_raw_images/Tumor/TMA10/TMA 10 Level 1_Core[1,23,7]_[14099,52196].tif",FALSE,"/data_g1/AI_projects/projects/Immune_Cell_Prediction_WK/DIR/nhs/TMA 10 Level 1_Core[1,23,7]_[14099,52196]",0.4
"/data_g1/AI_projects/raw_data/PCITB_CRC/HE_raw_images/Tumor/TMA10/TMA 10 Level 1_Core[1,23,9]_[12393,52171].tif",FALSE,"/data_g1/AI_projects/projects/Immune_Cell_Prediction_WK/DIR/nhs/TMA 10 Level 1_Core[1,23,9]_[12393,52171]",0.4
"/data_g1/AI_projects/raw_data/PCITB_CRC/HE_raw_images/Tumor/TMA10/TMA 10 Level 1_Core[1,24,11]_[10662,53012].tif",FALSE,"/data_g1/AI_projects/projects/Immune_Cell_Prediction_WK/DIR/nhs/TMA 10 Level 1_Core[1,24,11]_[10662,53012]",0.4
"/data_g1/AI_projects/raw_data/PCITB_CRC/HE_raw_images/Tumor/TMA10/TMA 10 Level 1_Core[1,24,12]_[9524,53111].tif",FALSE,"/data_g1/AI_projects/projects/Immune_Cell_Prediction_WK/DIR/nhs/TMA 10 Level 1_Core[1,24,12]_[9524,53111]",0.4
"/data_g1/AI_projects/raw_data/PCITB_CRC/HE_raw_images/Tumor/TMA10/TMA 10 Level 1_Core[1,24,14]_[7868,53061].tif",FALSE,"/data_g1/AI_projects/projects/Immune_Cell_Prediction_WK/DIR/nhs/TMA 10 Level 1_Core[1,24,14]_[7868,53061]",0.4
"/data_g1/AI_projects/raw_data/PCITB_CRC/HE_raw_images/Tumor/TMA10/TMA 10 Level 1_Core[1,24,2]_[18476,53012].tif",FALSE,"/data_g1/AI_projects/projects/Immune_Cell_Prediction_WK/DIR/nhs/TMA 10 Level 1_Core[1,24,2]_[18476,53012]",0.4
"/data_g1/AI_projects/raw_data/PCITB_CRC/HE_raw_images/Tumor/TMA10/TMA 10 Level 1_Core[1,24,4]_[16745,53061].tif",FALSE,"/data_g1/AI_projects/projects/Immune_Cell_Prediction_WK/DIR/nhs/TMA 10 Level 1_Core[1,24,4]_[16745,53061]",0.4
"/data_g1/AI_projects/raw_data/PCITB_CRC/HE_raw_images/Tumor/TMA10/TMA 10 Level 1_Core[1,24,5]_[15904,53061].tif",FALSE,"/data_g1/AI_projects/projects/Immune_Cell_Prediction_WK/DIR/nhs/TMA 10 Level 1_Core[1,24,5]_[15904,53061]",0.4
"/data_g1/AI_projects/raw_data/PCITB_CRC/HE_raw_images/Tumor/TMA10/TMA 10 Level 1_Core[1,24,6]_[15014,53061].tif",FALSE,"/data_g1/AI_projects/projects/Immune_Cell_Prediction_WK/DIR/nhs/TMA 10 Level 1_Core[1,24,6]_[15014,53061]",0.4
"/data_g1/AI_projects/raw_data/PCITB_CRC/HE_raw_images/Tumor/TMA10/TMA 10 Level 1_Core[1,24,7]_[14099,53061].tif",FALSE,"/data_g1/AI_projects/projects/Immune_Cell_Prediction_WK/DIR/nhs/TMA 10 Level 1_Core[1,24,7]_[14099,53061]",0.4
"/data_g1/AI_projects/raw_data/PCITB_CRC/HE_raw_images/Tumor/TMA10/TMA 10 Level 1_Core[1,25,11]_[10414,54026].tif",FALSE,"/data_g1/AI_projects/projects/Immune_Cell_Prediction_WK/DIR/nhs/TMA 10 Level 1_Core[1,25,11]_[10414,54026]",0.4
"/data_g1/AI_projects/raw_data/PCITB_CRC/HE_raw_images/Tumor/TMA10/TMA 10 Level 1_Core[1,25,12]_[9524,53976].tif",FALSE,"/data_g1/AI_projects/projects/Immune_Cell_Prediction_WK/DIR/nhs/TMA 10 Level 1_Core[1,25,12]_[9524,53976]",0.4
"/data_g1/AI_projects/raw_data/PCITB_CRC/HE_raw_images/Tumor/TMA10/TMA 10 Level 1_Core[1,25,14]_[7868,53877].tif",FALSE,"/data_g1/AI_projects/projects/Immune_Cell_Prediction_WK/DIR/nhs/TMA 10 Level 1_Core[1,25,14]_[7868,53877]",0.4
"/data_g1/AI_projects/raw_data/PCITB_CRC/HE_raw_images/Tumor/TMA10/TMA 10 Level 1_Core[1,25,2]_[18426,53877].tif",FALSE,"/data_g1/AI_projects/projects/Immune_Cell_Prediction_WK/DIR/nhs/TMA 10 Level 1_Core[1,25,2]_[18426,53877]",0.4
"/data_g1/AI_projects/raw_data/PCITB_CRC/HE_raw_images/Tumor/TMA10/TMA 10 Level 1_Core[1,25,4]_[16621,53902].tif",FALSE,"/data_g1/AI_projects/projects/Immune_Cell_Prediction_WK/DIR/nhs/TMA 10 Level 1_Core[1,25,4]_[16621,53902]",0.4
"/data_g1/AI_projects/raw_data/PCITB_CRC/HE_raw_images/Tumor/TMA10/TMA 10 Level 1_Core[1,25,5]_[15805,53828].tif",FALSE,"/data_g1/AI_projects/projects/Immune_Cell_Prediction_WK/DIR/nhs/TMA 10 Level 1_Core[1,25,5]_[15805,53828]",0.4
"/data_g1/AI_projects/raw_data/PCITB_CRC/HE_raw_images/Tumor/TMA10/TMA 10 Level 1_Core[1,25,6]_[14940,53927].tif",FALSE,"/data_g1/AI_projects/projects/Immune_Cell_Prediction_WK/DIR/nhs/TMA 10 Level 1_Core[1,25,6]_[14940,53927]",0.4
"/data_g1/AI_projects/raw_data/PCITB_CRC/HE_raw_images/Tumor/TMA10/TMA 10 Level 1_Core[1,25,7]_[14050,53902].tif",FALSE,"/data_g1/AI_projects/projects/Immune_Cell_Prediction_WK/DIR/nhs/TMA 10 Level 1_Core[1,25,7]_[14050,53902]",0.4
"/data_g1/AI_projects/raw_data/PCITB_CRC/HE_raw_images/Tumor/TMA10/TMA 10 Level 1_Core[1,25,9]_[12343,53927].tif",FALSE,"/data_g1/AI_projects/projects/Immune_Cell_Prediction_WK/DIR/nhs/TMA 10 Level 1_Core[1,25,9]_[12343,53927]",0.4
"/data_g1/AI_projects/raw_data/PCITB_CRC/HE_raw_images/Tumor/TMA10/TMA 10 Level 1_Core[1,26,1]_[19193,54718].tif",FALSE,"/data_g1/AI_projects/projects/Immune_Cell_Prediction_WK/DIR/nhs/TMA 10 Level 1_Core[1,26,1]_[19193,54718]",0.4
"/data_g1/AI_projects/raw_data/PCITB_CRC/HE_raw_images/Tumor/TMA10/TMA 10 Level 1_Core[1,26,10]_[11379,54842].tif",FALSE,"/data_g1/AI_projects/projects/Immune_Cell_Prediction_WK/DIR/nhs/TMA 10 Level 1_Core[1,26,10]_[11379,54842]",0.4
"/data_g1/AI_projects/raw_data/PCITB_CRC/HE_raw_images/Tumor/TMA10/TMA 10 Level 1_Core[1,26,11]_[10513,54866].tif",FALSE,"/data_g1/AI_projects/projects/Immune_Cell_Prediction_WK/DIR/nhs/TMA 10 Level 1_Core[1,26,11]_[10513,54866]",0.4
"/data_g1/AI_projects/raw_data/PCITB_CRC/HE_raw_images/Tumor/TMA10/TMA 10 Level 1_Core[1,26,14]_[7892,54669].tif",FALSE,"/data_g1/AI_projects/projects/Immune_Cell_Prediction_WK/DIR/nhs/TMA 10 Level 1_Core[1,26,14]_[7892,54669]",0.4
"/data_g1/AI_projects/raw_data/PCITB_CRC/HE_raw_images/Tumor/TMA10/TMA 10 Level 1_Core[1,26,15]_[6953,54570].tif",FALSE,"/data_g1/AI_projects/projects/Immune_Cell_Prediction_WK/DIR/nhs/TMA 10 Level 1_Core[1,26,15]_[6953,54570]",0.4
"/data_g1/AI_projects/raw_data/PCITB_CRC/HE_raw_images/Tumor/TMA10/TMA 10 Level 1_Core[1,26,3]_[17487,54768].tif",FALSE,"/data_g1/AI_projects/projects/Immune_Cell_Prediction_WK/DIR/nhs/TMA 10 Level 1_Core[1,26,3]_[17487,54768]",0.4
"/data_g1/AI_projects/raw_data/PCITB_CRC/HE_raw_images/Tumor/TMA10/TMA 10 Level 1_Core[1,26,4]_[16596,54768].tif",FALSE,"/data_g1/AI_projects/projects/Immune_Cell_Prediction_WK/DIR/nhs/TMA 10 Level 1_Core[1,26,4]_[16596,54768]",0.4
"/data_g1/AI_projects/raw_data/PCITB_CRC/HE_raw_images/Tumor/TMA10/TMA 10 Level 1_Core[1,26,5]_[15731,54817].tif",FALSE,"/data_g1/AI_projects/projects/Immune_Cell_Prediction_WK/DIR/nhs/TMA 10 Level 1_Core[1,26,5]_[15731,54817]",0.4
"/data_g1/AI_projects/raw_data/PCITB_CRC/HE_raw_images/Tumor/TMA10/TMA 10 Level 1_Core[1,27,1]_[19045,55584].tif",FALSE,"/data_g1/AI_projects/projects/Immune_Cell_Prediction_WK/DIR/nhs/TMA 10 Level 1_Core[1,27,1]_[19045,55584]",0.4
"/data_g1/AI_projects/raw_data/PCITB_CRC/HE_raw_images/Tumor/TMA10/TMA 10 Level 1_Core[1,27,11]_[10464,55682].tif",FALSE,"/data_g1/AI_projects/projects/Immune_Cell_Prediction_WK/DIR/nhs/TMA 10 Level 1_Core[1,27,11]_[10464,55682]",0.4
"/data_g1/AI_projects/raw_data/PCITB_CRC/HE_raw_images/Tumor/TMA10/TMA 10 Level 1_Core[1,27,14]_[7942,55534].tif",FALSE,"/data_g1/AI_projects/projects/Immune_Cell_Prediction_WK/DIR/nhs/TMA 10 Level 1_Core[1,27,14]_[7942,55534]",0.4
"/data_g1/AI_projects/raw_data/PCITB_CRC/HE_raw_images/Tumor/TMA10/TMA 10 Level 1_Core[1,27,15]_[7027,55410].tif",FALSE,"/data_g1/AI_projects/projects/Immune_Cell_Prediction_WK/DIR/nhs/TMA 10 Level 1_Core[1,27,15]_[7027,55410]",0.4
"/data_g1/AI_projects/raw_data/PCITB_CRC/HE_raw_images/Tumor/TMA10/TMA 10 Level 1_Core[1,27,3]_[17388,55682].tif",FALSE,"/data_g1/AI_projects/projects/Immune_Cell_Prediction_WK/DIR/nhs/TMA 10 Level 1_Core[1,27,3]_[17388,55682]",0.4
"/data_g1/AI_projects/raw_data/PCITB_CRC/HE_raw_images/Tumor/TMA10/TMA 10 Level 1_Core[1,27,4]_[16547,55658].tif",FALSE,"/data_g1/AI_projects/projects/Immune_Cell_Prediction_WK/DIR/nhs/TMA 10 Level 1_Core[1,27,4]_[16547,55658]",0.4
"/data_g1/AI_projects/raw_data/PCITB_CRC/HE_raw_images/Tumor/TMA10/TMA 10 Level 1_Core[1,27,5]_[15558,55781].tif",FALSE,"/data_g1/AI_projects/projects/Immune_Cell_Prediction_WK/DIR/nhs/TMA 10 Level 1_Core[1,27,5]_[15558,55781]",0.4
"/data_g1/AI_projects/raw_data/PCITB_CRC/HE_raw_images/Tumor/TMA10/TMA 10 Level 1_Core[1,3,10]_[11825,36136].tif",FALSE,"/data_g1/AI_projects/projects/Immune_Cell_Prediction_WK/DIR/nhs/TMA 10 Level 1_Core[1,3,10]_[11825,36136]",0.4
"/data_g1/AI_projects/raw_data/PCITB_CRC/HE_raw_images/Tumor/TMA10/TMA 10 Level 1_Core[1,3,14]_[8364,36087].tif",FALSE,"/data_g1/AI_projects/projects/Immune_Cell_Prediction_WK/DIR/nhs/TMA 10 Level 1_Core[1,3,14]_[8364,36087]",0.4
"/data_g1/AI_projects/raw_data/PCITB_CRC/HE_raw_images/Tumor/TMA10/TMA 10 Level 1_Core[1,3,16]_[6435,36236].tif",FALSE,"/data_g1/AI_projects/projects/Immune_Cell_Prediction_WK/DIR/nhs/TMA 10 Level 1_Core[1,3,16]_[6435,36236]",0.4
"/data_g1/AI_projects/raw_data/PCITB_CRC/HE_raw_images/Tumor/TMA10/TMA 10 Level 1_Core[1,3,2]_[18724,36236].tif",FALSE,"/data_g1/AI_projects/projects/Immune_Cell_Prediction_WK/DIR/nhs/TMA 10 Level 1_Core[1,3,2]_[18724,36236]",0.4
"/data_g1/AI_projects/raw_data/PCITB_CRC/HE_raw_images/Tumor/TMA10/TMA 10 Level 1_Core[1,3,4]_[17043,36112].tif",FALSE,"/data_g1/AI_projects/projects/Immune_Cell_Prediction_WK/DIR/nhs/TMA 10 Level 1_Core[1,3,4]_[17043,36112]",0.4
"/data_g1/AI_projects/raw_data/PCITB_CRC/HE_raw_images/Tumor/TMA10/TMA 10 Level 1_Core[1,3,6]_[15213,36186].tif",FALSE,"/data_g1/AI_projects/projects/Immune_Cell_Prediction_WK/DIR/nhs/TMA 10 Level 1_Core[1,3,6]_[15213,36186]",0.4
"/data_g1/AI_projects/raw_data/PCITB_CRC/HE_raw_images/Tumor/TMA10/TMA 10 Level 1_Core[1,3,9]_[12691,36087].tif",FALSE,"/data_g1/AI_projects/projects/Immune_Cell_Prediction_WK/DIR/nhs/TMA 10 Level 1_Core[1,3,9]_[12691,36087]",0.4
"/data_g1/AI_projects/raw_data/PCITB_CRC/HE_raw_images/Tumor/TMA10/TMA 10 Level 1_Core[1,4,10]_[11825,36903].tif",FALSE,"/data_g1/AI_projects/projects/Immune_Cell_Prediction_WK/DIR/nhs/TMA 10 Level 1_Core[1,4,10]_[11825,36903]",0.4
"/data_g1/AI_projects/raw_data/PCITB_CRC/HE_raw_images/Tumor/TMA10/TMA 10 Level 1_Core[1,4,12]_[10218,36953].tif",FALSE,"/data_g1/AI_projects/projects/Immune_Cell_Prediction_WK/DIR/nhs/TMA 10 Level 1_Core[1,4,12]_[10218,36953]",0.4
"/data_g1/AI_projects/raw_data/PCITB_CRC/HE_raw_images/Tumor/TMA10/TMA 10 Level 1_Core[1,4,14]_[8364,36928].tif",FALSE,"/data_g1/AI_projects/projects/Immune_Cell_Prediction_WK/DIR/nhs/TMA 10 Level 1_Core[1,4,14]_[8364,36928]",0.4
"/data_g1/AI_projects/raw_data/PCITB_CRC/HE_raw_images/Tumor/TMA10/TMA 10 Level 1_Core[1,4,15]_[7424,37027].tif",FALSE,"/data_g1/AI_projects/projects/Immune_Cell_Prediction_WK/DIR/nhs/TMA 10 Level 1_Core[1,4,15]_[7424,37027]",0.4
"/data_g1/AI_projects/raw_data/PCITB_CRC/HE_raw_images/Tumor/TMA10/TMA 10 Level 1_Core[1,4,16]_[6534,37027].tif",FALSE,"/data_g1/AI_projects/projects/Immune_Cell_Prediction_WK/DIR/nhs/TMA 10 Level 1_Core[1,4,16]_[6534,37027]",0.4
"/data_g1/AI_projects/raw_data/PCITB_CRC/HE_raw_images/Tumor/TMA10/TMA 10 Level 1_Core[1,4,17]_[5608,37041].tif",FALSE,"/data_g1/AI_projects/projects/Immune_Cell_Prediction_WK/DIR/nhs/TMA 10 Level 1_Core[1,4,17]_[5608,37041]",0.4
"/data_g1/AI_projects/raw_data/PCITB_CRC/HE_raw_images/Tumor/TMA10/TMA 10 Level 1_Core[1,4,2]_[18774,37052].tif",FALSE,"/data_g1/AI_projects/projects/Immune_Cell_Prediction_WK/DIR/nhs/TMA 10 Level 1_Core[1,4,2]_[18774,37052]",0.4
"/data_g1/AI_projects/raw_data/PCITB_CRC/HE_raw_images/Tumor/TMA10/TMA 10 Level 1_Core[1,4,4]_[16969,36953].tif",FALSE,"/data_g1/AI_projects/projects/Immune_Cell_Prediction_WK/DIR/nhs/TMA 10 Level 1_Core[1,4,4]_[16969,36953]",0.4
"/data_g1/AI_projects/raw_data/PCITB_CRC/HE_raw_images/Tumor/TMA10/TMA 10 Level 1_Core[1,4,6]_[15238,36977].tif",FALSE,"/data_g1/AI_projects/projects/Immune_Cell_Prediction_WK/DIR/nhs/TMA 10 Level 1_Core[1,4,6]_[15238,36977]",0.4
"/data_g1/AI_projects/raw_data/PCITB_CRC/HE_raw_images/Tumor/TMA10/TMA 10 Level 1_Core[1,4,9]_[12666,36903].tif",FALSE,"/data_g1/AI_projects/projects/Immune_Cell_Prediction_WK/DIR/nhs/TMA 10 Level 1_Core[1,4,9]_[12666,36903]",0.4
"/data_g1/AI_projects/raw_data/PCITB_CRC/HE_raw_images/Tumor/TMA10/TMA 10 Level 1_Core[1,5,1]_[19714,37917].tif",FALSE,"/data_g1/AI_projects/projects/Immune_Cell_Prediction_WK/DIR/nhs/TMA 10 Level 1_Core[1,5,1]_[19714,37917]",0.4
"/data_g1/AI_projects/raw_data/PCITB_CRC/HE_raw_images/Tumor/TMA10/TMA 10 Level 1_Core[1,5,11]_[10985,37645].tif",FALSE,"/data_g1/AI_projects/projects/Immune_Cell_Prediction_WK/DIR/nhs/TMA 10 Level 1_Core[1,5,11]_[10985,37645]",0.4
"/data_g1/AI_projects/raw_data/PCITB_CRC/HE_raw_images/Tumor/TMA10/TMA 10 Level 1_Core[1,5,15]_[7374,37843].tif",FALSE,"/data_g1/AI_projects/projects/Immune_Cell_Prediction_WK/DIR/nhs/TMA 10 Level 1_Core[1,5,15]_[7374,37843]",0.4
"/data_g1/AI_projects/raw_data/PCITB_CRC/HE_raw_images/Tumor/TMA10/TMA 10 Level 1_Core[1,5,3]_[17908,37793].tif",FALSE,"/data_g1/AI_projects/projects/Immune_Cell_Prediction_WK/DIR/nhs/TMA 10 Level 1_Core[1,5,3]_[17908,37793]",0.4
"/data_g1/AI_projects/raw_data/PCITB_CRC/HE_raw_images/Tumor/TMA10/TMA 10 Level 1_Core[1,5,5]_[16029,37769].tif",FALSE,"/data_g1/AI_projects/projects/Immune_Cell_Prediction_WK/DIR/nhs/TMA 10 Level 1_Core[1,5,5]_[16029,37769]",0.4
"/data_g1/AI_projects/raw_data/PCITB_CRC/HE_raw_images/Tumor/TMA10/TMA 10 Level 1_Core[1,5,6]_[15188,37744].tif",FALSE,"/data_g1/AI_projects/projects/Immune_Cell_Prediction_WK/DIR/nhs/TMA 10 Level 1_Core[1,5,6]_[15188,37744]",0.4
"/data_g1/AI_projects/raw_data/PCITB_CRC/HE_raw_images/Tumor/TMA10/TMA 10 Level 1_Core[1,5,9]_[12790,37744].tif",FALSE,"/data_g1/AI_projects/projects/Immune_Cell_Prediction_WK/DIR/nhs/TMA 10 Level 1_Core[1,5,9]_[12790,37744]",0.4
"/data_g1/AI_projects/raw_data/PCITB_CRC/HE_raw_images/Tumor/TMA10/TMA 10 Level 1_Core[1,6,1]_[19714,38609].tif",FALSE,"/data_g1/AI_projects/projects/Immune_Cell_Prediction_WK/DIR/nhs/TMA 10 Level 1_Core[1,6,1]_[19714,38609]",0.4
"/data_g1/AI_projects/raw_data/PCITB_CRC/HE_raw_images/Tumor/TMA10/TMA 10 Level 1_Core[1,6,11]_[10960,38486].tif",FALSE,"/data_g1/AI_projects/projects/Immune_Cell_Prediction_WK/DIR/nhs/TMA 10 Level 1_Core[1,6,11]_[10960,38486]",0.4
"/data_g1/AI_projects/raw_data/PCITB_CRC/HE_raw_images/Tumor/TMA10/TMA 10 Level 1_Core[1,6,13]_[9204,38560].tif",FALSE,"/data_g1/AI_projects/projects/Immune_Cell_Prediction_WK/DIR/nhs/TMA 10 Level 1_Core[1,6,13]_[9204,38560]",0.4
"/data_g1/AI_projects/raw_data/PCITB_CRC/HE_raw_images/Tumor/TMA10/TMA 10 Level 1_Core[1,6,15]_[7350,38659].tif",FALSE,"/data_g1/AI_projects/projects/Immune_Cell_Prediction_WK/DIR/nhs/TMA 10 Level 1_Core[1,6,15]_[7350,38659]",0.4
"/data_g1/AI_projects/raw_data/PCITB_CRC/HE_raw_images/Tumor/TMA10/TMA 10 Level 1_Core[1,6,17]_[5545,38659].tif",FALSE,"/data_g1/AI_projects/projects/Immune_Cell_Prediction_WK/DIR/nhs/TMA 10 Level 1_Core[1,6,17]_[5545,38659]",0.4
"/data_g1/AI_projects/raw_data/PCITB_CRC/HE_raw_images/Tumor/TMA10/TMA 10 Level 1_Core[1,6,3]_[17859,38510].tif",FALSE,"/data_g1/AI_projects/projects/Immune_Cell_Prediction_WK/DIR/nhs/TMA 10 Level 1_Core[1,6,3]_[17859,38510]",0.4
"/data_g1/AI_projects/raw_data/PCITB_CRC/HE_raw_images/Tumor/TMA10/TMA 10 Level 1_Core[1,6,5]_[16054,38585].tif",FALSE,"/data_g1/AI_projects/projects/Immune_Cell_Prediction_WK/DIR/nhs/TMA 10 Level 1_Core[1,6,5]_[16054,38585]",0.4
"/data_g1/AI_projects/raw_data/PCITB_CRC/HE_raw_images/Tumor/TMA10/TMA 10 Level 1_Core[1,6,6]_[15213,38535].tif",FALSE,"/data_g1/AI_projects/projects/Immune_Cell_Prediction_WK/DIR/nhs/TMA 10 Level 1_Core[1,6,6]_[15213,38535]",0.4
"/data_g1/AI_projects/raw_data/PCITB_CRC/HE_raw_images/Tumor/TMA10/TMA 10 Level 1_Core[1,6,9]_[12716,38609].tif",FALSE,"/data_g1/AI_projects/projects/Immune_Cell_Prediction_WK/DIR/nhs/TMA 10 Level 1_Core[1,6,9]_[12716,38609]",0.4
"/data_g1/AI_projects/raw_data/PCITB_CRC/HE_raw_images/Tumor/TMA10/TMA 10 Level 1_Core[1,8,1]_[19664,39920].tif",FALSE,"/data_g1/AI_projects/projects/Immune_Cell_Prediction_WK/DIR/nhs/TMA 10 Level 1_Core[1,8,1]_[19664,39920]",0.4
"/data_g1/AI_projects/raw_data/PCITB_CRC/HE_raw_images/Tumor/TMA10/TMA 10 Level 1_Core[1,8,11]_[10985,39895].tif",FALSE,"/data_g1/AI_projects/projects/Immune_Cell_Prediction_WK/DIR/nhs/TMA 10 Level 1_Core[1,8,11]_[10985,39895]",0.4
"/data_g1/AI_projects/raw_data/PCITB_CRC/HE_raw_images/Tumor/TMA10/TMA 10 Level 1_Core[1,8,12]_[10070,39895].tif",FALSE,"/data_g1/AI_projects/projects/Immune_Cell_Prediction_WK/DIR/nhs/TMA 10 Level 1_Core[1,8,12]_[10070,39895]",0.4
"/data_g1/AI_projects/raw_data/PCITB_CRC/HE_raw_images/Tumor/TMA10/TMA 10 Level 1_Core[1,8,15]_[7374,40044].tif",FALSE,"/data_g1/AI_projects/projects/Immune_Cell_Prediction_WK/DIR/nhs/TMA 10 Level 1_Core[1,8,15]_[7374,40044]",0.4
"/data_g1/AI_projects/raw_data/PCITB_CRC/HE_raw_images/Tumor/TMA10/TMA 10 Level 1_Core[1,8,17]_[5594,40068].tif",FALSE,"/data_g1/AI_projects/projects/Immune_Cell_Prediction_WK/DIR/nhs/TMA 10 Level 1_Core[1,8,17]_[5594,40068]",0.4
"/data_g1/AI_projects/raw_data/PCITB_CRC/HE_raw_images/Tumor/TMA10/TMA 10 Level 1_Core[1,8,3]_[17859,40068].tif",FALSE,"/data_g1/AI_projects/projects/Immune_Cell_Prediction_WK/DIR/nhs/TMA 10 Level 1_Core[1,8,3]_[17859,40068]",0.4
"/data_g1/AI_projects/raw_data/PCITB_CRC/HE_raw_images/Tumor/TMA10/TMA 10 Level 1_Core[1,8,5]_[16103,39969].tif",FALSE,"/data_g1/AI_projects/projects/Immune_Cell_Prediction_WK/DIR/nhs/TMA 10 Level 1_Core[1,8,5]_[16103,39969]",0.4
"/data_g1/AI_projects/raw_data/PCITB_CRC/HE_raw_images/Tumor/TMA10/TMA 10 Level 1_Core[1,8,7]_[14372,39870].tif",FALSE,"/data_g1/AI_projects/projects/Immune_Cell_Prediction_WK/DIR/nhs/TMA 10 Level 1_Core[1,8,7]_[14372,39870]",0.4
"/data_g1/AI_projects/raw_data/PCITB_CRC/HE_raw_images/Tumor/TMA10/TMA 10 Level 1_Core[1,8,9]_[12716,39945].tif",FALSE,"/data_g1/AI_projects/projects/Immune_Cell_Prediction_WK/DIR/nhs/TMA 10 Level 1_Core[1,8,9]_[12716,39945]",0.4
"/data_g1/AI_projects/raw_data/PCITB_CRC/HE_raw_images/Tumor/TMA10/TMA 10 Level 1_Core[1,9,1]_[19887,40983].tif",FALSE,"/data_g1/AI_projects/projects/Immune_Cell_Prediction_WK/DIR/nhs/TMA 10 Level 1_Core[1,9,1]_[19887,40983]",0.4
"/data_g1/AI_projects/raw_data/PCITB_CRC/HE_raw_images/Tumor/TMA10/TMA 10 Level 1_Core[1,9,11]_[10935,40711].tif",FALSE,"/data_g1/AI_projects/projects/Immune_Cell_Prediction_WK/DIR/nhs/TMA 10 Level 1_Core[1,9,11]_[10935,40711]",0.4
"/data_g1/AI_projects/raw_data/PCITB_CRC/HE_raw_images/Tumor/TMA10/TMA 10 Level 1_Core[1,9,12]_[10094,40785].tif",FALSE,"/data_g1/AI_projects/projects/Immune_Cell_Prediction_WK/DIR/nhs/TMA 10 Level 1_Core[1,9,12]_[10094,40785]",0.4
"/data_g1/AI_projects/raw_data/PCITB_CRC/HE_raw_images/Tumor/TMA10/TMA 10 Level 1_Core[1,9,13]_[9105,40860].tif",FALSE,"/data_g1/AI_projects/projects/Immune_Cell_Prediction_WK/DIR/nhs/TMA 10 Level 1_Core[1,9,13]_[9105,40860]",0.4
"/data_g1/AI_projects/raw_data/PCITB_CRC/HE_raw_images/Tumor/TMA10/TMA 10 Level 1_Core[1,9,15]_[7374,40860].tif",FALSE,"/data_g1/AI_projects/projects/Immune_Cell_Prediction_WK/DIR/nhs/TMA 10 Level 1_Core[1,9,15]_[7374,40860]",0.4
"/data_g1/AI_projects/raw_data/PCITB_CRC/HE_raw_images/Tumor/TMA10/TMA 10 Level 1_Core[1,9,17]_[5520,40860].tif",FALSE,"/data_g1/AI_projects/projects/Immune_Cell_Prediction_WK/DIR/nhs/TMA 10 Level 1_Core[1,9,17]_[5520,40860]",0.4
"/data_g1/AI_projects/raw_data/PCITB_CRC/HE_raw_images/Tumor/TMA10/TMA 10 Level 1_Core[1,9,3]_[17933,40884].tif",FALSE,"/data_g1/AI_projects/projects/Immune_Cell_Prediction_WK/DIR/nhs/TMA 10 Level 1_Core[1,9,3]_[17933,40884]",0.4
"/data_g1/AI_projects/raw_data/PCITB_CRC/HE_raw_images/Tumor/TMA10/TMA 10 Level 1_Core[1,9,5]_[16202,40761].tif",FALSE,"/data_g1/AI_projects/projects/Immune_Cell_Prediction_WK/DIR/nhs/TMA 10 Level 1_Core[1,9,5]_[16202,40761]",0.4
"/data_g1/AI_projects/raw_data/PCITB_CRC/HE_raw_images/Tumor/TMA10/TMA 10 Level 1_Core[1,9,7]_[14422,40736].tif",FALSE,"/data_g1/AI_projects/projects/Immune_Cell_Prediction_WK/DIR/nhs/TMA 10 Level 1_Core[1,9,7]_[14422,40736]",0.4
"/data_g1/AI_projects/raw_data/PCITB_CRC/HE_raw_images/Tumor/TMA10/TMA 10 Level 1_Core[1,9,9]_[12740,40686].tif",FALSE,"/data_g1/AI_projects/projects/Immune_Cell_Prediction_WK/DIR/nhs/TMA 10 Level 1_Core[1,9,9]_[12740,40686]",0.4
"/data_g1/AI_projects/raw_data/PCITB_CRC/HE_raw_images/Tumor/TMA11/TMA 11 Level 1_Core[1,1,1]_[21332,37595].tif",FALSE,"/data_g1/AI_projects/projects/Immune_Cell_Prediction_WK/DIR/nhs/TMA 11 Level 1_Core[1,1,1]_[21332,37595]",0.4
"/data_g1/AI_projects/raw_data/PCITB_CRC/HE_raw_images/Tumor/TMA11/TMA 11 Level 1_Core[1,1,10]_[13197,37323].tif",FALSE,"/data_g1/AI_projects/projects/Immune_Cell_Prediction_WK/DIR/nhs/TMA 11 Level 1_Core[1,1,10]_[13197,37323]",0.4
"/data_g1/AI_projects/raw_data/PCITB_CRC/HE_raw_images/Tumor/TMA11/TMA 11 Level 16_Core[1,1,10]_[11341,40017].tif",FALSE,"/data_g1/AI_projects/projects/Immune_Cell_Prediction_WK/DIR/nhs/TMA 11 Level 16_Core[1,1,10]_[11341,40017]",0.4
"/data_g1/AI_projects/raw_data/PCITB_CRC/HE_raw_images/Tumor/TMA11/TMA 11 Level 1_Core[1,1,13]_[10675,37471].tif",FALSE,"/data_g1/AI_projects/projects/Immune_Cell_Prediction_WK/DIR/nhs/TMA 11 Level 1_Core[1,1,13]_[10675,37471]",0.4
"/data_g1/AI_projects/raw_data/PCITB_CRC/HE_raw_images/Tumor/TMA11/TMA 11 Level 16_Core[1,1,13]_[8893,39968].tif",FALSE,"/data_g1/AI_projects/projects/Immune_Cell_Prediction_WK/DIR/nhs/TMA 11 Level 16_Core[1,1,13]_[8893,39968]",0.4
"/data_g1/AI_projects/raw_data/PCITB_CRC/HE_raw_images/Tumor/TMA11/TMA 11 Level 16_Core[1,1,14]_[8053,39992].tif",FALSE,"/data_g1/AI_projects/projects/Immune_Cell_Prediction_WK/DIR/nhs/TMA 11 Level 16_Core[1,1,14]_[8053,39992]",0.4
"/data_g1/AI_projects/raw_data/PCITB_CRC/HE_raw_images/Tumor/TMA11/TMA 11 Level 1_Core[1,1,14]_[9859,37496].tif",FALSE,"/data_g1/AI_projects/projects/Immune_Cell_Prediction_WK/DIR/nhs/TMA 11 Level 1_Core[1,1,14]_[9859,37496]",0.4
"/data_g1/AI_projects/raw_data/PCITB_CRC/HE_raw_images/Tumor/TMA11/TMA 11 Level 16_Core[1,1,3]_[17326,40462].tif",FALSE,"/data_g1/AI_projects/projects/Immune_Cell_Prediction_WK/DIR/nhs/TMA 11 Level 16_Core[1,1,3]_[17326,40462]",0.4
"/data_g1/AI_projects/raw_data/PCITB_CRC/HE_raw_images/Tumor/TMA11/TMA 11 Level 1_Core[1,1,3]_[19379,37520].tif",FALSE,"/data_g1/AI_projects/projects/Immune_Cell_Prediction_WK/DIR/nhs/TMA 11 Level 1_Core[1,1,3]_[19379,37520]",0.4
"/data_g1/AI_projects/raw_data/PCITB_CRC/HE_raw_images/Tumor/TMA11/TMA 11 Level 1_Core[1,1,5]_[17574,37446].tif",FALSE,"/data_g1/AI_projects/projects/Immune_Cell_Prediction_WK/DIR/nhs/TMA 11 Level 1_Core[1,1,5]_[17574,37446]",0.4
"/data_g1/AI_projects/raw_data/PCITB_CRC/HE_raw_images/Tumor/TMA11/TMA 11 Level 16_Core[1,1,5]_[15644,40264].tif",FALSE,"/data_g1/AI_projects/projects/Immune_Cell_Prediction_WK/DIR/nhs/TMA 11 Level 16_Core[1,1,5]_[15644,40264]",0.4
"/data_g1/AI_projects/raw_data/PCITB_CRC/HE_raw_images/Tumor/TMA11/TMA 11 Level 1_Core[1,1,9]_[14062,37372].tif",FALSE,"/data_g1/AI_projects/projects/Immune_Cell_Prediction_WK/DIR/nhs/TMA 11 Level 1_Core[1,1,9]_[14062,37372]",0.4
"/data_g1/AI_projects/raw_data/PCITB_CRC/HE_raw_images/Tumor/TMA11/TMA 11 Level 16_Core[1,1,9]_[12207,40091].tif",FALSE,"/data_g1/AI_projects/projects/Immune_Cell_Prediction_WK/DIR/nhs/TMA 11 Level 16_Core[1,1,9]_[12207,40091]",0.4
"/data_g1/AI_projects/raw_data/PCITB_CRC/HE_raw_images/Tumor/TMA11/TMA 11 Level 16_Core[1,10,12]_[9235,46553].tif",FALSE,"/data_g1/AI_projects/projects/Immune_Cell_Prediction_WK/DIR/nhs/TMA 11 Level 16_Core[1,10,12]_[9235,46553]",0.4
"/data_g1/AI_projects/raw_data/PCITB_CRC/HE_raw_images/Tumor/TMA11/TMA 11 Level 1_Core[1,10,12]_[11541,43604].tif",FALSE,"/data_g1/AI_projects/projects/Immune_Cell_Prediction_WK/DIR/nhs/TMA 11 Level 1_Core[1,10,12]_[11541,43604]",0.4
"/data_g1/AI_projects/raw_data/PCITB_CRC/HE_raw_images/Tumor/TMA11/TMA 11 Level 16_Core[1,10,16]_[5575,46355].tif",FALSE,"/data_g1/AI_projects/projects/Immune_Cell_Prediction_WK/DIR/nhs/TMA 11 Level 16_Core[1,10,16]_[5575,46355]",0.4
"/data_g1/AI_projects/raw_data/PCITB_CRC/HE_raw_images/Tumor/TMA11/TMA 11 Level 1_Core[1,10,16]_[7955,43802].tif",FALSE,"/data_g1/AI_projects/projects/Immune_Cell_Prediction_WK/DIR/nhs/TMA 11 Level 1_Core[1,10,16]_[7955,43802]",0.4
"/data_g1/AI_projects/raw_data/PCITB_CRC/HE_raw_images/Tumor/TMA11/TMA 11 Level 1_Core[1,10,2]_[20591,43950].tif",FALSE,"/data_g1/AI_projects/projects/Immune_Cell_Prediction_WK/DIR/nhs/TMA 11 Level 1_Core[1,10,2]_[20591,43950]",0.4
"/data_g1/AI_projects/raw_data/PCITB_CRC/HE_raw_images/Tumor/TMA11/TMA 11 Level 16_Core[1,10,6]_[14675,46948].tif",FALSE,"/data_g1/AI_projects/projects/Immune_Cell_Prediction_WK/DIR/nhs/TMA 11 Level 16_Core[1,10,6]_[14675,46948]",0.4
"/data_g1/AI_projects/raw_data/PCITB_CRC/HE_raw_images/Tumor/TMA11/TMA 11 Level 1_Core[1,10,6]_[17055,43827].tif",FALSE,"/data_g1/AI_projects/projects/Immune_Cell_Prediction_WK/DIR/nhs/TMA 11 Level 1_Core[1,10,6]_[17055,43827]",0.4
"/data_g1/AI_projects/raw_data/PCITB_CRC/HE_raw_images/Tumor/TMA11/TMA 11 Level 1_Core[1,10,8]_[15077,43802].tif",FALSE,"/data_g1/AI_projects/projects/Immune_Cell_Prediction_WK/DIR/nhs/TMA 11 Level 1_Core[1,10,8]_[15077,43802]",0.4
"/data_g1/AI_projects/raw_data/PCITB_CRC/HE_raw_images/Tumor/TMA11/TMA 11 Level 16_Core[1,11,13]_[8246,47122].tif",FALSE,"/data_g1/AI_projects/projects/Immune_Cell_Prediction_WK/DIR/nhs/TMA 11 Level 16_Core[1,11,13]_[8246,47122]",0.4
"/data_g1/AI_projects/raw_data/PCITB_CRC/HE_raw_images/Tumor/TMA11/TMA 11 Level 1_Core[1,11,13]_[10601,44272].tif",FALSE,"/data_g1/AI_projects/projects/Immune_Cell_Prediction_WK/DIR/nhs/TMA 11 Level 1_Core[1,11,13]_[10601,44272]",0.4
"/data_g1/AI_projects/raw_data/PCITB_CRC/HE_raw_images/Tumor/TMA11/TMA 11 Level 16_Core[1,11,16]_[5476,47072].tif",FALSE,"/data_g1/AI_projects/projects/Immune_Cell_Prediction_WK/DIR/nhs/TMA 11 Level 16_Core[1,11,16]_[5476,47072]",0.4
"/data_g1/AI_projects/raw_data/PCITB_CRC/HE_raw_images/Tumor/TMA11/TMA 11 Level 1_Core[1,11,16]_[7906,44470].tif",FALSE,"/data_g1/AI_projects/projects/Immune_Cell_Prediction_WK/DIR/nhs/TMA 11 Level 1_Core[1,11,16]_[7906,44470]",0.4
"/data_g1/AI_projects/raw_data/PCITB_CRC/HE_raw_images/Tumor/TMA11/TMA 11 Level 1_Core[1,11,2]_[20641,44568].tif",FALSE,"/data_g1/AI_projects/projects/Immune_Cell_Prediction_WK/DIR/nhs/TMA 11 Level 1_Core[1,11,2]_[20641,44568]",0.4
"/data_g1/AI_projects/raw_data/PCITB_CRC/HE_raw_images/Tumor/TMA11/TMA 11 Level 16_Core[1,11,2]_[18186,47962].tif",FALSE,"/data_g1/AI_projects/projects/Immune_Cell_Prediction_WK/DIR/nhs/TMA 11 Level 16_Core[1,11,2]_[18186,47962]",0.4
"/data_g1/AI_projects/raw_data/PCITB_CRC/HE_raw_images/Tumor/TMA11/TMA 11 Level 1_Core[1,11,4]_[18786,44593].tif",FALSE,"/data_g1/AI_projects/projects/Immune_Cell_Prediction_WK/DIR/nhs/TMA 11 Level 1_Core[1,11,4]_[18786,44593]",0.4
"/data_g1/AI_projects/raw_data/PCITB_CRC/HE_raw_images/Tumor/TMA11/TMA 11 Level 16_Core[1,11,6]_[14576,47764].tif",FALSE,"/data_g1/AI_projects/projects/Immune_Cell_Prediction_WK/DIR/nhs/TMA 11 Level 16_Core[1,11,6]_[14576,47764]",0.4
"/data_g1/AI_projects/raw_data/PCITB_CRC/HE_raw_images/Tumor/TMA11/TMA 11 Level 1_Core[1,11,6]_[16956,44593].tif",FALSE,"/data_g1/AI_projects/projects/Immune_Cell_Prediction_WK/DIR/nhs/TMA 11 Level 1_Core[1,11,6]_[16956,44593]",0.4
"/data_g1/AI_projects/raw_data/PCITB_CRC/HE_raw_images/Tumor/TMA11/TMA 11 Level 1_Core[1,11,8]_[15052,44494].tif",FALSE,"/data_g1/AI_projects/projects/Immune_Cell_Prediction_WK/DIR/nhs/TMA 11 Level 1_Core[1,11,8]_[15052,44494]",0.4
"/data_g1/AI_projects/raw_data/PCITB_CRC/HE_raw_images/Tumor/TMA11/TMA 11 Level 16_Core[1,11,8]_[12670,47580].tif",FALSE,"/data_g1/AI_projects/projects/Immune_Cell_Prediction_WK/DIR/nhs/TMA 11 Level 16_Core[1,11,8]_[12670,47580]",0.4
"/data_g1/AI_projects/raw_data/PCITB_CRC/HE_raw_images/Tumor/TMA11/TMA 11 Level 1_Core[1,12,11]_[12382,45038].tif",FALSE,"/data_g1/AI_projects/projects/Immune_Cell_Prediction_WK/DIR/nhs/TMA 11 Level 1_Core[1,12,11]_[12382,45038]",0.4
"/data_g1/AI_projects/raw_data/PCITB_CRC/HE_raw_images/Tumor/TMA11/TMA 11 Level 1_Core[1,12,13]_[10552,45014].tif",FALSE,"/data_g1/AI_projects/projects/Immune_Cell_Prediction_WK/DIR/nhs/TMA 11 Level 1_Core[1,12,13]_[10552,45014]",0.4
"/data_g1/AI_projects/raw_data/PCITB_CRC/HE_raw_images/Tumor/TMA11/TMA 11 Level 16_Core[1,12,13]_[8147,47913].tif",FALSE,"/data_g1/AI_projects/projects/Immune_Cell_Prediction_WK/DIR/nhs/TMA 11 Level 16_Core[1,12,13]_[8147,47913]",0.4
"/data_g1/AI_projects/raw_data/PCITB_CRC/HE_raw_images/Tumor/TMA11/TMA 11 Level 1_Core[1,12,16]_[7955,45162].tif",FALSE,"/data_g1/AI_projects/projects/Immune_Cell_Prediction_WK/DIR/nhs/TMA 11 Level 1_Core[1,12,16]_[7955,45162]",0.4
"/data_g1/AI_projects/raw_data/PCITB_CRC/HE_raw_images/Tumor/TMA11/TMA 11 Level 16_Core[1,12,16]_[5476,47814].tif",FALSE,"/data_g1/AI_projects/projects/Immune_Cell_Prediction_WK/DIR/nhs/TMA 11 Level 16_Core[1,12,16]_[5476,47814]",0.4
"/data_g1/AI_projects/raw_data/PCITB_CRC/HE_raw_images/Tumor/TMA11/TMA 11 Level 1_Core[1,12,3]_[19652,45261].tif",FALSE,"/data_g1/AI_projects/projects/Immune_Cell_Prediction_WK/DIR/nhs/TMA 11 Level 1_Core[1,12,3]_[19652,45261]",0.4
"/data_g1/AI_projects/raw_data/PCITB_CRC/HE_raw_images/Tumor/TMA11/TMA 11 Level 16_Core[1,12,3]_[17148,48655].tif",FALSE,"/data_g1/AI_projects/projects/Immune_Cell_Prediction_WK/DIR/nhs/TMA 11 Level 16_Core[1,12,3]_[17148,48655]",0.4
"/data_g1/AI_projects/raw_data/PCITB_CRC/HE_raw_images/Tumor/TMA11/TMA 11 Level 16_Core[1,12,5]_[15392,48556].tif",FALSE,"/data_g1/AI_projects/projects/Immune_Cell_Prediction_WK/DIR/nhs/TMA 11 Level 16_Core[1,12,5]_[15392,48556]",0.4
"/data_g1/AI_projects/raw_data/PCITB_CRC/HE_raw_images/Tumor/TMA11/TMA 11 Level 1_Core[1,12,5]_[17871,45261].tif",FALSE,"/data_g1/AI_projects/projects/Immune_Cell_Prediction_WK/DIR/nhs/TMA 11 Level 1_Core[1,12,5]_[17871,45261]",0.4
"/data_g1/AI_projects/raw_data/PCITB_CRC/HE_raw_images/Tumor/TMA11/TMA 11 Level 1_Core[1,12,7]_[16041,45236].tif",FALSE,"/data_g1/AI_projects/projects/Immune_Cell_Prediction_WK/DIR/nhs/TMA 11 Level 1_Core[1,12,7]_[16041,45236]",0.4
"/data_g1/AI_projects/raw_data/PCITB_CRC/HE_raw_images/Tumor/TMA11/TMA 11 Level 16_Core[1,12,9]_[11708,48308].tif",FALSE,"/data_g1/AI_projects/projects/Immune_Cell_Prediction_WK/DIR/nhs/TMA 11 Level 16_Core[1,12,9]_[11708,48308]",0.4
"/data_g1/AI_projects/raw_data/PCITB_CRC/HE_raw_images/Tumor/TMA11/TMA 11 Level 1_Core[1,12,9]_[14162,45261].tif",FALSE,"/data_g1/AI_projects/projects/Immune_Cell_Prediction_WK/DIR/nhs/TMA 11 Level 1_Core[1,12,9]_[14162,45261]",0.4
"/data_g1/AI_projects/raw_data/PCITB_CRC/HE_raw_images/Tumor/TMA11/TMA 11 Level 1_Core[1,13,10]_[13198,45904].tif",FALSE,"/data_g1/AI_projects/projects/Immune_Cell_Prediction_WK/DIR/nhs/TMA 11 Level 1_Core[1,13,10]_[13198,45904]",0.4
"/data_g1/AI_projects/raw_data/PCITB_CRC/HE_raw_images/Tumor/TMA11/TMA 11 Level 16_Core[1,13,10]_[10768,48951].tif",FALSE,"/data_g1/AI_projects/projects/Immune_Cell_Prediction_WK/DIR/nhs/TMA 11 Level 16_Core[1,13,10]_[10768,48951]",0.4
"/data_g1/AI_projects/raw_data/PCITB_CRC/HE_raw_images/Tumor/TMA11/TMA 11 Level 1_Core[1,13,11]_[12307,45830].tif",FALSE,"/data_g1/AI_projects/projects/Immune_Cell_Prediction_WK/DIR/nhs/TMA 11 Level 1_Core[1,13,11]_[12307,45830]",0.4
"/data_g1/AI_projects/raw_data/PCITB_CRC/HE_raw_images/Tumor/TMA11/TMA 11 Level 16_Core[1,13,13]_[8097,48704].tif",FALSE,"/data_g1/AI_projects/projects/Immune_Cell_Prediction_WK/DIR/nhs/TMA 11 Level 16_Core[1,13,13]_[8097,48704]",0.4
"/data_g1/AI_projects/raw_data/PCITB_CRC/HE_raw_images/Tumor/TMA11/TMA 11 Level 1_Core[1,13,13]_[10552,45755].tif",FALSE,"/data_g1/AI_projects/projects/Immune_Cell_Prediction_WK/DIR/nhs/TMA 11 Level 1_Core[1,13,13]_[10552,45755]",0.4
"/data_g1/AI_projects/raw_data/PCITB_CRC/HE_raw_images/Tumor/TMA11/TMA 11 Level 16_Core[1,13,16]_[5427,48605].tif",FALSE,"/data_g1/AI_projects/projects/Immune_Cell_Prediction_WK/DIR/nhs/TMA 11 Level 16_Core[1,13,16]_[5427,48605]",0.4
"/data_g1/AI_projects/raw_data/PCITB_CRC/HE_raw_images/Tumor/TMA11/TMA 11 Level 1_Core[1,13,16]_[7980,45879].tif",FALSE,"/data_g1/AI_projects/projects/Immune_Cell_Prediction_WK/DIR/nhs/TMA 11 Level 1_Core[1,13,16]_[7980,45879]",0.4
"/data_g1/AI_projects/raw_data/PCITB_CRC/HE_raw_images/Tumor/TMA11/TMA 11 Level 16_Core[1,13,3]_[17049,49446].tif",FALSE,"/data_g1/AI_projects/projects/Immune_Cell_Prediction_WK/DIR/nhs/TMA 11 Level 16_Core[1,13,3]_[17049,49446]",0.4
"/data_g1/AI_projects/raw_data/PCITB_CRC/HE_raw_images/Tumor/TMA11/TMA 11 Level 1_Core[1,13,3]_[19602,46003].tif",FALSE,"/data_g1/AI_projects/projects/Immune_Cell_Prediction_WK/DIR/nhs/TMA 11 Level 1_Core[1,13,3]_[19602,46003]",0.4
"/data_g1/AI_projects/raw_data/PCITB_CRC/HE_raw_images/Tumor/TMA11/TMA 11 Level 1_Core[1,13,4]_[18687,46250].tif",FALSE,"/data_g1/AI_projects/projects/Immune_Cell_Prediction_WK/DIR/nhs/TMA 11 Level 1_Core[1,13,4]_[18687,46250]",0.4
"/data_g1/AI_projects/raw_data/PCITB_CRC/HE_raw_images/Tumor/TMA11/TMA 11 Level 16_Core[1,13,5]_[15244,49347].tif",FALSE,"/data_g1/AI_projects/projects/Immune_Cell_Prediction_WK/DIR/nhs/TMA 11 Level 16_Core[1,13,5]_[15244,49347]",0.4
"/data_g1/AI_projects/raw_data/PCITB_CRC/HE_raw_images/Tumor/TMA11/TMA 11 Level 1_Core[1,13,5]_[17822,46003].tif",FALSE,"/data_g1/AI_projects/projects/Immune_Cell_Prediction_WK/DIR/nhs/TMA 11 Level 1_Core[1,13,5]_[17822,46003]",0.4
"/data_g1/AI_projects/raw_data/PCITB_CRC/HE_raw_images/Tumor/TMA11/TMA 11 Level 1_Core[1,13,7]_[15967,46052].tif",FALSE,"/data_g1/AI_projects/projects/Immune_Cell_Prediction_WK/DIR/nhs/TMA 11 Level 1_Core[1,13,7]_[15967,46052]",0.4
"/data_g1/AI_projects/raw_data/PCITB_CRC/HE_raw_images/Tumor/TMA11/TMA 11 Level 1_Core[1,15,1]_[21419,47177].tif",FALSE,"/data_g1/AI_projects/projects/Immune_Cell_Prediction_WK/DIR/nhs/TMA 11 Level 1_Core[1,15,1]_[21419,47177]",0.4
"/data_g1/AI_projects/raw_data/PCITB_CRC/HE_raw_images/Tumor/TMA11/TMA 11 Level 16_Core[2,15,1]_[18767,50905].tif",FALSE,"/data_g1/AI_projects/projects/Immune_Cell_Prediction_WK/DIR/nhs/TMA 11 Level 16_Core[2,15,1]_[18767,50905]",0.4
"/data_g1/AI_projects/raw_data/PCITB_CRC/HE_raw_images/Tumor/TMA11/TMA 11 Level 16_Core[2,15,11]_[9840,50188].tif",FALSE,"/data_g1/AI_projects/projects/Immune_Cell_Prediction_WK/DIR/nhs/TMA 11 Level 16_Core[2,15,11]_[9840,50188]",0.4
"/data_g1/AI_projects/raw_data/PCITB_CRC/HE_raw_images/Tumor/TMA11/TMA 11 Level 1_Core[1,15,11]_[12443,47128].tif",FALSE,"/data_g1/AI_projects/projects/Immune_Cell_Prediction_WK/DIR/nhs/TMA 11 Level 1_Core[1,15,11]_[12443,47128]",0.4
"/data_g1/AI_projects/raw_data/PCITB_CRC/HE_raw_images/Tumor/TMA11/TMA 11 Level 1_Core[1,15,13]_[10539,46955].tif",FALSE,"/data_g1/AI_projects/projects/Immune_Cell_Prediction_WK/DIR/nhs/TMA 11 Level 1_Core[1,15,13]_[10539,46955]",0.4
"/data_g1/AI_projects/raw_data/PCITB_CRC/HE_raw_images/Tumor/TMA11/TMA 11 Level 16_Core[2,15,13]_[7936,49965].tif",FALSE,"/data_g1/AI_projects/projects/Immune_Cell_Prediction_WK/DIR/nhs/TMA 11 Level 16_Core[2,15,13]_[7936,49965]",0.4
"/data_g1/AI_projects/raw_data/PCITB_CRC/HE_raw_images/Tumor/TMA11/TMA 11 Level 16_Core[2,15,15]_[6205,49916].tif",FALSE,"/data_g1/AI_projects/projects/Immune_Cell_Prediction_WK/DIR/nhs/TMA 11 Level 16_Core[2,15,15]_[6205,49916]",0.4
"/data_g1/AI_projects/raw_data/PCITB_CRC/HE_raw_images/Tumor/TMA11/TMA 11 Level 1_Core[1,15,15]_[8858,47029].tif",FALSE,"/data_g1/AI_projects/projects/Immune_Cell_Prediction_WK/DIR/nhs/TMA 11 Level 1_Core[1,15,15]_[8858,47029]",0.4
"/data_g1/AI_projects/raw_data/PCITB_CRC/HE_raw_images/Tumor/TMA11/TMA 11 Level 1_Core[1,15,17]_[7028,47202].tif",FALSE,"/data_g1/AI_projects/projects/Immune_Cell_Prediction_WK/DIR/nhs/TMA 11 Level 1_Core[1,15,17]_[7028,47202]",0.4
"/data_g1/AI_projects/raw_data/PCITB_CRC/HE_raw_images/Tumor/TMA11/TMA 11 Level 16_Core[2,15,2]_[17729,50756].tif",FALSE,"/data_g1/AI_projects/projects/Immune_Cell_Prediction_WK/DIR/nhs/TMA 11 Level 16_Core[2,15,2]_[17729,50756]",0.4
"/data_g1/AI_projects/raw_data/PCITB_CRC/HE_raw_images/Tumor/TMA11/TMA 11 Level 1_Core[1,15,2]_[20480,47152].tif",FALSE,"/data_g1/AI_projects/projects/Immune_Cell_Prediction_WK/DIR/nhs/TMA 11 Level 1_Core[1,15,2]_[20480,47152]",0.4
"/data_g1/AI_projects/raw_data/PCITB_CRC/HE_raw_images/Tumor/TMA11/TMA 11 Level 1_Core[1,15,3]_[19466,47227].tif",FALSE,"/data_g1/AI_projects/projects/Immune_Cell_Prediction_WK/DIR/nhs/TMA 11 Level 1_Core[1,15,3]_[19466,47227]",0.4
"/data_g1/AI_projects/raw_data/PCITB_CRC/HE_raw_images/Tumor/TMA11/TMA 11 Level 16_Core[2,15,3]_[16789,50707].tif",FALSE,"/data_g1/AI_projects/projects/Immune_Cell_Prediction_WK/DIR/nhs/TMA 11 Level 16_Core[2,15,3]_[16789,50707]",0.4
"/data_g1/AI_projects/raw_data/PCITB_CRC/HE_raw_images/Tumor/TMA11/TMA 11 Level 1_Core[1,15,4]_[18600,47128].tif",FALSE,"/data_g1/AI_projects/projects/Immune_Cell_Prediction_WK/DIR/nhs/TMA 11 Level 1_Core[1,15,4]_[18600,47128]",0.4
"/data_g1/AI_projects/raw_data/PCITB_CRC/HE_raw_images/Tumor/TMA11/TMA 11 Level 16_Core[2,15,4]_[15924,50608].tif",FALSE,"/data_g1/AI_projects/projects/Immune_Cell_Prediction_WK/DIR/nhs/TMA 11 Level 16_Core[2,15,4]_[15924,50608]",0.4
"/data_g1/AI_projects/raw_data/PCITB_CRC/HE_raw_images/Tumor/TMA11/TMA 11 Level 1_Core[1,15,5]_[17710,47152].tif",FALSE,"/data_g1/AI_projects/projects/Immune_Cell_Prediction_WK/DIR/nhs/TMA 11 Level 1_Core[1,15,5]_[17710,47152]",0.4
"/data_g1/AI_projects/raw_data/PCITB_CRC/HE_raw_images/Tumor/TMA11/TMA 11 Level 16_Core[2,15,5]_[15033,50558].tif",FALSE,"/data_g1/AI_projects/projects/Immune_Cell_Prediction_WK/DIR/nhs/TMA 11 Level 16_Core[2,15,5]_[15033,50558]",0.4
"/data_g1/AI_projects/raw_data/PCITB_CRC/HE_raw_images/Tumor/TMA11/TMA 11 Level 16_Core[2,15,6]_[14143,50558].tif",FALSE,"/data_g1/AI_projects/projects/Immune_Cell_Prediction_WK/DIR/nhs/TMA 11 Level 16_Core[2,15,6]_[14143,50558]",0.4
"/data_g1/AI_projects/raw_data/PCITB_CRC/HE_raw_images/Tumor/TMA11/TMA 11 Level 1_Core[1,15,6]_[16845,47177].tif",FALSE,"/data_g1/AI_projects/projects/Immune_Cell_Prediction_WK/DIR/nhs/TMA 11 Level 1_Core[1,15,6]_[16845,47177]",0.4
"/data_g1/AI_projects/raw_data/PCITB_CRC/HE_raw_images/Tumor/TMA11/TMA 11 Level 16_Core[2,15,7]_[13253,50534].tif",FALSE,"/data_g1/AI_projects/projects/Immune_Cell_Prediction_WK/DIR/nhs/TMA 11 Level 16_Core[2,15,7]_[13253,50534]",0.4
"/data_g1/AI_projects/raw_data/PCITB_CRC/HE_raw_images/Tumor/TMA11/TMA 11 Level 1_Core[1,15,7]_[15955,47276].tif",FALSE,"/data_g1/AI_projects/projects/Immune_Cell_Prediction_WK/DIR/nhs/TMA 11 Level 1_Core[1,15,7]_[15955,47276]",0.4
"/data_g1/AI_projects/raw_data/PCITB_CRC/HE_raw_images/Tumor/TMA11/TMA 11 Level 16_Core[2,15,9]_[11448,50385].tif",FALSE,"/data_g1/AI_projects/projects/Immune_Cell_Prediction_WK/DIR/nhs/TMA 11 Level 16_Core[2,15,9]_[11448,50385]",0.4
"/data_g1/AI_projects/raw_data/PCITB_CRC/HE_raw_images/Tumor/TMA11/TMA 11 Level 1_Core[1,15,9]_[14174,47276].tif",FALSE,"/data_g1/AI_projects/projects/Immune_Cell_Prediction_WK/DIR/nhs/TMA 11 Level 1_Core[1,15,9]_[14174,47276]",0.4
"/data_g1/AI_projects/raw_data/PCITB_CRC/HE_raw_images/Tumor/TMA11/TMA 11 Level 16_Core[2,16,1]_[18718,51721].tif",FALSE,"/data_g1/AI_projects/projects/Immune_Cell_Prediction_WK/DIR/nhs/TMA 11 Level 16_Core[2,16,1]_[18718,51721]",0.4
"/data_g1/AI_projects/raw_data/PCITB_CRC/HE_raw_images/Tumor/TMA11/TMA 11 Level 1_Core[1,16,1]_[21494,48067].tif",FALSE,"/data_g1/AI_projects/projects/Immune_Cell_Prediction_WK/DIR/nhs/TMA 11 Level 1_Core[1,16,1]_[21494,48067]",0.4
"/data_g1/AI_projects/raw_data/PCITB_CRC/HE_raw_images/Tumor/TMA11/TMA 11 Level 16_Core[2,16,11]_[9816,50954].tif",FALSE,"/data_g1/AI_projects/projects/Immune_Cell_Prediction_WK/DIR/nhs/TMA 11 Level 16_Core[2,16,11]_[9816,50954]",0.4
"/data_g1/AI_projects/raw_data/PCITB_CRC/HE_raw_images/Tumor/TMA11/TMA 11 Level 1_Core[1,16,11]_[12517,47870].tif",FALSE,"/data_g1/AI_projects/projects/Immune_Cell_Prediction_WK/DIR/nhs/TMA 11 Level 1_Core[1,16,11]_[12517,47870]",0.4
"/data_g1/AI_projects/raw_data/PCITB_CRC/HE_raw_images/Tumor/TMA11/TMA 11 Level 16_Core[2,16,13]_[7887,50806].tif",FALSE,"/data_g1/AI_projects/projects/Immune_Cell_Prediction_WK/DIR/nhs/TMA 11 Level 16_Core[2,16,13]_[7887,50806]",0.4
"/data_g1/AI_projects/raw_data/PCITB_CRC/HE_raw_images/Tumor/TMA11/TMA 11 Level 1_Core[1,16,13]_[10613,47894].tif",FALSE,"/data_g1/AI_projects/projects/Immune_Cell_Prediction_WK/DIR/nhs/TMA 11 Level 1_Core[1,16,13]_[10613,47894]",0.4
"/data_g1/AI_projects/raw_data/PCITB_CRC/HE_raw_images/Tumor/TMA11/TMA 11 Level 1_Core[1,16,15]_[8882,47820].tif",FALSE,"/data_g1/AI_projects/projects/Immune_Cell_Prediction_WK/DIR/nhs/TMA 11 Level 1_Core[1,16,15]_[8882,47820]",0.4
"/data_g1/AI_projects/raw_data/PCITB_CRC/HE_raw_images/Tumor/TMA11/TMA 11 Level 16_Core[2,16,15]_[6156,50781].tif",FALSE,"/data_g1/AI_projects/projects/Immune_Cell_Prediction_WK/DIR/nhs/TMA 11 Level 16_Core[2,16,15]_[6156,50781]",0.4
"/data_g1/AI_projects/raw_data/PCITB_CRC/HE_raw_images/Tumor/TMA11/TMA 11 Level 16_Core[2,16,2]_[17605,51721].tif",FALSE,"/data_g1/AI_projects/projects/Immune_Cell_Prediction_WK/DIR/nhs/TMA 11 Level 16_Core[2,16,2]_[17605,51721]",0.4
"/data_g1/AI_projects/raw_data/PCITB_CRC/HE_raw_images/Tumor/TMA11/TMA 11 Level 1_Core[1,16,2]_[20381,48191].tif",FALSE,"/data_g1/AI_projects/projects/Immune_Cell_Prediction_WK/DIR/nhs/TMA 11 Level 1_Core[1,16,2]_[20381,48191]",0.4
"/data_g1/AI_projects/raw_data/PCITB_CRC/HE_raw_images/Tumor/TMA11/TMA 11 Level 16_Core[2,16,3]_[16690,51498].tif",FALSE,"/data_g1/AI_projects/projects/Immune_Cell_Prediction_WK/DIR/nhs/TMA 11 Level 16_Core[2,16,3]_[16690,51498]",0.4
"/data_g1/AI_projects/raw_data/PCITB_CRC/HE_raw_images/Tumor/TMA11/TMA 11 Level 1_Core[1,16,3]_[19441,47993].tif",FALSE,"/data_g1/AI_projects/projects/Immune_Cell_Prediction_WK/DIR/nhs/TMA 11 Level 1_Core[1,16,3]_[19441,47993]",0.4
"/data_g1/AI_projects/raw_data/PCITB_CRC/HE_raw_images/Tumor/TMA11/TMA 11 Level 16_Core[2,16,4]_[15849,51399].tif",FALSE,"/data_g1/AI_projects/projects/Immune_Cell_Prediction_WK/DIR/nhs/TMA 11 Level 16_Core[2,16,4]_[15849,51399]",0.4
"/data_g1/AI_projects/raw_data/PCITB_CRC/HE_raw_images/Tumor/TMA11/TMA 11 Level 1_Core[1,16,4]_[18600,47894].tif",FALSE,"/data_g1/AI_projects/projects/Immune_Cell_Prediction_WK/DIR/nhs/TMA 11 Level 1_Core[1,16,4]_[18600,47894]",0.4
"/data_g1/AI_projects/raw_data/PCITB_CRC/HE_raw_images/Tumor/TMA11/TMA 11 Level 1_Core[1,16,5]_[17686,47894].tif",FALSE,"/data_g1/AI_projects/projects/Immune_Cell_Prediction_WK/DIR/nhs/TMA 11 Level 1_Core[1,16,5]_[17686,47894]",0.4
"/data_g1/AI_projects/raw_data/PCITB_CRC/HE_raw_images/Tumor/TMA11/TMA 11 Level 16_Core[2,16,5]_[14959,51374].tif",FALSE,"/data_g1/AI_projects/projects/Immune_Cell_Prediction_WK/DIR/nhs/TMA 11 Level 16_Core[2,16,5]_[14959,51374]",0.4
"/data_g1/AI_projects/raw_data/PCITB_CRC/HE_raw_images/Tumor/TMA11/TMA 11 Level 1_Core[1,16,6]_[16795,47894].tif",FALSE,"/data_g1/AI_projects/projects/Immune_Cell_Prediction_WK/DIR/nhs/TMA 11 Level 1_Core[1,16,6]_[16795,47894]",0.4
"/data_g1/AI_projects/raw_data/PCITB_CRC/HE_raw_images/Tumor/TMA11/TMA 11 Level 16_Core[2,16,6]_[14069,51251].tif",FALSE,"/data_g1/AI_projects/projects/Immune_Cell_Prediction_WK/DIR/nhs/TMA 11 Level 16_Core[2,16,6]_[14069,51251]",0.4
"/data_g1/AI_projects/raw_data/PCITB_CRC/HE_raw_images/Tumor/TMA11/TMA 11 Level 16_Core[2,16,7]_[13179,51226].tif",FALSE,"/data_g1/AI_projects/projects/Immune_Cell_Prediction_WK/DIR/nhs/TMA 11 Level 16_Core[2,16,7]_[13179,51226]",0.4
"/data_g1/AI_projects/raw_data/PCITB_CRC/HE_raw_images/Tumor/TMA11/TMA 11 Level 1_Core[1,16,7]_[15930,47919].tif",FALSE,"/data_g1/AI_projects/projects/Immune_Cell_Prediction_WK/DIR/nhs/TMA 11 Level 1_Core[1,16,7]_[15930,47919]",0.4
"/data_g1/AI_projects/raw_data/PCITB_CRC/HE_raw_images/Tumor/TMA11/TMA 11 Level 16_Core[2,16,9]_[11448,51127].tif",FALSE,"/data_g1/AI_projects/projects/Immune_Cell_Prediction_WK/DIR/nhs/TMA 11 Level 16_Core[2,16,9]_[11448,51127]",0.4
"/data_g1/AI_projects/raw_data/PCITB_CRC/HE_raw_images/Tumor/TMA11/TMA 11 Level 16_Core[2,17,1]_[18545,52561].tif",FALSE,"/data_g1/AI_projects/projects/Immune_Cell_Prediction_WK/DIR/nhs/TMA 11 Level 16_Core[2,17,1]_[18545,52561]",0.4
"/data_g1/AI_projects/raw_data/PCITB_CRC/HE_raw_images/Tumor/TMA11/TMA 11 Level 1_Core[1,17,1]_[21296,48883].tif",FALSE,"/data_g1/AI_projects/projects/Immune_Cell_Prediction_WK/DIR/nhs/TMA 11 Level 1_Core[1,17,1]_[21296,48883]",0.4
"/data_g1/AI_projects/raw_data/PCITB_CRC/HE_raw_images/Tumor/TMA11/TMA 11 Level 1_Core[1,17,12]_[11578,48636].tif",FALSE,"/data_g1/AI_projects/projects/Immune_Cell_Prediction_WK/DIR/nhs/TMA 11 Level 1_Core[1,17,12]_[11578,48636]",0.4
"/data_g1/AI_projects/raw_data/PCITB_CRC/HE_raw_images/Tumor/TMA11/TMA 11 Level 1_Core[1,17,15]_[8882,48463].tif",FALSE,"/data_g1/AI_projects/projects/Immune_Cell_Prediction_WK/DIR/nhs/TMA 11 Level 1_Core[1,17,15]_[8882,48463]",0.4
"/data_g1/AI_projects/raw_data/PCITB_CRC/HE_raw_images/Tumor/TMA11/TMA 11 Level 16_Core[2,17,15]_[6131,51399].tif",FALSE,"/data_g1/AI_projects/projects/Immune_Cell_Prediction_WK/DIR/nhs/TMA 11 Level 16_Core[2,17,15]_[6131,51399]",0.4
"/data_g1/AI_projects/raw_data/PCITB_CRC/HE_raw_images/Tumor/TMA11/TMA 11 Level 1_Core[1,17,17]_[6879,48364].tif",FALSE,"/data_g1/AI_projects/projects/Immune_Cell_Prediction_WK/DIR/nhs/TMA 11 Level 1_Core[1,17,17]_[6879,48364]",0.4
"/data_g1/AI_projects/raw_data/PCITB_CRC/HE_raw_images/Tumor/TMA11/TMA 11 Level 16_Core[2,17,5]_[14885,52166].tif",FALSE,"/data_g1/AI_projects/projects/Immune_Cell_Prediction_WK/DIR/nhs/TMA 11 Level 16_Core[2,17,5]_[14885,52166]",0.4
"/data_g1/AI_projects/raw_data/PCITB_CRC/HE_raw_images/Tumor/TMA11/TMA 11 Level 1_Core[1,17,5]_[17686,48686].tif",FALSE,"/data_g1/AI_projects/projects/Immune_Cell_Prediction_WK/DIR/nhs/TMA 11 Level 1_Core[1,17,5]_[17686,48686]",0.4
"/data_g1/AI_projects/raw_data/PCITB_CRC/HE_raw_images/Tumor/TMA11/TMA 11 Level 16_Core[2,17,6]_[14020,52092].tif",FALSE,"/data_g1/AI_projects/projects/Immune_Cell_Prediction_WK/DIR/nhs/TMA 11 Level 16_Core[2,17,6]_[14020,52092]",0.4
"/data_g1/AI_projects/raw_data/PCITB_CRC/HE_raw_images/Tumor/TMA11/TMA 11 Level 1_Core[1,17,6]_[16795,48686].tif",FALSE,"/data_g1/AI_projects/projects/Immune_Cell_Prediction_WK/DIR/nhs/TMA 11 Level 1_Core[1,17,6]_[16795,48686]",0.4
"/data_g1/AI_projects/raw_data/PCITB_CRC/HE_raw_images/Tumor/TMA11/TMA 11 Level 16_Core[2,17,7]_[13104,52042].tif",FALSE,"/data_g1/AI_projects/projects/Immune_Cell_Prediction_WK/DIR/nhs/TMA 11 Level 16_Core[2,17,7]_[13104,52042]",0.4
"/data_g1/AI_projects/raw_data/PCITB_CRC/HE_raw_images/Tumor/TMA11/TMA 11 Level 1_Core[1,17,7]_[15930,48686].tif",FALSE,"/data_g1/AI_projects/projects/Immune_Cell_Prediction_WK/DIR/nhs/TMA 11 Level 1_Core[1,17,7]_[15930,48686]",0.4
"/data_g1/AI_projects/raw_data/PCITB_CRC/HE_raw_images/Tumor/TMA11/TMA 11 Level 16_Core[2,17,9]_[11374,51869].tif",FALSE,"/data_g1/AI_projects/projects/Immune_Cell_Prediction_WK/DIR/nhs/TMA 11 Level 16_Core[2,17,9]_[11374,51869]",0.4
"/data_g1/AI_projects/raw_data/PCITB_CRC/HE_raw_images/Tumor/TMA11/TMA 11 Level 1_Core[1,18,1]_[20950,49774].tif",FALSE,"/data_g1/AI_projects/projects/Immune_Cell_Prediction_WK/DIR/nhs/TMA 11 Level 1_Core[1,18,1]_[20950,49774]",0.4
"/data_g1/AI_projects/raw_data/PCITB_CRC/HE_raw_images/Tumor/TMA11/TMA 11 Level 16_Core[2,18,15]_[6057,52190].tif",FALSE,"/data_g1/AI_projects/projects/Immune_Cell_Prediction_WK/DIR/nhs/TMA 11 Level 16_Core[2,18,15]_[6057,52190]",0.4
"/data_g1/AI_projects/raw_data/PCITB_CRC/HE_raw_images/Tumor/TMA11/TMA 11 Level 1_Core[1,18,15]_[8907,49205].tif",FALSE,"/data_g1/AI_projects/projects/Immune_Cell_Prediction_WK/DIR/nhs/TMA 11 Level 1_Core[1,18,15]_[8907,49205]",0.4
"/data_g1/AI_projects/raw_data/PCITB_CRC/HE_raw_images/Tumor/TMA11/TMA 11 Level 16_Core[2,18,17]_[4052,51874].tif",FALSE,"/data_g1/AI_projects/projects/Immune_Cell_Prediction_WK/DIR/nhs/TMA 11 Level 16_Core[2,18,17]_[4052,51874]",0.4
"/data_g1/AI_projects/raw_data/PCITB_CRC/HE_raw_images/Tumor/TMA11/TMA 11 Level 1_Core[1,18,17]_[6978,49155].tif",FALSE,"/data_g1/AI_projects/projects/Immune_Cell_Prediction_WK/DIR/nhs/TMA 11 Level 1_Core[1,18,17]_[6978,49155]",0.4
"/data_g1/AI_projects/raw_data/PCITB_CRC/HE_raw_images/Tumor/TMA11/TMA 11 Level 1_Core[1,18,5]_[17686,49427].tif",FALSE,"/data_g1/AI_projects/projects/Immune_Cell_Prediction_WK/DIR/nhs/TMA 11 Level 1_Core[1,18,5]_[17686,49427]",0.4
"/data_g1/AI_projects/raw_data/PCITB_CRC/HE_raw_images/Tumor/TMA11/TMA 11 Level 16_Core[2,18,5]_[14786,52982].tif",FALSE,"/data_g1/AI_projects/projects/Immune_Cell_Prediction_WK/DIR/nhs/TMA 11 Level 16_Core[2,18,5]_[14786,52982]",0.4
"/data_g1/AI_projects/raw_data/PCITB_CRC/HE_raw_images/Tumor/TMA11/TMA 11 Level 1_Core[1,18,6]_[16771,49403].tif",FALSE,"/data_g1/AI_projects/projects/Immune_Cell_Prediction_WK/DIR/nhs/TMA 11 Level 1_Core[1,18,6]_[16771,49403]",0.4
"/data_g1/AI_projects/raw_data/PCITB_CRC/HE_raw_images/Tumor/TMA11/TMA 11 Level 16_Core[2,18,6]_[13896,52833].tif",FALSE,"/data_g1/AI_projects/projects/Immune_Cell_Prediction_WK/DIR/nhs/TMA 11 Level 16_Core[2,18,6]_[13896,52833]",0.4
"/data_g1/AI_projects/raw_data/PCITB_CRC/HE_raw_images/Tumor/TMA11/TMA 11 Level 16_Core[2,18,7]_[12931,52784].tif",FALSE,"/data_g1/AI_projects/projects/Immune_Cell_Prediction_WK/DIR/nhs/TMA 11 Level 16_Core[2,18,7]_[12931,52784]",0.4
"/data_g1/AI_projects/raw_data/PCITB_CRC/HE_raw_images/Tumor/TMA11/TMA 11 Level 1_Core[1,18,7]_[15806,49427].tif",FALSE,"/data_g1/AI_projects/projects/Immune_Cell_Prediction_WK/DIR/nhs/TMA 11 Level 1_Core[1,18,7]_[15806,49427]",0.4
"/data_g1/AI_projects/raw_data/PCITB_CRC/HE_raw_images/Tumor/TMA11/TMA 11 Level 1_Core[1,18,9]_[14174,49403].tif",FALSE,"/data_g1/AI_projects/projects/Immune_Cell_Prediction_WK/DIR/nhs/TMA 11 Level 1_Core[1,18,9]_[14174,49403]",0.4
"/data_g1/AI_projects/raw_data/PCITB_CRC/HE_raw_images/Tumor/TMA11/TMA 11 Level 1_Core[1,19,1]_[21246,50318].tif",FALSE,"/data_g1/AI_projects/projects/Immune_Cell_Prediction_WK/DIR/nhs/TMA 11 Level 1_Core[1,19,1]_[21246,50318]",0.4
"/data_g1/AI_projects/raw_data/PCITB_CRC/HE_raw_images/Tumor/TMA11/TMA 11 Level 16_Core[2,19,1]_[18273,53996].tif",FALSE,"/data_g1/AI_projects/projects/Immune_Cell_Prediction_WK/DIR/nhs/TMA 11 Level 16_Core[2,19,1]_[18273,53996]",0.4
"/data_g1/AI_projects/raw_data/PCITB_CRC/HE_raw_images/Tumor/TMA11/TMA 11 Level 1_Core[1,19,13]_[10638,49971].tif",FALSE,"/data_g1/AI_projects/projects/Immune_Cell_Prediction_WK/DIR/nhs/TMA 11 Level 1_Core[1,19,13]_[10638,49971]",0.4
"/data_g1/AI_projects/raw_data/PCITB_CRC/HE_raw_images/Tumor/TMA11/TMA 11 Level 16_Core[2,19,13]_[7788,53130].tif",FALSE,"/data_g1/AI_projects/projects/Immune_Cell_Prediction_WK/DIR/nhs/TMA 11 Level 16_Core[2,19,13]_[7788,53130]",0.4
"/data_g1/AI_projects/raw_data/PCITB_CRC/HE_raw_images/Tumor/TMA11/TMA 11 Level 1_Core[1,19,16]_[7943,49749].tif",FALSE,"/data_g1/AI_projects/projects/Immune_Cell_Prediction_WK/DIR/nhs/TMA 11 Level 1_Core[1,19,16]_[7943,49749]",0.4
"/data_g1/AI_projects/raw_data/PCITB_CRC/HE_raw_images/Tumor/TMA11/TMA 11 Level 16_Core[2,19,16]_[5093,52636].tif",FALSE,"/data_g1/AI_projects/projects/Immune_Cell_Prediction_WK/DIR/nhs/TMA 11 Level 16_Core[2,19,16]_[5093,52636]",0.4
"/data_g1/AI_projects/raw_data/PCITB_CRC/HE_raw_images/Tumor/TMA11/TMA 11 Level 1_Core[1,19,3]_[19416,50219].tif",FALSE,"/data_g1/AI_projects/projects/Immune_Cell_Prediction_WK/DIR/nhs/TMA 11 Level 1_Core[1,19,3]_[19416,50219]",0.4
"/data_g1/AI_projects/raw_data/PCITB_CRC/HE_raw_images/Tumor/TMA11/TMA 11 Level 16_Core[2,19,3]_[16468,53823].tif",FALSE,"/data_g1/AI_projects/projects/Immune_Cell_Prediction_WK/DIR/nhs/TMA 11 Level 16_Core[2,19,3]_[16468,53823]",0.4
"/data_g1/AI_projects/raw_data/PCITB_CRC/HE_raw_images/Tumor/TMA11/TMA 11 Level 1_Core[1,19,5]_[17587,50194].tif",FALSE,"/data_g1/AI_projects/projects/Immune_Cell_Prediction_WK/DIR/nhs/TMA 11 Level 1_Core[1,19,5]_[17587,50194]",0.4
"/data_g1/AI_projects/raw_data/PCITB_CRC/HE_raw_images/Tumor/TMA11/TMA 11 Level 16_Core[2,19,5]_[14638,53699].tif",FALSE,"/data_g1/AI_projects/projects/Immune_Cell_Prediction_WK/DIR/nhs/TMA 11 Level 16_Core[2,19,5]_[14638,53699]",0.4
"/data_g1/AI_projects/raw_data/PCITB_CRC/HE_raw_images/Tumor/TMA11/TMA 11 Level 1_Core[1,19,7]_[15806,50144].tif",FALSE,"/data_g1/AI_projects/projects/Immune_Cell_Prediction_WK/DIR/nhs/TMA 11 Level 1_Core[1,19,7]_[15806,50144]",0.4
"/data_g1/AI_projects/raw_data/PCITB_CRC/HE_raw_images/Tumor/TMA11/TMA 11 Level 16_Core[2,19,7]_[12882,53551].tif",FALSE,"/data_g1/AI_projects/projects/Immune_Cell_Prediction_WK/DIR/nhs/TMA 11 Level 16_Core[2,19,7]_[12882,53551]",0.4
"/data_g1/AI_projects/raw_data/PCITB_CRC/HE_raw_images/Tumor/TMA11/TMA 11 Level 1_Core[1,2,1]_[21234,38386].tif",FALSE,"/data_g1/AI_projects/projects/Immune_Cell_Prediction_WK/DIR/nhs/TMA 11 Level 1_Core[1,2,1]_[21234,38386]",0.4
"/data_g1/AI_projects/raw_data/PCITB_CRC/HE_raw_images/Tumor/TMA11/TMA 11 Level 16_Core[1,2,1]_[19230,41402].tif",FALSE,"/data_g1/AI_projects/projects/Immune_Cell_Prediction_WK/DIR/nhs/TMA 11 Level 16_Core[1,2,1]_[19230,41402]",0.4
"/data_g1/AI_projects/raw_data/PCITB_CRC/HE_raw_images/Tumor/TMA11/TMA 11 Level 16_Core[1,2,10]_[11317,40808].tif",FALSE,"/data_g1/AI_projects/projects/Immune_Cell_Prediction_WK/DIR/nhs/TMA 11 Level 16_Core[1,2,10]_[11317,40808]",0.4
"/data_g1/AI_projects/raw_data/PCITB_CRC/HE_raw_images/Tumor/TMA11/TMA 11 Level 1_Core[1,2,10]_[13197,38114].tif",FALSE,"/data_g1/AI_projects/projects/Immune_Cell_Prediction_WK/DIR/nhs/TMA 11 Level 1_Core[1,2,10]_[13197,38114]",0.4
"/data_g1/AI_projects/raw_data/PCITB_CRC/HE_raw_images/Tumor/TMA11/TMA 11 Level 16_Core[1,2,13]_[8745,40759].tif",FALSE,"/data_g1/AI_projects/projects/Immune_Cell_Prediction_WK/DIR/nhs/TMA 11 Level 16_Core[1,2,13]_[8745,40759]",0.4
"/data_g1/AI_projects/raw_data/PCITB_CRC/HE_raw_images/Tumor/TMA11/TMA 11 Level 1_Core[1,2,13]_[10650,38188].tif",FALSE,"/data_g1/AI_projects/projects/Immune_Cell_Prediction_WK/DIR/nhs/TMA 11 Level 1_Core[1,2,13]_[10650,38188]",0.4
"/data_g1/AI_projects/raw_data/PCITB_CRC/HE_raw_images/Tumor/TMA11/TMA 11 Level 1_Core[1,2,5]_[17772,38139].tif",FALSE,"/data_g1/AI_projects/projects/Immune_Cell_Prediction_WK/DIR/nhs/TMA 11 Level 1_Core[1,2,5]_[17772,38139]",0.4
"/data_g1/AI_projects/raw_data/PCITB_CRC/HE_raw_images/Tumor/TMA11/TMA 11 Level 16_Core[1,2,5]_[15743,41006].tif",FALSE,"/data_g1/AI_projects/projects/Immune_Cell_Prediction_WK/DIR/nhs/TMA 11 Level 16_Core[1,2,5]_[15743,41006]",0.4
"/data_g1/AI_projects/raw_data/PCITB_CRC/HE_raw_images/Tumor/TMA11/TMA 11 Level 1_Core[1,2,7]_[15769,38164].tif",FALSE,"/data_g1/AI_projects/projects/Immune_Cell_Prediction_WK/DIR/nhs/TMA 11 Level 1_Core[1,2,7]_[15769,38164]",0.4
"/data_g1/AI_projects/raw_data/PCITB_CRC/HE_raw_images/Tumor/TMA11/TMA 11 Level 16_Core[1,2,7]_[13839,40981].tif",FALSE,"/data_g1/AI_projects/projects/Immune_Cell_Prediction_WK/DIR/nhs/TMA 11 Level 16_Core[1,2,7]_[13839,40981]",0.4
"/data_g1/AI_projects/raw_data/PCITB_CRC/HE_raw_images/Tumor/TMA11/TMA 11 Level 16_Core[1,2,8]_[12949,40858].tif",FALSE,"/data_g1/AI_projects/projects/Immune_Cell_Prediction_WK/DIR/nhs/TMA 11 Level 16_Core[1,2,8]_[12949,40858]",0.4
"/data_g1/AI_projects/raw_data/PCITB_CRC/HE_raw_images/Tumor/TMA11/TMA 11 Level 1_Core[1,2,8]_[14829,38139].tif",FALSE,"/data_g1/AI_projects/projects/Immune_Cell_Prediction_WK/DIR/nhs/TMA 11 Level 1_Core[1,2,8]_[14829,38139]",0.4
"/data_g1/AI_projects/raw_data/PCITB_CRC/HE_raw_images/Tumor/TMA11/TMA 11 Level 1_Core[1,2,9]_[14038,38139].tif",FALSE,"/data_g1/AI_projects/projects/Immune_Cell_Prediction_WK/DIR/nhs/TMA 11 Level 1_Core[1,2,9]_[14038,38139]",0.4
"/data_g1/AI_projects/raw_data/PCITB_CRC/HE_raw_images/Tumor/TMA11/TMA 11 Level 16_Core[1,2,9]_[12133,40907].tif",FALSE,"/data_g1/AI_projects/projects/Immune_Cell_Prediction_WK/DIR/nhs/TMA 11 Level 16_Core[1,2,9]_[12133,40907]",0.4
"/data_g1/AI_projects/raw_data/PCITB_CRC/HE_raw_images/Tumor/TMA11/TMA 11 Level 1_Core[1,20,16]_[7992,50565].tif",FALSE,"/data_g1/AI_projects/projects/Immune_Cell_Prediction_WK/DIR/nhs/TMA 11 Level 1_Core[1,20,16]_[7992,50565]",0.4
"/data_g1/AI_projects/raw_data/PCITB_CRC/HE_raw_images/Tumor/TMA11/TMA 11 Level 16_Core[2,20,16]_[5093,53278].tif",FALSE,"/data_g1/AI_projects/projects/Immune_Cell_Prediction_WK/DIR/nhs/TMA 11 Level 16_Core[2,20,16]_[5093,53278]",0.4
"/data_g1/AI_projects/raw_data/PCITB_CRC/HE_raw_images/Tumor/TMA11/TMA 11 Level 1_Core[1,20,3]_[19367,51035].tif",FALSE,"/data_g1/AI_projects/projects/Immune_Cell_Prediction_WK/DIR/nhs/TMA 11 Level 1_Core[1,20,3]_[19367,51035]",0.4
"/data_g1/AI_projects/raw_data/PCITB_CRC/HE_raw_images/Tumor/TMA11/TMA 11 Level 16_Core[2,20,3]_[16369,54639].tif",FALSE,"/data_g1/AI_projects/projects/Immune_Cell_Prediction_WK/DIR/nhs/TMA 11 Level 16_Core[2,20,3]_[16369,54639]",0.4
"/data_g1/AI_projects/raw_data/PCITB_CRC/HE_raw_images/Tumor/TMA11/TMA 11 Level 16_Core[2,20,5]_[14514,54540].tif",FALSE,"/data_g1/AI_projects/projects/Immune_Cell_Prediction_WK/DIR/nhs/TMA 11 Level 16_Core[2,20,5]_[14514,54540]",0.4
"/data_g1/AI_projects/raw_data/PCITB_CRC/HE_raw_images/Tumor/TMA11/TMA 11 Level 1_Core[1,20,5]_[17512,50960].tif",FALSE,"/data_g1/AI_projects/projects/Immune_Cell_Prediction_WK/DIR/nhs/TMA 11 Level 1_Core[1,20,5]_[17512,50960]",0.4
"/data_g1/AI_projects/raw_data/PCITB_CRC/HE_raw_images/Tumor/TMA11/TMA 11 Level 16_Core[2,20,7]_[12783,54416].tif",FALSE,"/data_g1/AI_projects/projects/Immune_Cell_Prediction_WK/DIR/nhs/TMA 11 Level 16_Core[2,20,7]_[12783,54416]",0.4
"/data_g1/AI_projects/raw_data/PCITB_CRC/HE_raw_images/Tumor/TMA11/TMA 11 Level 1_Core[1,20,7]_[15757,50936].tif",FALSE,"/data_g1/AI_projects/projects/Immune_Cell_Prediction_WK/DIR/nhs/TMA 11 Level 1_Core[1,20,7]_[15757,50936]",0.4
"/data_g1/AI_projects/raw_data/PCITB_CRC/HE_raw_images/Tumor/TMA11/TMA 11 Level 16_Core[2,22,1]_[17868,55928].tif",FALSE,"/data_g1/AI_projects/projects/Immune_Cell_Prediction_WK/DIR/nhs/TMA 11 Level 16_Core[2,22,1]_[17868,55928]",0.4
"/data_g1/AI_projects/raw_data/PCITB_CRC/HE_raw_images/Tumor/TMA11/TMA 11 Level 1_Core[1,22,1]_[20938,52173].tif",FALSE,"/data_g1/AI_projects/projects/Immune_Cell_Prediction_WK/DIR/nhs/TMA 11 Level 1_Core[1,22,1]_[20938,52173]",0.4
"/data_g1/AI_projects/raw_data/PCITB_CRC/HE_raw_images/Tumor/TMA11/TMA 11 Level 16_Core[2,22,11]_[9296,55269].tif",FALSE,"/data_g1/AI_projects/projects/Immune_Cell_Prediction_WK/DIR/nhs/TMA 11 Level 16_Core[2,22,11]_[9296,55269]",0.4
"/data_g1/AI_projects/raw_data/PCITB_CRC/HE_raw_images/Tumor/TMA11/TMA 11 Level 1_Core[1,22,11]_[12358,51949].tif",FALSE,"/data_g1/AI_projects/projects/Immune_Cell_Prediction_WK/DIR/nhs/TMA 11 Level 1_Core[1,22,11]_[12358,51949]",0.4
"/data_g1/AI_projects/raw_data/PCITB_CRC/HE_raw_images/Tumor/TMA11/TMA 11 Level 16_Core[2,22,12]_[8381,55294].tif",FALSE,"/data_g1/AI_projects/projects/Immune_Cell_Prediction_WK/DIR/nhs/TMA 11 Level 16_Core[2,22,12]_[8381,55294]",0.4
"/data_g1/AI_projects/raw_data/PCITB_CRC/HE_raw_images/Tumor/TMA11/TMA 11 Level 1_Core[1,22,12]_[11415,51970].tif",FALSE,"/data_g1/AI_projects/projects/Immune_Cell_Prediction_WK/DIR/nhs/TMA 11 Level 1_Core[1,22,12]_[11415,51970]",0.4
"/data_g1/AI_projects/raw_data/PCITB_CRC/HE_raw_images/Tumor/TMA11/TMA 11 Level 1_Core[1,22,13]_[10538,51970].tif",FALSE,"/data_g1/AI_projects/projects/Immune_Cell_Prediction_WK/DIR/nhs/TMA 11 Level 1_Core[1,22,13]_[10538,51970]",0.4
"/data_g1/AI_projects/raw_data/PCITB_CRC/HE_raw_images/Tumor/TMA11/TMA 11 Level 16_Core[2,22,13]_[7590,55244].tif",FALSE,"/data_g1/AI_projects/projects/Immune_Cell_Prediction_WK/DIR/nhs/TMA 11 Level 16_Core[2,22,13]_[7590,55244]",0.4
"/data_g1/AI_projects/raw_data/PCITB_CRC/HE_raw_images/Tumor/TMA11/TMA 11 Level 16_Core[2,22,15]_[5834,54997].tif",FALSE,"/data_g1/AI_projects/projects/Immune_Cell_Prediction_WK/DIR/nhs/TMA 11 Level 16_Core[2,22,15]_[5834,54997]",0.4
"/data_g1/AI_projects/raw_data/PCITB_CRC/HE_raw_images/Tumor/TMA11/TMA 11 Level 16_Core[2,22,5]_[14218,55567].tif",FALSE,"/data_g1/AI_projects/projects/Immune_Cell_Prediction_WK/DIR/nhs/TMA 11 Level 16_Core[2,22,5]_[14218,55567]",0.4
"/data_g1/AI_projects/raw_data/PCITB_CRC/HE_raw_images/Tumor/TMA11/TMA 11 Level 1_Core[1,22,5]_[17173,52055].tif",FALSE,"/data_g1/AI_projects/projects/Immune_Cell_Prediction_WK/DIR/nhs/TMA 11 Level 1_Core[1,22,5]_[17173,52055]",0.4
"/data_g1/AI_projects/raw_data/PCITB_CRC/HE_raw_images/Tumor/TMA11/TMA 11 Level 16_Core[2,23,1]_[17843,56818].tif",FALSE,"/data_g1/AI_projects/projects/Immune_Cell_Prediction_WK/DIR/nhs/TMA 11 Level 16_Core[2,23,1]_[17843,56818]",0.4
"/data_g1/AI_projects/raw_data/PCITB_CRC/HE_raw_images/Tumor/TMA11/TMA 11 Level 1_Core[1,23,1]_[21185,52989].tif",FALSE,"/data_g1/AI_projects/projects/Immune_Cell_Prediction_WK/DIR/nhs/TMA 11 Level 1_Core[1,23,1]_[21185,52989]",0.4
"/data_g1/AI_projects/raw_data/PCITB_CRC/HE_raw_images/Tumor/TMA11/TMA 11 Level 1_Core[1,23,11]_[12258,52667].tif",FALSE,"/data_g1/AI_projects/projects/Immune_Cell_Prediction_WK/DIR/nhs/TMA 11 Level 1_Core[1,23,11]_[12258,52667]",0.4
"/data_g1/AI_projects/raw_data/PCITB_CRC/HE_raw_images/Tumor/TMA11/TMA 11 Level 1_Core[1,23,13]_[10552,52593].tif",FALSE,"/data_g1/AI_projects/projects/Immune_Cell_Prediction_WK/DIR/nhs/TMA 11 Level 1_Core[1,23,13]_[10552,52593]",0.4
"/data_g1/AI_projects/raw_data/PCITB_CRC/HE_raw_images/Tumor/TMA11/TMA 11 Level 16_Core[2,23,13]_[7466,55986].tif",FALSE,"/data_g1/AI_projects/projects/Immune_Cell_Prediction_WK/DIR/nhs/TMA 11 Level 16_Core[2,23,13]_[7466,55986]",0.4
"/data_g1/AI_projects/raw_data/PCITB_CRC/HE_raw_images/Tumor/TMA11/TMA 11 Level 1_Core[1,23,14]_[9711,52618].tif",FALSE,"/data_g1/AI_projects/projects/Immune_Cell_Prediction_WK/DIR/nhs/TMA 11 Level 1_Core[1,23,14]_[9711,52618]",0.4
"/data_g1/AI_projects/raw_data/PCITB_CRC/HE_raw_images/Tumor/TMA11/TMA 11 Level 16_Core[2,23,5]_[14070,56383].tif",FALSE,"/data_g1/AI_projects/projects/Immune_Cell_Prediction_WK/DIR/nhs/TMA 11 Level 16_Core[2,23,5]_[14070,56383]",0.4
"/data_g1/AI_projects/raw_data/PCITB_CRC/HE_raw_images/Tumor/TMA11/TMA 11 Level 1_Core[1,23,5]_[17253,52766].tif",FALSE,"/data_g1/AI_projects/projects/Immune_Cell_Prediction_WK/DIR/nhs/TMA 11 Level 1_Core[1,23,5]_[17253,52766]",0.4
"/data_g1/AI_projects/raw_data/PCITB_CRC/HE_raw_images/Tumor/TMA11/TMA 11 Level 1_Core[1,23,7]_[15695,52717].tif",FALSE,"/data_g1/AI_projects/projects/Immune_Cell_Prediction_WK/DIR/nhs/TMA 11 Level 1_Core[1,23,7]_[15695,52717]",0.4
"/data_g1/AI_projects/raw_data/PCITB_CRC/HE_raw_images/Tumor/TMA11/TMA 11 Level 1_Core[1,24,1]_[21061,53656].tif",FALSE,"/data_g1/AI_projects/projects/Immune_Cell_Prediction_WK/DIR/nhs/TMA 11 Level 1_Core[1,24,1]_[21061,53656]",0.4
"/data_g1/AI_projects/raw_data/PCITB_CRC/HE_raw_images/Tumor/TMA11/TMA 11 Level 1_Core[1,24,16]_[8076,53233].tif",FALSE,"/data_g1/AI_projects/projects/Immune_Cell_Prediction_WK/DIR/nhs/TMA 11 Level 1_Core[1,24,16]_[8076,53233]",0.4
"/data_g1/AI_projects/raw_data/PCITB_CRC/HE_raw_images/Tumor/TMA11/TMA 11 Level 16_Core[2,24,16]_[4821,56134].tif",FALSE,"/data_g1/AI_projects/projects/Immune_Cell_Prediction_WK/DIR/nhs/TMA 11 Level 16_Core[2,24,16]_[4821,56134]",0.4
"/data_g1/AI_projects/raw_data/PCITB_CRC/HE_raw_images/Tumor/TMA11/TMA 11 Level 1_Core[2,24,6]_[16389,53261].tif",FALSE,"/data_g1/AI_projects/projects/Immune_Cell_Prediction_WK/DIR/nhs/TMA 11 Level 1_Core[2,24,6]_[16389,53261]",0.4
"/data_g1/AI_projects/raw_data/PCITB_CRC/HE_raw_images/Tumor/TMA11/TMA 11 Level 1_Core[1,25,10]_[13076,54017].tif",FALSE,"/data_g1/AI_projects/projects/Immune_Cell_Prediction_WK/DIR/nhs/TMA 11 Level 1_Core[1,25,10]_[13076,54017]",0.4
"/data_g1/AI_projects/raw_data/PCITB_CRC/HE_raw_images/Tumor/TMA11/TMA 11 Level 16_Core[2,25,10]_[9890,57272].tif",FALSE,"/data_g1/AI_projects/projects/Immune_Cell_Prediction_WK/DIR/nhs/TMA 11 Level 16_Core[2,25,10]_[9890,57272]",0.4
"/data_g1/AI_projects/raw_data/PCITB_CRC/HE_raw_images/Tumor/TMA11/TMA 11 Level 1_Core[3,25,12]_[11392,54187].tif",FALSE,"/data_g1/AI_projects/projects/Immune_Cell_Prediction_WK/DIR/nhs/TMA 11 Level 1_Core[3,25,12]_[11392,54187]",0.4
"/data_g1/AI_projects/raw_data/PCITB_CRC/HE_raw_images/Tumor/TMA11/TMA 11 Level 16_Core[2,25,16]_[4746,57000].tif",FALSE,"/data_g1/AI_projects/projects/Immune_Cell_Prediction_WK/DIR/nhs/TMA 11 Level 16_Core[2,25,16]_[4746,57000]",0.4
"/data_g1/AI_projects/raw_data/PCITB_CRC/HE_raw_images/Tumor/TMA11/TMA 11 Level 1_Core[1,25,16]_[8126,54074].tif",FALSE,"/data_g1/AI_projects/projects/Immune_Cell_Prediction_WK/DIR/nhs/TMA 11 Level 1_Core[1,25,16]_[8126,54074]",0.4
"/data_g1/AI_projects/raw_data/PCITB_CRC/HE_raw_images/Tumor/TMA11/TMA 11 Level 1_Core[1,25,4]_[18089,54232].tif",FALSE,"/data_g1/AI_projects/projects/Immune_Cell_Prediction_WK/DIR/nhs/TMA 11 Level 1_Core[1,25,4]_[18089,54232]",0.4
"/data_g1/AI_projects/raw_data/PCITB_CRC/HE_raw_images/Tumor/TMA11/TMA 11 Level 16_Core[2,25,4]_[14960,57867].tif",FALSE,"/data_g1/AI_projects/projects/Immune_Cell_Prediction_WK/DIR/nhs/TMA 11 Level 16_Core[2,25,4]_[14960,57867]",0.4
"/data_g1/AI_projects/raw_data/PCITB_CRC/HE_raw_images/Tumor/TMA11/TMA 11 Level 1_Core[2,25,6]_[16240,54102].tif",FALSE,"/data_g1/AI_projects/projects/Immune_Cell_Prediction_WK/DIR/nhs/TMA 11 Level 1_Core[2,25,6]_[16240,54102]",0.4
"/data_g1/AI_projects/raw_data/PCITB_CRC/HE_raw_images/Tumor/TMA11/TMA 11 Level 16_Core[2,25,6]_[13031,57694].tif",FALSE,"/data_g1/AI_projects/projects/Immune_Cell_Prediction_WK/DIR/nhs/TMA 11 Level 16_Core[2,25,6]_[13031,57694]",0.4
"/data_g1/AI_projects/raw_data/PCITB_CRC/HE_raw_images/Tumor/TMA11/TMA 11 Level 16_Core[2,26,12]_[8085,58162].tif",FALSE,"/data_g1/AI_projects/projects/Immune_Cell_Prediction_WK/DIR/nhs/TMA 11 Level 16_Core[2,26,12]_[8085,58162]",0.4
"/data_g1/AI_projects/raw_data/PCITB_CRC/HE_raw_images/Tumor/TMA11/TMA 11 Level 1_Core[1,26,12]_[11436,54945].tif",FALSE,"/data_g1/AI_projects/projects/Immune_Cell_Prediction_WK/DIR/nhs/TMA 11 Level 1_Core[1,26,12]_[11436,54945]",0.4
"/data_g1/AI_projects/raw_data/PCITB_CRC/HE_raw_images/Tumor/TMA11/TMA 11 Level 16_Core[2,26,13]_[7269,57964].tif",FALSE,"/data_g1/AI_projects/projects/Immune_Cell_Prediction_WK/DIR/nhs/TMA 11 Level 16_Core[2,26,13]_[7269,57964]",0.4
"/data_g1/AI_projects/raw_data/PCITB_CRC/HE_raw_images/Tumor/TMA11/TMA 11 Level 1_Core[1,26,5]_[17046,55007].tif",FALSE,"/data_g1/AI_projects/projects/Immune_Cell_Prediction_WK/DIR/nhs/TMA 11 Level 1_Core[1,26,5]_[17046,55007]",0.4
"/data_g1/AI_projects/raw_data/PCITB_CRC/HE_raw_images/Tumor/TMA11/TMA 11 Level 16_Core[2,26,5]_[13823,58584].tif",FALSE,"/data_g1/AI_projects/projects/Immune_Cell_Prediction_WK/DIR/nhs/TMA 11 Level 16_Core[2,26,5]_[13823,58584]",0.4
"/data_g1/AI_projects/raw_data/PCITB_CRC/HE_raw_images/Tumor/TMA11/TMA 11 Level 16_Core[2,26,7]_[12240,58435].tif",FALSE,"/data_g1/AI_projects/projects/Immune_Cell_Prediction_WK/DIR/nhs/TMA 11 Level 16_Core[2,26,7]_[12240,58435]",0.4
"/data_g1/AI_projects/raw_data/PCITB_CRC/HE_raw_images/Tumor/TMA11/TMA 11 Level 16_Core[2,26,9]_[10559,58089].tif",FALSE,"/data_g1/AI_projects/projects/Immune_Cell_Prediction_WK/DIR/nhs/TMA 11 Level 16_Core[2,26,9]_[10559,58089]",0.4
"/data_g1/AI_projects/raw_data/PCITB_CRC/HE_raw_images/Tumor/TMA11/TMA 11 Level 1_Core[1,26,9]_[13807,54562].tif",FALSE,"/data_g1/AI_projects/projects/Immune_Cell_Prediction_WK/DIR/nhs/TMA 11 Level 1_Core[1,26,9]_[13807,54562]",0.4
"/data_g1/AI_projects/raw_data/PCITB_CRC/HE_raw_images/Tumor/TMA11/TMA 11 Level 16_Core[2,27,1]_[17240,59849].tif",FALSE,"/data_g1/AI_projects/projects/Immune_Cell_Prediction_WK/DIR/nhs/TMA 11 Level 16_Core[2,27,1]_[17240,59849]",0.4
"/data_g1/AI_projects/raw_data/PCITB_CRC/HE_raw_images/Tumor/TMA11/TMA 11 Level 1_Core[1,27,1]_[20769,56059].tif",FALSE,"/data_g1/AI_projects/projects/Immune_Cell_Prediction_WK/DIR/nhs/TMA 11 Level 1_Core[1,27,1]_[20769,56059]",0.4
"/data_g1/AI_projects/raw_data/PCITB_CRC/HE_raw_images/Tumor/TMA11/TMA 11 Level 1_Core[1,27,13]_[10673,55706].tif",FALSE,"/data_g1/AI_projects/projects/Immune_Cell_Prediction_WK/DIR/nhs/TMA 11 Level 1_Core[1,27,13]_[10673,55706]",0.4
"/data_g1/AI_projects/raw_data/PCITB_CRC/HE_raw_images/Tumor/TMA11/TMA 11 Level 1_Core[1,27,3]_[19103,55939].tif",FALSE,"/data_g1/AI_projects/projects/Immune_Cell_Prediction_WK/DIR/nhs/TMA 11 Level 1_Core[1,27,3]_[19103,55939]",0.4
"/data_g1/AI_projects/raw_data/PCITB_CRC/HE_raw_images/Tumor/TMA11/TMA 11 Level 16_Core[3,27,3]_[15741,59476].tif",FALSE,"/data_g1/AI_projects/projects/Immune_Cell_Prediction_WK/DIR/nhs/TMA 11 Level 16_Core[3,27,3]_[15741,59476]",0.4
"/data_g1/AI_projects/raw_data/PCITB_CRC/HE_raw_images/Tumor/TMA11/TMA 11 Level 1_Core[2,27,9]_[13846,55553].tif",FALSE,"/data_g1/AI_projects/projects/Immune_Cell_Prediction_WK/DIR/nhs/TMA 11 Level 1_Core[2,27,9]_[13846,55553]",0.4
"/data_g1/AI_projects/raw_data/PCITB_CRC/HE_raw_images/Tumor/TMA11/TMA 11 Level 16_Core[2,27,9]_[10509,59004].tif",FALSE,"/data_g1/AI_projects/projects/Immune_Cell_Prediction_WK/DIR/nhs/TMA 11 Level 16_Core[2,27,9]_[10509,59004]",0.4
"/data_g1/AI_projects/raw_data/PCITB_CRC/HE_raw_images/Tumor/TMA11/TMA 11 Level 16_Core[1,3,10]_[11292,41575].tif",FALSE,"/data_g1/AI_projects/projects/Immune_Cell_Prediction_WK/DIR/nhs/TMA 11 Level 16_Core[1,3,10]_[11292,41575]",0.4
"/data_g1/AI_projects/raw_data/PCITB_CRC/HE_raw_images/Tumor/TMA11/TMA 11 Level 1_Core[1,3,10]_[13197,38881].tif",FALSE,"/data_g1/AI_projects/projects/Immune_Cell_Prediction_WK/DIR/nhs/TMA 11 Level 1_Core[1,3,10]_[13197,38881]",0.4
"/data_g1/AI_projects/raw_data/PCITB_CRC/HE_raw_images/Tumor/TMA11/TMA 11 Level 1_Core[1,3,12]_[11466,38881].tif",FALSE,"/data_g1/AI_projects/projects/Immune_Cell_Prediction_WK/DIR/nhs/TMA 11 Level 1_Core[1,3,12]_[11466,38881]",0.4
"/data_g1/AI_projects/raw_data/PCITB_CRC/HE_raw_images/Tumor/TMA11/TMA 11 Level 16_Core[1,3,12]_[9536,41501].tif",FALSE,"/data_g1/AI_projects/projects/Immune_Cell_Prediction_WK/DIR/nhs/TMA 11 Level 16_Core[1,3,12]_[9536,41501]",0.4
"/data_g1/AI_projects/raw_data/PCITB_CRC/HE_raw_images/Tumor/TMA11/TMA 11 Level 1_Core[1,3,13]_[10650,38930].tif",FALSE,"/data_g1/AI_projects/projects/Immune_Cell_Prediction_WK/DIR/nhs/TMA 11 Level 1_Core[1,3,13]_[10650,38930]",0.4
"/data_g1/AI_projects/raw_data/PCITB_CRC/HE_raw_images/Tumor/TMA11/TMA 11 Level 16_Core[1,3,13]_[8720,41501].tif",FALSE,"/data_g1/AI_projects/projects/Immune_Cell_Prediction_WK/DIR/nhs/TMA 11 Level 16_Core[1,3,13]_[8720,41501]",0.4
"/data_g1/AI_projects/raw_data/PCITB_CRC/HE_raw_images/Tumor/TMA11/TMA 11 Level 1_Core[1,3,14]_[9809,38930].tif",FALSE,"/data_g1/AI_projects/projects/Immune_Cell_Prediction_WK/DIR/nhs/TMA 11 Level 1_Core[1,3,14]_[9809,38930]",0.4
"/data_g1/AI_projects/raw_data/PCITB_CRC/HE_raw_images/Tumor/TMA11/TMA 11 Level 16_Core[1,3,14]_[7855,41426].tif",FALSE,"/data_g1/AI_projects/projects/Immune_Cell_Prediction_WK/DIR/nhs/TMA 11 Level 16_Core[1,3,14]_[7855,41426]",0.4
"/data_g1/AI_projects/raw_data/PCITB_CRC/HE_raw_images/Tumor/TMA11/TMA 11 Level 16_Core[1,3,16]_[6074,41501].tif",FALSE,"/data_g1/AI_projects/projects/Immune_Cell_Prediction_WK/DIR/nhs/TMA 11 Level 16_Core[1,3,16]_[6074,41501]",0.4
"/data_g1/AI_projects/raw_data/PCITB_CRC/HE_raw_images/Tumor/TMA11/TMA 11 Level 1_Core[1,3,16]_[8029,39078].tif",FALSE,"/data_g1/AI_projects/projects/Immune_Cell_Prediction_WK/DIR/nhs/TMA 11 Level 1_Core[1,3,16]_[8029,39078]",0.4
"/data_g1/AI_projects/raw_data/PCITB_CRC/HE_raw_images/Tumor/TMA11/TMA 11 Level 16_Core[1,3,2]_[18290,42144].tif",FALSE,"/data_g1/AI_projects/projects/Immune_Cell_Prediction_WK/DIR/nhs/TMA 11 Level 16_Core[1,3,2]_[18290,42144]",0.4
"/data_g1/AI_projects/raw_data/PCITB_CRC/HE_raw_images/Tumor/TMA11/TMA 11 Level 1_Core[1,3,3]_[19503,38980].tif",FALSE,"/data_g1/AI_projects/projects/Immune_Cell_Prediction_WK/DIR/nhs/TMA 11 Level 1_Core[1,3,3]_[19503,38980]",0.4
"/data_g1/AI_projects/raw_data/PCITB_CRC/HE_raw_images/Tumor/TMA11/TMA 11 Level 16_Core[1,3,3]_[17424,41970].tif",FALSE,"/data_g1/AI_projects/projects/Immune_Cell_Prediction_WK/DIR/nhs/TMA 11 Level 16_Core[1,3,3]_[17424,41970]",0.4
"/data_g1/AI_projects/raw_data/PCITB_CRC/HE_raw_images/Tumor/TMA11/TMA 11 Level 16_Core[1,3,4]_[16534,41872].tif",FALSE,"/data_g1/AI_projects/projects/Immune_Cell_Prediction_WK/DIR/nhs/TMA 11 Level 16_Core[1,3,4]_[16534,41872]",0.4
"/data_g1/AI_projects/raw_data/PCITB_CRC/HE_raw_images/Tumor/TMA11/TMA 11 Level 1_Core[1,3,4]_[18588,38856].tif",FALSE,"/data_g1/AI_projects/projects/Immune_Cell_Prediction_WK/DIR/nhs/TMA 11 Level 1_Core[1,3,4]_[18588,38856]",0.4
"/data_g1/AI_projects/raw_data/PCITB_CRC/HE_raw_images/Tumor/TMA11/TMA 11 Level 16_Core[1,3,6]_[14729,41797].tif",FALSE,"/data_g1/AI_projects/projects/Immune_Cell_Prediction_WK/DIR/nhs/TMA 11 Level 16_Core[1,3,6]_[14729,41797]",0.4
"/data_g1/AI_projects/raw_data/PCITB_CRC/HE_raw_images/Tumor/TMA11/TMA 11 Level 1_Core[1,4,10]_[13172,39598].tif",FALSE,"/data_g1/AI_projects/projects/Immune_Cell_Prediction_WK/DIR/nhs/TMA 11 Level 1_Core[1,4,10]_[13172,39598]",0.4
"/data_g1/AI_projects/raw_data/PCITB_CRC/HE_raw_images/Tumor/TMA11/TMA 11 Level 16_Core[1,4,10]_[11144,42366].tif",FALSE,"/data_g1/AI_projects/projects/Immune_Cell_Prediction_WK/DIR/nhs/TMA 11 Level 16_Core[1,4,10]_[11144,42366]",0.4
"/data_g1/AI_projects/raw_data/PCITB_CRC/HE_raw_images/Tumor/TMA11/TMA 11 Level 16_Core[1,4,12]_[9512,42292].tif",FALSE,"/data_g1/AI_projects/projects/Immune_Cell_Prediction_WK/DIR/nhs/TMA 11 Level 16_Core[1,4,12]_[9512,42292]",0.4
"/data_g1/AI_projects/raw_data/PCITB_CRC/HE_raw_images/Tumor/TMA11/TMA 11 Level 1_Core[1,4,12]_[11516,39622].tif",FALSE,"/data_g1/AI_projects/projects/Immune_Cell_Prediction_WK/DIR/nhs/TMA 11 Level 1_Core[1,4,12]_[11516,39622]",0.4
"/data_g1/AI_projects/raw_data/PCITB_CRC/HE_raw_images/Tumor/TMA11/TMA 11 Level 1_Core[1,4,13]_[10675,39672].tif",FALSE,"/data_g1/AI_projects/projects/Immune_Cell_Prediction_WK/DIR/nhs/TMA 11 Level 1_Core[1,4,13]_[10675,39672]",0.4
"/data_g1/AI_projects/raw_data/PCITB_CRC/HE_raw_images/Tumor/TMA11/TMA 11 Level 16_Core[1,4,13]_[8671,42267].tif",FALSE,"/data_g1/AI_projects/projects/Immune_Cell_Prediction_WK/DIR/nhs/TMA 11 Level 16_Core[1,4,13]_[8671,42267]",0.4
"/data_g1/AI_projects/raw_data/PCITB_CRC/HE_raw_images/Tumor/TMA11/TMA 11 Level 16_Core[1,4,14]_[7781,42218].tif",FALSE,"/data_g1/AI_projects/projects/Immune_Cell_Prediction_WK/DIR/nhs/TMA 11 Level 16_Core[1,4,14]_[7781,42218]",0.4
"/data_g1/AI_projects/raw_data/PCITB_CRC/HE_raw_images/Tumor/TMA11/TMA 11 Level 1_Core[1,4,16]_[7979,39870].tif",FALSE,"/data_g1/AI_projects/projects/Immune_Cell_Prediction_WK/DIR/nhs/TMA 11 Level 1_Core[1,4,16]_[7979,39870]",0.4
"/data_g1/AI_projects/raw_data/PCITB_CRC/HE_raw_images/Tumor/TMA11/TMA 11 Level 16_Core[1,4,2]_[18315,42861].tif",FALSE,"/data_g1/AI_projects/projects/Immune_Cell_Prediction_WK/DIR/nhs/TMA 11 Level 16_Core[1,4,2]_[18315,42861]",0.4
"/data_g1/AI_projects/raw_data/PCITB_CRC/HE_raw_images/Tumor/TMA11/TMA 11 Level 1_Core[1,4,2]_[20418,39870].tif",FALSE,"/data_g1/AI_projects/projects/Immune_Cell_Prediction_WK/DIR/nhs/TMA 11 Level 1_Core[1,4,2]_[20418,39870]",0.4
"/data_g1/AI_projects/raw_data/PCITB_CRC/HE_raw_images/Tumor/TMA11/TMA 11 Level 1_Core[1,4,4]_[18637,39672].tif",FALSE,"/data_g1/AI_projects/projects/Immune_Cell_Prediction_WK/DIR/nhs/TMA 11 Level 1_Core[1,4,4]_[18637,39672]",0.4
"/data_g1/AI_projects/raw_data/PCITB_CRC/HE_raw_images/Tumor/TMA11/TMA 11 Level 16_Core[1,4,4]_[16510,42737].tif",FALSE,"/data_g1/AI_projects/projects/Immune_Cell_Prediction_WK/DIR/nhs/TMA 11 Level 16_Core[1,4,4]_[16510,42737]",0.4
"/data_g1/AI_projects/raw_data/PCITB_CRC/HE_raw_images/Tumor/TMA11/TMA 11 Level 1_Core[1,4,6]_[16783,39647].tif",FALSE,"/data_g1/AI_projects/projects/Immune_Cell_Prediction_WK/DIR/nhs/TMA 11 Level 1_Core[1,4,6]_[16783,39647]",0.4
"/data_g1/AI_projects/raw_data/PCITB_CRC/HE_raw_images/Tumor/TMA11/TMA 11 Level 16_Core[1,5,10]_[11168,43083].tif",FALSE,"/data_g1/AI_projects/projects/Immune_Cell_Prediction_WK/DIR/nhs/TMA 11 Level 16_Core[1,5,10]_[11168,43083]",0.4
"/data_g1/AI_projects/raw_data/PCITB_CRC/HE_raw_images/Tumor/TMA11/TMA 11 Level 1_Core[1,5,10]_[13222,40315].tif",FALSE,"/data_g1/AI_projects/projects/Immune_Cell_Prediction_WK/DIR/nhs/TMA 11 Level 1_Core[1,5,10]_[13222,40315]",0.4
"/data_g1/AI_projects/raw_data/PCITB_CRC/HE_raw_images/Tumor/TMA11/TMA 11 Level 1_Core[1,5,11]_[12332,40265].tif",FALSE,"/data_g1/AI_projects/projects/Immune_Cell_Prediction_WK/DIR/nhs/TMA 11 Level 1_Core[1,5,11]_[12332,40265]",0.4
"/data_g1/AI_projects/raw_data/PCITB_CRC/HE_raw_images/Tumor/TMA11/TMA 11 Level 16_Core[1,5,11]_[10278,43034].tif",FALSE,"/data_g1/AI_projects/projects/Immune_Cell_Prediction_WK/DIR/nhs/TMA 11 Level 16_Core[1,5,11]_[10278,43034]",0.4
"/data_g1/AI_projects/raw_data/PCITB_CRC/HE_raw_images/Tumor/TMA11/TMA 11 Level 16_Core[1,5,12]_[9413,42984].tif",FALSE,"/data_g1/AI_projects/projects/Immune_Cell_Prediction_WK/DIR/nhs/TMA 11 Level 16_Core[1,5,12]_[9413,42984]",0.4
"/data_g1/AI_projects/raw_data/PCITB_CRC/HE_raw_images/Tumor/TMA11/TMA 11 Level 1_Core[1,5,12]_[11466,40315].tif",FALSE,"/data_g1/AI_projects/projects/Immune_Cell_Prediction_WK/DIR/nhs/TMA 11 Level 1_Core[1,5,12]_[11466,40315]",0.4
"/data_g1/AI_projects/raw_data/PCITB_CRC/HE_raw_images/Tumor/TMA11/TMA 11 Level 1_Core[1,5,15]_[8820,40463].tif",FALSE,"/data_g1/AI_projects/projects/Immune_Cell_Prediction_WK/DIR/nhs/TMA 11 Level 1_Core[1,5,15]_[8820,40463]",0.4
"/data_g1/AI_projects/raw_data/PCITB_CRC/HE_raw_images/Tumor/TMA11/TMA 11 Level 1_Core[1,5,5]_[17821,40438].tif",FALSE,"/data_g1/AI_projects/projects/Immune_Cell_Prediction_WK/DIR/nhs/TMA 11 Level 1_Core[1,5,5]_[17821,40438]",0.4
"/data_g1/AI_projects/raw_data/PCITB_CRC/HE_raw_images/Tumor/TMA11/TMA 11 Level 16_Core[1,5,5]_[15644,43405].tif",FALSE,"/data_g1/AI_projects/projects/Immune_Cell_Prediction_WK/DIR/nhs/TMA 11 Level 16_Core[1,5,5]_[15644,43405]",0.4
"/data_g1/AI_projects/raw_data/PCITB_CRC/HE_raw_images/Tumor/TMA11/TMA 11 Level 16_Core[1,5,6]_[14680,43330].tif",FALSE,"/data_g1/AI_projects/projects/Immune_Cell_Prediction_WK/DIR/nhs/TMA 11 Level 16_Core[1,5,6]_[14680,43330]",0.4
"/data_g1/AI_projects/raw_data/PCITB_CRC/HE_raw_images/Tumor/TMA11/TMA 11 Level 1_Core[1,5,6]_[16758,40389].tif",FALSE,"/data_g1/AI_projects/projects/Immune_Cell_Prediction_WK/DIR/nhs/TMA 11 Level 1_Core[1,5,6]_[16758,40389]",0.4
"/data_g1/AI_projects/raw_data/PCITB_CRC/HE_raw_images/Tumor/TMA11/TMA 11 Level 16_Core[1,5,7]_[13765,43281].tif",FALSE,"/data_g1/AI_projects/projects/Immune_Cell_Prediction_WK/DIR/nhs/TMA 11 Level 16_Core[1,5,7]_[13765,43281]",0.4
"/data_g1/AI_projects/raw_data/PCITB_CRC/HE_raw_images/Tumor/TMA11/TMA 11 Level 1_Core[1,5,7]_[15843,40414].tif",FALSE,"/data_g1/AI_projects/projects/Immune_Cell_Prediction_WK/DIR/nhs/TMA 11 Level 1_Core[1,5,7]_[15843,40414]",0.4
"/data_g1/AI_projects/raw_data/PCITB_CRC/HE_raw_images/Tumor/TMA11/TMA 11 Level 1_Core[1,5,9]_[14112,40364].tif",FALSE,"/data_g1/AI_projects/projects/Immune_Cell_Prediction_WK/DIR/nhs/TMA 11 Level 1_Core[1,5,9]_[14112,40364]",0.4
"/data_g1/AI_projects/raw_data/PCITB_CRC/HE_raw_images/Tumor/TMA11/TMA 11 Level 16_Core[1,5,9]_[12083,43133].tif",FALSE,"/data_g1/AI_projects/projects/Immune_Cell_Prediction_WK/DIR/nhs/TMA 11 Level 16_Core[1,5,9]_[12083,43133]",0.4
"/data_g1/AI_projects/raw_data/PCITB_CRC/HE_raw_images/Tumor/TMA11/TMA 11 Level 16_Core[1,6,10]_[11094,43850].tif",FALSE,"/data_g1/AI_projects/projects/Immune_Cell_Prediction_WK/DIR/nhs/TMA 11 Level 16_Core[1,6,10]_[11094,43850]",0.4
"/data_g1/AI_projects/raw_data/PCITB_CRC/HE_raw_images/Tumor/TMA11/TMA 11 Level 1_Core[1,6,10]_[13197,41032].tif",FALSE,"/data_g1/AI_projects/projects/Immune_Cell_Prediction_WK/DIR/nhs/TMA 11 Level 1_Core[1,6,10]_[13197,41032]",0.4
"/data_g1/AI_projects/raw_data/PCITB_CRC/HE_raw_images/Tumor/TMA11/TMA 11 Level 1_Core[1,6,11]_[12332,41032].tif",FALSE,"/data_g1/AI_projects/projects/Immune_Cell_Prediction_WK/DIR/nhs/TMA 11 Level 1_Core[1,6,11]_[12332,41032]",0.4
"/data_g1/AI_projects/raw_data/PCITB_CRC/HE_raw_images/Tumor/TMA11/TMA 11 Level 16_Core[1,6,11]_[10229,43751].tif",FALSE,"/data_g1/AI_projects/projects/Immune_Cell_Prediction_WK/DIR/nhs/TMA 11 Level 16_Core[1,6,11]_[10229,43751]",0.4
"/data_g1/AI_projects/raw_data/PCITB_CRC/HE_raw_images/Tumor/TMA11/TMA 11 Level 1_Core[1,6,13]_[10625,40958].tif",FALSE,"/data_g1/AI_projects/projects/Immune_Cell_Prediction_WK/DIR/nhs/TMA 11 Level 1_Core[1,6,13]_[10625,40958]",0.4
"/data_g1/AI_projects/raw_data/PCITB_CRC/HE_raw_images/Tumor/TMA11/TMA 11 Level 16_Core[1,6,13]_[8547,43602].tif",FALSE,"/data_g1/AI_projects/projects/Immune_Cell_Prediction_WK/DIR/nhs/TMA 11 Level 16_Core[1,6,13]_[8547,43602]",0.4
"/data_g1/AI_projects/raw_data/PCITB_CRC/HE_raw_images/Tumor/TMA11/TMA 11 Level 1_Core[1,6,5]_[17920,41279].tif",FALSE,"/data_g1/AI_projects/projects/Immune_Cell_Prediction_WK/DIR/nhs/TMA 11 Level 1_Core[1,6,5]_[17920,41279]",0.4
"/data_g1/AI_projects/raw_data/PCITB_CRC/HE_raw_images/Tumor/TMA11/TMA 11 Level 16_Core[1,6,5]_[15644,44344].tif",FALSE,"/data_g1/AI_projects/projects/Immune_Cell_Prediction_WK/DIR/nhs/TMA 11 Level 16_Core[1,6,5]_[15644,44344]",0.4
"/data_g1/AI_projects/raw_data/PCITB_CRC/HE_raw_images/Tumor/TMA11/TMA 11 Level 16_Core[1,6,6]_[14655,44171].tif",FALSE,"/data_g1/AI_projects/projects/Immune_Cell_Prediction_WK/DIR/nhs/TMA 11 Level 16_Core[1,6,6]_[14655,44171]",0.4
"/data_g1/AI_projects/raw_data/PCITB_CRC/HE_raw_images/Tumor/TMA11/TMA 11 Level 1_Core[1,6,7]_[15868,41205].tif",FALSE,"/data_g1/AI_projects/projects/Immune_Cell_Prediction_WK/DIR/nhs/TMA 11 Level 1_Core[1,6,7]_[15868,41205]",0.4
"/data_g1/AI_projects/raw_data/PCITB_CRC/HE_raw_images/Tumor/TMA11/TMA 11 Level 16_Core[1,6,7]_[13740,44097].tif",FALSE,"/data_g1/AI_projects/projects/Immune_Cell_Prediction_WK/DIR/nhs/TMA 11 Level 16_Core[1,6,7]_[13740,44097]",0.4
"/data_g1/AI_projects/raw_data/PCITB_CRC/HE_raw_images/Tumor/TMA11/TMA 11 Level 16_Core[1,6,9]_[12009,43899].tif",FALSE,"/data_g1/AI_projects/projects/Immune_Cell_Prediction_WK/DIR/nhs/TMA 11 Level 16_Core[1,6,9]_[12009,43899]",0.4
"/data_g1/AI_projects/raw_data/PCITB_CRC/HE_raw_images/Tumor/TMA11/TMA 11 Level 1_Core[1,6,9]_[14112,41032].tif",FALSE,"/data_g1/AI_projects/projects/Immune_Cell_Prediction_WK/DIR/nhs/TMA 11 Level 1_Core[1,6,9]_[14112,41032]",0.4
"/data_g1/AI_projects/raw_data/PCITB_CRC/HE_raw_images/Tumor/TMA11/TMA 11 Level 16_Core[1,8,11]_[10076,45168].tif",FALSE,"/data_g1/AI_projects/projects/Immune_Cell_Prediction_WK/DIR/nhs/TMA 11 Level 16_Core[1,8,11]_[10076,45168]",0.4
"/data_g1/AI_projects/raw_data/PCITB_CRC/HE_raw_images/Tumor/TMA11/TMA 11 Level 1_Core[1,8,11]_[12258,42194].tif",FALSE,"/data_g1/AI_projects/projects/Immune_Cell_Prediction_WK/DIR/nhs/TMA 11 Level 1_Core[1,8,11]_[12258,42194]",0.4
"/data_g1/AI_projects/raw_data/PCITB_CRC/HE_raw_images/Tumor/TMA11/TMA 11 Level 16_Core[1,8,13]_[8400,44921].tif",FALSE,"/data_g1/AI_projects/projects/Immune_Cell_Prediction_WK/DIR/nhs/TMA 11 Level 16_Core[1,8,13]_[8400,44921]",0.4
"/data_g1/AI_projects/raw_data/PCITB_CRC/HE_raw_images/Tumor/TMA11/TMA 11 Level 1_Core[1,8,13]_[10601,42194].tif",FALSE,"/data_g1/AI_projects/projects/Immune_Cell_Prediction_WK/DIR/nhs/TMA 11 Level 1_Core[1,8,13]_[10601,42194]",0.4
"/data_g1/AI_projects/raw_data/PCITB_CRC/HE_raw_images/Tumor/TMA11/TMA 11 Level 16_Core[1,8,15]_[6603,44926].tif",FALSE,"/data_g1/AI_projects/projects/Immune_Cell_Prediction_WK/DIR/nhs/TMA 11 Level 16_Core[1,8,15]_[6603,44926]",0.4
"/data_g1/AI_projects/raw_data/PCITB_CRC/HE_raw_images/Tumor/TMA11/TMA 11 Level 1_Core[1,8,15]_[8796,42293].tif",FALSE,"/data_g1/AI_projects/projects/Immune_Cell_Prediction_WK/DIR/nhs/TMA 11 Level 1_Core[1,8,15]_[8796,42293]",0.4
"/data_g1/AI_projects/raw_data/PCITB_CRC/HE_raw_images/Tumor/TMA11/TMA 11 Level 1_Core[1,8,3]_[19676,42491].tif",FALSE,"/data_g1/AI_projects/projects/Immune_Cell_Prediction_WK/DIR/nhs/TMA 11 Level 1_Core[1,8,3]_[19676,42491]",0.4
"/data_g1/AI_projects/raw_data/PCITB_CRC/HE_raw_images/Tumor/TMA11/TMA 11 Level 16_Core[1,8,3]_[17395,45613].tif",FALSE,"/data_g1/AI_projects/projects/Immune_Cell_Prediction_WK/DIR/nhs/TMA 11 Level 16_Core[1,8,3]_[17395,45613]",0.4
"/data_g1/AI_projects/raw_data/PCITB_CRC/HE_raw_images/Tumor/TMA11/TMA 11 Level 16_Core[1,8,7]_[13809,45440].tif",FALSE,"/data_g1/AI_projects/projects/Immune_Cell_Prediction_WK/DIR/nhs/TMA 11 Level 16_Core[1,8,7]_[13809,45440]",0.4
"/data_g1/AI_projects/raw_data/PCITB_CRC/HE_raw_images/Tumor/TMA11/TMA 11 Level 1_Core[1,8,7]_[16041,42442].tif",FALSE,"/data_g1/AI_projects/projects/Immune_Cell_Prediction_WK/DIR/nhs/TMA 11 Level 1_Core[1,8,7]_[16041,42442]",0.4
"/data_g1/AI_projects/raw_data/PCITB_CRC/HE_raw_images/Tumor/TMA11/TMA 11 Level 1_Core[1,8,9]_[14088,42269].tif",FALSE,"/data_g1/AI_projects/projects/Immune_Cell_Prediction_WK/DIR/nhs/TMA 11 Level 1_Core[1,8,9]_[14088,42269]",0.4
"/data_g1/AI_projects/raw_data/PCITB_CRC/HE_raw_images/Tumor/TMA11/TMA 11 Level 1_Core[1,9,1]_[21457,43258].tif",FALSE,"/data_g1/AI_projects/projects/Immune_Cell_Prediction_WK/DIR/nhs/TMA 11 Level 1_Core[1,9,1]_[21457,43258]",0.4
"/data_g1/AI_projects/raw_data/PCITB_CRC/HE_raw_images/Tumor/TMA11/TMA 11 Level 16_Core[1,9,1]_[19126,46676].tif",FALSE,"/data_g1/AI_projects/projects/Immune_Cell_Prediction_WK/DIR/nhs/TMA 11 Level 16_Core[1,9,1]_[19126,46676]",0.4
"/data_g1/AI_projects/raw_data/PCITB_CRC/HE_raw_images/Tumor/TMA11/TMA 11 Level 1_Core[1,9,14]_[9686,42986].tif",FALSE,"/data_g1/AI_projects/projects/Immune_Cell_Prediction_WK/DIR/nhs/TMA 11 Level 1_Core[1,9,14]_[9686,42986]",0.4
"/data_g1/AI_projects/raw_data/PCITB_CRC/HE_raw_images/Tumor/TMA11/TMA 11 Level 16_Core[1,9,14]_[7405,45712].tif",FALSE,"/data_g1/AI_projects/projects/Immune_Cell_Prediction_WK/DIR/nhs/TMA 11 Level 16_Core[1,9,14]_[7405,45712]",0.4
"/data_g1/AI_projects/raw_data/PCITB_CRC/HE_raw_images/Tumor/TMA11/TMA 11 Level 1_Core[1,9,3]_[19701,43159].tif",FALSE,"/data_g1/AI_projects/projects/Immune_Cell_Prediction_WK/DIR/nhs/TMA 11 Level 1_Core[1,9,3]_[19701,43159]",0.4
"/data_g1/AI_projects/raw_data/PCITB_CRC/HE_raw_images/Tumor/TMA11/TMA 11 Level 16_Core[1,9,3]_[17370,46380].tif",FALSE,"/data_g1/AI_projects/projects/Immune_Cell_Prediction_WK/DIR/nhs/TMA 11 Level 16_Core[1,9,3]_[17370,46380]",0.4
"/data_g1/AI_projects/raw_data/PCITB_CRC/HE_raw_images/Tumor/TMA11/TMA 11 Level 1_Core[1,9,9]_[14063,42986].tif",FALSE,"/data_g1/AI_projects/projects/Immune_Cell_Prediction_WK/DIR/nhs/TMA 11 Level 1_Core[1,9,9]_[14063,42986]",0.4
"/data_g1/AI_projects/raw_data/PCITB_CRC/HE_raw_images/Tumor/TMA11/TMA 11 Level 16_Core[1,9,9]_[11831,45984].tif",FALSE,"/data_g1/AI_projects/projects/Immune_Cell_Prediction_WK/DIR/nhs/TMA 11 Level 16_Core[1,9,9]_[11831,45984]",0.4
"/data_g1/AI_projects/raw_data/PCITB_CRC/HE_raw_images/Tumor/TMA12/TMA 12 Level 1_Core[1,1,1]_[3418,35419].tif",FALSE,"/data_g1/AI_projects/projects/Immune_Cell_Prediction_WK/DIR/nhs/TMA 12 Level 1_Core[1,1,1]_[3418,35419]",0.4
"/data_g1/AI_projects/raw_data/PCITB_CRC/HE_raw_images/Tumor/TMA12/TMA 12 Level 16_Core[2,1,1]_[5074,36840].tif",FALSE,"/data_g1/AI_projects/projects/Immune_Cell_Prediction_WK/DIR/nhs/TMA 12 Level 16_Core[2,1,1]_[5074,36840]",0.4
"/data_g1/AI_projects/raw_data/PCITB_CRC/HE_raw_images/Tumor/TMA12/TMA 12 Level 1_Core[1,1,10]_[3430,43580].tif",FALSE,"/data_g1/AI_projects/projects/Immune_Cell_Prediction_WK/DIR/nhs/TMA 12 Level 1_Core[1,1,10]_[3430,43580]",0.4
"/data_g1/AI_projects/raw_data/PCITB_CRC/HE_raw_images/Tumor/TMA12/TMA 12 Level 16_Core[2,1,10]_[5173,43294].tif",FALSE,"/data_g1/AI_projects/projects/Immune_Cell_Prediction_WK/DIR/nhs/TMA 12 Level 16_Core[2,1,10]_[5173,43294]",0.4
"/data_g1/AI_projects/raw_data/PCITB_CRC/HE_raw_images/Tumor/TMA12/TMA 12 Level 1_Core[1,1,11]_[3455,44396].tif",FALSE,"/data_g1/AI_projects/projects/Immune_Cell_Prediction_WK/DIR/nhs/TMA 12 Level 1_Core[1,1,11]_[3455,44396]",0.4
"/data_g1/AI_projects/raw_data/PCITB_CRC/HE_raw_images/Tumor/TMA12/TMA 12 Level 16_Core[2,1,12]_[5198,44753].tif",FALSE,"/data_g1/AI_projects/projects/Immune_Cell_Prediction_WK/DIR/nhs/TMA 12 Level 16_Core[2,1,12]_[5198,44753]",0.4
"/data_g1/AI_projects/raw_data/PCITB_CRC/HE_raw_images/Tumor/TMA12/TMA 12 Level 16_Core[2,1,14]_[5272,46262].tif",FALSE,"/data_g1/AI_projects/projects/Immune_Cell_Prediction_WK/DIR/nhs/TMA 12 Level 16_Core[2,1,14]_[5272,46262]",0.4
"/data_g1/AI_projects/raw_data/PCITB_CRC/HE_raw_images/Tumor/TMA12/TMA 12 Level 1_Core[1,1,14]_[3356,46893].tif",FALSE,"/data_g1/AI_projects/projects/Immune_Cell_Prediction_WK/DIR/nhs/TMA 12 Level 1_Core[1,1,14]_[3356,46893]",0.4
"/data_g1/AI_projects/raw_data/PCITB_CRC/HE_raw_images/Tumor/TMA12/TMA 12 Level 1_Core[1,1,15]_[3406,47808].tif",FALSE,"/data_g1/AI_projects/projects/Immune_Cell_Prediction_WK/DIR/nhs/TMA 12 Level 1_Core[1,1,15]_[3406,47808]",0.4
"/data_g1/AI_projects/raw_data/PCITB_CRC/HE_raw_images/Tumor/TMA12/TMA 12 Level 16_Core[2,1,15]_[5346,47053].tif",FALSE,"/data_g1/AI_projects/projects/Immune_Cell_Prediction_WK/DIR/nhs/TMA 12 Level 16_Core[2,1,15]_[5346,47053]",0.4
"/data_g1/AI_projects/raw_data/PCITB_CRC/HE_raw_images/Tumor/TMA12/TMA 12 Level 16_Core[2,1,16]_[5494,47894].tif",FALSE,"/data_g1/AI_projects/projects/Immune_Cell_Prediction_WK/DIR/nhs/TMA 12 Level 16_Core[2,1,16]_[5494,47894]",0.4
"/data_g1/AI_projects/raw_data/PCITB_CRC/HE_raw_images/Tumor/TMA12/TMA 12 Level 1_Core[1,1,16]_[3305,48672].tif",FALSE,"/data_g1/AI_projects/projects/Immune_Cell_Prediction_WK/DIR/nhs/TMA 12 Level 1_Core[1,1,16]_[3305,48672]",0.4
"/data_g1/AI_projects/raw_data/PCITB_CRC/HE_raw_images/Tumor/TMA12/TMA 12 Level 1_Core[1,1,17]_[3527,49611].tif",FALSE,"/data_g1/AI_projects/projects/Immune_Cell_Prediction_WK/DIR/nhs/TMA 12 Level 1_Core[1,1,17]_[3527,49611]",0.4
"/data_g1/AI_projects/raw_data/PCITB_CRC/HE_raw_images/Tumor/TMA12/TMA 12 Level 16_Core[2,1,17]_[5445,48636].tif",FALSE,"/data_g1/AI_projects/projects/Immune_Cell_Prediction_WK/DIR/nhs/TMA 12 Level 16_Core[2,1,17]_[5445,48636]",0.4
"/data_g1/AI_projects/raw_data/PCITB_CRC/HE_raw_images/Tumor/TMA12/TMA 12 Level 16_Core[2,1,18]_[5519,49328].tif",FALSE,"/data_g1/AI_projects/projects/Immune_Cell_Prediction_WK/DIR/nhs/TMA 12 Level 16_Core[2,1,18]_[5519,49328]",0.4
"/data_g1/AI_projects/raw_data/PCITB_CRC/HE_raw_images/Tumor/TMA12/TMA 12 Level 1_Core[1,1,18]_[3552,50452].tif",FALSE,"/data_g1/AI_projects/projects/Immune_Cell_Prediction_WK/DIR/nhs/TMA 12 Level 1_Core[1,1,18]_[3552,50452]",0.4
"/data_g1/AI_projects/raw_data/PCITB_CRC/HE_raw_images/Tumor/TMA12/TMA 12 Level 16_Core[2,1,2]_[5134,37596].tif",FALSE,"/data_g1/AI_projects/projects/Immune_Cell_Prediction_WK/DIR/nhs/TMA 12 Level 16_Core[2,1,2]_[5134,37596]",0.4
"/data_g1/AI_projects/raw_data/PCITB_CRC/HE_raw_images/Tumor/TMA12/TMA 12 Level 16_Core[2,1,20]_[5667,50688].tif",FALSE,"/data_g1/AI_projects/projects/Immune_Cell_Prediction_WK/DIR/nhs/TMA 12 Level 16_Core[2,1,20]_[5667,50688]",0.4
"/data_g1/AI_projects/raw_data/PCITB_CRC/HE_raw_images/Tumor/TMA12/TMA 12 Level 1_Core[1,1,20]_[3676,52158].tif",FALSE,"/data_g1/AI_projects/projects/Immune_Cell_Prediction_WK/DIR/nhs/TMA 12 Level 1_Core[1,1,20]_[3676,52158]",0.4
"/data_g1/AI_projects/raw_data/PCITB_CRC/HE_raw_images/Tumor/TMA12/TMA 12 Level 16_Core[2,1,21]_[5816,51479].tif",FALSE,"/data_g1/AI_projects/projects/Immune_Cell_Prediction_WK/DIR/nhs/TMA 12 Level 16_Core[2,1,21]_[5816,51479]",0.4
"/data_g1/AI_projects/raw_data/PCITB_CRC/HE_raw_images/Tumor/TMA12/TMA 12 Level 1_Core[2,1,21]_[3821,53107].tif",FALSE,"/data_g1/AI_projects/projects/Immune_Cell_Prediction_WK/DIR/nhs/TMA 12 Level 1_Core[2,1,21]_[3821,53107]",0.4
"/data_g1/AI_projects/raw_data/PCITB_CRC/HE_raw_images/Tumor/TMA12/TMA 12 Level 16_Core[2,1,22]_[5865,52246].tif",FALSE,"/data_g1/AI_projects/projects/Immune_Cell_Prediction_WK/DIR/nhs/TMA 12 Level 16_Core[2,1,22]_[5865,52246]",0.4
"/data_g1/AI_projects/raw_data/PCITB_CRC/HE_raw_images/Tumor/TMA12/TMA 12 Level 1_Core[2,1,22]_[3944,54022].tif",FALSE,"/data_g1/AI_projects/projects/Immune_Cell_Prediction_WK/DIR/nhs/TMA 12 Level 1_Core[2,1,22]_[3944,54022]",0.4
"/data_g1/AI_projects/raw_data/PCITB_CRC/HE_raw_images/Tumor/TMA12/TMA 12 Level 16_Core[2,1,3]_[5148,38300].tif",FALSE,"/data_g1/AI_projects/projects/Immune_Cell_Prediction_WK/DIR/nhs/TMA 12 Level 16_Core[2,1,3]_[5148,38300]",0.4
"/data_g1/AI_projects/raw_data/PCITB_CRC/HE_raw_images/Tumor/TMA12/TMA 12 Level 1_Core[1,1,3]_[3443,37150].tif",FALSE,"/data_g1/AI_projects/projects/Immune_Cell_Prediction_WK/DIR/nhs/TMA 12 Level 1_Core[1,1,3]_[3443,37150]",0.4
"/data_g1/AI_projects/raw_data/PCITB_CRC/HE_raw_images/Tumor/TMA12/TMA 12 Level 1_Core[1,1,4]_[3294,38041].tif",FALSE,"/data_g1/AI_projects/projects/Immune_Cell_Prediction_WK/DIR/nhs/TMA 12 Level 1_Core[1,1,4]_[3294,38041]",0.4
"/data_g1/AI_projects/raw_data/PCITB_CRC/HE_raw_images/Tumor/TMA12/TMA 12 Level 16_Core[2,1,4]_[5000,38992].tif",FALSE,"/data_g1/AI_projects/projects/Immune_Cell_Prediction_WK/DIR/nhs/TMA 12 Level 16_Core[2,1,4]_[5000,38992]",0.4
"/data_g1/AI_projects/raw_data/PCITB_CRC/HE_raw_images/Tumor/TMA12/TMA 12 Level 1_Core[1,1,5]_[3344,38832].tif",FALSE,"/data_g1/AI_projects/projects/Immune_Cell_Prediction_WK/DIR/nhs/TMA 12 Level 1_Core[1,1,5]_[3344,38832]",0.4
"/data_g1/AI_projects/raw_data/PCITB_CRC/HE_raw_images/Tumor/TMA12/TMA 12 Level 16_Core[2,1,5]_[5123,39610].tif",FALSE,"/data_g1/AI_projects/projects/Immune_Cell_Prediction_WK/DIR/nhs/TMA 12 Level 16_Core[2,1,5]_[5123,39610]",0.4
"/data_g1/AI_projects/raw_data/PCITB_CRC/HE_raw_images/Tumor/TMA12/TMA 12 Level 16_Core[2,1,6]_[5123,40327].tif",FALSE,"/data_g1/AI_projects/projects/Immune_Cell_Prediction_WK/DIR/nhs/TMA 12 Level 16_Core[2,1,6]_[5123,40327]",0.4
"/data_g1/AI_projects/raw_data/PCITB_CRC/HE_raw_images/Tumor/TMA12/TMA 12 Level 1_Core[1,1,6]_[3319,39772].tif",FALSE,"/data_g1/AI_projects/projects/Immune_Cell_Prediction_WK/DIR/nhs/TMA 12 Level 1_Core[1,1,6]_[3319,39772]",0.4
"/data_g1/AI_projects/raw_data/PCITB_CRC/HE_raw_images/Tumor/TMA12/TMA 12 Level 16_Core[2,1,7]_[5099,41069].tif",FALSE,"/data_g1/AI_projects/projects/Immune_Cell_Prediction_WK/DIR/nhs/TMA 12 Level 16_Core[2,1,7]_[5099,41069]",0.4
"/data_g1/AI_projects/raw_data/PCITB_CRC/HE_raw_images/Tumor/TMA12/TMA 12 Level 16_Core[2,1,8]_[5123,41836].tif",FALSE,"/data_g1/AI_projects/projects/Immune_Cell_Prediction_WK/DIR/nhs/TMA 12 Level 16_Core[2,1,8]_[5123,41836]",0.4
"/data_g1/AI_projects/raw_data/PCITB_CRC/HE_raw_images/Tumor/TMA12/TMA 12 Level 1_Core[1,1,8]_[3406,41898].tif",FALSE,"/data_g1/AI_projects/projects/Immune_Cell_Prediction_WK/DIR/nhs/TMA 12 Level 1_Core[1,1,8]_[3406,41898]",0.4
"/data_g1/AI_projects/raw_data/PCITB_CRC/HE_raw_images/Tumor/TMA12/TMA 12 Level 1_Core[1,1,9]_[3381,42714].tif",FALSE,"/data_g1/AI_projects/projects/Immune_Cell_Prediction_WK/DIR/nhs/TMA 12 Level 1_Core[1,1,9]_[3381,42714]",0.4
"/data_g1/AI_projects/raw_data/PCITB_CRC/HE_raw_images/Tumor/TMA12/TMA 12 Level 16_Core[2,1,9]_[5173,42553].tif",FALSE,"/data_g1/AI_projects/projects/Immune_Cell_Prediction_WK/DIR/nhs/TMA 12 Level 16_Core[2,1,9]_[5173,42553]",0.4
"/data_g1/AI_projects/raw_data/PCITB_CRC/HE_raw_images/Tumor/TMA12/TMA 12 Level 1_Core[2,10,13]_[11343,46089].tif",FALSE,"/data_g1/AI_projects/projects/Immune_Cell_Prediction_WK/DIR/nhs/TMA 12 Level 1_Core[2,10,13]_[11343,46089]",0.4
"/data_g1/AI_projects/raw_data/PCITB_CRC/HE_raw_images/Tumor/TMA12/TMA 12 Level 16_Core[2,10,13]_[12863,45273].tif",FALSE,"/data_g1/AI_projects/projects/Immune_Cell_Prediction_WK/DIR/nhs/TMA 12 Level 16_Core[2,10,13]_[12863,45273]",0.4
"/data_g1/AI_projects/raw_data/PCITB_CRC/HE_raw_images/Tumor/TMA12/TMA 12 Level 16_Core[2,10,14]_[12962,46089].tif",FALSE,"/data_g1/AI_projects/projects/Immune_Cell_Prediction_WK/DIR/nhs/TMA 12 Level 16_Core[2,10,14]_[12962,46089]",0.4
"/data_g1/AI_projects/raw_data/PCITB_CRC/HE_raw_images/Tumor/TMA12/TMA 12 Level 1_Core[2,10,14]_[11398,46880].tif",FALSE,"/data_g1/AI_projects/projects/Immune_Cell_Prediction_WK/DIR/nhs/TMA 12 Level 1_Core[2,10,14]_[11398,46880]",0.4
"/data_g1/AI_projects/raw_data/PCITB_CRC/HE_raw_images/Tumor/TMA12/TMA 12 Level 1_Core[2,10,18]_[11471,50248].tif",FALSE,"/data_g1/AI_projects/projects/Immune_Cell_Prediction_WK/DIR/nhs/TMA 12 Level 1_Core[2,10,18]_[11471,50248]",0.4
"/data_g1/AI_projects/raw_data/PCITB_CRC/HE_raw_images/Tumor/TMA12/TMA 12 Level 16_Core[2,10,18]_[13135,48982].tif",FALSE,"/data_g1/AI_projects/projects/Immune_Cell_Prediction_WK/DIR/nhs/TMA 12 Level 16_Core[2,10,18]_[13135,48982]",0.4
"/data_g1/AI_projects/raw_data/PCITB_CRC/HE_raw_images/Tumor/TMA12/TMA 12 Level 16_Core[2,10,20]_[13259,50441].tif",FALSE,"/data_g1/AI_projects/projects/Immune_Cell_Prediction_WK/DIR/nhs/TMA 12 Level 16_Core[2,10,20]_[13259,50441]",0.4
"/data_g1/AI_projects/raw_data/PCITB_CRC/HE_raw_images/Tumor/TMA12/TMA 12 Level 1_Core[2,10,20]_[11676,52011].tif",FALSE,"/data_g1/AI_projects/projects/Immune_Cell_Prediction_WK/DIR/nhs/TMA 12 Level 1_Core[2,10,20]_[11676,52011]",0.4
"/data_g1/AI_projects/raw_data/PCITB_CRC/HE_raw_images/Tumor/TMA12/TMA 12 Level 1_Core[1,10,3]_[11392,37138].tif",FALSE,"/data_g1/AI_projects/projects/Immune_Cell_Prediction_WK/DIR/nhs/TMA 12 Level 1_Core[1,10,3]_[11392,37138]",0.4
"/data_g1/AI_projects/raw_data/PCITB_CRC/HE_raw_images/Tumor/TMA12/TMA 12 Level 16_Core[2,10,3]_[12814,38028].tif",FALSE,"/data_g1/AI_projects/projects/Immune_Cell_Prediction_WK/DIR/nhs/TMA 12 Level 16_Core[2,10,3]_[12814,38028]",0.4
"/data_g1/AI_projects/raw_data/PCITB_CRC/HE_raw_images/Tumor/TMA12/TMA 12 Level 1_Core[1,10,4]_[11392,37954].tif",FALSE,"/data_g1/AI_projects/projects/Immune_Cell_Prediction_WK/DIR/nhs/TMA 12 Level 1_Core[1,10,4]_[11392,37954]",0.4
"/data_g1/AI_projects/raw_data/PCITB_CRC/HE_raw_images/Tumor/TMA12/TMA 12 Level 1_Core[2,10,8]_[11368,41910].tif",FALSE,"/data_g1/AI_projects/projects/Immune_Cell_Prediction_WK/DIR/nhs/TMA 12 Level 1_Core[2,10,8]_[11368,41910]",0.4
"/data_g1/AI_projects/raw_data/PCITB_CRC/HE_raw_images/Tumor/TMA12/TMA 12 Level 16_Core[2,10,8]_[12863,41613].tif",FALSE,"/data_g1/AI_projects/projects/Immune_Cell_Prediction_WK/DIR/nhs/TMA 12 Level 16_Core[2,10,8]_[12863,41613]",0.4
"/data_g1/AI_projects/raw_data/PCITB_CRC/HE_raw_images/Tumor/TMA12/TMA 12 Level 1_Core[2,10,9]_[11368,42701].tif",FALSE,"/data_g1/AI_projects/projects/Immune_Cell_Prediction_WK/DIR/nhs/TMA 12 Level 1_Core[2,10,9]_[11368,42701]",0.4
"/data_g1/AI_projects/raw_data/PCITB_CRC/HE_raw_images/Tumor/TMA12/TMA 12 Level 16_Core[2,10,9]_[12888,42281].tif",FALSE,"/data_g1/AI_projects/projects/Immune_Cell_Prediction_WK/DIR/nhs/TMA 12 Level 16_Core[2,10,9]_[12888,42281]",0.4
"/data_g1/AI_projects/raw_data/PCITB_CRC/HE_raw_images/Tumor/TMA12/TMA 12 Level 16_Core[2,11,1]_[13506,36445].tif",FALSE,"/data_g1/AI_projects/projects/Immune_Cell_Prediction_WK/DIR/nhs/TMA 12 Level 16_Core[2,11,1]_[13506,36445]",0.4
"/data_g1/AI_projects/raw_data/PCITB_CRC/HE_raw_images/Tumor/TMA12/TMA 12 Level 1_Core[1,11,1]_[12109,35357].tif",FALSE,"/data_g1/AI_projects/projects/Immune_Cell_Prediction_WK/DIR/nhs/TMA 12 Level 1_Core[1,11,1]_[12109,35357]",0.4
"/data_g1/AI_projects/raw_data/PCITB_CRC/HE_raw_images/Tumor/TMA12/TMA 12 Level 16_Core[2,11,10]_[13704,42973].tif",FALSE,"/data_g1/AI_projects/projects/Immune_Cell_Prediction_WK/DIR/nhs/TMA 12 Level 16_Core[2,11,10]_[13704,42973]",0.4
"/data_g1/AI_projects/raw_data/PCITB_CRC/HE_raw_images/Tumor/TMA12/TMA 12 Level 1_Core[2,11,10]_[12258,43517].tif",FALSE,"/data_g1/AI_projects/projects/Immune_Cell_Prediction_WK/DIR/nhs/TMA 12 Level 1_Core[2,11,10]_[12258,43517]",0.4
"/data_g1/AI_projects/raw_data/PCITB_CRC/HE_raw_images/Tumor/TMA12/TMA 12 Level 16_Core[2,11,11]_[13654,43641].tif",FALSE,"/data_g1/AI_projects/projects/Immune_Cell_Prediction_WK/DIR/nhs/TMA 12 Level 16_Core[2,11,11]_[13654,43641]",0.4
"/data_g1/AI_projects/raw_data/PCITB_CRC/HE_raw_images/Tumor/TMA12/TMA 12 Level 1_Core[2,11,11]_[12233,44284].tif",FALSE,"/data_g1/AI_projects/projects/Immune_Cell_Prediction_WK/DIR/nhs/TMA 12 Level 1_Core[2,11,11]_[12233,44284]",0.4
"/data_g1/AI_projects/raw_data/PCITB_CRC/HE_raw_images/Tumor/TMA12/TMA 12 Level 16_Core[2,11,12]_[13828,44407].tif",FALSE,"/data_g1/AI_projects/projects/Immune_Cell_Prediction_WK/DIR/nhs/TMA 12 Level 16_Core[2,11,12]_[13828,44407]",0.4
"/data_g1/AI_projects/raw_data/PCITB_CRC/HE_raw_images/Tumor/TMA12/TMA 12 Level 1_Core[2,11,12]_[12456,45075].tif",FALSE,"/data_g1/AI_projects/projects/Immune_Cell_Prediction_WK/DIR/nhs/TMA 12 Level 1_Core[2,11,12]_[12456,45075]",0.4
"/data_g1/AI_projects/raw_data/PCITB_CRC/HE_raw_images/Tumor/TMA12/TMA 12 Level 16_Core[2,11,13]_[13729,45223].tif",FALSE,"/data_g1/AI_projects/projects/Immune_Cell_Prediction_WK/DIR/nhs/TMA 12 Level 16_Core[2,11,13]_[13729,45223]",0.4
"/data_g1/AI_projects/raw_data/PCITB_CRC/HE_raw_images/Tumor/TMA12/TMA 12 Level 16_Core[2,11,15]_[13828,46781].tif",FALSE,"/data_g1/AI_projects/projects/Immune_Cell_Prediction_WK/DIR/nhs/TMA 12 Level 16_Core[2,11,15]_[13828,46781]",0.4
"/data_g1/AI_projects/raw_data/PCITB_CRC/HE_raw_images/Tumor/TMA12/TMA 12 Level 1_Core[2,11,15]_[12319,47733].tif",FALSE,"/data_g1/AI_projects/projects/Immune_Cell_Prediction_WK/DIR/nhs/TMA 12 Level 1_Core[2,11,15]_[12319,47733]",0.4
"/data_g1/AI_projects/raw_data/PCITB_CRC/HE_raw_images/Tumor/TMA12/TMA 12 Level 16_Core[2,11,17]_[13902,48215].tif",FALSE,"/data_g1/AI_projects/projects/Immune_Cell_Prediction_WK/DIR/nhs/TMA 12 Level 16_Core[2,11,17]_[13902,48215]",0.4
"/data_g1/AI_projects/raw_data/PCITB_CRC/HE_raw_images/Tumor/TMA12/TMA 12 Level 16_Core[2,11,20]_[14050,50416].tif",FALSE,"/data_g1/AI_projects/projects/Immune_Cell_Prediction_WK/DIR/nhs/TMA 12 Level 16_Core[2,11,20]_[14050,50416]",0.4
"/data_g1/AI_projects/raw_data/PCITB_CRC/HE_raw_images/Tumor/TMA12/TMA 12 Level 1_Core[2,11,20]_[12517,51937].tif",FALSE,"/data_g1/AI_projects/projects/Immune_Cell_Prediction_WK/DIR/nhs/TMA 12 Level 1_Core[2,11,20]_[12517,51937]",0.4
"/data_g1/AI_projects/raw_data/PCITB_CRC/HE_raw_images/Tumor/TMA12/TMA 12 Level 1_Core[2,11,21]_[12566,52802].tif",FALSE,"/data_g1/AI_projects/projects/Immune_Cell_Prediction_WK/DIR/nhs/TMA 12 Level 1_Core[2,11,21]_[12566,52802]",0.4
"/data_g1/AI_projects/raw_data/PCITB_CRC/HE_raw_images/Tumor/TMA12/TMA 12 Level 16_Core[2,11,21]_[14050,51158].tif",FALSE,"/data_g1/AI_projects/projects/Immune_Cell_Prediction_WK/DIR/nhs/TMA 12 Level 16_Core[2,11,21]_[14050,51158]",0.4
"/data_g1/AI_projects/raw_data/PCITB_CRC/HE_raw_images/Tumor/TMA12/TMA 12 Level 1_Core[2,11,22]_[12591,53742].tif",FALSE,"/data_g1/AI_projects/projects/Immune_Cell_Prediction_WK/DIR/nhs/TMA 12 Level 1_Core[2,11,22]_[12591,53742]",0.4
"/data_g1/AI_projects/raw_data/PCITB_CRC/HE_raw_images/Tumor/TMA12/TMA 12 Level 16_Core[2,11,22]_[14198,51999].tif",FALSE,"/data_g1/AI_projects/projects/Immune_Cell_Prediction_WK/DIR/nhs/TMA 12 Level 16_Core[2,11,22]_[14198,51999]",0.4
"/data_g1/AI_projects/raw_data/PCITB_CRC/HE_raw_images/Tumor/TMA12/TMA 12 Level 16_Core[2,11,4]_[13654,38596].tif",FALSE,"/data_g1/AI_projects/projects/Immune_Cell_Prediction_WK/DIR/nhs/TMA 12 Level 16_Core[2,11,4]_[13654,38596]",0.4
"/data_g1/AI_projects/raw_data/PCITB_CRC/HE_raw_images/Tumor/TMA12/TMA 12 Level 1_Core[1,11,4]_[12282,38003].tif",FALSE,"/data_g1/AI_projects/projects/Immune_Cell_Prediction_WK/DIR/nhs/TMA 12 Level 1_Core[1,11,4]_[12282,38003]",0.4
"/data_g1/AI_projects/raw_data/PCITB_CRC/HE_raw_images/Tumor/TMA12/TMA 12 Level 16_Core[2,11,5]_[13679,39363].tif",FALSE,"/data_g1/AI_projects/projects/Immune_Cell_Prediction_WK/DIR/nhs/TMA 12 Level 16_Core[2,11,5]_[13679,39363]",0.4
"/data_g1/AI_projects/raw_data/PCITB_CRC/HE_raw_images/Tumor/TMA12/TMA 12 Level 1_Core[1,11,5]_[12282,38844].tif",FALSE,"/data_g1/AI_projects/projects/Immune_Cell_Prediction_WK/DIR/nhs/TMA 12 Level 1_Core[1,11,5]_[12282,38844]",0.4
"/data_g1/AI_projects/raw_data/PCITB_CRC/HE_raw_images/Tumor/TMA12/TMA 12 Level 16_Core[2,11,6]_[13679,40129].tif",FALSE,"/data_g1/AI_projects/projects/Immune_Cell_Prediction_WK/DIR/nhs/TMA 12 Level 16_Core[2,11,6]_[13679,40129]",0.4
"/data_g1/AI_projects/raw_data/PCITB_CRC/HE_raw_images/Tumor/TMA12/TMA 12 Level 1_Core[1,11,6]_[12258,39784].tif",FALSE,"/data_g1/AI_projects/projects/Immune_Cell_Prediction_WK/DIR/nhs/TMA 12 Level 1_Core[1,11,6]_[12258,39784]",0.4
"/data_g1/AI_projects/raw_data/PCITB_CRC/HE_raw_images/Tumor/TMA12/TMA 12 Level 16_Core[2,11,8]_[13704,41489].tif",FALSE,"/data_g1/AI_projects/projects/Immune_Cell_Prediction_WK/DIR/nhs/TMA 12 Level 16_Core[2,11,8]_[13704,41489]",0.4
"/data_g1/AI_projects/raw_data/PCITB_CRC/HE_raw_images/Tumor/TMA12/TMA 12 Level 1_Core[2,11,8]_[12233,41811].tif",FALSE,"/data_g1/AI_projects/projects/Immune_Cell_Prediction_WK/DIR/nhs/TMA 12 Level 1_Core[2,11,8]_[12233,41811]",0.4
"/data_g1/AI_projects/raw_data/PCITB_CRC/HE_raw_images/Tumor/TMA12/TMA 12 Level 16_Core[2,11,9]_[13729,42206].tif",FALSE,"/data_g1/AI_projects/projects/Immune_Cell_Prediction_WK/DIR/nhs/TMA 12 Level 16_Core[2,11,9]_[13729,42206]",0.4
"/data_g1/AI_projects/raw_data/PCITB_CRC/HE_raw_images/Tumor/TMA12/TMA 12 Level 1_Core[2,11,9]_[12233,42677].tif",FALSE,"/data_g1/AI_projects/projects/Immune_Cell_Prediction_WK/DIR/nhs/TMA 12 Level 1_Core[2,11,9]_[12233,42677]",0.4
"/data_g1/AI_projects/raw_data/PCITB_CRC/HE_raw_images/Tumor/TMA12/TMA 12 Level 1_Core[2,12,14]_[13234,46818].tif",FALSE,"/data_g1/AI_projects/projects/Immune_Cell_Prediction_WK/DIR/nhs/TMA 12 Level 1_Core[2,12,14]_[13234,46818]",0.4
"/data_g1/AI_projects/raw_data/PCITB_CRC/HE_raw_images/Tumor/TMA12/TMA 12 Level 16_Core[2,12,14]_[14668,45965].tif",FALSE,"/data_g1/AI_projects/projects/Immune_Cell_Prediction_WK/DIR/nhs/TMA 12 Level 16_Core[2,12,14]_[14668,45965]",0.4
"/data_g1/AI_projects/raw_data/PCITB_CRC/HE_raw_images/Tumor/TMA12/TMA 12 Level 1_Core[2,12,18]_[13333,50181].tif",FALSE,"/data_g1/AI_projects/projects/Immune_Cell_Prediction_WK/DIR/nhs/TMA 12 Level 1_Core[2,12,18]_[13333,50181]",0.4
"/data_g1/AI_projects/raw_data/PCITB_CRC/HE_raw_images/Tumor/TMA12/TMA 12 Level 16_Core[2,12,18]_[14792,48982].tif",FALSE,"/data_g1/AI_projects/projects/Immune_Cell_Prediction_WK/DIR/nhs/TMA 12 Level 16_Core[2,12,18]_[14792,48982]",0.4
"/data_g1/AI_projects/raw_data/PCITB_CRC/HE_raw_images/Tumor/TMA12/TMA 12 Level 1_Core[2,12,21]_[13407,52704].tif",FALSE,"/data_g1/AI_projects/projects/Immune_Cell_Prediction_WK/DIR/nhs/TMA 12 Level 1_Core[2,12,21]_[13407,52704]",0.4
"/data_g1/AI_projects/raw_data/PCITB_CRC/HE_raw_images/Tumor/TMA12/TMA 12 Level 16_Core[2,12,21]_[14916,51108].tif",FALSE,"/data_g1/AI_projects/projects/Immune_Cell_Prediction_WK/DIR/nhs/TMA 12 Level 16_Core[2,12,21]_[14916,51108]",0.4
"/data_g1/AI_projects/raw_data/PCITB_CRC/HE_raw_images/Tumor/TMA12/TMA 12 Level 16_Core[2,12,22]_[15014,51974].tif",FALSE,"/data_g1/AI_projects/projects/Immune_Cell_Prediction_WK/DIR/nhs/TMA 12 Level 16_Core[2,12,22]_[15014,51974]",0.4
"/data_g1/AI_projects/raw_data/PCITB_CRC/HE_raw_images/Tumor/TMA12/TMA 12 Level 1_Core[1,12,3]_[13173,37138].tif",FALSE,"/data_g1/AI_projects/projects/Immune_Cell_Prediction_WK/DIR/nhs/TMA 12 Level 1_Core[1,12,3]_[13173,37138]",0.4
"/data_g1/AI_projects/raw_data/PCITB_CRC/HE_raw_images/Tumor/TMA12/TMA 12 Level 16_Core[2,12,3]_[14520,37904].tif",FALSE,"/data_g1/AI_projects/projects/Immune_Cell_Prediction_WK/DIR/nhs/TMA 12 Level 16_Core[2,12,3]_[14520,37904]",0.4
"/data_g1/AI_projects/raw_data/PCITB_CRC/HE_raw_images/Tumor/TMA12/TMA 12 Level 1_Core[1,12,4]_[13148,37978].tif",FALSE,"/data_g1/AI_projects/projects/Immune_Cell_Prediction_WK/DIR/nhs/TMA 12 Level 1_Core[1,12,4]_[13148,37978]",0.4
"/data_g1/AI_projects/raw_data/PCITB_CRC/HE_raw_images/Tumor/TMA12/TMA 12 Level 16_Core[2,12,4]_[14470,38596].tif",FALSE,"/data_g1/AI_projects/projects/Immune_Cell_Prediction_WK/DIR/nhs/TMA 12 Level 16_Core[2,12,4]_[14470,38596]",0.4
"/data_g1/AI_projects/raw_data/PCITB_CRC/HE_raw_images/Tumor/TMA12/TMA 12 Level 16_Core[2,13,1]_[15089,36346].tif",FALSE,"/data_g1/AI_projects/projects/Immune_Cell_Prediction_WK/DIR/nhs/TMA 12 Level 16_Core[2,13,1]_[15089,36346]",0.4
"/data_g1/AI_projects/raw_data/PCITB_CRC/HE_raw_images/Tumor/TMA12/TMA 12 Level 1_Core[1,13,1]_[13865,35382].tif",FALSE,"/data_g1/AI_projects/projects/Immune_Cell_Prediction_WK/DIR/nhs/TMA 12 Level 1_Core[1,13,1]_[13865,35382]",0.4
"/data_g1/AI_projects/raw_data/PCITB_CRC/HE_raw_images/Tumor/TMA12/TMA 12 Level 16_Core[2,13,10]_[15361,42849].tif",FALSE,"/data_g1/AI_projects/projects/Immune_Cell_Prediction_WK/DIR/nhs/TMA 12 Level 16_Core[2,13,10]_[15361,42849]",0.4
"/data_g1/AI_projects/raw_data/PCITB_CRC/HE_raw_images/Tumor/TMA12/TMA 12 Level 1_Core[2,13,10]_[14038,43443].tif",FALSE,"/data_g1/AI_projects/projects/Immune_Cell_Prediction_WK/DIR/nhs/TMA 12 Level 1_Core[2,13,10]_[14038,43443]",0.4
"/data_g1/AI_projects/raw_data/PCITB_CRC/HE_raw_images/Tumor/TMA12/TMA 12 Level 16_Core[2,13,11]_[15361,43566].tif",FALSE,"/data_g1/AI_projects/projects/Immune_Cell_Prediction_WK/DIR/nhs/TMA 12 Level 16_Core[2,13,11]_[15361,43566]",0.4
"/data_g1/AI_projects/raw_data/PCITB_CRC/HE_raw_images/Tumor/TMA12/TMA 12 Level 1_Core[2,13,11]_[14038,44259].tif",FALSE,"/data_g1/AI_projects/projects/Immune_Cell_Prediction_WK/DIR/nhs/TMA 12 Level 1_Core[2,13,11]_[14038,44259]",0.4
"/data_g1/AI_projects/raw_data/PCITB_CRC/HE_raw_images/Tumor/TMA12/TMA 12 Level 16_Core[2,13,12]_[15386,44358].tif",FALSE,"/data_g1/AI_projects/projects/Immune_Cell_Prediction_WK/DIR/nhs/TMA 12 Level 16_Core[2,13,12]_[15386,44358]",0.4
"/data_g1/AI_projects/raw_data/PCITB_CRC/HE_raw_images/Tumor/TMA12/TMA 12 Level 1_Core[2,13,12]_[14088,45125].tif",FALSE,"/data_g1/AI_projects/projects/Immune_Cell_Prediction_WK/DIR/nhs/TMA 12 Level 1_Core[2,13,12]_[14088,45125]",0.4
"/data_g1/AI_projects/raw_data/PCITB_CRC/HE_raw_images/Tumor/TMA12/TMA 12 Level 1_Core[2,13,13]_[14261,45990].tif",FALSE,"/data_g1/AI_projects/projects/Immune_Cell_Prediction_WK/DIR/nhs/TMA 12 Level 1_Core[2,13,13]_[14261,45990]",0.4
"/data_g1/AI_projects/raw_data/PCITB_CRC/HE_raw_images/Tumor/TMA12/TMA 12 Level 16_Core[2,13,13]_[15410,45124].tif",FALSE,"/data_g1/AI_projects/projects/Immune_Cell_Prediction_WK/DIR/nhs/TMA 12 Level 16_Core[2,13,13]_[15410,45124]",0.4
"/data_g1/AI_projects/raw_data/PCITB_CRC/HE_raw_images/Tumor/TMA12/TMA 12 Level 16_Core[2,13,14]_[15559,45990].tif",FALSE,"/data_g1/AI_projects/projects/Immune_Cell_Prediction_WK/DIR/nhs/TMA 12 Level 16_Core[2,13,14]_[15559,45990]",0.4
"/data_g1/AI_projects/raw_data/PCITB_CRC/HE_raw_images/Tumor/TMA12/TMA 12 Level 1_Core[2,13,14]_[14199,46818].tif",FALSE,"/data_g1/AI_projects/projects/Immune_Cell_Prediction_WK/DIR/nhs/TMA 12 Level 1_Core[2,13,14]_[14199,46818]",0.4
"/data_g1/AI_projects/raw_data/PCITB_CRC/HE_raw_images/Tumor/TMA12/TMA 12 Level 16_Core[2,13,16]_[15534,47399].tif",FALSE,"/data_g1/AI_projects/projects/Immune_Cell_Prediction_WK/DIR/nhs/TMA 12 Level 16_Core[2,13,16]_[15534,47399]",0.4
"/data_g1/AI_projects/raw_data/PCITB_CRC/HE_raw_images/Tumor/TMA12/TMA 12 Level 16_Core[2,13,17]_[15608,48166].tif",FALSE,"/data_g1/AI_projects/projects/Immune_Cell_Prediction_WK/DIR/nhs/TMA 12 Level 16_Core[2,13,17]_[15608,48166]",0.4
"/data_g1/AI_projects/raw_data/PCITB_CRC/HE_raw_images/Tumor/TMA12/TMA 12 Level 1_Core[2,13,17]_[14199,49340].tif",FALSE,"/data_g1/AI_projects/projects/Immune_Cell_Prediction_WK/DIR/nhs/TMA 12 Level 1_Core[2,13,17]_[14199,49340]",0.4
"/data_g1/AI_projects/raw_data/PCITB_CRC/HE_raw_images/Tumor/TMA12/TMA 12 Level 1_Core[2,13,19]_[14273,50972].tif",FALSE,"/data_g1/AI_projects/projects/Immune_Cell_Prediction_WK/DIR/nhs/TMA 12 Level 1_Core[2,13,19]_[14273,50972]",0.4
"/data_g1/AI_projects/raw_data/PCITB_CRC/HE_raw_images/Tumor/TMA12/TMA 12 Level 16_Core[2,13,19]_[15682,49674].tif",FALSE,"/data_g1/AI_projects/projects/Immune_Cell_Prediction_WK/DIR/nhs/TMA 12 Level 16_Core[2,13,19]_[15682,49674]",0.4
"/data_g1/AI_projects/raw_data/PCITB_CRC/HE_raw_images/Tumor/TMA12/TMA 12 Level 1_Core[1,13,2]_[13989,36272].tif",FALSE,"/data_g1/AI_projects/projects/Immune_Cell_Prediction_WK/DIR/nhs/TMA 12 Level 1_Core[1,13,2]_[13989,36272]",0.4
"/data_g1/AI_projects/raw_data/PCITB_CRC/HE_raw_images/Tumor/TMA12/TMA 12 Level 16_Core[2,13,2]_[15287,37112].tif",FALSE,"/data_g1/AI_projects/projects/Immune_Cell_Prediction_WK/DIR/nhs/TMA 12 Level 16_Core[2,13,2]_[15287,37112]",0.4
"/data_g1/AI_projects/raw_data/PCITB_CRC/HE_raw_images/Tumor/TMA12/TMA 12 Level 16_Core[2,13,20]_[15682,50391].tif",FALSE,"/data_g1/AI_projects/projects/Immune_Cell_Prediction_WK/DIR/nhs/TMA 12 Level 16_Core[2,13,20]_[15682,50391]",0.4
"/data_g1/AI_projects/raw_data/PCITB_CRC/HE_raw_images/Tumor/TMA12/TMA 12 Level 16_Core[2,13,22]_[15880,51974].tif",FALSE,"/data_g1/AI_projects/projects/Immune_Cell_Prediction_WK/DIR/nhs/TMA 12 Level 16_Core[2,13,22]_[15880,51974]",0.4
"/data_g1/AI_projects/raw_data/PCITB_CRC/HE_raw_images/Tumor/TMA12/TMA 12 Level 1_Core[2,13,22]_[14421,53618].tif",FALSE,"/data_g1/AI_projects/projects/Immune_Cell_Prediction_WK/DIR/nhs/TMA 12 Level 1_Core[2,13,22]_[14421,53618]",0.4
"/data_g1/AI_projects/raw_data/PCITB_CRC/HE_raw_images/Tumor/TMA12/TMA 12 Level 1_Core[1,13,3]_[13989,37113].tif",FALSE,"/data_g1/AI_projects/projects/Immune_Cell_Prediction_WK/DIR/nhs/TMA 12 Level 1_Core[1,13,3]_[13989,37113]",0.4
"/data_g1/AI_projects/raw_data/PCITB_CRC/HE_raw_images/Tumor/TMA12/TMA 12 Level 16_Core[2,13,4]_[15311,38547].tif",FALSE,"/data_g1/AI_projects/projects/Immune_Cell_Prediction_WK/DIR/nhs/TMA 12 Level 16_Core[2,13,4]_[15311,38547]",0.4
"/data_g1/AI_projects/raw_data/PCITB_CRC/HE_raw_images/Tumor/TMA12/TMA 12 Level 1_Core[1,13,4]_[14038,37954].tif",FALSE,"/data_g1/AI_projects/projects/Immune_Cell_Prediction_WK/DIR/nhs/TMA 12 Level 1_Core[1,13,4]_[14038,37954]",0.4
"/data_g1/AI_projects/raw_data/PCITB_CRC/HE_raw_images/Tumor/TMA12/TMA 12 Level 16_Core[2,13,5]_[15336,39239].tif",FALSE,"/data_g1/AI_projects/projects/Immune_Cell_Prediction_WK/DIR/nhs/TMA 12 Level 16_Core[2,13,5]_[15336,39239]",0.4
"/data_g1/AI_projects/raw_data/PCITB_CRC/HE_raw_images/Tumor/TMA12/TMA 12 Level 1_Core[1,13,5]_[13989,38819].tif",FALSE,"/data_g1/AI_projects/projects/Immune_Cell_Prediction_WK/DIR/nhs/TMA 12 Level 1_Core[1,13,5]_[13989,38819]",0.4
"/data_g1/AI_projects/raw_data/PCITB_CRC/HE_raw_images/Tumor/TMA12/TMA 12 Level 16_Core[2,13,6]_[15336,39956].tif",FALSE,"/data_g1/AI_projects/projects/Immune_Cell_Prediction_WK/DIR/nhs/TMA 12 Level 16_Core[2,13,6]_[15336,39956]",0.4
"/data_g1/AI_projects/raw_data/PCITB_CRC/HE_raw_images/Tumor/TMA12/TMA 12 Level 1_Core[1,13,6]_[14014,39685].tif",FALSE,"/data_g1/AI_projects/projects/Immune_Cell_Prediction_WK/DIR/nhs/TMA 12 Level 1_Core[1,13,6]_[14014,39685]",0.4
"/data_g1/AI_projects/raw_data/PCITB_CRC/HE_raw_images/Tumor/TMA12/TMA 12 Level 16_Core[2,13,7]_[15410,40748].tif",FALSE,"/data_g1/AI_projects/projects/Immune_Cell_Prediction_WK/DIR/nhs/TMA 12 Level 16_Core[2,13,7]_[15410,40748]",0.4
"/data_g1/AI_projects/raw_data/PCITB_CRC/HE_raw_images/Tumor/TMA12/TMA 12 Level 1_Core[2,13,7]_[14014,40896].tif",FALSE,"/data_g1/AI_projects/projects/Immune_Cell_Prediction_WK/DIR/nhs/TMA 12 Level 1_Core[2,13,7]_[14014,40896]",0.4
"/data_g1/AI_projects/raw_data/PCITB_CRC/HE_raw_images/Tumor/TMA12/TMA 12 Level 16_Core[2,14,1]_[15979,36296].tif",FALSE,"/data_g1/AI_projects/projects/Immune_Cell_Prediction_WK/DIR/nhs/TMA 12 Level 16_Core[2,14,1]_[15979,36296]",0.4
"/data_g1/AI_projects/raw_data/PCITB_CRC/HE_raw_images/Tumor/TMA12/TMA 12 Level 1_Core[1,14,1]_[14731,35357].tif",FALSE,"/data_g1/AI_projects/projects/Immune_Cell_Prediction_WK/DIR/nhs/TMA 12 Level 1_Core[1,14,1]_[14731,35357]",0.4
"/data_g1/AI_projects/raw_data/PCITB_CRC/HE_raw_images/Tumor/TMA12/TMA 12 Level 1_Core[2,14,15]_[15102,47610].tif",FALSE,"/data_g1/AI_projects/projects/Immune_Cell_Prediction_WK/DIR/nhs/TMA 12 Level 1_Core[2,14,15]_[15102,47610]",0.4
"/data_g1/AI_projects/raw_data/PCITB_CRC/HE_raw_images/Tumor/TMA12/TMA 12 Level 16_Core[2,14,15]_[16399,46633].tif",FALSE,"/data_g1/AI_projects/projects/Immune_Cell_Prediction_WK/DIR/nhs/TMA 12 Level 16_Core[2,14,15]_[16399,46633]",0.4
"/data_g1/AI_projects/raw_data/PCITB_CRC/HE_raw_images/Tumor/TMA12/TMA 12 Level 16_Core[2,14,21]_[16597,51133].tif",FALSE,"/data_g1/AI_projects/projects/Immune_Cell_Prediction_WK/DIR/nhs/TMA 12 Level 16_Core[2,14,21]_[16597,51133]",0.4
"/data_g1/AI_projects/raw_data/PCITB_CRC/HE_raw_images/Tumor/TMA12/TMA 12 Level 1_Core[2,14,21]_[15188,52667].tif",FALSE,"/data_g1/AI_projects/projects/Immune_Cell_Prediction_WK/DIR/nhs/TMA 12 Level 1_Core[2,14,21]_[15188,52667]",0.4
"/data_g1/AI_projects/raw_data/PCITB_CRC/HE_raw_images/Tumor/TMA12/TMA 12 Level 1_Core[1,14,3]_[14879,37088].tif",FALSE,"/data_g1/AI_projects/projects/Immune_Cell_Prediction_WK/DIR/nhs/TMA 12 Level 1_Core[1,14,3]_[14879,37088]",0.4
"/data_g1/AI_projects/raw_data/PCITB_CRC/HE_raw_images/Tumor/TMA12/TMA 12 Level 16_Core[2,14,5]_[16226,39239].tif",FALSE,"/data_g1/AI_projects/projects/Immune_Cell_Prediction_WK/DIR/nhs/TMA 12 Level 16_Core[2,14,5]_[16226,39239]",0.4
"/data_g1/AI_projects/raw_data/PCITB_CRC/HE_raw_images/Tumor/TMA12/TMA 12 Level 1_Core[1,14,5]_[14928,38770].tif",FALSE,"/data_g1/AI_projects/projects/Immune_Cell_Prediction_WK/DIR/nhs/TMA 12 Level 1_Core[1,14,5]_[14928,38770]",0.4
"/data_g1/AI_projects/raw_data/PCITB_CRC/HE_raw_images/Tumor/TMA12/TMA 12 Level 16_Core[2,14,8]_[16226,41440].tif",FALSE,"/data_g1/AI_projects/projects/Immune_Cell_Prediction_WK/DIR/nhs/TMA 12 Level 16_Core[2,14,8]_[16226,41440]",0.4
"/data_g1/AI_projects/raw_data/PCITB_CRC/HE_raw_images/Tumor/TMA12/TMA 12 Level 1_Core[2,14,8]_[14978,41848].tif",FALSE,"/data_g1/AI_projects/projects/Immune_Cell_Prediction_WK/DIR/nhs/TMA 12 Level 1_Core[2,14,8]_[14978,41848]",0.4
"/data_g1/AI_projects/raw_data/PCITB_CRC/HE_raw_images/Tumor/TMA12/TMA 12 Level 1_Core[2,14,9]_[14904,42664].tif",FALSE,"/data_g1/AI_projects/projects/Immune_Cell_Prediction_WK/DIR/nhs/TMA 12 Level 1_Core[2,14,9]_[14904,42664]",0.4
"/data_g1/AI_projects/raw_data/PCITB_CRC/HE_raw_images/Tumor/TMA12/TMA 12 Level 16_Core[2,14,9]_[16202,42132].tif",FALSE,"/data_g1/AI_projects/projects/Immune_Cell_Prediction_WK/DIR/nhs/TMA 12 Level 16_Core[2,14,9]_[16202,42132]",0.4
"/data_g1/AI_projects/raw_data/PCITB_CRC/HE_raw_images/Tumor/TMA12/TMA 12 Level 1_Core[1,15,1]_[15571,35407].tif",FALSE,"/data_g1/AI_projects/projects/Immune_Cell_Prediction_WK/DIR/nhs/TMA 12 Level 1_Core[1,15,1]_[15571,35407]",0.4
"/data_g1/AI_projects/raw_data/PCITB_CRC/HE_raw_images/Tumor/TMA12/TMA 12 Level 16_Core[2,15,1]_[16820,36321].tif",FALSE,"/data_g1/AI_projects/projects/Immune_Cell_Prediction_WK/DIR/nhs/TMA 12 Level 16_Core[2,15,1]_[16820,36321]",0.4
"/data_g1/AI_projects/raw_data/PCITB_CRC/HE_raw_images/Tumor/TMA12/TMA 12 Level 1_Core[2,15,11]_[15844,44322].tif",FALSE,"/data_g1/AI_projects/projects/Immune_Cell_Prediction_WK/DIR/nhs/TMA 12 Level 1_Core[2,15,11]_[15844,44322]",0.4
"/data_g1/AI_projects/raw_data/PCITB_CRC/HE_raw_images/Tumor/TMA12/TMA 12 Level 16_Core[2,15,12]_[17116,44358].tif",FALSE,"/data_g1/AI_projects/projects/Immune_Cell_Prediction_WK/DIR/nhs/TMA 12 Level 16_Core[2,15,12]_[17116,44358]",0.4
"/data_g1/AI_projects/raw_data/PCITB_CRC/HE_raw_images/Tumor/TMA12/TMA 12 Level 1_Core[2,15,12]_[15868,45162].tif",FALSE,"/data_g1/AI_projects/projects/Immune_Cell_Prediction_WK/DIR/nhs/TMA 12 Level 1_Core[2,15,12]_[15868,45162]",0.4
"/data_g1/AI_projects/raw_data/PCITB_CRC/HE_raw_images/Tumor/TMA12/TMA 12 Level 16_Core[2,15,13]_[17166,45100].tif",FALSE,"/data_g1/AI_projects/projects/Immune_Cell_Prediction_WK/DIR/nhs/TMA 12 Level 16_Core[2,15,13]_[17166,45100]",0.4
"/data_g1/AI_projects/raw_data/PCITB_CRC/HE_raw_images/Tumor/TMA12/TMA 12 Level 16_Core[2,15,14]_[17240,45866].tif",FALSE,"/data_g1/AI_projects/projects/Immune_Cell_Prediction_WK/DIR/nhs/TMA 12 Level 16_Core[2,15,14]_[17240,45866]",0.4
"/data_g1/AI_projects/raw_data/PCITB_CRC/HE_raw_images/Tumor/TMA12/TMA 12 Level 1_Core[2,15,16]_[16042,48402].tif",FALSE,"/data_g1/AI_projects/projects/Immune_Cell_Prediction_WK/DIR/nhs/TMA 12 Level 1_Core[2,15,16]_[16042,48402]",0.4
"/data_g1/AI_projects/raw_data/PCITB_CRC/HE_raw_images/Tumor/TMA12/TMA 12 Level 16_Core[2,15,16]_[17290,47300].tif",FALSE,"/data_g1/AI_projects/projects/Immune_Cell_Prediction_WK/DIR/nhs/TMA 12 Level 16_Core[2,15,16]_[17290,47300]",0.4
"/data_g1/AI_projects/raw_data/PCITB_CRC/HE_raw_images/Tumor/TMA12/TMA 12 Level 1_Core[2,15,17]_[16029,49354].tif",FALSE,"/data_g1/AI_projects/projects/Immune_Cell_Prediction_WK/DIR/nhs/TMA 12 Level 1_Core[2,15,17]_[16029,49354]",0.4
"/data_g1/AI_projects/raw_data/PCITB_CRC/HE_raw_images/Tumor/TMA12/TMA 12 Level 16_Core[2,15,17]_[17314,48092].tif",FALSE,"/data_g1/AI_projects/projects/Immune_Cell_Prediction_WK/DIR/nhs/TMA 12 Level 16_Core[2,15,17]_[17314,48092]",0.4
"/data_g1/AI_projects/raw_data/PCITB_CRC/HE_raw_images/Tumor/TMA12/TMA 12 Level 16_Core[2,15,18]_[17339,48858].tif",FALSE,"/data_g1/AI_projects/projects/Immune_Cell_Prediction_WK/DIR/nhs/TMA 12 Level 16_Core[2,15,18]_[17339,48858]",0.4
"/data_g1/AI_projects/raw_data/PCITB_CRC/HE_raw_images/Tumor/TMA12/TMA 12 Level 16_Core[2,15,19]_[17339,49600].tif",FALSE,"/data_g1/AI_projects/projects/Immune_Cell_Prediction_WK/DIR/nhs/TMA 12 Level 16_Core[2,15,19]_[17339,49600]",0.4
"/data_g1/AI_projects/raw_data/PCITB_CRC/HE_raw_images/Tumor/TMA12/TMA 12 Level 1_Core[2,15,19]_[16079,50986].tif",FALSE,"/data_g1/AI_projects/projects/Immune_Cell_Prediction_WK/DIR/nhs/TMA 12 Level 1_Core[2,15,19]_[16079,50986]",0.4
"/data_g1/AI_projects/raw_data/PCITB_CRC/HE_raw_images/Tumor/TMA12/TMA 12 Level 16_Core[2,15,2]_[16919,37063].tif",FALSE,"/data_g1/AI_projects/projects/Immune_Cell_Prediction_WK/DIR/nhs/TMA 12 Level 16_Core[2,15,2]_[16919,37063]",0.4
"/data_g1/AI_projects/raw_data/PCITB_CRC/HE_raw_images/Tumor/TMA12/TMA 12 Level 1_Core[1,15,2]_[15720,36248].tif",FALSE,"/data_g1/AI_projects/projects/Immune_Cell_Prediction_WK/DIR/nhs/TMA 12 Level 1_Core[1,15,2]_[15720,36248]",0.4
"/data_g1/AI_projects/raw_data/PCITB_CRC/HE_raw_images/Tumor/TMA12/TMA 12 Level 1_Core[2,15,20]_[16103,51777].tif",FALSE,"/data_g1/AI_projects/projects/Immune_Cell_Prediction_WK/DIR/nhs/TMA 12 Level 1_Core[2,15,20]_[16103,51777]",0.4
"/data_g1/AI_projects/raw_data/PCITB_CRC/HE_raw_images/Tumor/TMA12/TMA 12 Level 16_Core[2,15,20]_[17413,50367].tif",FALSE,"/data_g1/AI_projects/projects/Immune_Cell_Prediction_WK/DIR/nhs/TMA 12 Level 16_Core[2,15,20]_[17413,50367]",0.4
"/data_g1/AI_projects/raw_data/PCITB_CRC/HE_raw_images/Tumor/TMA12/TMA 12 Level 1_Core[2,15,22]_[16128,53533].tif",FALSE,"/data_g1/AI_projects/projects/Immune_Cell_Prediction_WK/DIR/nhs/TMA 12 Level 1_Core[2,15,22]_[16128,53533]",0.4
"/data_g1/AI_projects/raw_data/PCITB_CRC/HE_raw_images/Tumor/TMA12/TMA 12 Level 16_Core[2,15,22]_[17512,51875].tif",FALSE,"/data_g1/AI_projects/projects/Immune_Cell_Prediction_WK/DIR/nhs/TMA 12 Level 16_Core[2,15,22]_[17512,51875]",0.4
"/data_g1/AI_projects/raw_data/PCITB_CRC/HE_raw_images/Tumor/TMA12/TMA 12 Level 16_Core[2,15,4]_[17018,38473].tif",FALSE,"/data_g1/AI_projects/projects/Immune_Cell_Prediction_WK/DIR/nhs/TMA 12 Level 16_Core[2,15,4]_[17018,38473]",0.4
"/data_g1/AI_projects/raw_data/PCITB_CRC/HE_raw_images/Tumor/TMA12/TMA 12 Level 1_Core[1,15,4]_[15794,37904].tif",FALSE,"/data_g1/AI_projects/projects/Immune_Cell_Prediction_WK/DIR/nhs/TMA 12 Level 1_Core[1,15,4]_[15794,37904]",0.4
"/data_g1/AI_projects/raw_data/PCITB_CRC/HE_raw_images/Tumor/TMA12/TMA 12 Level 16_Core[2,15,6]_[17067,39956].tif",FALSE,"/data_g1/AI_projects/projects/Immune_Cell_Prediction_WK/DIR/nhs/TMA 12 Level 16_Core[2,15,6]_[17067,39956]",0.4
"/data_g1/AI_projects/raw_data/PCITB_CRC/HE_raw_images/Tumor/TMA12/TMA 12 Level 1_Core[1,15,6]_[15843,39660].tif",FALSE,"/data_g1/AI_projects/projects/Immune_Cell_Prediction_WK/DIR/nhs/TMA 12 Level 1_Core[1,15,6]_[15843,39660]",0.4
"/data_g1/AI_projects/raw_data/PCITB_CRC/HE_raw_images/Tumor/TMA12/TMA 12 Level 1_Core[1,15,7]_[15843,40501].tif",FALSE,"/data_g1/AI_projects/projects/Immune_Cell_Prediction_WK/DIR/nhs/TMA 12 Level 1_Core[1,15,7]_[15843,40501]",0.4
"/data_g1/AI_projects/raw_data/PCITB_CRC/HE_raw_images/Tumor/TMA12/TMA 12 Level 16_Core[2,15,7]_[17067,40772].tif",FALSE,"/data_g1/AI_projects/projects/Immune_Cell_Prediction_WK/DIR/nhs/TMA 12 Level 16_Core[2,15,7]_[17067,40772]",0.4
"/data_g1/AI_projects/raw_data/PCITB_CRC/HE_raw_images/Tumor/TMA12/TMA 12 Level 1_Core[2,15,8]_[15843,41873].tif",FALSE,"/data_g1/AI_projects/projects/Immune_Cell_Prediction_WK/DIR/nhs/TMA 12 Level 1_Core[2,15,8]_[15843,41873]",0.4
"/data_g1/AI_projects/raw_data/PCITB_CRC/HE_raw_images/Tumor/TMA12/TMA 12 Level 16_Core[2,15,8]_[17067,41514].tif",FALSE,"/data_g1/AI_projects/projects/Immune_Cell_Prediction_WK/DIR/nhs/TMA 12 Level 16_Core[2,15,8]_[17067,41514]",0.4
"/data_g1/AI_projects/raw_data/PCITB_CRC/HE_raw_images/Tumor/TMA12/TMA 12 Level 1_Core[2,16,10]_[16709,43530].tif",FALSE,"/data_g1/AI_projects/projects/Immune_Cell_Prediction_WK/DIR/nhs/TMA 12 Level 1_Core[2,16,10]_[16709,43530]",0.4
"/data_g1/AI_projects/raw_data/PCITB_CRC/HE_raw_images/Tumor/TMA12/TMA 12 Level 16_Core[2,16,10]_[17932,42899].tif",FALSE,"/data_g1/AI_projects/projects/Immune_Cell_Prediction_WK/DIR/nhs/TMA 12 Level 16_Core[2,16,10]_[17932,42899]",0.4
"/data_g1/AI_projects/raw_data/PCITB_CRC/HE_raw_images/Tumor/TMA12/TMA 12 Level 16_Core[2,16,15]_[18081,46534].tif",FALSE,"/data_g1/AI_projects/projects/Immune_Cell_Prediction_WK/DIR/nhs/TMA 12 Level 16_Core[2,16,15]_[18081,46534]",0.4
"/data_g1/AI_projects/raw_data/PCITB_CRC/HE_raw_images/Tumor/TMA12/TMA 12 Level 16_Core[2,16,21]_[18254,51034].tif",FALSE,"/data_g1/AI_projects/projects/Immune_Cell_Prediction_WK/DIR/nhs/TMA 12 Level 16_Core[2,16,21]_[18254,51034]",0.4
"/data_g1/AI_projects/raw_data/PCITB_CRC/HE_raw_images/Tumor/TMA12/TMA 12 Level 1_Core[2,16,21]_[16969,52667].tif",FALSE,"/data_g1/AI_projects/projects/Immune_Cell_Prediction_WK/DIR/nhs/TMA 12 Level 1_Core[2,16,21]_[16969,52667]",0.4
"/data_g1/AI_projects/raw_data/PCITB_CRC/HE_raw_images/Tumor/TMA12/TMA 12 Level 16_Core[2,16,9]_[17883,42182].tif",FALSE,"/data_g1/AI_projects/projects/Immune_Cell_Prediction_WK/DIR/nhs/TMA 12 Level 16_Core[2,16,9]_[17883,42182]",0.4
"/data_g1/AI_projects/raw_data/PCITB_CRC/HE_raw_images/Tumor/TMA12/TMA 12 Level 1_Core[2,16,9]_[16635,42689].tif",FALSE,"/data_g1/AI_projects/projects/Immune_Cell_Prediction_WK/DIR/nhs/TMA 12 Level 1_Core[2,16,9]_[16635,42689]",0.4
"/data_g1/AI_projects/raw_data/PCITB_CRC/HE_raw_images/Tumor/TMA12/TMA 12 Level 16_Core[2,17,1]_[18501,36371].tif",FALSE,"/data_g1/AI_projects/projects/Immune_Cell_Prediction_WK/DIR/nhs/TMA 12 Level 16_Core[2,17,1]_[18501,36371]",0.4
"/data_g1/AI_projects/raw_data/PCITB_CRC/HE_raw_images/Tumor/TMA12/TMA 12 Level 1_Core[1,17,1]_[17302,35407].tif",FALSE,"/data_g1/AI_projects/projects/Immune_Cell_Prediction_WK/DIR/nhs/TMA 12 Level 1_Core[1,17,1]_[17302,35407]",0.4
"/data_g1/AI_projects/raw_data/PCITB_CRC/HE_raw_images/Tumor/TMA12/TMA 12 Level 16_Core[2,17,12]_[18748,44358].tif",FALSE,"/data_g1/AI_projects/projects/Immune_Cell_Prediction_WK/DIR/nhs/TMA 12 Level 16_Core[2,17,12]_[18748,44358]",0.4
"/data_g1/AI_projects/raw_data/PCITB_CRC/HE_raw_images/Tumor/TMA12/TMA 12 Level 1_Core[2,17,12]_[17587,45199].tif",FALSE,"/data_g1/AI_projects/projects/Immune_Cell_Prediction_WK/DIR/nhs/TMA 12 Level 1_Core[2,17,12]_[17587,45199]",0.4
"/data_g1/AI_projects/raw_data/PCITB_CRC/HE_raw_images/Tumor/TMA12/TMA 12 Level 1_Core[2,17,13]_[17522,46025].tif",FALSE,"/data_g1/AI_projects/projects/Immune_Cell_Prediction_WK/DIR/nhs/TMA 12 Level 1_Core[2,17,13]_[17522,46025]",0.4
"/data_g1/AI_projects/raw_data/PCITB_CRC/HE_raw_images/Tumor/TMA12/TMA 12 Level 16_Core[2,17,13]_[18872,45149].tif",FALSE,"/data_g1/AI_projects/projects/Immune_Cell_Prediction_WK/DIR/nhs/TMA 12 Level 16_Core[2,17,13]_[18872,45149]",0.4
"/data_g1/AI_projects/raw_data/PCITB_CRC/HE_raw_images/Tumor/TMA12/TMA 12 Level 16_Core[2,17,18]_[18971,48735].tif",FALSE,"/data_g1/AI_projects/projects/Immune_Cell_Prediction_WK/DIR/nhs/TMA 12 Level 16_Core[2,17,18]_[18971,48735]",0.4
"/data_g1/AI_projects/raw_data/PCITB_CRC/HE_raw_images/Tumor/TMA12/TMA 12 Level 1_Core[2,17,18]_[17770,50080].tif",FALSE,"/data_g1/AI_projects/projects/Immune_Cell_Prediction_WK/DIR/nhs/TMA 12 Level 1_Core[2,17,18]_[17770,50080]",0.4
"/data_g1/AI_projects/raw_data/PCITB_CRC/HE_raw_images/Tumor/TMA12/TMA 12 Level 16_Core[2,17,19]_[19020,49452].tif",FALSE,"/data_g1/AI_projects/projects/Immune_Cell_Prediction_WK/DIR/nhs/TMA 12 Level 16_Core[2,17,19]_[19020,49452]",0.4
"/data_g1/AI_projects/raw_data/PCITB_CRC/HE_raw_images/Tumor/TMA12/TMA 12 Level 1_Core[2,17,19]_[17794,50871].tif",FALSE,"/data_g1/AI_projects/projects/Immune_Cell_Prediction_WK/DIR/nhs/TMA 12 Level 1_Core[2,17,19]_[17794,50871]",0.4
"/data_g1/AI_projects/raw_data/PCITB_CRC/HE_raw_images/Tumor/TMA12/TMA 12 Level 16_Core[2,17,2]_[18625,37063].tif",FALSE,"/data_g1/AI_projects/projects/Immune_Cell_Prediction_WK/DIR/nhs/TMA 12 Level 16_Core[2,17,2]_[18625,37063]",0.4
"/data_g1/AI_projects/raw_data/PCITB_CRC/HE_raw_images/Tumor/TMA12/TMA 12 Level 1_Core[1,17,2]_[17451,36272].tif",FALSE,"/data_g1/AI_projects/projects/Immune_Cell_Prediction_WK/DIR/nhs/TMA 12 Level 1_Core[1,17,2]_[17451,36272]",0.4
"/data_g1/AI_projects/raw_data/PCITB_CRC/HE_raw_images/Tumor/TMA12/TMA 12 Level 1_Core[2,17,20]_[17770,51712].tif",FALSE,"/data_g1/AI_projects/projects/Immune_Cell_Prediction_WK/DIR/nhs/TMA 12 Level 1_Core[2,17,20]_[17770,51712]",0.4
"/data_g1/AI_projects/raw_data/PCITB_CRC/HE_raw_images/Tumor/TMA12/TMA 12 Level 16_Core[2,17,20]_[19045,50218].tif",FALSE,"/data_g1/AI_projects/projects/Immune_Cell_Prediction_WK/DIR/nhs/TMA 12 Level 16_Core[2,17,20]_[19045,50218]",0.4
"/data_g1/AI_projects/raw_data/PCITB_CRC/HE_raw_images/Tumor/TMA12/TMA 12 Level 16_Core[2,17,22]_[19070,51727].tif",FALSE,"/data_g1/AI_projects/projects/Immune_Cell_Prediction_WK/DIR/nhs/TMA 12 Level 16_Core[2,17,22]_[19070,51727]",0.4
"/data_g1/AI_projects/raw_data/PCITB_CRC/HE_raw_images/Tumor/TMA12/TMA 12 Level 1_Core[2,17,22]_[17819,53493].tif",FALSE,"/data_g1/AI_projects/projects/Immune_Cell_Prediction_WK/DIR/nhs/TMA 12 Level 1_Core[2,17,22]_[17819,53493]",0.4
"/data_g1/AI_projects/raw_data/PCITB_CRC/HE_raw_images/Tumor/TMA12/TMA 12 Level 1_Core[1,17,4]_[17525,37954].tif",FALSE,"/data_g1/AI_projects/projects/Immune_Cell_Prediction_WK/DIR/nhs/TMA 12 Level 1_Core[1,17,4]_[17525,37954]",0.4
"/data_g1/AI_projects/raw_data/PCITB_CRC/HE_raw_images/Tumor/TMA12/TMA 12 Level 16_Core[2,17,4]_[18674,38522].tif",FALSE,"/data_g1/AI_projects/projects/Immune_Cell_Prediction_WK/DIR/nhs/TMA 12 Level 16_Core[2,17,4]_[18674,38522]",0.4
"/data_g1/AI_projects/raw_data/PCITB_CRC/HE_raw_images/Tumor/TMA12/TMA 12 Level 16_Core[2,17,5]_[18674,39264].tif",FALSE,"/data_g1/AI_projects/projects/Immune_Cell_Prediction_WK/DIR/nhs/TMA 12 Level 16_Core[2,17,5]_[18674,39264]",0.4
"/data_g1/AI_projects/raw_data/PCITB_CRC/HE_raw_images/Tumor/TMA12/TMA 12 Level 1_Core[1,17,5]_[17525,38844].tif",FALSE,"/data_g1/AI_projects/projects/Immune_Cell_Prediction_WK/DIR/nhs/TMA 12 Level 1_Core[1,17,5]_[17525,38844]",0.4
"/data_g1/AI_projects/raw_data/PCITB_CRC/HE_raw_images/Tumor/TMA12/TMA 12 Level 16_Core[2,17,6]_[18748,40030].tif",FALSE,"/data_g1/AI_projects/projects/Immune_Cell_Prediction_WK/DIR/nhs/TMA 12 Level 16_Core[2,17,6]_[18748,40030]",0.4
"/data_g1/AI_projects/raw_data/PCITB_CRC/HE_raw_images/Tumor/TMA12/TMA 12 Level 1_Core[1,17,7]_[17624,40476].tif",FALSE,"/data_g1/AI_projects/projects/Immune_Cell_Prediction_WK/DIR/nhs/TMA 12 Level 1_Core[1,17,7]_[17624,40476]",0.4
"/data_g1/AI_projects/raw_data/PCITB_CRC/HE_raw_images/Tumor/TMA12/TMA 12 Level 16_Core[2,17,7]_[18748,40698].tif",FALSE,"/data_g1/AI_projects/projects/Immune_Cell_Prediction_WK/DIR/nhs/TMA 12 Level 16_Core[2,17,7]_[18748,40698]",0.4
"/data_g1/AI_projects/raw_data/PCITB_CRC/HE_raw_images/Tumor/TMA12/TMA 12 Level 1_Core[2,17,8]_[17662,41300].tif",FALSE,"/data_g1/AI_projects/projects/Immune_Cell_Prediction_WK/DIR/nhs/TMA 12 Level 1_Core[2,17,8]_[17662,41300]",0.4
"/data_g1/AI_projects/raw_data/PCITB_CRC/HE_raw_images/Tumor/TMA12/TMA 12 Level 16_Core[2,17,8]_[18724,41440].tif",FALSE,"/data_g1/AI_projects/projects/Immune_Cell_Prediction_WK/DIR/nhs/TMA 12 Level 16_Core[2,17,8]_[18724,41440]",0.4
"/data_g1/AI_projects/raw_data/PCITB_CRC/HE_raw_images/Tumor/TMA12/TMA 12 Level 1_Core[2,17,9]_[17475,42664].tif",FALSE,"/data_g1/AI_projects/projects/Immune_Cell_Prediction_WK/DIR/nhs/TMA 12 Level 1_Core[2,17,9]_[17475,42664]",0.4
"/data_g1/AI_projects/raw_data/PCITB_CRC/HE_raw_images/Tumor/TMA12/TMA 12 Level 16_Core[2,17,9]_[18724,42206].tif",FALSE,"/data_g1/AI_projects/projects/Immune_Cell_Prediction_WK/DIR/nhs/TMA 12 Level 16_Core[2,17,9]_[18724,42206]",0.4
"/data_g1/AI_projects/raw_data/PCITB_CRC/HE_raw_images/Tumor/TMA12/TMA 12 Level 1_Core[2,18,10]_[18539,43468].tif",FALSE,"/data_g1/AI_projects/projects/Immune_Cell_Prediction_WK/DIR/nhs/TMA 12 Level 1_Core[2,18,10]_[18539,43468]",0.4
"/data_g1/AI_projects/raw_data/PCITB_CRC/HE_raw_images/Tumor/TMA12/TMA 12 Level 16_Core[2,18,10]_[19738,42973].tif",FALSE,"/data_g1/AI_projects/projects/Immune_Cell_Prediction_WK/DIR/nhs/TMA 12 Level 16_Core[2,18,10]_[19738,42973]",0.4
"/data_g1/AI_projects/raw_data/PCITB_CRC/HE_raw_images/Tumor/TMA12/TMA 12 Level 1_Core[2,18,15]_[18561,47632].tif",FALSE,"/data_g1/AI_projects/projects/Immune_Cell_Prediction_WK/DIR/nhs/TMA 12 Level 1_Core[2,18,15]_[18561,47632]",0.4
"/data_g1/AI_projects/raw_data/PCITB_CRC/HE_raw_images/Tumor/TMA12/TMA 12 Level 16_Core[2,18,15]_[19812,46509].tif",FALSE,"/data_g1/AI_projects/projects/Immune_Cell_Prediction_WK/DIR/nhs/TMA 12 Level 16_Core[2,18,15]_[19812,46509]",0.4
"/data_g1/AI_projects/raw_data/PCITB_CRC/HE_raw_images/Tumor/TMA12/TMA 12 Level 1_Core[2,18,21]_[18635,52553].tif",FALSE,"/data_g1/AI_projects/projects/Immune_Cell_Prediction_WK/DIR/nhs/TMA 12 Level 1_Core[2,18,21]_[18635,52553]",0.4
"/data_g1/AI_projects/raw_data/PCITB_CRC/HE_raw_images/Tumor/TMA12/TMA 12 Level 16_Core[2,18,21]_[19911,50886].tif",FALSE,"/data_g1/AI_projects/projects/Immune_Cell_Prediction_WK/DIR/nhs/TMA 12 Level 16_Core[2,18,21]_[19911,50886]",0.4
"/data_g1/AI_projects/raw_data/PCITB_CRC/HE_raw_images/Tumor/TMA12/TMA 12 Level 16_Core[2,18,8]_[19589,41341].tif",FALSE,"/data_g1/AI_projects/projects/Immune_Cell_Prediction_WK/DIR/nhs/TMA 12 Level 16_Core[2,18,8]_[19589,41341]",0.4
"/data_g1/AI_projects/raw_data/PCITB_CRC/HE_raw_images/Tumor/TMA12/TMA 12 Level 1_Core[2,18,8]_[18539,41168].tif",FALSE,"/data_g1/AI_projects/projects/Immune_Cell_Prediction_WK/DIR/nhs/TMA 12 Level 1_Core[2,18,8]_[18539,41168]",0.4
"/data_g1/AI_projects/raw_data/PCITB_CRC/HE_raw_images/Tumor/TMA12/TMA 12 Level 16_Core[2,18,9]_[19564,42108].tif",FALSE,"/data_g1/AI_projects/projects/Immune_Cell_Prediction_WK/DIR/nhs/TMA 12 Level 16_Core[2,18,9]_[19564,42108]",0.4
"/data_g1/AI_projects/raw_data/PCITB_CRC/HE_raw_images/Tumor/TMA12/TMA 12 Level 1_Core[1,19,1]_[18984,35432].tif",FALSE,"/data_g1/AI_projects/projects/Immune_Cell_Prediction_WK/DIR/nhs/TMA 12 Level 1_Core[1,19,1]_[18984,35432]",0.4
"/data_g1/AI_projects/raw_data/PCITB_CRC/HE_raw_images/Tumor/TMA12/TMA 12 Level 16_Core[2,19,1]_[20183,36519].tif",FALSE,"/data_g1/AI_projects/projects/Immune_Cell_Prediction_WK/DIR/nhs/TMA 12 Level 16_Core[2,19,1]_[20183,36519]",0.4
"/data_g1/AI_projects/raw_data/PCITB_CRC/HE_raw_images/Tumor/TMA12/TMA 12 Level 1_Core[2,19,10]_[19701,43147].tif",FALSE,"/data_g1/AI_projects/projects/Immune_Cell_Prediction_WK/DIR/nhs/TMA 12 Level 1_Core[2,19,10]_[19701,43147]",0.4
"/data_g1/AI_projects/raw_data/PCITB_CRC/HE_raw_images/Tumor/TMA12/TMA 12 Level 16_Core[2,19,10]_[20578,42849].tif",FALSE,"/data_g1/AI_projects/projects/Immune_Cell_Prediction_WK/DIR/nhs/TMA 12 Level 16_Core[2,19,10]_[20578,42849]",0.4
"/data_g1/AI_projects/raw_data/PCITB_CRC/HE_raw_images/Tumor/TMA12/TMA 12 Level 16_Core[2,19,11]_[20603,43616].tif",FALSE,"/data_g1/AI_projects/projects/Immune_Cell_Prediction_WK/DIR/nhs/TMA 12 Level 16_Core[2,19,11]_[20603,43616]",0.4
"/data_g1/AI_projects/raw_data/PCITB_CRC/HE_raw_images/Tumor/TMA12/TMA 12 Level 1_Core[2,19,11]_[19713,43802].tif",FALSE,"/data_g1/AI_projects/projects/Immune_Cell_Prediction_WK/DIR/nhs/TMA 12 Level 1_Core[2,19,11]_[19713,43802]",0.4
"/data_g1/AI_projects/raw_data/PCITB_CRC/HE_raw_images/Tumor/TMA12/TMA 12 Level 1_Core[2,19,12]_[19812,44816].tif",FALSE,"/data_g1/AI_projects/projects/Immune_Cell_Prediction_WK/DIR/nhs/TMA 12 Level 1_Core[2,19,12]_[19812,44816]",0.4
"/data_g1/AI_projects/raw_data/PCITB_CRC/HE_raw_images/Tumor/TMA12/TMA 12 Level 16_Core[2,19,12]_[20603,44358].tif",FALSE,"/data_g1/AI_projects/projects/Immune_Cell_Prediction_WK/DIR/nhs/TMA 12 Level 16_Core[2,19,12]_[20603,44358]",0.4
"/data_g1/AI_projects/raw_data/PCITB_CRC/HE_raw_images/Tumor/TMA12/TMA 12 Level 1_Core[2,19,14]_[19698,46692].tif",FALSE,"/data_g1/AI_projects/projects/Immune_Cell_Prediction_WK/DIR/nhs/TMA 12 Level 1_Core[2,19,14]_[19698,46692]",0.4
"/data_g1/AI_projects/raw_data/PCITB_CRC/HE_raw_images/Tumor/TMA12/TMA 12 Level 16_Core[2,19,14]_[20677,45767].tif",FALSE,"/data_g1/AI_projects/projects/Immune_Cell_Prediction_WK/DIR/nhs/TMA 12 Level 16_Core[2,19,14]_[20677,45767]",0.4
"/data_g1/AI_projects/raw_data/PCITB_CRC/HE_raw_images/Tumor/TMA12/TMA 12 Level 16_Core[2,19,16]_[20826,47251].tif",FALSE,"/data_g1/AI_projects/projects/Immune_Cell_Prediction_WK/DIR/nhs/TMA 12 Level 16_Core[2,19,16]_[20826,47251]",0.4
"/data_g1/AI_projects/raw_data/PCITB_CRC/HE_raw_images/Tumor/TMA12/TMA 12 Level 1_Core[2,19,16]_[19550,48324].tif",FALSE,"/data_g1/AI_projects/projects/Immune_Cell_Prediction_WK/DIR/nhs/TMA 12 Level 1_Core[2,19,16]_[19550,48324]",0.4
"/data_g1/AI_projects/raw_data/PCITB_CRC/HE_raw_images/Tumor/TMA12/TMA 12 Level 1_Core[2,19,17]_[19698,49140].tif",FALSE,"/data_g1/AI_projects/projects/Immune_Cell_Prediction_WK/DIR/nhs/TMA 12 Level 1_Core[2,19,17]_[19698,49140]",0.4
"/data_g1/AI_projects/raw_data/PCITB_CRC/HE_raw_images/Tumor/TMA12/TMA 12 Level 16_Core[2,19,17]_[20751,47919].tif",FALSE,"/data_g1/AI_projects/projects/Immune_Cell_Prediction_WK/DIR/nhs/TMA 12 Level 16_Core[2,19,17]_[20751,47919]",0.4
"/data_g1/AI_projects/raw_data/PCITB_CRC/HE_raw_images/Tumor/TMA12/TMA 12 Level 16_Core[2,19,18]_[20727,48636].tif",FALSE,"/data_g1/AI_projects/projects/Immune_Cell_Prediction_WK/DIR/nhs/TMA 12 Level 16_Core[2,19,18]_[20727,48636]",0.4
"/data_g1/AI_projects/raw_data/PCITB_CRC/HE_raw_images/Tumor/TMA12/TMA 12 Level 1_Core[2,19,18]_[19599,49932].tif",FALSE,"/data_g1/AI_projects/projects/Immune_Cell_Prediction_WK/DIR/nhs/TMA 12 Level 1_Core[2,19,18]_[19599,49932]",0.4
"/data_g1/AI_projects/raw_data/PCITB_CRC/HE_raw_images/Tumor/TMA12/TMA 12 Level 1_Core[2,19,19]_[19624,50748].tif",FALSE,"/data_g1/AI_projects/projects/Immune_Cell_Prediction_WK/DIR/nhs/TMA 12 Level 1_Core[2,19,19]_[19624,50748]",0.4
"/data_g1/AI_projects/raw_data/PCITB_CRC/HE_raw_images/Tumor/TMA12/TMA 12 Level 16_Core[2,19,19]_[20751,49353].tif",FALSE,"/data_g1/AI_projects/projects/Immune_Cell_Prediction_WK/DIR/nhs/TMA 12 Level 16_Core[2,19,19]_[20751,49353]",0.4
"/data_g1/AI_projects/raw_data/PCITB_CRC/HE_raw_images/Tumor/TMA12/TMA 12 Level 16_Core[2,19,2]_[20306,37162].tif",FALSE,"/data_g1/AI_projects/projects/Immune_Cell_Prediction_WK/DIR/nhs/TMA 12 Level 16_Core[2,19,2]_[20306,37162]",0.4
"/data_g1/AI_projects/raw_data/PCITB_CRC/HE_raw_images/Tumor/TMA12/TMA 12 Level 1_Core[1,19,2]_[19157,36297].tif",FALSE,"/data_g1/AI_projects/projects/Immune_Cell_Prediction_WK/DIR/nhs/TMA 12 Level 1_Core[1,19,2]_[19157,36297]",0.4
"/data_g1/AI_projects/raw_data/PCITB_CRC/HE_raw_images/Tumor/TMA12/TMA 12 Level 16_Core[2,19,20]_[20776,50070].tif",FALSE,"/data_g1/AI_projects/projects/Immune_Cell_Prediction_WK/DIR/nhs/TMA 12 Level 16_Core[2,19,20]_[20776,50070]",0.4
"/data_g1/AI_projects/raw_data/PCITB_CRC/HE_raw_images/Tumor/TMA12/TMA 12 Level 1_Core[2,19,20]_[19575,51638].tif",FALSE,"/data_g1/AI_projects/projects/Immune_Cell_Prediction_WK/DIR/nhs/TMA 12 Level 1_Core[2,19,20]_[19575,51638]",0.4
"/data_g1/AI_projects/raw_data/PCITB_CRC/HE_raw_images/Tumor/TMA12/TMA 12 Level 1_Core[2,19,22]_[19550,53443].tif",FALSE,"/data_g1/AI_projects/projects/Immune_Cell_Prediction_WK/DIR/nhs/TMA 12 Level 1_Core[2,19,22]_[19550,53443]",0.4
"/data_g1/AI_projects/raw_data/PCITB_CRC/HE_raw_images/Tumor/TMA12/TMA 12 Level 16_Core[2,19,3]_[20380,37953].tif",FALSE,"/data_g1/AI_projects/projects/Immune_Cell_Prediction_WK/DIR/nhs/TMA 12 Level 16_Core[2,19,3]_[20380,37953]",0.4
"/data_g1/AI_projects/raw_data/PCITB_CRC/HE_raw_images/Tumor/TMA12/TMA 12 Level 1_Core[1,19,3]_[19256,37187].tif",FALSE,"/data_g1/AI_projects/projects/Immune_Cell_Prediction_WK/DIR/nhs/TMA 12 Level 1_Core[1,19,3]_[19256,37187]",0.4
"/data_g1/AI_projects/raw_data/PCITB_CRC/HE_raw_images/Tumor/TMA12/TMA 12 Level 1_Core[1,19,4]_[19330,37978].tif",FALSE,"/data_g1/AI_projects/projects/Immune_Cell_Prediction_WK/DIR/nhs/TMA 12 Level 1_Core[1,19,4]_[19330,37978]",0.4
"/data_g1/AI_projects/raw_data/PCITB_CRC/HE_raw_images/Tumor/TMA12/TMA 12 Level 16_Core[2,19,4]_[20430,38646].tif",FALSE,"/data_g1/AI_projects/projects/Immune_Cell_Prediction_WK/DIR/nhs/TMA 12 Level 16_Core[2,19,4]_[20430,38646]",0.4
"/data_g1/AI_projects/raw_data/PCITB_CRC/HE_raw_images/Tumor/TMA12/TMA 12 Level 1_Core[1,19,5]_[19379,38794].tif",FALSE,"/data_g1/AI_projects/projects/Immune_Cell_Prediction_WK/DIR/nhs/TMA 12 Level 1_Core[1,19,5]_[19379,38794]",0.4
"/data_g1/AI_projects/raw_data/PCITB_CRC/HE_raw_images/Tumor/TMA12/TMA 12 Level 16_Core[2,19,5]_[20430,39338].tif",FALSE,"/data_g1/AI_projects/projects/Immune_Cell_Prediction_WK/DIR/nhs/TMA 12 Level 16_Core[2,19,5]_[20430,39338]",0.4
"/data_g1/AI_projects/raw_data/PCITB_CRC/HE_raw_images/Tumor/TMA12/TMA 12 Level 16_Core[2,19,6]_[20529,40055].tif",FALSE,"/data_g1/AI_projects/projects/Immune_Cell_Prediction_WK/DIR/nhs/TMA 12 Level 16_Core[2,19,6]_[20529,40055]",0.4
"/data_g1/AI_projects/raw_data/PCITB_CRC/HE_raw_images/Tumor/TMA12/TMA 12 Level 16_Core[2,19,7]_[20578,40748].tif",FALSE,"/data_g1/AI_projects/projects/Immune_Cell_Prediction_WK/DIR/nhs/TMA 12 Level 16_Core[2,19,7]_[20578,40748]",0.4
"/data_g1/AI_projects/raw_data/PCITB_CRC/HE_raw_images/Tumor/TMA12/TMA 12 Level 1_Core[1,19,7]_[19429,40426].tif",FALSE,"/data_g1/AI_projects/projects/Immune_Cell_Prediction_WK/DIR/nhs/TMA 12 Level 1_Core[1,19,7]_[19429,40426]",0.4
"/data_g1/AI_projects/raw_data/PCITB_CRC/HE_raw_images/Tumor/TMA12/TMA 12 Level 1_Core[1,2,13]_[4296,46077].tif",FALSE,"/data_g1/AI_projects/projects/Immune_Cell_Prediction_WK/DIR/nhs/TMA 12 Level 1_Core[1,2,13]_[4296,46077]",0.4
"/data_g1/AI_projects/raw_data/PCITB_CRC/HE_raw_images/Tumor/TMA12/TMA 12 Level 16_Core[2,2,13]_[6113,45446].tif",FALSE,"/data_g1/AI_projects/projects/Immune_Cell_Prediction_WK/DIR/nhs/TMA 12 Level 16_Core[2,2,13]_[6113,45446]",0.4
"/data_g1/AI_projects/raw_data/PCITB_CRC/HE_raw_images/Tumor/TMA12/TMA 12 Level 1_Core[1,2,19]_[4492,51169].tif",FALSE,"/data_g1/AI_projects/projects/Immune_Cell_Prediction_WK/DIR/nhs/TMA 12 Level 1_Core[1,2,19]_[4492,51169]",0.4
"/data_g1/AI_projects/raw_data/PCITB_CRC/HE_raw_images/Tumor/TMA12/TMA 12 Level 16_Core[2,2,19]_[6434,49897].tif",FALSE,"/data_g1/AI_projects/projects/Immune_Cell_Prediction_WK/DIR/nhs/TMA 12 Level 16_Core[2,2,19]_[6434,49897]",0.4
"/data_g1/AI_projects/raw_data/PCITB_CRC/HE_raw_images/Tumor/TMA12/TMA 12 Level 1_Core[2,2,23]_[5106,55060].tif",FALSE,"/data_g1/AI_projects/projects/Immune_Cell_Prediction_WK/DIR/nhs/TMA 12 Level 1_Core[2,2,23]_[5106,55060]",0.4
"/data_g1/AI_projects/raw_data/PCITB_CRC/HE_raw_images/Tumor/TMA12/TMA 12 Level 16_Core[2,2,23]_[6911,53071].tif",FALSE,"/data_g1/AI_projects/projects/Immune_Cell_Prediction_WK/DIR/nhs/TMA 12 Level 16_Core[2,2,23]_[6911,53071]",0.4
"/data_g1/AI_projects/raw_data/PCITB_CRC/HE_raw_images/Tumor/TMA12/TMA 12 Level 16_Core[2,2,5]_[6038,39561].tif",FALSE,"/data_g1/AI_projects/projects/Immune_Cell_Prediction_WK/DIR/nhs/TMA 12 Level 16_Core[2,2,5]_[6038,39561]",0.4
"/data_g1/AI_projects/raw_data/PCITB_CRC/HE_raw_images/Tumor/TMA12/TMA 12 Level 1_Core[1,2,5]_[4333,38931].tif",FALSE,"/data_g1/AI_projects/projects/Immune_Cell_Prediction_WK/DIR/nhs/TMA 12 Level 1_Core[1,2,5]_[4333,38931]",0.4
"/data_g1/AI_projects/raw_data/PCITB_CRC/HE_raw_images/Tumor/TMA12/TMA 12 Level 16_Core[2,2,7]_[6014,41020].tif",FALSE,"/data_g1/AI_projects/projects/Immune_Cell_Prediction_WK/DIR/nhs/TMA 12 Level 16_Core[2,2,7]_[6014,41020]",0.4
"/data_g1/AI_projects/raw_data/PCITB_CRC/HE_raw_images/Tumor/TMA12/TMA 12 Level 16_Core[2,20,15]_[21642,46484].tif",FALSE,"/data_g1/AI_projects/projects/Immune_Cell_Prediction_WK/DIR/nhs/TMA 12 Level 16_Core[2,20,15]_[21642,46484]",0.4
"/data_g1/AI_projects/raw_data/PCITB_CRC/HE_raw_images/Tumor/TMA12/TMA 12 Level 1_Core[2,20,15]_[20588,47508].tif",FALSE,"/data_g1/AI_projects/projects/Immune_Cell_Prediction_WK/DIR/nhs/TMA 12 Level 1_Core[2,20,15]_[20588,47508]",0.4
"/data_g1/AI_projects/raw_data/PCITB_CRC/HE_raw_images/Tumor/TMA12/TMA 12 Level 1_Core[1,20,4]_[20319,38003].tif",FALSE,"/data_g1/AI_projects/projects/Immune_Cell_Prediction_WK/DIR/nhs/TMA 12 Level 1_Core[1,20,4]_[20319,38003]",0.4
"/data_g1/AI_projects/raw_data/PCITB_CRC/HE_raw_images/Tumor/TMA12/TMA 12 Level 16_Core[2,20,4]_[21370,38794].tif",FALSE,"/data_g1/AI_projects/projects/Immune_Cell_Prediction_WK/DIR/nhs/TMA 12 Level 16_Core[2,20,4]_[21370,38794]",0.4
"/data_g1/AI_projects/raw_data/PCITB_CRC/HE_raw_images/Tumor/TMA12/TMA 12 Level 16_Core[2,20,9]_[21518,42132].tif",FALSE,"/data_g1/AI_projects/projects/Immune_Cell_Prediction_WK/DIR/nhs/TMA 12 Level 16_Core[2,20,9]_[21518,42132]",0.4
"/data_g1/AI_projects/raw_data/PCITB_CRC/HE_raw_images/Tumor/TMA12/TMA 12 Level 1_Core[2,20,9]_[20616,42108].tif",FALSE,"/data_g1/AI_projects/projects/Immune_Cell_Prediction_WK/DIR/nhs/TMA 12 Level 1_Core[2,20,9]_[20616,42108]",0.4
"/data_g1/AI_projects/raw_data/PCITB_CRC/HE_raw_images/Tumor/TMA12/TMA 12 Level 1_Core[1,3,1]_[5149,35543].tif",FALSE,"/data_g1/AI_projects/projects/Immune_Cell_Prediction_WK/DIR/nhs/TMA 12 Level 1_Core[1,3,1]_[5149,35543]",0.4
"/data_g1/AI_projects/raw_data/PCITB_CRC/HE_raw_images/Tumor/TMA12/TMA 12 Level 16_Core[2,3,1]_[6755,36816].tif",FALSE,"/data_g1/AI_projects/projects/Immune_Cell_Prediction_WK/DIR/nhs/TMA 12 Level 16_Core[2,3,1]_[6755,36816]",0.4
"/data_g1/AI_projects/raw_data/PCITB_CRC/HE_raw_images/Tumor/TMA12/TMA 12 Level 1_Core[1,3,10]_[5211,43604].tif",FALSE,"/data_g1/AI_projects/projects/Immune_Cell_Prediction_WK/DIR/nhs/TMA 12 Level 1_Core[1,3,10]_[5211,43604]",0.4
"/data_g1/AI_projects/raw_data/PCITB_CRC/HE_raw_images/Tumor/TMA12/TMA 12 Level 16_Core[2,3,10]_[6929,43270].tif",FALSE,"/data_g1/AI_projects/projects/Immune_Cell_Prediction_WK/DIR/nhs/TMA 12 Level 16_Core[2,3,10]_[6929,43270]",0.4
"/data_g1/AI_projects/raw_data/PCITB_CRC/HE_raw_images/Tumor/TMA12/TMA 12 Level 1_Core[1,3,11]_[5260,44445].tif",FALSE,"/data_g1/AI_projects/projects/Immune_Cell_Prediction_WK/DIR/nhs/TMA 12 Level 1_Core[1,3,11]_[5260,44445]",0.4
"/data_g1/AI_projects/raw_data/PCITB_CRC/HE_raw_images/Tumor/TMA12/TMA 12 Level 16_Core[2,3,11]_[7003,43987].tif",FALSE,"/data_g1/AI_projects/projects/Immune_Cell_Prediction_WK/DIR/nhs/TMA 12 Level 16_Core[2,3,11]_[7003,43987]",0.4
"/data_g1/AI_projects/raw_data/PCITB_CRC/HE_raw_images/Tumor/TMA12/TMA 12 Level 1_Core[1,3,12]_[5186,45212].tif",FALSE,"/data_g1/AI_projects/projects/Immune_Cell_Prediction_WK/DIR/nhs/TMA 12 Level 1_Core[1,3,12]_[5186,45212]",0.4
"/data_g1/AI_projects/raw_data/PCITB_CRC/HE_raw_images/Tumor/TMA12/TMA 12 Level 16_Core[2,3,12]_[6953,44654].tif",FALSE,"/data_g1/AI_projects/projects/Immune_Cell_Prediction_WK/DIR/nhs/TMA 12 Level 16_Core[2,3,12]_[6953,44654]",0.4
"/data_g1/AI_projects/raw_data/PCITB_CRC/HE_raw_images/Tumor/TMA12/TMA 12 Level 1_Core[1,3,13]_[5274,46009].tif",FALSE,"/data_g1/AI_projects/projects/Immune_Cell_Prediction_WK/DIR/nhs/TMA 12 Level 1_Core[1,3,13]_[5274,46009]",0.4
"/data_g1/AI_projects/raw_data/PCITB_CRC/HE_raw_images/Tumor/TMA12/TMA 12 Level 1_Core[1,3,14]_[5126,46578].tif",FALSE,"/data_g1/AI_projects/projects/Immune_Cell_Prediction_WK/DIR/nhs/TMA 12 Level 1_Core[1,3,14]_[5126,46578]",0.4
"/data_g1/AI_projects/raw_data/PCITB_CRC/HE_raw_images/Tumor/TMA12/TMA 12 Level 16_Core[2,3,14]_[7027,46163].tif",FALSE,"/data_g1/AI_projects/projects/Immune_Cell_Prediction_WK/DIR/nhs/TMA 12 Level 16_Core[2,3,14]_[7027,46163]",0.4
"/data_g1/AI_projects/raw_data/PCITB_CRC/HE_raw_images/Tumor/TMA12/TMA 12 Level 16_Core[2,3,15]_[7052,47053].tif",FALSE,"/data_g1/AI_projects/projects/Immune_Cell_Prediction_WK/DIR/nhs/TMA 12 Level 16_Core[2,3,15]_[7052,47053]",0.4
"/data_g1/AI_projects/raw_data/PCITB_CRC/HE_raw_images/Tumor/TMA12/TMA 12 Level 1_Core[1,3,16]_[5258,48746].tif",FALSE,"/data_g1/AI_projects/projects/Immune_Cell_Prediction_WK/DIR/nhs/TMA 12 Level 1_Core[1,3,16]_[5258,48746]",0.4
"/data_g1/AI_projects/raw_data/PCITB_CRC/HE_raw_images/Tumor/TMA12/TMA 12 Level 16_Core[2,3,17]_[7176,48438].tif",FALSE,"/data_g1/AI_projects/projects/Immune_Cell_Prediction_WK/DIR/nhs/TMA 12 Level 16_Core[2,3,17]_[7176,48438]",0.4
"/data_g1/AI_projects/raw_data/PCITB_CRC/HE_raw_images/Tumor/TMA12/TMA 12 Level 1_Core[1,3,17]_[5283,49512].tif",FALSE,"/data_g1/AI_projects/projects/Immune_Cell_Prediction_WK/DIR/nhs/TMA 12 Level 1_Core[1,3,17]_[5283,49512]",0.4
"/data_g1/AI_projects/raw_data/PCITB_CRC/HE_raw_images/Tumor/TMA12/TMA 12 Level 1_Core[1,3,18]_[5283,50353].tif",FALSE,"/data_g1/AI_projects/projects/Immune_Cell_Prediction_WK/DIR/nhs/TMA 12 Level 1_Core[1,3,18]_[5283,50353]",0.4
"/data_g1/AI_projects/raw_data/PCITB_CRC/HE_raw_images/Tumor/TMA12/TMA 12 Level 1_Core[1,3,2]_[5223,36409].tif",FALSE,"/data_g1/AI_projects/projects/Immune_Cell_Prediction_WK/DIR/nhs/TMA 12 Level 1_Core[1,3,2]_[5223,36409]",0.4
"/data_g1/AI_projects/raw_data/PCITB_CRC/HE_raw_images/Tumor/TMA12/TMA 12 Level 16_Core[2,3,2]_[6904,37558].tif",FALSE,"/data_g1/AI_projects/projects/Immune_Cell_Prediction_WK/DIR/nhs/TMA 12 Level 16_Core[2,3,2]_[6904,37558]",0.4
"/data_g1/AI_projects/raw_data/PCITB_CRC/HE_raw_images/Tumor/TMA12/TMA 12 Level 1_Core[1,3,20]_[5407,51936].tif",FALSE,"/data_g1/AI_projects/projects/Immune_Cell_Prediction_WK/DIR/nhs/TMA 12 Level 1_Core[1,3,20]_[5407,51936]",0.4
"/data_g1/AI_projects/raw_data/PCITB_CRC/HE_raw_images/Tumor/TMA12/TMA 12 Level 16_Core[2,3,20]_[7374,50490].tif",FALSE,"/data_g1/AI_projects/projects/Immune_Cell_Prediction_WK/DIR/nhs/TMA 12 Level 16_Core[2,3,20]_[7374,50490]",0.4
"/data_g1/AI_projects/raw_data/PCITB_CRC/HE_raw_images/Tumor/TMA12/TMA 12 Level 16_Core[2,3,21]_[7473,51380].tif",FALSE,"/data_g1/AI_projects/projects/Immune_Cell_Prediction_WK/DIR/nhs/TMA 12 Level 16_Core[2,3,21]_[7473,51380]",0.4
"/data_g1/AI_projects/raw_data/PCITB_CRC/HE_raw_images/Tumor/TMA12/TMA 12 Level 1_Core[2,3,21]_[5873,53082].tif",FALSE,"/data_g1/AI_projects/projects/Immune_Cell_Prediction_WK/DIR/nhs/TMA 12 Level 1_Core[2,3,21]_[5873,53082]",0.4
"/data_g1/AI_projects/raw_data/PCITB_CRC/HE_raw_images/Tumor/TMA12/TMA 12 Level 1_Core[2,3,22]_[5749,54145].tif",FALSE,"/data_g1/AI_projects/projects/Immune_Cell_Prediction_WK/DIR/nhs/TMA 12 Level 1_Core[2,3,22]_[5749,54145]",0.4
"/data_g1/AI_projects/raw_data/PCITB_CRC/HE_raw_images/Tumor/TMA12/TMA 12 Level 16_Core[2,3,22]_[7522,52246].tif",FALSE,"/data_g1/AI_projects/projects/Immune_Cell_Prediction_WK/DIR/nhs/TMA 12 Level 16_Core[2,3,22]_[7522,52246]",0.4
"/data_g1/AI_projects/raw_data/PCITB_CRC/HE_raw_images/Tumor/TMA12/TMA 12 Level 16_Core[2,3,3]_[6929,38300].tif",FALSE,"/data_g1/AI_projects/projects/Immune_Cell_Prediction_WK/DIR/nhs/TMA 12 Level 16_Core[2,3,3]_[6929,38300]",0.4
"/data_g1/AI_projects/raw_data/PCITB_CRC/HE_raw_images/Tumor/TMA12/TMA 12 Level 1_Core[1,3,3]_[5223,37274].tif",FALSE,"/data_g1/AI_projects/projects/Immune_Cell_Prediction_WK/DIR/nhs/TMA 12 Level 1_Core[1,3,3]_[5223,37274]",0.4
"/data_g1/AI_projects/raw_data/PCITB_CRC/HE_raw_images/Tumor/TMA12/TMA 12 Level 1_Core[1,3,5]_[5248,39178].tif",FALSE,"/data_g1/AI_projects/projects/Immune_Cell_Prediction_WK/DIR/nhs/TMA 12 Level 1_Core[1,3,5]_[5248,39178]",0.4
"/data_g1/AI_projects/raw_data/PCITB_CRC/HE_raw_images/Tumor/TMA12/TMA 12 Level 16_Core[2,3,5]_[6879,39486].tif",FALSE,"/data_g1/AI_projects/projects/Immune_Cell_Prediction_WK/DIR/nhs/TMA 12 Level 16_Core[2,3,5]_[6879,39486]",0.4
"/data_g1/AI_projects/raw_data/PCITB_CRC/HE_raw_images/Tumor/TMA12/TMA 12 Level 1_Core[1,3,6]_[5248,40068].tif",FALSE,"/data_g1/AI_projects/projects/Immune_Cell_Prediction_WK/DIR/nhs/TMA 12 Level 1_Core[1,3,6]_[5248,40068]",0.4
"/data_g1/AI_projects/raw_data/PCITB_CRC/HE_raw_images/Tumor/TMA12/TMA 12 Level 16_Core[2,3,6]_[6904,40302].tif",FALSE,"/data_g1/AI_projects/projects/Immune_Cell_Prediction_WK/DIR/nhs/TMA 12 Level 16_Core[2,3,6]_[6904,40302]",0.4
"/data_g1/AI_projects/raw_data/PCITB_CRC/HE_raw_images/Tumor/TMA12/TMA 12 Level 1_Core[1,3,7]_[5235,40958].tif",FALSE,"/data_g1/AI_projects/projects/Immune_Cell_Prediction_WK/DIR/nhs/TMA 12 Level 1_Core[1,3,7]_[5235,40958]",0.4
"/data_g1/AI_projects/raw_data/PCITB_CRC/HE_raw_images/Tumor/TMA12/TMA 12 Level 16_Core[2,3,7]_[6929,41044].tif",FALSE,"/data_g1/AI_projects/projects/Immune_Cell_Prediction_WK/DIR/nhs/TMA 12 Level 16_Core[2,3,7]_[6929,41044]",0.4
"/data_g1/AI_projects/raw_data/PCITB_CRC/HE_raw_images/Tumor/TMA12/TMA 12 Level 1_Core[1,3,8]_[5235,41898].tif",FALSE,"/data_g1/AI_projects/projects/Immune_Cell_Prediction_WK/DIR/nhs/TMA 12 Level 1_Core[1,3,8]_[5235,41898]",0.4
"/data_g1/AI_projects/raw_data/PCITB_CRC/HE_raw_images/Tumor/TMA12/TMA 12 Level 16_Core[2,3,8]_[6904,41836].tif",FALSE,"/data_g1/AI_projects/projects/Immune_Cell_Prediction_WK/DIR/nhs/TMA 12 Level 16_Core[2,3,8]_[6904,41836]",0.4
"/data_g1/AI_projects/raw_data/PCITB_CRC/HE_raw_images/Tumor/TMA12/TMA 12 Level 1_Core[1,3,9]_[5211,42714].tif",FALSE,"/data_g1/AI_projects/projects/Immune_Cell_Prediction_WK/DIR/nhs/TMA 12 Level 1_Core[1,3,9]_[5211,42714]",0.4
"/data_g1/AI_projects/raw_data/PCITB_CRC/HE_raw_images/Tumor/TMA12/TMA 12 Level 16_Core[2,3,9]_[6904,42528].tif",FALSE,"/data_g1/AI_projects/projects/Immune_Cell_Prediction_WK/DIR/nhs/TMA 12 Level 16_Core[2,3,9]_[6904,42528]",0.4
"/data_g1/AI_projects/raw_data/PCITB_CRC/HE_raw_images/Tumor/TMA12/TMA 12 Level 1_Core[1,4,19]_[6173,51070].tif",FALSE,"/data_g1/AI_projects/projects/Immune_Cell_Prediction_WK/DIR/nhs/TMA 12 Level 1_Core[1,4,19]_[6173,51070]",0.4
"/data_g1/AI_projects/raw_data/PCITB_CRC/HE_raw_images/Tumor/TMA12/TMA 12 Level 16_Core[2,4,19]_[8115,49823].tif",FALSE,"/data_g1/AI_projects/projects/Immune_Cell_Prediction_WK/DIR/nhs/TMA 12 Level 16_Core[2,4,19]_[8115,49823]",0.4
"/data_g1/AI_projects/raw_data/PCITB_CRC/HE_raw_images/Tumor/TMA12/TMA 12 Level 16_Core[2,4,23]_[8536,53062].tif",FALSE,"/data_g1/AI_projects/projects/Immune_Cell_Prediction_WK/DIR/nhs/TMA 12 Level 16_Core[2,4,23]_[8536,53062]",0.4
"/data_g1/AI_projects/raw_data/PCITB_CRC/HE_raw_images/Tumor/TMA12/TMA 12 Level 1_Core[2,4,23]_[6862,55011].tif",FALSE,"/data_g1/AI_projects/projects/Immune_Cell_Prediction_WK/DIR/nhs/TMA 12 Level 1_Core[2,4,23]_[6862,55011]",0.4
"/data_g1/AI_projects/raw_data/PCITB_CRC/HE_raw_images/Tumor/TMA12/TMA 12 Level 1_Core[1,4,9]_[6101,42739].tif",FALSE,"/data_g1/AI_projects/projects/Immune_Cell_Prediction_WK/DIR/nhs/TMA 12 Level 1_Core[1,4,9]_[6101,42739]",0.4
"/data_g1/AI_projects/raw_data/PCITB_CRC/HE_raw_images/Tumor/TMA12/TMA 12 Level 16_Core[2,5,1]_[8437,36766].tif",FALSE,"/data_g1/AI_projects/projects/Immune_Cell_Prediction_WK/DIR/nhs/TMA 12 Level 16_Core[2,5,1]_[8437,36766]",0.4
"/data_g1/AI_projects/raw_data/PCITB_CRC/HE_raw_images/Tumor/TMA12/TMA 12 Level 1_Core[1,5,1]_[6880,35592].tif",FALSE,"/data_g1/AI_projects/projects/Immune_Cell_Prediction_WK/DIR/nhs/TMA 12 Level 1_Core[1,5,1]_[6880,35592]",0.4
"/data_g1/AI_projects/raw_data/PCITB_CRC/HE_raw_images/Tumor/TMA12/TMA 12 Level 16_Core[2,5,10]_[8635,43146].tif",FALSE,"/data_g1/AI_projects/projects/Immune_Cell_Prediction_WK/DIR/nhs/TMA 12 Level 16_Core[2,5,10]_[8635,43146]",0.4
"/data_g1/AI_projects/raw_data/PCITB_CRC/HE_raw_images/Tumor/TMA12/TMA 12 Level 1_Core[1,5,10]_[6942,43555].tif",FALSE,"/data_g1/AI_projects/projects/Immune_Cell_Prediction_WK/DIR/nhs/TMA 12 Level 1_Core[1,5,10]_[6942,43555]",0.4
"/data_g1/AI_projects/raw_data/PCITB_CRC/HE_raw_images/Tumor/TMA12/TMA 12 Level 1_Core[1,5,11]_[6966,44396].tif",FALSE,"/data_g1/AI_projects/projects/Immune_Cell_Prediction_WK/DIR/nhs/TMA 12 Level 1_Core[1,5,11]_[6966,44396]",0.4
"/data_g1/AI_projects/raw_data/PCITB_CRC/HE_raw_images/Tumor/TMA12/TMA 12 Level 16_Core[2,5,11]_[8684,43913].tif",FALSE,"/data_g1/AI_projects/projects/Immune_Cell_Prediction_WK/DIR/nhs/TMA 12 Level 16_Core[2,5,11]_[8684,43913]",0.4
"/data_g1/AI_projects/raw_data/PCITB_CRC/HE_raw_images/Tumor/TMA12/TMA 12 Level 16_Core[2,5,12]_[8709,44630].tif",FALSE,"/data_g1/AI_projects/projects/Immune_Cell_Prediction_WK/DIR/nhs/TMA 12 Level 16_Core[2,5,12]_[8709,44630]",0.4
"/data_g1/AI_projects/raw_data/PCITB_CRC/HE_raw_images/Tumor/TMA12/TMA 12 Level 1_Core[1,5,12]_[6942,45212].tif",FALSE,"/data_g1/AI_projects/projects/Immune_Cell_Prediction_WK/DIR/nhs/TMA 12 Level 1_Core[1,5,12]_[6942,45212]",0.4
"/data_g1/AI_projects/raw_data/PCITB_CRC/HE_raw_images/Tumor/TMA12/TMA 12 Level 1_Core[1,5,13]_[7016,46102].tif",FALSE,"/data_g1/AI_projects/projects/Immune_Cell_Prediction_WK/DIR/nhs/TMA 12 Level 1_Core[1,5,13]_[7016,46102]",0.4
"/data_g1/AI_projects/raw_data/PCITB_CRC/HE_raw_images/Tumor/TMA12/TMA 12 Level 16_Core[2,5,13]_[8734,45372].tif",FALSE,"/data_g1/AI_projects/projects/Immune_Cell_Prediction_WK/DIR/nhs/TMA 12 Level 16_Core[2,5,13]_[8734,45372]",0.4
"/data_g1/AI_projects/raw_data/PCITB_CRC/HE_raw_images/Tumor/TMA12/TMA 12 Level 1_Core[1,5,14]_[6991,46943].tif",FALSE,"/data_g1/AI_projects/projects/Immune_Cell_Prediction_WK/DIR/nhs/TMA 12 Level 1_Core[1,5,14]_[6991,46943]",0.4
"/data_g1/AI_projects/raw_data/PCITB_CRC/HE_raw_images/Tumor/TMA12/TMA 12 Level 16_Core[2,5,14]_[8734,46114].tif",FALSE,"/data_g1/AI_projects/projects/Immune_Cell_Prediction_WK/DIR/nhs/TMA 12 Level 16_Core[2,5,14]_[8734,46114]",0.4
"/data_g1/AI_projects/raw_data/PCITB_CRC/HE_raw_images/Tumor/TMA12/TMA 12 Level 1_Core[1,5,15]_[7041,47759].tif",FALSE,"/data_g1/AI_projects/projects/Immune_Cell_Prediction_WK/DIR/nhs/TMA 12 Level 1_Core[1,5,15]_[7041,47759]",0.4
"/data_g1/AI_projects/raw_data/PCITB_CRC/HE_raw_images/Tumor/TMA12/TMA 12 Level 16_Core[2,5,15]_[8808,46855].tif",FALSE,"/data_g1/AI_projects/projects/Immune_Cell_Prediction_WK/DIR/nhs/TMA 12 Level 16_Core[2,5,15]_[8808,46855]",0.4
"/data_g1/AI_projects/raw_data/PCITB_CRC/HE_raw_images/Tumor/TMA12/TMA 12 Level 16_Core[2,5,16]_[8833,47548].tif",FALSE,"/data_g1/AI_projects/projects/Immune_Cell_Prediction_WK/DIR/nhs/TMA 12 Level 16_Core[2,5,16]_[8833,47548]",0.4
"/data_g1/AI_projects/raw_data/PCITB_CRC/HE_raw_images/Tumor/TMA12/TMA 12 Level 1_Core[1,5,16]_[7039,48573].tif",FALSE,"/data_g1/AI_projects/projects/Immune_Cell_Prediction_WK/DIR/nhs/TMA 12 Level 1_Core[1,5,16]_[7039,48573]",0.4
"/data_g1/AI_projects/raw_data/PCITB_CRC/HE_raw_images/Tumor/TMA12/TMA 12 Level 16_Core[2,5,17]_[8857,48290].tif",FALSE,"/data_g1/AI_projects/projects/Immune_Cell_Prediction_WK/DIR/nhs/TMA 12 Level 16_Core[2,5,17]_[8857,48290]",0.4
"/data_g1/AI_projects/raw_data/PCITB_CRC/HE_raw_images/Tumor/TMA12/TMA 12 Level 16_Core[2,5,18]_[8882,49007].tif",FALSE,"/data_g1/AI_projects/projects/Immune_Cell_Prediction_WK/DIR/nhs/TMA 12 Level 16_Core[2,5,18]_[8882,49007]",0.4
"/data_g1/AI_projects/raw_data/PCITB_CRC/HE_raw_images/Tumor/TMA12/TMA 12 Level 1_Core[1,5,19]_[7113,51070].tif",FALSE,"/data_g1/AI_projects/projects/Immune_Cell_Prediction_WK/DIR/nhs/TMA 12 Level 1_Core[1,5,19]_[7113,51070]",0.4
"/data_g1/AI_projects/raw_data/PCITB_CRC/HE_raw_images/Tumor/TMA12/TMA 12 Level 16_Core[2,5,19]_[8907,49724].tif",FALSE,"/data_g1/AI_projects/projects/Immune_Cell_Prediction_WK/DIR/nhs/TMA 12 Level 16_Core[2,5,19]_[8907,49724]",0.4
"/data_g1/AI_projects/raw_data/PCITB_CRC/HE_raw_images/Tumor/TMA12/TMA 12 Level 16_Core[2,5,2]_[8585,37533].tif",FALSE,"/data_g1/AI_projects/projects/Immune_Cell_Prediction_WK/DIR/nhs/TMA 12 Level 16_Core[2,5,2]_[8585,37533]",0.4
"/data_g1/AI_projects/raw_data/PCITB_CRC/HE_raw_images/Tumor/TMA12/TMA 12 Level 1_Core[1,5,2]_[6929,36483].tif",FALSE,"/data_g1/AI_projects/projects/Immune_Cell_Prediction_WK/DIR/nhs/TMA 12 Level 1_Core[1,5,2]_[6929,36483]",0.4
"/data_g1/AI_projects/raw_data/PCITB_CRC/HE_raw_images/Tumor/TMA12/TMA 12 Level 16_Core[2,5,20]_[9030,50540].tif",FALSE,"/data_g1/AI_projects/projects/Immune_Cell_Prediction_WK/DIR/nhs/TMA 12 Level 16_Core[2,5,20]_[9030,50540]",0.4
"/data_g1/AI_projects/raw_data/PCITB_CRC/HE_raw_images/Tumor/TMA12/TMA 12 Level 1_Core[1,5,20]_[7138,51961].tif",FALSE,"/data_g1/AI_projects/projects/Immune_Cell_Prediction_WK/DIR/nhs/TMA 12 Level 1_Core[1,5,20]_[7138,51961]",0.4
"/data_g1/AI_projects/raw_data/PCITB_CRC/HE_raw_images/Tumor/TMA12/TMA 12 Level 16_Core[2,5,21]_[9080,51331].tif",FALSE,"/data_g1/AI_projects/projects/Immune_Cell_Prediction_WK/DIR/nhs/TMA 12 Level 16_Core[2,5,21]_[9080,51331]",0.4
"/data_g1/AI_projects/raw_data/PCITB_CRC/HE_raw_images/Tumor/TMA12/TMA 12 Level 1_Core[2,5,21]_[7332,53057].tif",FALSE,"/data_g1/AI_projects/projects/Immune_Cell_Prediction_WK/DIR/nhs/TMA 12 Level 1_Core[2,5,21]_[7332,53057]",0.4
"/data_g1/AI_projects/raw_data/PCITB_CRC/HE_raw_images/Tumor/TMA12/TMA 12 Level 16_Core[2,5,22]_[9228,52172].tif",FALSE,"/data_g1/AI_projects/projects/Immune_Cell_Prediction_WK/DIR/nhs/TMA 12 Level 16_Core[2,5,22]_[9228,52172]",0.4
"/data_g1/AI_projects/raw_data/PCITB_CRC/HE_raw_images/Tumor/TMA12/TMA 12 Level 1_Core[2,5,22]_[7431,53898].tif",FALSE,"/data_g1/AI_projects/projects/Immune_Cell_Prediction_WK/DIR/nhs/TMA 12 Level 1_Core[2,5,22]_[7431,53898]",0.4
"/data_g1/AI_projects/raw_data/PCITB_CRC/HE_raw_images/Tumor/TMA12/TMA 12 Level 16_Core[2,5,3]_[8585,38225].tif",FALSE,"/data_g1/AI_projects/projects/Immune_Cell_Prediction_WK/DIR/nhs/TMA 12 Level 16_Core[2,5,3]_[8585,38225]",0.4
"/data_g1/AI_projects/raw_data/PCITB_CRC/HE_raw_images/Tumor/TMA12/TMA 12 Level 1_Core[1,5,3]_[6880,37299].tif",FALSE,"/data_g1/AI_projects/projects/Immune_Cell_Prediction_WK/DIR/nhs/TMA 12 Level 1_Core[1,5,3]_[6880,37299]",0.4
"/data_g1/AI_projects/raw_data/PCITB_CRC/HE_raw_images/Tumor/TMA12/TMA 12 Level 16_Core[2,5,4]_[8561,38967].tif",FALSE,"/data_g1/AI_projects/projects/Immune_Cell_Prediction_WK/DIR/nhs/TMA 12 Level 16_Core[2,5,4]_[8561,38967]",0.4
"/data_g1/AI_projects/raw_data/PCITB_CRC/HE_raw_images/Tumor/TMA12/TMA 12 Level 1_Core[1,5,4]_[6905,38189].tif",FALSE,"/data_g1/AI_projects/projects/Immune_Cell_Prediction_WK/DIR/nhs/TMA 12 Level 1_Core[1,5,4]_[6905,38189]",0.4
"/data_g1/AI_projects/raw_data/PCITB_CRC/HE_raw_images/Tumor/TMA12/TMA 12 Level 16_Core[2,5,5]_[8659,39610].tif",FALSE,"/data_g1/AI_projects/projects/Immune_Cell_Prediction_WK/DIR/nhs/TMA 12 Level 16_Core[2,5,5]_[8659,39610]",0.4
"/data_g1/AI_projects/raw_data/PCITB_CRC/HE_raw_images/Tumor/TMA12/TMA 12 Level 1_Core[1,5,5]_[7078,39030].tif",FALSE,"/data_g1/AI_projects/projects/Immune_Cell_Prediction_WK/DIR/nhs/TMA 12 Level 1_Core[1,5,5]_[7078,39030]",0.4
"/data_g1/AI_projects/raw_data/PCITB_CRC/HE_raw_images/Tumor/TMA12/TMA 12 Level 1_Core[1,5,6]_[6979,40167].tif",FALSE,"/data_g1/AI_projects/projects/Immune_Cell_Prediction_WK/DIR/nhs/TMA 12 Level 1_Core[1,5,6]_[6979,40167]",0.4
"/data_g1/AI_projects/raw_data/PCITB_CRC/HE_raw_images/Tumor/TMA12/TMA 12 Level 16_Core[2,5,7]_[8684,41044].tif",FALSE,"/data_g1/AI_projects/projects/Immune_Cell_Prediction_WK/DIR/nhs/TMA 12 Level 16_Core[2,5,7]_[8684,41044]",0.4
"/data_g1/AI_projects/raw_data/PCITB_CRC/HE_raw_images/Tumor/TMA12/TMA 12 Level 1_Core[1,5,7]_[6991,41057].tif",FALSE,"/data_g1/AI_projects/projects/Immune_Cell_Prediction_WK/DIR/nhs/TMA 12 Level 1_Core[1,5,7]_[6991,41057]",0.4
"/data_g1/AI_projects/raw_data/PCITB_CRC/HE_raw_images/Tumor/TMA12/TMA 12 Level 1_Core[1,5,8]_[7016,41923].tif",FALSE,"/data_g1/AI_projects/projects/Immune_Cell_Prediction_WK/DIR/nhs/TMA 12 Level 1_Core[1,5,8]_[7016,41923]",0.4
"/data_g1/AI_projects/raw_data/PCITB_CRC/HE_raw_images/Tumor/TMA12/TMA 12 Level 16_Core[2,5,8]_[8635,41786].tif",FALSE,"/data_g1/AI_projects/projects/Immune_Cell_Prediction_WK/DIR/nhs/TMA 12 Level 16_Core[2,5,8]_[8635,41786]",0.4
"/data_g1/AI_projects/raw_data/PCITB_CRC/HE_raw_images/Tumor/TMA12/TMA 12 Level 1_Core[1,6,18]_[7942,50119].tif",FALSE,"/data_g1/AI_projects/projects/Immune_Cell_Prediction_WK/DIR/nhs/TMA 12 Level 1_Core[1,6,18]_[7942,50119]",0.4
"/data_g1/AI_projects/raw_data/PCITB_CRC/HE_raw_images/Tumor/TMA12/TMA 12 Level 16_Core[2,6,18]_[9772,48932].tif",FALSE,"/data_g1/AI_projects/projects/Immune_Cell_Prediction_WK/DIR/nhs/TMA 12 Level 16_Core[2,6,18]_[9772,48932]",0.4
"/data_g1/AI_projects/raw_data/PCITB_CRC/HE_raw_images/Tumor/TMA12/TMA 12 Level 16_Core[2,6,2]_[9451,37459].tif",FALSE,"/data_g1/AI_projects/projects/Immune_Cell_Prediction_WK/DIR/nhs/TMA 12 Level 16_Core[2,6,2]_[9451,37459]",0.4
"/data_g1/AI_projects/raw_data/PCITB_CRC/HE_raw_images/Tumor/TMA12/TMA 12 Level 16_Core[2,6,23]_[10292,53012].tif",FALSE,"/data_g1/AI_projects/projects/Immune_Cell_Prediction_WK/DIR/nhs/TMA 12 Level 16_Core[2,6,23]_[10292,53012]",0.4
"/data_g1/AI_projects/raw_data/PCITB_CRC/HE_raw_images/Tumor/TMA12/TMA 12 Level 1_Core[2,6,23]_[8494,54912].tif",FALSE,"/data_g1/AI_projects/projects/Immune_Cell_Prediction_WK/DIR/nhs/TMA 12 Level 1_Core[2,6,23]_[8494,54912]",0.4
"/data_g1/AI_projects/raw_data/PCITB_CRC/HE_raw_images/Tumor/TMA12/TMA 12 Level 1_Core[1,6,8]_[7857,41923].tif",FALSE,"/data_g1/AI_projects/projects/Immune_Cell_Prediction_WK/DIR/nhs/TMA 12 Level 1_Core[1,6,8]_[7857,41923]",0.4
"/data_g1/AI_projects/raw_data/PCITB_CRC/HE_raw_images/Tumor/TMA12/TMA 12 Level 16_Core[2,6,8]_[9500,41712].tif",FALSE,"/data_g1/AI_projects/projects/Immune_Cell_Prediction_WK/DIR/nhs/TMA 12 Level 16_Core[2,6,8]_[9500,41712]",0.4
"/data_g1/AI_projects/raw_data/PCITB_CRC/HE_raw_images/Tumor/TMA12/TMA 12 Level 16_Core[2,6,9]_[9500,42429].tif",FALSE,"/data_g1/AI_projects/projects/Immune_Cell_Prediction_WK/DIR/nhs/TMA 12 Level 16_Core[2,6,9]_[9500,42429]",0.4
"/data_g1/AI_projects/raw_data/PCITB_CRC/HE_raw_images/Tumor/TMA12/TMA 12 Level 1_Core[1,6,9]_[7832,42764].tif",FALSE,"/data_g1/AI_projects/projects/Immune_Cell_Prediction_WK/DIR/nhs/TMA 12 Level 1_Core[1,6,9]_[7832,42764]",0.4
"/data_g1/AI_projects/raw_data/PCITB_CRC/HE_raw_images/Tumor/TMA12/TMA 12 Level 16_Core[2,7,1]_[10143,36692].tif",FALSE,"/data_g1/AI_projects/projects/Immune_Cell_Prediction_WK/DIR/nhs/TMA 12 Level 16_Core[2,7,1]_[10143,36692]",0.4
"/data_g1/AI_projects/raw_data/PCITB_CRC/HE_raw_images/Tumor/TMA12/TMA 12 Level 1_Core[1,7,1]_[8636,35494].tif",FALSE,"/data_g1/AI_projects/projects/Immune_Cell_Prediction_WK/DIR/nhs/TMA 12 Level 1_Core[1,7,1]_[8636,35494]",0.4
"/data_g1/AI_projects/raw_data/PCITB_CRC/HE_raw_images/Tumor/TMA12/TMA 12 Level 16_Core[2,7,10]_[10316,43097].tif",FALSE,"/data_g1/AI_projects/projects/Immune_Cell_Prediction_WK/DIR/nhs/TMA 12 Level 16_Core[2,7,10]_[10316,43097]",0.4
"/data_g1/AI_projects/raw_data/PCITB_CRC/HE_raw_images/Tumor/TMA12/TMA 12 Level 1_Core[1,7,10]_[8697,43555].tif",FALSE,"/data_g1/AI_projects/projects/Immune_Cell_Prediction_WK/DIR/nhs/TMA 12 Level 1_Core[1,7,10]_[8697,43555]",0.4
"/data_g1/AI_projects/raw_data/PCITB_CRC/HE_raw_images/Tumor/TMA12/TMA 12 Level 16_Core[2,7,11]_[10415,43838].tif",FALSE,"/data_g1/AI_projects/projects/Immune_Cell_Prediction_WK/DIR/nhs/TMA 12 Level 16_Core[2,7,11]_[10415,43838]",0.4
"/data_g1/AI_projects/raw_data/PCITB_CRC/HE_raw_images/Tumor/TMA12/TMA 12 Level 1_Core[1,7,11]_[8772,44396].tif",FALSE,"/data_g1/AI_projects/projects/Immune_Cell_Prediction_WK/DIR/nhs/TMA 12 Level 1_Core[1,7,11]_[8772,44396]",0.4
"/data_g1/AI_projects/raw_data/PCITB_CRC/HE_raw_images/Tumor/TMA12/TMA 12 Level 16_Core[2,7,12]_[10415,44580].tif",FALSE,"/data_g1/AI_projects/projects/Immune_Cell_Prediction_WK/DIR/nhs/TMA 12 Level 16_Core[2,7,12]_[10415,44580]",0.4
"/data_g1/AI_projects/raw_data/PCITB_CRC/HE_raw_images/Tumor/TMA12/TMA 12 Level 1_Core[1,7,12]_[8697,45212].tif",FALSE,"/data_g1/AI_projects/projects/Immune_Cell_Prediction_WK/DIR/nhs/TMA 12 Level 1_Core[1,7,12]_[8697,45212]",0.4
"/data_g1/AI_projects/raw_data/PCITB_CRC/HE_raw_images/Tumor/TMA12/TMA 12 Level 16_Core[2,7,13]_[10415,45347].tif",FALSE,"/data_g1/AI_projects/projects/Immune_Cell_Prediction_WK/DIR/nhs/TMA 12 Level 16_Core[2,7,13]_[10415,45347]",0.4
"/data_g1/AI_projects/raw_data/PCITB_CRC/HE_raw_images/Tumor/TMA12/TMA 12 Level 1_Core[1,7,13]_[8697,46077].tif",FALSE,"/data_g1/AI_projects/projects/Immune_Cell_Prediction_WK/DIR/nhs/TMA 12 Level 1_Core[1,7,13]_[8697,46077]",0.4
"/data_g1/AI_projects/raw_data/PCITB_CRC/HE_raw_images/Tumor/TMA12/TMA 12 Level 16_Core[2,7,15]_[10465,46806].tif",FALSE,"/data_g1/AI_projects/projects/Immune_Cell_Prediction_WK/DIR/nhs/TMA 12 Level 16_Core[2,7,15]_[10465,46806]",0.4
"/data_g1/AI_projects/raw_data/PCITB_CRC/HE_raw_images/Tumor/TMA12/TMA 12 Level 1_Core[1,7,16]_[8832,48511].tif",FALSE,"/data_g1/AI_projects/projects/Immune_Cell_Prediction_WK/DIR/nhs/TMA 12 Level 1_Core[1,7,16]_[8832,48511]",0.4
"/data_g1/AI_projects/raw_data/PCITB_CRC/HE_raw_images/Tumor/TMA12/TMA 12 Level 16_Core[2,7,16]_[10539,47449].tif",FALSE,"/data_g1/AI_projects/projects/Immune_Cell_Prediction_WK/DIR/nhs/TMA 12 Level 16_Core[2,7,16]_[10539,47449]",0.4
"/data_g1/AI_projects/raw_data/PCITB_CRC/HE_raw_images/Tumor/TMA12/TMA 12 Level 1_Core[1,7,17]_[8832,49327].tif",FALSE,"/data_g1/AI_projects/projects/Immune_Cell_Prediction_WK/DIR/nhs/TMA 12 Level 1_Core[1,7,17]_[8832,49327]",0.4
"/data_g1/AI_projects/raw_data/PCITB_CRC/HE_raw_images/Tumor/TMA12/TMA 12 Level 16_Core[2,7,17]_[10588,48191].tif",FALSE,"/data_g1/AI_projects/projects/Immune_Cell_Prediction_WK/DIR/nhs/TMA 12 Level 16_Core[2,7,17]_[10588,48191]",0.4
"/data_g1/AI_projects/raw_data/PCITB_CRC/HE_raw_images/Tumor/TMA12/TMA 12 Level 16_Core[2,7,19]_[10737,49699].tif",FALSE,"/data_g1/AI_projects/projects/Immune_Cell_Prediction_WK/DIR/nhs/TMA 12 Level 16_Core[2,7,19]_[10737,49699]",0.4
"/data_g1/AI_projects/raw_data/PCITB_CRC/HE_raw_images/Tumor/TMA12/TMA 12 Level 1_Core[1,7,19]_[8807,50910].tif",FALSE,"/data_g1/AI_projects/projects/Immune_Cell_Prediction_WK/DIR/nhs/TMA 12 Level 1_Core[1,7,19]_[8807,50910]",0.4
"/data_g1/AI_projects/raw_data/PCITB_CRC/HE_raw_images/Tumor/TMA12/TMA 12 Level 16_Core[2,7,20]_[10811,50589].tif",FALSE,"/data_g1/AI_projects/projects/Immune_Cell_Prediction_WK/DIR/nhs/TMA 12 Level 16_Core[2,7,20]_[10811,50589]",0.4
"/data_g1/AI_projects/raw_data/PCITB_CRC/HE_raw_images/Tumor/TMA12/TMA 12 Level 16_Core[2,7,21]_[10885,51405].tif",FALSE,"/data_g1/AI_projects/projects/Immune_Cell_Prediction_WK/DIR/nhs/TMA 12 Level 16_Core[2,7,21]_[10885,51405]",0.4
"/data_g1/AI_projects/raw_data/PCITB_CRC/HE_raw_images/Tumor/TMA12/TMA 12 Level 1_Core[2,7,21]_[9137,53082].tif",FALSE,"/data_g1/AI_projects/projects/Immune_Cell_Prediction_WK/DIR/nhs/TMA 12 Level 1_Core[2,7,21]_[9137,53082]",0.4
"/data_g1/AI_projects/raw_data/PCITB_CRC/HE_raw_images/Tumor/TMA12/TMA 12 Level 1_Core[2,7,22]_[9187,53948].tif",FALSE,"/data_g1/AI_projects/projects/Immune_Cell_Prediction_WK/DIR/nhs/TMA 12 Level 1_Core[2,7,22]_[9187,53948]",0.4
"/data_g1/AI_projects/raw_data/PCITB_CRC/HE_raw_images/Tumor/TMA12/TMA 12 Level 16_Core[2,7,22]_[10959,52147].tif",FALSE,"/data_g1/AI_projects/projects/Immune_Cell_Prediction_WK/DIR/nhs/TMA 12 Level 16_Core[2,7,22]_[10959,52147]",0.4
"/data_g1/AI_projects/raw_data/PCITB_CRC/HE_raw_images/Tumor/TMA12/TMA 12 Level 16_Core[2,7,4]_[10341,38819].tif",FALSE,"/data_g1/AI_projects/projects/Immune_Cell_Prediction_WK/DIR/nhs/TMA 12 Level 16_Core[2,7,4]_[10341,38819]",0.4
"/data_g1/AI_projects/raw_data/PCITB_CRC/HE_raw_images/Tumor/TMA12/TMA 12 Level 16_Core[2,7,5]_[10366,39585].tif",FALSE,"/data_g1/AI_projects/projects/Immune_Cell_Prediction_WK/DIR/nhs/TMA 12 Level 16_Core[2,7,5]_[10366,39585]",0.4
"/data_g1/AI_projects/raw_data/PCITB_CRC/HE_raw_images/Tumor/TMA12/TMA 12 Level 16_Core[2,7,7]_[10292,40995].tif",FALSE,"/data_g1/AI_projects/projects/Immune_Cell_Prediction_WK/DIR/nhs/TMA 12 Level 16_Core[2,7,7]_[10292,40995]",0.4
"/data_g1/AI_projects/raw_data/PCITB_CRC/HE_raw_images/Tumor/TMA12/TMA 12 Level 1_Core[1,7,7]_[8722,41082].tif",FALSE,"/data_g1/AI_projects/projects/Immune_Cell_Prediction_WK/DIR/nhs/TMA 12 Level 1_Core[1,7,7]_[8722,41082]",0.4
"/data_g1/AI_projects/raw_data/PCITB_CRC/HE_raw_images/Tumor/TMA12/TMA 12 Level 16_Core[2,7,9]_[10341,42404].tif",FALSE,"/data_g1/AI_projects/projects/Immune_Cell_Prediction_WK/DIR/nhs/TMA 12 Level 16_Core[2,7,9]_[10341,42404]",0.4
"/data_g1/AI_projects/raw_data/PCITB_CRC/HE_raw_images/Tumor/TMA12/TMA 12 Level 1_Core[1,7,9]_[8722,42739].tif",FALSE,"/data_g1/AI_projects/projects/Immune_Cell_Prediction_WK/DIR/nhs/TMA 12 Level 1_Core[1,7,9]_[8722,42739]",0.4
"/data_g1/AI_projects/raw_data/PCITB_CRC/HE_raw_images/Tumor/TMA12/TMA 12 Level 1_Core[1,8,13]_[9563,46003].tif",FALSE,"/data_g1/AI_projects/projects/Immune_Cell_Prediction_WK/DIR/nhs/TMA 12 Level 1_Core[1,8,13]_[9563,46003]",0.4
"/data_g1/AI_projects/raw_data/PCITB_CRC/HE_raw_images/Tumor/TMA12/TMA 12 Level 16_Core[2,8,13]_[11281,45297].tif",FALSE,"/data_g1/AI_projects/projects/Immune_Cell_Prediction_WK/DIR/nhs/TMA 12 Level 16_Core[2,8,13]_[11281,45297]",0.4
"/data_g1/AI_projects/raw_data/PCITB_CRC/HE_raw_images/Tumor/TMA12/TMA 12 Level 1_Core[1,8,18]_[9821,50193].tif",FALSE,"/data_g1/AI_projects/projects/Immune_Cell_Prediction_WK/DIR/nhs/TMA 12 Level 1_Core[1,8,18]_[9821,50193]",0.4
"/data_g1/AI_projects/raw_data/PCITB_CRC/HE_raw_images/Tumor/TMA12/TMA 12 Level 16_Core[2,8,18]_[11454,48957].tif",FALSE,"/data_g1/AI_projects/projects/Immune_Cell_Prediction_WK/DIR/nhs/TMA 12 Level 16_Core[2,8,18]_[11454,48957]",0.4
"/data_g1/AI_projects/raw_data/PCITB_CRC/HE_raw_images/Tumor/TMA12/TMA 12 Level 1_Core[1,8,2]_[9600,36359].tif",FALSE,"/data_g1/AI_projects/projects/Immune_Cell_Prediction_WK/DIR/nhs/TMA 12 Level 1_Core[1,8,2]_[9600,36359]",0.4
"/data_g1/AI_projects/raw_data/PCITB_CRC/HE_raw_images/Tumor/TMA12/TMA 12 Level 16_Core[2,8,2]_[11108,37335].tif",FALSE,"/data_g1/AI_projects/projects/Immune_Cell_Prediction_WK/DIR/nhs/TMA 12 Level 16_Core[2,8,2]_[11108,37335]",0.4
"/data_g1/AI_projects/raw_data/PCITB_CRC/HE_raw_images/Tumor/TMA12/TMA 12 Level 16_Core[2,8,21]_[11726,51306].tif",FALSE,"/data_g1/AI_projects/projects/Immune_Cell_Prediction_WK/DIR/nhs/TMA 12 Level 16_Core[2,8,21]_[11726,51306]",0.4
"/data_g1/AI_projects/raw_data/PCITB_CRC/HE_raw_images/Tumor/TMA12/TMA 12 Level 1_Core[2,8,21]_[9978,52884].tif",FALSE,"/data_g1/AI_projects/projects/Immune_Cell_Prediction_WK/DIR/nhs/TMA 12 Level 1_Core[2,8,21]_[9978,52884]",0.4
"/data_g1/AI_projects/raw_data/PCITB_CRC/HE_raw_images/Tumor/TMA12/TMA 12 Level 16_Core[2,8,23]_[11874,52864].tif",FALSE,"/data_g1/AI_projects/projects/Immune_Cell_Prediction_WK/DIR/nhs/TMA 12 Level 16_Core[2,8,23]_[11874,52864]",0.4
"/data_g1/AI_projects/raw_data/PCITB_CRC/HE_raw_images/Tumor/TMA12/TMA 12 Level 1_Core[2,8,23]_[10102,54764].tif",FALSE,"/data_g1/AI_projects/projects/Immune_Cell_Prediction_WK/DIR/nhs/TMA 12 Level 1_Core[2,8,23]_[10102,54764]",0.4
"/data_g1/AI_projects/raw_data/PCITB_CRC/HE_raw_images/Tumor/TMA12/TMA 12 Level 16_Core[2,8,3]_[11157,38102].tif",FALSE,"/data_g1/AI_projects/projects/Immune_Cell_Prediction_WK/DIR/nhs/TMA 12 Level 16_Core[2,8,3]_[11157,38102]",0.4
"/data_g1/AI_projects/raw_data/PCITB_CRC/HE_raw_images/Tumor/TMA12/TMA 12 Level 16_Core[2,8,5]_[11182,39462].tif",FALSE,"/data_g1/AI_projects/projects/Immune_Cell_Prediction_WK/DIR/nhs/TMA 12 Level 16_Core[2,8,5]_[11182,39462]",0.4
"/data_g1/AI_projects/raw_data/PCITB_CRC/HE_raw_images/Tumor/TMA12/TMA 12 Level 16_Core[2,8,6]_[11132,40204].tif",FALSE,"/data_g1/AI_projects/projects/Immune_Cell_Prediction_WK/DIR/nhs/TMA 12 Level 16_Core[2,8,6]_[11132,40204]",0.4
"/data_g1/AI_projects/raw_data/PCITB_CRC/HE_raw_images/Tumor/TMA12/TMA 12 Level 1_Core[1,8,6]_[9575,40142].tif",FALSE,"/data_g1/AI_projects/projects/Immune_Cell_Prediction_WK/DIR/nhs/TMA 12 Level 1_Core[1,8,6]_[9575,40142]",0.4
"/data_g1/AI_projects/raw_data/PCITB_CRC/HE_raw_images/Tumor/TMA12/TMA 12 Level 16_Core[2,8,8]_[11182,41662].tif",FALSE,"/data_g1/AI_projects/projects/Immune_Cell_Prediction_WK/DIR/nhs/TMA 12 Level 16_Core[2,8,8]_[11182,41662]",0.4
"/data_g1/AI_projects/raw_data/PCITB_CRC/HE_raw_images/Tumor/TMA12/TMA 12 Level 1_Core[1,8,8]_[9612,41923].tif",FALSE,"/data_g1/AI_projects/projects/Immune_Cell_Prediction_WK/DIR/nhs/TMA 12 Level 1_Core[1,8,8]_[9612,41923]",0.4
"/data_g1/AI_projects/raw_data/PCITB_CRC/HE_raw_images/Tumor/TMA12/TMA 12 Level 16_Core[2,8,9]_[11231,42404].tif",FALSE,"/data_g1/AI_projects/projects/Immune_Cell_Prediction_WK/DIR/nhs/TMA 12 Level 16_Core[2,8,9]_[11231,42404]",0.4
"/data_g1/AI_projects/raw_data/PCITB_CRC/HE_raw_images/Tumor/TMA12/TMA 12 Level 1_Core[1,8,9]_[9637,42764].tif",FALSE,"/data_g1/AI_projects/projects/Immune_Cell_Prediction_WK/DIR/nhs/TMA 12 Level 1_Core[1,8,9]_[9637,42764]",0.4
"/data_g1/AI_projects/raw_data/PCITB_CRC/HE_raw_images/Tumor/TMA12/TMA 12 Level 16_Core[2,9,1]_[11849,36494].tif",FALSE,"/data_g1/AI_projects/projects/Immune_Cell_Prediction_WK/DIR/nhs/TMA 12 Level 16_Core[2,9,1]_[11849,36494]",0.4
"/data_g1/AI_projects/raw_data/PCITB_CRC/HE_raw_images/Tumor/TMA12/TMA 12 Level 1_Core[1,9,1]_[10378,35382].tif",FALSE,"/data_g1/AI_projects/projects/Immune_Cell_Prediction_WK/DIR/nhs/TMA 12 Level 1_Core[1,9,1]_[10378,35382]",0.4
"/data_g1/AI_projects/raw_data/PCITB_CRC/HE_raw_images/Tumor/TMA12/TMA 12 Level 1_Core[1,9,10]_[10478,43530].tif",FALSE,"/data_g1/AI_projects/projects/Immune_Cell_Prediction_WK/DIR/nhs/TMA 12 Level 1_Core[1,9,10]_[10478,43530]",0.4
"/data_g1/AI_projects/raw_data/PCITB_CRC/HE_raw_images/Tumor/TMA12/TMA 12 Level 1_Core[1,9,11]_[10478,44371].tif",FALSE,"/data_g1/AI_projects/projects/Immune_Cell_Prediction_WK/DIR/nhs/TMA 12 Level 1_Core[1,9,11]_[10478,44371]",0.4
"/data_g1/AI_projects/raw_data/PCITB_CRC/HE_raw_images/Tumor/TMA12/TMA 12 Level 16_Core[2,9,11]_[12047,43764].tif",FALSE,"/data_g1/AI_projects/projects/Immune_Cell_Prediction_WK/DIR/nhs/TMA 12 Level 16_Core[2,9,11]_[12047,43764]",0.4
"/data_g1/AI_projects/raw_data/PCITB_CRC/HE_raw_images/Tumor/TMA12/TMA 12 Level 1_Core[1,9,12]_[10453,45212].tif",FALSE,"/data_g1/AI_projects/projects/Immune_Cell_Prediction_WK/DIR/nhs/TMA 12 Level 1_Core[1,9,12]_[10453,45212]",0.4
"/data_g1/AI_projects/raw_data/PCITB_CRC/HE_raw_images/Tumor/TMA12/TMA 12 Level 16_Core[2,9,12]_[11998,44580].tif",FALSE,"/data_g1/AI_projects/projects/Immune_Cell_Prediction_WK/DIR/nhs/TMA 12 Level 16_Core[2,9,12]_[11998,44580]",0.4
"/data_g1/AI_projects/raw_data/PCITB_CRC/HE_raw_images/Tumor/TMA12/TMA 12 Level 16_Core[2,9,15]_[12146,46781].tif",FALSE,"/data_g1/AI_projects/projects/Immune_Cell_Prediction_WK/DIR/nhs/TMA 12 Level 16_Core[2,9,15]_[12146,46781]",0.4
"/data_g1/AI_projects/raw_data/PCITB_CRC/HE_raw_images/Tumor/TMA12/TMA 12 Level 1_Core[1,9,15]_[10552,47759].tif",FALSE,"/data_g1/AI_projects/projects/Immune_Cell_Prediction_WK/DIR/nhs/TMA 12 Level 1_Core[1,9,15]_[10552,47759]",0.4
"/data_g1/AI_projects/raw_data/PCITB_CRC/HE_raw_images/Tumor/TMA12/TMA 12 Level 16_Core[2,9,16]_[12196,47548].tif",FALSE,"/data_g1/AI_projects/projects/Immune_Cell_Prediction_WK/DIR/nhs/TMA 12 Level 16_Core[2,9,16]_[12196,47548]",0.4
"/data_g1/AI_projects/raw_data/PCITB_CRC/HE_raw_images/Tumor/TMA12/TMA 12 Level 16_Core[2,9,17]_[12294,48215].tif",FALSE,"/data_g1/AI_projects/projects/Immune_Cell_Prediction_WK/DIR/nhs/TMA 12 Level 16_Core[2,9,17]_[12294,48215]",0.4
"/data_g1/AI_projects/raw_data/PCITB_CRC/HE_raw_images/Tumor/TMA12/TMA 12 Level 1_Core[1,9,17]_[10612,49303].tif",FALSE,"/data_g1/AI_projects/projects/Immune_Cell_Prediction_WK/DIR/nhs/TMA 12 Level 1_Core[1,9,17]_[10612,49303]",0.4
"/data_g1/AI_projects/raw_data/PCITB_CRC/HE_raw_images/Tumor/TMA12/TMA 12 Level 16_Core[2,9,19]_[12418,49748].tif",FALSE,"/data_g1/AI_projects/projects/Immune_Cell_Prediction_WK/DIR/nhs/TMA 12 Level 16_Core[2,9,19]_[12418,49748]",0.4
"/data_g1/AI_projects/raw_data/PCITB_CRC/HE_raw_images/Tumor/TMA12/TMA 12 Level 1_Core[1,9,2]_[10477,36297].tif",FALSE,"/data_g1/AI_projects/projects/Immune_Cell_Prediction_WK/DIR/nhs/TMA 12 Level 1_Core[1,9,2]_[10477,36297]",0.4
"/data_g1/AI_projects/raw_data/PCITB_CRC/HE_raw_images/Tumor/TMA12/TMA 12 Level 1_Core[1,9,20]_[10884,51998].tif",FALSE,"/data_g1/AI_projects/projects/Immune_Cell_Prediction_WK/DIR/nhs/TMA 12 Level 1_Core[1,9,20]_[10884,51998]",0.4
"/data_g1/AI_projects/raw_data/PCITB_CRC/HE_raw_images/Tumor/TMA12/TMA 12 Level 16_Core[2,9,20]_[12492,50490].tif",FALSE,"/data_g1/AI_projects/projects/Immune_Cell_Prediction_WK/DIR/nhs/TMA 12 Level 16_Core[2,9,20]_[12492,50490]",0.4
"/data_g1/AI_projects/raw_data/PCITB_CRC/HE_raw_images/Tumor/TMA12/TMA 12 Level 16_Core[2,9,21]_[12566,51232].tif",FALSE,"/data_g1/AI_projects/projects/Immune_Cell_Prediction_WK/DIR/nhs/TMA 12 Level 16_Core[2,9,21]_[12566,51232]",0.4
"/data_g1/AI_projects/raw_data/PCITB_CRC/HE_raw_images/Tumor/TMA12/TMA 12 Level 1_Core[2,9,21]_[10918,52884].tif",FALSE,"/data_g1/AI_projects/projects/Immune_Cell_Prediction_WK/DIR/nhs/TMA 12 Level 1_Core[2,9,21]_[10918,52884]",0.4
"/data_g1/AI_projects/raw_data/PCITB_CRC/HE_raw_images/Tumor/TMA12/TMA 12 Level 1_Core[2,9,22]_[10942,53750].tif",FALSE,"/data_g1/AI_projects/projects/Immune_Cell_Prediction_WK/DIR/nhs/TMA 12 Level 1_Core[2,9,22]_[10942,53750]",0.4
"/data_g1/AI_projects/raw_data/PCITB_CRC/HE_raw_images/Tumor/TMA12/TMA 12 Level 16_Core[2,9,22]_[12616,51999].tif",FALSE,"/data_g1/AI_projects/projects/Immune_Cell_Prediction_WK/DIR/nhs/TMA 12 Level 16_Core[2,9,22]_[12616,51999]",0.4
"/data_g1/AI_projects/raw_data/PCITB_CRC/HE_raw_images/Tumor/TMA12/TMA 12 Level 16_Core[2,9,5]_[11973,39437].tif",FALSE,"/data_g1/AI_projects/projects/Immune_Cell_Prediction_WK/DIR/nhs/TMA 12 Level 16_Core[2,9,5]_[11973,39437]",0.4
"/data_g1/AI_projects/raw_data/PCITB_CRC/HE_raw_images/Tumor/TMA12/TMA 12 Level 16_Core[2,9,6]_[11973,40129].tif",FALSE,"/data_g1/AI_projects/projects/Immune_Cell_Prediction_WK/DIR/nhs/TMA 12 Level 16_Core[2,9,6]_[11973,40129]",0.4
"/data_g1/AI_projects/raw_data/PCITB_CRC/HE_raw_images/Tumor/TMA12/TMA 12 Level 1_Core[1,9,6]_[10519,40162].tif",FALSE,"/data_g1/AI_projects/projects/Immune_Cell_Prediction_WK/DIR/nhs/TMA 12 Level 1_Core[1,9,6]_[10519,40162]",0.4
"/data_g1/AI_projects/raw_data/PCITB_CRC/HE_raw_images/Tumor/TMA12/TMA 12 Level 16_Core[2,9,7]_[11899,40945].tif",FALSE,"/data_g1/AI_projects/projects/Immune_Cell_Prediction_WK/DIR/nhs/TMA 12 Level 16_Core[2,9,7]_[11899,40945]",0.4
"/data_g1/AI_projects/raw_data/PCITB_CRC/HE_raw_images/Tumor/TMA13/TMA 13 Level 1_Core[2,1,1]_[19511,38679].tif",FALSE,"/data_g1/AI_projects/projects/Immune_Cell_Prediction_WK/DIR/nhs/TMA 13 Level 1_Core[2,1,1]_[19511,38679]",0.4
"/data_g1/AI_projects/raw_data/PCITB_CRC/HE_raw_images/Tumor/TMA13/TMA 13 Level 16_Core[1,1,1]_[20463,35576].tif",FALSE,"/data_g1/AI_projects/projects/Immune_Cell_Prediction_WK/DIR/nhs/TMA 13 Level 16_Core[1,1,1]_[20463,35576]",0.4
"/data_g1/AI_projects/raw_data/PCITB_CRC/HE_raw_images/Tumor/TMA13/TMA 13 Level 1_Core[2,1,12]_[9496,39099].tif",FALSE,"/data_g1/AI_projects/projects/Immune_Cell_Prediction_WK/DIR/nhs/TMA 13 Level 1_Core[2,1,12]_[9496,39099]",0.4
"/data_g1/AI_projects/raw_data/PCITB_CRC/HE_raw_images/Tumor/TMA13/TMA 13 Level 16_Core[1,1,12]_[10523,36070].tif",FALSE,"/data_g1/AI_projects/projects/Immune_Cell_Prediction_WK/DIR/nhs/TMA 13 Level 16_Core[1,1,12]_[10523,36070]",0.4
"/data_g1/AI_projects/raw_data/PCITB_CRC/HE_raw_images/Tumor/TMA13/TMA 13 Level 1_Core[2,1,13]_[8631,39124].tif",FALSE,"/data_g1/AI_projects/projects/Immune_Cell_Prediction_WK/DIR/nhs/TMA 13 Level 1_Core[2,1,13]_[8631,39124]",0.4
"/data_g1/AI_projects/raw_data/PCITB_CRC/HE_raw_images/Tumor/TMA13/TMA 13 Level 16_Core[1,1,13]_[9731,36144].tif",FALSE,"/data_g1/AI_projects/projects/Immune_Cell_Prediction_WK/DIR/nhs/TMA 13 Level 16_Core[1,1,13]_[9731,36144]",0.4
"/data_g1/AI_projects/raw_data/PCITB_CRC/HE_raw_images/Tumor/TMA13/TMA 13 Level 1_Core[2,1,15]_[6875,39297].tif",FALSE,"/data_g1/AI_projects/projects/Immune_Cell_Prediction_WK/DIR/nhs/TMA 13 Level 1_Core[2,1,15]_[6875,39297]",0.4
"/data_g1/AI_projects/raw_data/PCITB_CRC/HE_raw_images/Tumor/TMA13/TMA 13 Level 16_Core[1,1,15]_[7976,36342].tif",FALSE,"/data_g1/AI_projects/projects/Immune_Cell_Prediction_WK/DIR/nhs/TMA 13 Level 16_Core[1,1,15]_[7976,36342]",0.4
"/data_g1/AI_projects/raw_data/PCITB_CRC/HE_raw_images/Tumor/TMA13/TMA 13 Level 16_Core[1,1,18]_[5355,36763].tif",FALSE,"/data_g1/AI_projects/projects/Immune_Cell_Prediction_WK/DIR/nhs/TMA 13 Level 16_Core[1,1,18]_[5355,36763]",0.4
"/data_g1/AI_projects/raw_data/PCITB_CRC/HE_raw_images/Tumor/TMA13/TMA 13 Level 1_Core[2,1,18]_[4205,39619].tif",FALSE,"/data_g1/AI_projects/projects/Immune_Cell_Prediction_WK/DIR/nhs/TMA 13 Level 1_Core[2,1,18]_[4205,39619]",0.4
"/data_g1/AI_projects/raw_data/PCITB_CRC/HE_raw_images/Tumor/TMA13/TMA 13 Level 16_Core[1,1,2]_[19548,35576].tif",FALSE,"/data_g1/AI_projects/projects/Immune_Cell_Prediction_WK/DIR/nhs/TMA 13 Level 16_Core[1,1,2]_[19548,35576]",0.4
"/data_g1/AI_projects/raw_data/PCITB_CRC/HE_raw_images/Tumor/TMA13/TMA 13 Level 1_Core[2,1,2]_[18596,38679].tif",FALSE,"/data_g1/AI_projects/projects/Immune_Cell_Prediction_WK/DIR/nhs/TMA 13 Level 1_Core[2,1,2]_[18596,38679]",0.4
"/data_g1/AI_projects/raw_data/PCITB_CRC/HE_raw_images/Tumor/TMA13/TMA 13 Level 1_Core[2,1,4]_[16766,38827].tif",FALSE,"/data_g1/AI_projects/projects/Immune_Cell_Prediction_WK/DIR/nhs/TMA 13 Level 1_Core[2,1,4]_[16766,38827]",0.4
"/data_g1/AI_projects/raw_data/PCITB_CRC/HE_raw_images/Tumor/TMA13/TMA 13 Level 16_Core[1,1,4]_[17743,35823].tif",FALSE,"/data_g1/AI_projects/projects/Immune_Cell_Prediction_WK/DIR/nhs/TMA 13 Level 16_Core[1,1,4]_[17743,35823]",0.4
"/data_g1/AI_projects/raw_data/PCITB_CRC/HE_raw_images/Tumor/TMA13/TMA 13 Level 1_Core[2,1,6]_[15011,38778].tif",FALSE,"/data_g1/AI_projects/projects/Immune_Cell_Prediction_WK/DIR/nhs/TMA 13 Level 1_Core[2,1,6]_[15011,38778]",0.4
"/data_g1/AI_projects/raw_data/PCITB_CRC/HE_raw_images/Tumor/TMA13/TMA 13 Level 16_Core[1,1,6]_[16012,35749].tif",FALSE,"/data_g1/AI_projects/projects/Immune_Cell_Prediction_WK/DIR/nhs/TMA 13 Level 16_Core[1,1,6]_[16012,35749]",0.4
"/data_g1/AI_projects/raw_data/PCITB_CRC/HE_raw_images/Tumor/TMA13/TMA 13 Level 16_Core[1,1,8]_[14133,35823].tif",FALSE,"/data_g1/AI_projects/projects/Immune_Cell_Prediction_WK/DIR/nhs/TMA 13 Level 16_Core[1,1,8]_[14133,35823]",0.4
"/data_g1/AI_projects/raw_data/PCITB_CRC/HE_raw_images/Tumor/TMA13/TMA 13 Level 1_Core[2,1,8]_[13107,38827].tif",FALSE,"/data_g1/AI_projects/projects/Immune_Cell_Prediction_WK/DIR/nhs/TMA 13 Level 1_Core[2,1,8]_[13107,38827]",0.4
"/data_g1/AI_projects/raw_data/PCITB_CRC/HE_raw_images/Tumor/TMA13/TMA 13 Level 16_Core[1,10,1]_[21576,43204].tif",FALSE,"/data_g1/AI_projects/projects/Immune_Cell_Prediction_WK/DIR/nhs/TMA 13 Level 16_Core[1,10,1]_[21576,43204]",0.4
"/data_g1/AI_projects/raw_data/PCITB_CRC/HE_raw_images/Tumor/TMA13/TMA 13 Level 1_Core[2,10,1]_[20412,45490].tif",FALSE,"/data_g1/AI_projects/projects/Immune_Cell_Prediction_WK/DIR/nhs/TMA 13 Level 1_Core[2,10,1]_[20412,45490]",0.4
"/data_g1/AI_projects/raw_data/PCITB_CRC/HE_raw_images/Tumor/TMA13/TMA 13 Level 1_Core[2,10,10]_[12079,46182].tif",FALSE,"/data_g1/AI_projects/projects/Immune_Cell_Prediction_WK/DIR/nhs/TMA 13 Level 1_Core[2,10,10]_[12079,46182]",0.4
"/data_g1/AI_projects/raw_data/PCITB_CRC/HE_raw_images/Tumor/TMA13/TMA 13 Level 16_Core[1,10,12]_[11116,43575].tif",FALSE,"/data_g1/AI_projects/projects/Immune_Cell_Prediction_WK/DIR/nhs/TMA 13 Level 16_Core[1,10,12]_[11116,43575]",0.4
"/data_g1/AI_projects/raw_data/PCITB_CRC/HE_raw_images/Tumor/TMA13/TMA 13 Level 1_Core[2,10,12]_[10076,46108].tif",FALSE,"/data_g1/AI_projects/projects/Immune_Cell_Prediction_WK/DIR/nhs/TMA 13 Level 1_Core[2,10,12]_[10076,46108]",0.4
"/data_g1/AI_projects/raw_data/PCITB_CRC/HE_raw_images/Tumor/TMA13/TMA 13 Level 16_Core[1,10,14]_[9187,43674].tif",FALSE,"/data_g1/AI_projects/projects/Immune_Cell_Prediction_WK/DIR/nhs/TMA 13 Level 16_Core[1,10,14]_[9187,43674]",0.4
"/data_g1/AI_projects/raw_data/PCITB_CRC/HE_raw_images/Tumor/TMA13/TMA 13 Level 1_Core[2,10,14]_[8196,46207].tif",FALSE,"/data_g1/AI_projects/projects/Immune_Cell_Prediction_WK/DIR/nhs/TMA 13 Level 1_Core[2,10,14]_[8196,46207]",0.4
"/data_g1/AI_projects/raw_data/PCITB_CRC/HE_raw_images/Tumor/TMA13/TMA 13 Level 1_Core[2,10,16]_[6391,46479].tif",FALSE,"/data_g1/AI_projects/projects/Immune_Cell_Prediction_WK/DIR/nhs/TMA 13 Level 1_Core[2,10,16]_[6391,46479]",0.4
"/data_g1/AI_projects/raw_data/PCITB_CRC/HE_raw_images/Tumor/TMA13/TMA 13 Level 16_Core[1,10,16]_[7432,43872].tif",FALSE,"/data_g1/AI_projects/projects/Immune_Cell_Prediction_WK/DIR/nhs/TMA 13 Level 16_Core[1,10,16]_[7432,43872]",0.4
"/data_g1/AI_projects/raw_data/PCITB_CRC/HE_raw_images/Tumor/TMA13/TMA 13 Level 1_Core[2,10,17]_[5501,46652].tif",FALSE,"/data_g1/AI_projects/projects/Immune_Cell_Prediction_WK/DIR/nhs/TMA 13 Level 1_Core[2,10,17]_[5501,46652]",0.4
"/data_g1/AI_projects/raw_data/PCITB_CRC/HE_raw_images/Tumor/TMA13/TMA 13 Level 16_Core[1,10,17]_[6517,43971].tif",FALSE,"/data_g1/AI_projects/projects/Immune_Cell_Prediction_WK/DIR/nhs/TMA 13 Level 16_Core[1,10,17]_[6517,43971]",0.4
"/data_g1/AI_projects/raw_data/PCITB_CRC/HE_raw_images/Tumor/TMA13/TMA 13 Level 16_Core[1,10,19]_[4761,44094].tif",FALSE,"/data_g1/AI_projects/projects/Immune_Cell_Prediction_WK/DIR/nhs/TMA 13 Level 16_Core[1,10,19]_[4761,44094]",0.4
"/data_g1/AI_projects/raw_data/PCITB_CRC/HE_raw_images/Tumor/TMA13/TMA 13 Level 1_Core[2,10,19]_[3745,46924].tif",FALSE,"/data_g1/AI_projects/projects/Immune_Cell_Prediction_WK/DIR/nhs/TMA 13 Level 1_Core[2,10,19]_[3745,46924]",0.4
"/data_g1/AI_projects/raw_data/PCITB_CRC/HE_raw_images/Tumor/TMA13/TMA 13 Level 1_Core[2,10,2]_[19472,45490].tif",FALSE,"/data_g1/AI_projects/projects/Immune_Cell_Prediction_WK/DIR/nhs/TMA 13 Level 1_Core[2,10,2]_[19472,45490]",0.4
"/data_g1/AI_projects/raw_data/PCITB_CRC/HE_raw_images/Tumor/TMA13/TMA 13 Level 1_Core[2,10,5]_[16579,45737].tif",FALSE,"/data_g1/AI_projects/projects/Immune_Cell_Prediction_WK/DIR/nhs/TMA 13 Level 1_Core[2,10,5]_[16579,45737]",0.4
"/data_g1/AI_projects/raw_data/PCITB_CRC/HE_raw_images/Tumor/TMA13/TMA 13 Level 16_Core[1,10,5]_[17719,43377].tif",FALSE,"/data_g1/AI_projects/projects/Immune_Cell_Prediction_WK/DIR/nhs/TMA 13 Level 16_Core[1,10,5]_[17719,43377]",0.4
"/data_g1/AI_projects/raw_data/PCITB_CRC/HE_raw_images/Tumor/TMA13/TMA 13 Level 1_Core[2,10,7]_[14774,45910].tif",FALSE,"/data_g1/AI_projects/projects/Immune_Cell_Prediction_WK/DIR/nhs/TMA 13 Level 1_Core[2,10,7]_[14774,45910]",0.4
"/data_g1/AI_projects/raw_data/PCITB_CRC/HE_raw_images/Tumor/TMA13/TMA 13 Level 16_Core[1,10,8]_[14924,43476].tif",FALSE,"/data_g1/AI_projects/projects/Immune_Cell_Prediction_WK/DIR/nhs/TMA 13 Level 16_Core[1,10,8]_[14924,43476]",0.4
"/data_g1/AI_projects/raw_data/PCITB_CRC/HE_raw_images/Tumor/TMA13/TMA 13 Level 16_Core[1,11,10]_[13193,44465].tif",FALSE,"/data_g1/AI_projects/projects/Immune_Cell_Prediction_WK/DIR/nhs/TMA 13 Level 16_Core[1,11,10]_[13193,44465]",0.4
"/data_g1/AI_projects/raw_data/PCITB_CRC/HE_raw_images/Tumor/TMA13/TMA 13 Level 1_Core[2,11,10]_[12128,46924].tif",FALSE,"/data_g1/AI_projects/projects/Immune_Cell_Prediction_WK/DIR/nhs/TMA 13 Level 1_Core[2,11,10]_[12128,46924]",0.4
"/data_g1/AI_projects/raw_data/PCITB_CRC/HE_raw_images/Tumor/TMA13/TMA 13 Level 16_Core[1,11,12]_[11240,44490].tif",FALSE,"/data_g1/AI_projects/projects/Immune_Cell_Prediction_WK/DIR/nhs/TMA 13 Level 16_Core[1,11,12]_[11240,44490]",0.4
"/data_g1/AI_projects/raw_data/PCITB_CRC/HE_raw_images/Tumor/TMA13/TMA 13 Level 1_Core[2,11,12]_[10150,46998].tif",FALSE,"/data_g1/AI_projects/projects/Immune_Cell_Prediction_WK/DIR/nhs/TMA 13 Level 1_Core[2,11,12]_[10150,46998]",0.4
"/data_g1/AI_projects/raw_data/PCITB_CRC/HE_raw_images/Tumor/TMA13/TMA 13 Level 16_Core[1,11,14]_[9262,44540].tif",FALSE,"/data_g1/AI_projects/projects/Immune_Cell_Prediction_WK/DIR/nhs/TMA 13 Level 16_Core[1,11,14]_[9262,44540]",0.4
"/data_g1/AI_projects/raw_data/PCITB_CRC/HE_raw_images/Tumor/TMA13/TMA 13 Level 1_Core[2,11,14]_[8320,47023].tif",FALSE,"/data_g1/AI_projects/projects/Immune_Cell_Prediction_WK/DIR/nhs/TMA 13 Level 1_Core[2,11,14]_[8320,47023]",0.4
"/data_g1/AI_projects/raw_data/PCITB_CRC/HE_raw_images/Tumor/TMA13/TMA 13 Level 1_Core[2,11,16]_[6490,47245].tif",FALSE,"/data_g1/AI_projects/projects/Immune_Cell_Prediction_WK/DIR/nhs/TMA 13 Level 1_Core[2,11,16]_[6490,47245]",0.4
"/data_g1/AI_projects/raw_data/PCITB_CRC/HE_raw_images/Tumor/TMA13/TMA 13 Level 16_Core[1,11,16]_[7432,44737].tif",FALSE,"/data_g1/AI_projects/projects/Immune_Cell_Prediction_WK/DIR/nhs/TMA 13 Level 16_Core[1,11,16]_[7432,44737]",0.4
"/data_g1/AI_projects/raw_data/PCITB_CRC/HE_raw_images/Tumor/TMA13/TMA 13 Level 16_Core[1,11,17]_[6542,44762].tif",FALSE,"/data_g1/AI_projects/projects/Immune_Cell_Prediction_WK/DIR/nhs/TMA 13 Level 16_Core[1,11,17]_[6542,44762]",0.4
"/data_g1/AI_projects/raw_data/PCITB_CRC/HE_raw_images/Tumor/TMA13/TMA 13 Level 1_Core[2,11,17]_[5600,47418].tif",FALSE,"/data_g1/AI_projects/projects/Immune_Cell_Prediction_WK/DIR/nhs/TMA 13 Level 1_Core[2,11,17]_[5600,47418]",0.4
"/data_g1/AI_projects/raw_data/PCITB_CRC/HE_raw_images/Tumor/TMA13/TMA 13 Level 16_Core[1,11,19]_[4786,44910].tif",FALSE,"/data_g1/AI_projects/projects/Immune_Cell_Prediction_WK/DIR/nhs/TMA 13 Level 16_Core[1,11,19]_[4786,44910]",0.4
"/data_g1/AI_projects/raw_data/PCITB_CRC/HE_raw_images/Tumor/TMA13/TMA 13 Level 1_Core[2,11,19]_[3844,47666].tif",FALSE,"/data_g1/AI_projects/projects/Immune_Cell_Prediction_WK/DIR/nhs/TMA 13 Level 1_Core[2,11,19]_[3844,47666]",0.4
"/data_g1/AI_projects/raw_data/PCITB_CRC/HE_raw_images/Tumor/TMA13/TMA 13 Level 1_Core[2,11,2]_[19571,46306].tif",FALSE,"/data_g1/AI_projects/projects/Immune_Cell_Prediction_WK/DIR/nhs/TMA 13 Level 1_Core[2,11,2]_[19571,46306]",0.4
"/data_g1/AI_projects/raw_data/PCITB_CRC/HE_raw_images/Tumor/TMA13/TMA 13 Level 1_Core[2,11,4]_[17444,46454].tif",FALSE,"/data_g1/AI_projects/projects/Immune_Cell_Prediction_WK/DIR/nhs/TMA 13 Level 1_Core[2,11,4]_[17444,46454]",0.4
"/data_g1/AI_projects/raw_data/PCITB_CRC/HE_raw_images/Tumor/TMA13/TMA 13 Level 16_Core[1,11,4]_[18743,44258].tif",FALSE,"/data_g1/AI_projects/projects/Immune_Cell_Prediction_WK/DIR/nhs/TMA 13 Level 16_Core[1,11,4]_[18743,44258]",0.4
"/data_g1/AI_projects/raw_data/PCITB_CRC/HE_raw_images/Tumor/TMA13/TMA 13 Level 16_Core[1,11,5]_[17768,44292].tif",FALSE,"/data_g1/AI_projects/projects/Immune_Cell_Prediction_WK/DIR/nhs/TMA 13 Level 16_Core[1,11,5]_[17768,44292]",0.4
"/data_g1/AI_projects/raw_data/PCITB_CRC/HE_raw_images/Tumor/TMA13/TMA 13 Level 1_Core[2,11,5]_[16703,46553].tif",FALSE,"/data_g1/AI_projects/projects/Immune_Cell_Prediction_WK/DIR/nhs/TMA 13 Level 1_Core[2,11,5]_[16703,46553]",0.4
"/data_g1/AI_projects/raw_data/PCITB_CRC/HE_raw_images/Tumor/TMA13/TMA 13 Level 1_Core[2,11,8]_[13933,46775].tif",FALSE,"/data_g1/AI_projects/projects/Immune_Cell_Prediction_WK/DIR/nhs/TMA 13 Level 1_Core[2,11,8]_[13933,46775]",0.4
"/data_g1/AI_projects/raw_data/PCITB_CRC/HE_raw_images/Tumor/TMA13/TMA 13 Level 16_Core[1,11,8]_[14998,44366].tif",FALSE,"/data_g1/AI_projects/projects/Immune_Cell_Prediction_WK/DIR/nhs/TMA 13 Level 16_Core[1,11,8]_[14998,44366]",0.4
"/data_g1/AI_projects/raw_data/PCITB_CRC/HE_raw_images/Tumor/TMA13/TMA 13 Level 1_Core[2,12,11]_[11263,47740].tif",FALSE,"/data_g1/AI_projects/projects/Immune_Cell_Prediction_WK/DIR/nhs/TMA 13 Level 1_Core[2,12,11]_[11263,47740]",0.4
"/data_g1/AI_projects/raw_data/PCITB_CRC/HE_raw_images/Tumor/TMA13/TMA 13 Level 16_Core[1,12,11]_[12180,45331].tif",FALSE,"/data_g1/AI_projects/projects/Immune_Cell_Prediction_WK/DIR/nhs/TMA 13 Level 16_Core[1,12,11]_[12180,45331]",0.4
"/data_g1/AI_projects/raw_data/PCITB_CRC/HE_raw_images/Tumor/TMA13/TMA 13 Level 16_Core[1,12,13]_[10300,45331].tif",FALSE,"/data_g1/AI_projects/projects/Immune_Cell_Prediction_WK/DIR/nhs/TMA 13 Level 16_Core[1,12,13]_[10300,45331]",0.4
"/data_g1/AI_projects/raw_data/PCITB_CRC/HE_raw_images/Tumor/TMA13/TMA 13 Level 1_Core[2,12,13]_[9383,47913].tif",FALSE,"/data_g1/AI_projects/projects/Immune_Cell_Prediction_WK/DIR/nhs/TMA 13 Level 1_Core[2,12,13]_[9383,47913]",0.4
"/data_g1/AI_projects/raw_data/PCITB_CRC/HE_raw_images/Tumor/TMA13/TMA 13 Level 1_Core[2,12,15]_[7504,47888].tif",FALSE,"/data_g1/AI_projects/projects/Immune_Cell_Prediction_WK/DIR/nhs/TMA 13 Level 1_Core[2,12,15]_[7504,47888]",0.4
"/data_g1/AI_projects/raw_data/PCITB_CRC/HE_raw_images/Tumor/TMA13/TMA 13 Level 16_Core[1,12,15]_[8421,45405].tif",FALSE,"/data_g1/AI_projects/projects/Immune_Cell_Prediction_WK/DIR/nhs/TMA 13 Level 16_Core[1,12,15]_[8421,45405]",0.4
"/data_g1/AI_projects/raw_data/PCITB_CRC/HE_raw_images/Tumor/TMA13/TMA 13 Level 16_Core[1,12,18]_[5701,45628].tif",FALSE,"/data_g1/AI_projects/projects/Immune_Cell_Prediction_WK/DIR/nhs/TMA 13 Level 16_Core[1,12,18]_[5701,45628]",0.4
"/data_g1/AI_projects/raw_data/PCITB_CRC/HE_raw_images/Tumor/TMA13/TMA 13 Level 1_Core[2,12,18]_[4809,48259].tif",FALSE,"/data_g1/AI_projects/projects/Immune_Cell_Prediction_WK/DIR/nhs/TMA 13 Level 1_Core[2,12,18]_[4809,48259]",0.4
"/data_g1/AI_projects/raw_data/PCITB_CRC/HE_raw_images/Tumor/TMA13/TMA 13 Level 16_Core[1,12,2]_[20760,45108].tif",FALSE,"/data_g1/AI_projects/projects/Immune_Cell_Prediction_WK/DIR/nhs/TMA 13 Level 16_Core[1,12,2]_[20760,45108]",0.4
"/data_g1/AI_projects/raw_data/PCITB_CRC/HE_raw_images/Tumor/TMA13/TMA 13 Level 1_Core[2,12,2]_[19571,47122].tif",FALSE,"/data_g1/AI_projects/projects/Immune_Cell_Prediction_WK/DIR/nhs/TMA 13 Level 1_Core[2,12,2]_[19571,47122]",0.4
"/data_g1/AI_projects/raw_data/PCITB_CRC/HE_raw_images/Tumor/TMA13/TMA 13 Level 16_Core[1,12,4]_[18708,45158].tif",FALSE,"/data_g1/AI_projects/projects/Immune_Cell_Prediction_WK/DIR/nhs/TMA 13 Level 16_Core[1,12,4]_[18708,45158]",0.4
"/data_g1/AI_projects/raw_data/PCITB_CRC/HE_raw_images/Tumor/TMA13/TMA 13 Level 1_Core[2,12,4]_[17704,47358].tif",FALSE,"/data_g1/AI_projects/projects/Immune_Cell_Prediction_WK/DIR/nhs/TMA 13 Level 1_Core[2,12,4]_[17704,47358]",0.4
"/data_g1/AI_projects/raw_data/PCITB_CRC/HE_raw_images/Tumor/TMA13/TMA 13 Level 1_Core[2,12,6]_[15936,47616].tif",FALSE,"/data_g1/AI_projects/projects/Immune_Cell_Prediction_WK/DIR/nhs/TMA 13 Level 1_Core[2,12,6]_[15936,47616]",0.4
"/data_g1/AI_projects/raw_data/PCITB_CRC/HE_raw_images/Tumor/TMA13/TMA 13 Level 16_Core[1,12,6]_[16878,45158].tif",FALSE,"/data_g1/AI_projects/projects/Immune_Cell_Prediction_WK/DIR/nhs/TMA 13 Level 16_Core[1,12,6]_[16878,45158]",0.4
"/data_g1/AI_projects/raw_data/PCITB_CRC/HE_raw_images/Tumor/TMA13/TMA 13 Level 1_Core[2,12,7]_[14972,47616].tif",FALSE,"/data_g1/AI_projects/projects/Immune_Cell_Prediction_WK/DIR/nhs/TMA 13 Level 1_Core[2,12,7]_[14972,47616]",0.4
"/data_g1/AI_projects/raw_data/PCITB_CRC/HE_raw_images/Tumor/TMA13/TMA 13 Level 16_Core[1,13,13]_[10399,46246].tif",FALSE,"/data_g1/AI_projects/projects/Immune_Cell_Prediction_WK/DIR/nhs/TMA 13 Level 16_Core[1,13,13]_[10399,46246]",0.4
"/data_g1/AI_projects/raw_data/PCITB_CRC/HE_raw_images/Tumor/TMA13/TMA 13 Level 1_Core[2,13,13]_[9457,48704].tif",FALSE,"/data_g1/AI_projects/projects/Immune_Cell_Prediction_WK/DIR/nhs/TMA 13 Level 1_Core[2,13,13]_[9457,48704]",0.4
"/data_g1/AI_projects/raw_data/PCITB_CRC/HE_raw_images/Tumor/TMA13/TMA 13 Level 1_Core[2,13,15]_[7578,48630].tif",FALSE,"/data_g1/AI_projects/projects/Immune_Cell_Prediction_WK/DIR/nhs/TMA 13 Level 1_Core[2,13,15]_[7578,48630]",0.4
"/data_g1/AI_projects/raw_data/PCITB_CRC/HE_raw_images/Tumor/TMA13/TMA 13 Level 16_Core[1,13,15]_[8248,46196].tif",FALSE,"/data_g1/AI_projects/projects/Immune_Cell_Prediction_WK/DIR/nhs/TMA 13 Level 16_Core[1,13,15]_[8248,46196]",0.4
"/data_g1/AI_projects/raw_data/PCITB_CRC/HE_raw_images/Tumor/TMA13/TMA 13 Level 1_Core[2,13,18]_[4858,48976].tif",FALSE,"/data_g1/AI_projects/projects/Immune_Cell_Prediction_WK/DIR/nhs/TMA 13 Level 1_Core[2,13,18]_[4858,48976]",0.4
"/data_g1/AI_projects/raw_data/PCITB_CRC/HE_raw_images/Tumor/TMA13/TMA 13 Level 16_Core[1,13,18]_[5676,46444].tif",FALSE,"/data_g1/AI_projects/projects/Immune_Cell_Prediction_WK/DIR/nhs/TMA 13 Level 16_Core[1,13,18]_[5676,46444]",0.4
"/data_g1/AI_projects/raw_data/PCITB_CRC/HE_raw_images/Tumor/TMA13/TMA 13 Level 1_Core[2,13,2]_[19645,47913].tif",FALSE,"/data_g1/AI_projects/projects/Immune_Cell_Prediction_WK/DIR/nhs/TMA 13 Level 1_Core[2,13,2]_[19645,47913]",0.4
"/data_g1/AI_projects/raw_data/PCITB_CRC/HE_raw_images/Tumor/TMA13/TMA 13 Level 16_Core[1,13,2]_[20735,45998].tif",FALSE,"/data_g1/AI_projects/projects/Immune_Cell_Prediction_WK/DIR/nhs/TMA 13 Level 16_Core[1,13,2]_[20735,45998]",0.4
"/data_g1/AI_projects/raw_data/PCITB_CRC/HE_raw_images/Tumor/TMA13/TMA 13 Level 1_Core[2,13,4]_[17865,48308].tif",FALSE,"/data_g1/AI_projects/projects/Immune_Cell_Prediction_WK/DIR/nhs/TMA 13 Level 1_Core[2,13,4]_[17865,48308]",0.4
"/data_g1/AI_projects/raw_data/PCITB_CRC/HE_raw_images/Tumor/TMA13/TMA 13 Level 16_Core[1,13,4]_[18782,46196].tif",FALSE,"/data_g1/AI_projects/projects/Immune_Cell_Prediction_WK/DIR/nhs/TMA 13 Level 16_Core[1,13,4]_[18782,46196]",0.4
"/data_g1/AI_projects/raw_data/PCITB_CRC/HE_raw_images/Tumor/TMA13/TMA 13 Level 16_Core[1,13,6]_[16878,46196].tif",FALSE,"/data_g1/AI_projects/projects/Immune_Cell_Prediction_WK/DIR/nhs/TMA 13 Level 16_Core[1,13,6]_[16878,46196]",0.4
"/data_g1/AI_projects/raw_data/PCITB_CRC/HE_raw_images/Tumor/TMA13/TMA 13 Level 1_Core[2,13,6]_[15961,48432].tif",FALSE,"/data_g1/AI_projects/projects/Immune_Cell_Prediction_WK/DIR/nhs/TMA 13 Level 1_Core[2,13,6]_[15961,48432]",0.4
"/data_g1/AI_projects/raw_data/PCITB_CRC/HE_raw_images/Tumor/TMA13/TMA 13 Level 1_Core[2,13,7]_[15021,48358].tif",FALSE,"/data_g1/AI_projects/projects/Immune_Cell_Prediction_WK/DIR/nhs/TMA 13 Level 1_Core[2,13,7]_[15021,48358]",0.4
"/data_g1/AI_projects/raw_data/PCITB_CRC/HE_raw_images/Tumor/TMA13/TMA 13 Level 16_Core[1,15,1]_[21741,47350].tif",FALSE,"/data_g1/AI_projects/projects/Immune_Cell_Prediction_WK/DIR/nhs/TMA 13 Level 16_Core[1,15,1]_[21741,47350]",0.4
"/data_g1/AI_projects/raw_data/PCITB_CRC/HE_raw_images/Tumor/TMA13/TMA 13 Level 1_Core[1,15,1]_[20867,49036].tif",FALSE,"/data_g1/AI_projects/projects/Immune_Cell_Prediction_WK/DIR/nhs/TMA 13 Level 1_Core[1,15,1]_[20867,49036]",0.4
"/data_g1/AI_projects/raw_data/PCITB_CRC/HE_raw_images/Tumor/TMA13/TMA 13 Level 1_Core[1,15,11]_[11520,49802].tif",FALSE,"/data_g1/AI_projects/projects/Immune_Cell_Prediction_WK/DIR/nhs/TMA 13 Level 1_Core[1,15,11]_[11520,49802]",0.4
"/data_g1/AI_projects/raw_data/PCITB_CRC/HE_raw_images/Tumor/TMA13/TMA 13 Level 16_Core[1,15,11]_[12443,47671].tif",FALSE,"/data_g1/AI_projects/projects/Immune_Cell_Prediction_WK/DIR/nhs/TMA 13 Level 16_Core[1,15,11]_[12443,47671]",0.4
"/data_g1/AI_projects/raw_data/PCITB_CRC/HE_raw_images/Tumor/TMA13/TMA 13 Level 1_Core[1,15,13]_[9789,49753].tif",FALSE,"/data_g1/AI_projects/projects/Immune_Cell_Prediction_WK/DIR/nhs/TMA 13 Level 1_Core[1,15,13]_[9789,49753]",0.4
"/data_g1/AI_projects/raw_data/PCITB_CRC/HE_raw_images/Tumor/TMA13/TMA 13 Level 16_Core[1,15,14]_[9476,47844].tif",FALSE,"/data_g1/AI_projects/projects/Immune_Cell_Prediction_WK/DIR/nhs/TMA 13 Level 16_Core[1,15,14]_[9476,47844]",0.4
"/data_g1/AI_projects/raw_data/PCITB_CRC/HE_raw_images/Tumor/TMA13/TMA 13 Level 1_Core[1,15,14]_[8726,50099].tif",FALSE,"/data_g1/AI_projects/projects/Immune_Cell_Prediction_WK/DIR/nhs/TMA 13 Level 1_Core[1,15,14]_[8726,50099]",0.4
"/data_g1/AI_projects/raw_data/PCITB_CRC/HE_raw_images/Tumor/TMA13/TMA 13 Level 1_Core[1,15,15]_[7772,50201].tif",FALSE,"/data_g1/AI_projects/projects/Immune_Cell_Prediction_WK/DIR/nhs/TMA 13 Level 1_Core[1,15,15]_[7772,50201]",0.4
"/data_g1/AI_projects/raw_data/PCITB_CRC/HE_raw_images/Tumor/TMA13/TMA 13 Level 1_Core[1,15,19]_[4200,50470].tif",FALSE,"/data_g1/AI_projects/projects/Immune_Cell_Prediction_WK/DIR/nhs/TMA 13 Level 1_Core[1,15,19]_[4200,50470]",0.4
"/data_g1/AI_projects/raw_data/PCITB_CRC/HE_raw_images/Tumor/TMA13/TMA 13 Level 16_Core[1,15,19]_[4851,47943].tif",FALSE,"/data_g1/AI_projects/projects/Immune_Cell_Prediction_WK/DIR/nhs/TMA 13 Level 16_Core[1,15,19]_[4851,47943]",0.4
"/data_g1/AI_projects/raw_data/PCITB_CRC/HE_raw_images/Tumor/TMA13/TMA 13 Level 1_Core[1,15,2]_[19754,49159].tif",FALSE,"/data_g1/AI_projects/projects/Immune_Cell_Prediction_WK/DIR/nhs/TMA 13 Level 1_Core[1,15,2]_[19754,49159]",0.4
"/data_g1/AI_projects/raw_data/PCITB_CRC/HE_raw_images/Tumor/TMA13/TMA 13 Level 1_Core[1,15,5]_[16985,49530].tif",FALSE,"/data_g1/AI_projects/projects/Immune_Cell_Prediction_WK/DIR/nhs/TMA 13 Level 1_Core[1,15,5]_[16985,49530]",0.4
"/data_g1/AI_projects/raw_data/PCITB_CRC/HE_raw_images/Tumor/TMA13/TMA 13 Level 16_Core[1,15,5]_[17858,47647].tif",FALSE,"/data_g1/AI_projects/projects/Immune_Cell_Prediction_WK/DIR/nhs/TMA 13 Level 16_Core[1,15,5]_[17858,47647]",0.4
"/data_g1/AI_projects/raw_data/PCITB_CRC/HE_raw_images/Tumor/TMA13/TMA 13 Level 1_Core[1,15,6]_[16070,49481].tif",FALSE,"/data_g1/AI_projects/projects/Immune_Cell_Prediction_WK/DIR/nhs/TMA 13 Level 1_Core[1,15,6]_[16070,49481]",0.4
"/data_g1/AI_projects/raw_data/PCITB_CRC/HE_raw_images/Tumor/TMA13/TMA 13 Level 16_Core[1,15,6]_[16993,47572].tif",FALSE,"/data_g1/AI_projects/projects/Immune_Cell_Prediction_WK/DIR/nhs/TMA 13 Level 16_Core[1,15,6]_[16993,47572]",0.4
"/data_g1/AI_projects/raw_data/PCITB_CRC/HE_raw_images/Tumor/TMA13/TMA 13 Level 1_Core[1,15,8]_[14364,49555].tif",FALSE,"/data_g1/AI_projects/projects/Immune_Cell_Prediction_WK/DIR/nhs/TMA 13 Level 1_Core[1,15,8]_[14364,49555]",0.4
"/data_g1/AI_projects/raw_data/PCITB_CRC/HE_raw_images/Tumor/TMA13/TMA 13 Level 16_Core[1,15,8]_[15212,47597].tif",FALSE,"/data_g1/AI_projects/projects/Immune_Cell_Prediction_WK/DIR/nhs/TMA 13 Level 16_Core[1,15,8]_[15212,47597]",0.4
"/data_g1/AI_projects/raw_data/PCITB_CRC/HE_raw_images/Tumor/TMA13/TMA 13 Level 1_Core[1,15,9]_[13350,49679].tif",FALSE,"/data_g1/AI_projects/projects/Immune_Cell_Prediction_WK/DIR/nhs/TMA 13 Level 1_Core[1,15,9]_[13350,49679]",0.4
"/data_g1/AI_projects/raw_data/PCITB_CRC/HE_raw_images/Tumor/TMA13/TMA 13 Level 16_Core[1,15,9]_[14372,47622].tif",FALSE,"/data_g1/AI_projects/projects/Immune_Cell_Prediction_WK/DIR/nhs/TMA 13 Level 16_Core[1,15,9]_[14372,47622]",0.4
"/data_g1/AI_projects/raw_data/PCITB_CRC/HE_raw_images/Tumor/TMA13/TMA 13 Level 16_Core[1,16,1]_[21790,48364].tif",FALSE,"/data_g1/AI_projects/projects/Immune_Cell_Prediction_WK/DIR/nhs/TMA 13 Level 16_Core[1,16,1]_[21790,48364]",0.4
"/data_g1/AI_projects/raw_data/PCITB_CRC/HE_raw_images/Tumor/TMA13/TMA 13 Level 1_Core[1,16,1]_[21040,49926].tif",FALSE,"/data_g1/AI_projects/projects/Immune_Cell_Prediction_WK/DIR/nhs/TMA 13 Level 1_Core[1,16,1]_[21040,49926]",0.4
"/data_g1/AI_projects/raw_data/PCITB_CRC/HE_raw_images/Tumor/TMA13/TMA 13 Level 16_Core[1,16,11]_[12468,48586].tif",FALSE,"/data_g1/AI_projects/projects/Immune_Cell_Prediction_WK/DIR/nhs/TMA 13 Level 16_Core[1,16,11]_[12468,48586]",0.4
"/data_g1/AI_projects/raw_data/PCITB_CRC/HE_raw_images/Tumor/TMA13/TMA 13 Level 1_Core[1,16,13]_[9789,50915].tif",FALSE,"/data_g1/AI_projects/projects/Immune_Cell_Prediction_WK/DIR/nhs/TMA 13 Level 1_Core[1,16,13]_[9789,50915]",0.4
"/data_g1/AI_projects/raw_data/PCITB_CRC/HE_raw_images/Tumor/TMA13/TMA 13 Level 16_Core[1,16,13]_[10662,48537].tif",FALSE,"/data_g1/AI_projects/projects/Immune_Cell_Prediction_WK/DIR/nhs/TMA 13 Level 16_Core[1,16,13]_[10662,48537]",0.4
"/data_g1/AI_projects/raw_data/PCITB_CRC/HE_raw_images/Tumor/TMA13/TMA 13 Level 1_Core[1,16,14]_[8849,50964].tif",FALSE,"/data_g1/AI_projects/projects/Immune_Cell_Prediction_WK/DIR/nhs/TMA 13 Level 1_Core[1,16,14]_[8849,50964]",0.4
"/data_g1/AI_projects/raw_data/PCITB_CRC/HE_raw_images/Tumor/TMA13/TMA 13 Level 16_Core[1,16,14]_[9525,48685].tif",FALSE,"/data_g1/AI_projects/projects/Immune_Cell_Prediction_WK/DIR/nhs/TMA 13 Level 16_Core[1,16,14]_[9525,48685]",0.4
"/data_g1/AI_projects/raw_data/PCITB_CRC/HE_raw_images/Tumor/TMA13/TMA 13 Level 16_Core[1,16,15]_[8635,48710].tif",FALSE,"/data_g1/AI_projects/projects/Immune_Cell_Prediction_WK/DIR/nhs/TMA 13 Level 16_Core[1,16,15]_[8635,48710]",0.4
"/data_g1/AI_projects/raw_data/PCITB_CRC/HE_raw_images/Tumor/TMA13/TMA 13 Level 1_Core[1,16,15]_[7885,50964].tif",FALSE,"/data_g1/AI_projects/projects/Immune_Cell_Prediction_WK/DIR/nhs/TMA 13 Level 1_Core[1,16,15]_[7885,50964]",0.4
"/data_g1/AI_projects/raw_data/PCITB_CRC/HE_raw_images/Tumor/TMA13/TMA 13 Level 16_Core[1,16,17]_[6830,48660].tif",FALSE,"/data_g1/AI_projects/projects/Immune_Cell_Prediction_WK/DIR/nhs/TMA 13 Level 16_Core[1,16,17]_[6830,48660]",0.4
"/data_g1/AI_projects/raw_data/PCITB_CRC/HE_raw_images/Tumor/TMA13/TMA 13 Level 1_Core[1,16,17]_[6253,51187].tif",FALSE,"/data_g1/AI_projects/projects/Immune_Cell_Prediction_WK/DIR/nhs/TMA 13 Level 1_Core[1,16,17]_[6253,51187]",0.4
"/data_g1/AI_projects/raw_data/PCITB_CRC/HE_raw_images/Tumor/TMA13/TMA 13 Level 1_Core[1,16,19]_[4374,51360].tif",FALSE,"/data_g1/AI_projects/projects/Immune_Cell_Prediction_WK/DIR/nhs/TMA 13 Level 1_Core[1,16,19]_[4374,51360]",0.4
"/data_g1/AI_projects/raw_data/PCITB_CRC/HE_raw_images/Tumor/TMA13/TMA 13 Level 16_Core[1,16,19]_[5024,48759].tif",FALSE,"/data_g1/AI_projects/projects/Immune_Cell_Prediction_WK/DIR/nhs/TMA 13 Level 16_Core[1,16,19]_[5024,48759]",0.4
"/data_g1/AI_projects/raw_data/PCITB_CRC/HE_raw_images/Tumor/TMA13/TMA 13 Level 16_Core[1,16,2]_[20801,48339].tif",FALSE,"/data_g1/AI_projects/projects/Immune_Cell_Prediction_WK/DIR/nhs/TMA 13 Level 16_Core[1,16,2]_[20801,48339]",0.4
"/data_g1/AI_projects/raw_data/PCITB_CRC/HE_raw_images/Tumor/TMA13/TMA 13 Level 1_Core[1,16,5]_[17084,50371].tif",FALSE,"/data_g1/AI_projects/projects/Immune_Cell_Prediction_WK/DIR/nhs/TMA 13 Level 1_Core[1,16,5]_[17084,50371]",0.4
"/data_g1/AI_projects/raw_data/PCITB_CRC/HE_raw_images/Tumor/TMA13/TMA 13 Level 16_Core[1,16,5]_[17883,48512].tif",FALSE,"/data_g1/AI_projects/projects/Immune_Cell_Prediction_WK/DIR/nhs/TMA 13 Level 16_Core[1,16,5]_[17883,48512]",0.4
"/data_g1/AI_projects/raw_data/PCITB_CRC/HE_raw_images/Tumor/TMA13/TMA 13 Level 1_Core[1,16,6]_[16169,50371].tif",FALSE,"/data_g1/AI_projects/projects/Immune_Cell_Prediction_WK/DIR/nhs/TMA 13 Level 1_Core[1,16,6]_[16169,50371]",0.4
"/data_g1/AI_projects/raw_data/PCITB_CRC/HE_raw_images/Tumor/TMA13/TMA 13 Level 16_Core[1,16,6]_[16993,48487].tif",FALSE,"/data_g1/AI_projects/projects/Immune_Cell_Prediction_WK/DIR/nhs/TMA 13 Level 16_Core[1,16,6]_[16993,48487]",0.4
"/data_g1/AI_projects/raw_data/PCITB_CRC/HE_raw_images/Tumor/TMA13/TMA 13 Level 16_Core[1,16,8]_[15287,48487].tif",FALSE,"/data_g1/AI_projects/projects/Immune_Cell_Prediction_WK/DIR/nhs/TMA 13 Level 16_Core[1,16,8]_[15287,48487]",0.4
"/data_g1/AI_projects/raw_data/PCITB_CRC/HE_raw_images/Tumor/TMA13/TMA 13 Level 1_Core[1,16,8]_[14376,50413].tif",FALSE,"/data_g1/AI_projects/projects/Immune_Cell_Prediction_WK/DIR/nhs/TMA 13 Level 1_Core[1,16,8]_[14376,50413]",0.4
"/data_g1/AI_projects/raw_data/PCITB_CRC/HE_raw_images/Tumor/TMA13/TMA 13 Level 16_Core[1,16,9]_[14367,48545].tif",FALSE,"/data_g1/AI_projects/projects/Immune_Cell_Prediction_WK/DIR/nhs/TMA 13 Level 16_Core[1,16,9]_[14367,48545]",0.4
"/data_g1/AI_projects/raw_data/PCITB_CRC/HE_raw_images/Tumor/TMA13/TMA 13 Level 1_Core[1,16,9]_[13473,50569].tif",FALSE,"/data_g1/AI_projects/projects/Immune_Cell_Prediction_WK/DIR/nhs/TMA 13 Level 1_Core[1,16,9]_[13473,50569]",0.4
"/data_g1/AI_projects/raw_data/PCITB_CRC/HE_raw_images/Tumor/TMA13/TMA 13 Level 1_Core[1,17,1]_[21139,50717].tif",FALSE,"/data_g1/AI_projects/projects/Immune_Cell_Prediction_WK/DIR/nhs/TMA 13 Level 1_Core[1,17,1]_[21139,50717]",0.4
"/data_g1/AI_projects/raw_data/PCITB_CRC/HE_raw_images/Tumor/TMA13/TMA 13 Level 1_Core[1,17,10]_[12682,51434].tif",FALSE,"/data_g1/AI_projects/projects/Immune_Cell_Prediction_WK/DIR/nhs/TMA 13 Level 1_Core[1,17,10]_[12682,51434]",0.4
"/data_g1/AI_projects/raw_data/PCITB_CRC/HE_raw_images/Tumor/TMA13/TMA 13 Level 16_Core[1,17,10]_[13432,49452].tif",FALSE,"/data_g1/AI_projects/projects/Immune_Cell_Prediction_WK/DIR/nhs/TMA 13 Level 16_Core[1,17,10]_[13432,49452]",0.4
"/data_g1/AI_projects/raw_data/PCITB_CRC/HE_raw_images/Tumor/TMA13/TMA 13 Level 1_Core[1,17,14]_[8923,51756].tif",FALSE,"/data_g1/AI_projects/projects/Immune_Cell_Prediction_WK/DIR/nhs/TMA 13 Level 1_Core[1,17,14]_[8923,51756]",0.4
"/data_g1/AI_projects/raw_data/PCITB_CRC/HE_raw_images/Tumor/TMA13/TMA 13 Level 16_Core[1,17,14]_[9525,49501].tif",FALSE,"/data_g1/AI_projects/projects/Immune_Cell_Prediction_WK/DIR/nhs/TMA 13 Level 16_Core[1,17,14]_[9525,49501]",0.4
"/data_g1/AI_projects/raw_data/PCITB_CRC/HE_raw_images/Tumor/TMA13/TMA 13 Level 16_Core[1,17,16]_[7918,49551].tif",FALSE,"/data_g1/AI_projects/projects/Immune_Cell_Prediction_WK/DIR/nhs/TMA 13 Level 16_Core[1,17,16]_[7918,49551]",0.4
"/data_g1/AI_projects/raw_data/PCITB_CRC/HE_raw_images/Tumor/TMA13/TMA 13 Level 1_Core[1,17,16]_[7316,51879].tif",FALSE,"/data_g1/AI_projects/projects/Immune_Cell_Prediction_WK/DIR/nhs/TMA 13 Level 1_Core[1,17,16]_[7316,51879]",0.4
"/data_g1/AI_projects/raw_data/PCITB_CRC/HE_raw_images/Tumor/TMA13/TMA 13 Level 16_Core[1,17,18]_[6057,49613].tif",FALSE,"/data_g1/AI_projects/projects/Immune_Cell_Prediction_WK/DIR/nhs/TMA 13 Level 16_Core[1,17,18]_[6057,49613]",0.4
"/data_g1/AI_projects/raw_data/PCITB_CRC/HE_raw_images/Tumor/TMA13/TMA 13 Level 1_Core[1,17,18]_[5313,52052].tif",FALSE,"/data_g1/AI_projects/projects/Immune_Cell_Prediction_WK/DIR/nhs/TMA 13 Level 1_Core[1,17,18]_[5313,52052]",0.4
"/data_g1/AI_projects/raw_data/PCITB_CRC/HE_raw_images/Tumor/TMA13/TMA 13 Level 16_Core[1,17,3]_[19911,49229].tif",FALSE,"/data_g1/AI_projects/projects/Immune_Cell_Prediction_WK/DIR/nhs/TMA 13 Level 16_Core[1,17,3]_[19911,49229]",0.4
"/data_g1/AI_projects/raw_data/PCITB_CRC/HE_raw_images/Tumor/TMA13/TMA 13 Level 1_Core[1,17,4]_[18147,50964].tif",FALSE,"/data_g1/AI_projects/projects/Immune_Cell_Prediction_WK/DIR/nhs/TMA 13 Level 1_Core[1,17,4]_[18147,50964]",0.4
"/data_g1/AI_projects/raw_data/PCITB_CRC/HE_raw_images/Tumor/TMA13/TMA 13 Level 16_Core[1,17,4]_[18922,49328].tif",FALSE,"/data_g1/AI_projects/projects/Immune_Cell_Prediction_WK/DIR/nhs/TMA 13 Level 16_Core[1,17,4]_[18922,49328]",0.4
"/data_g1/AI_projects/raw_data/PCITB_CRC/HE_raw_images/Tumor/TMA13/TMA 13 Level 1_Core[1,17,7]_[15377,51162].tif",FALSE,"/data_g1/AI_projects/projects/Immune_Cell_Prediction_WK/DIR/nhs/TMA 13 Level 1_Core[1,17,7]_[15377,51162]",0.4
"/data_g1/AI_projects/raw_data/PCITB_CRC/HE_raw_images/Tumor/TMA13/TMA 13 Level 16_Core[1,18,1]_[21790,50120].tif",FALSE,"/data_g1/AI_projects/projects/Immune_Cell_Prediction_WK/DIR/nhs/TMA 13 Level 16_Core[1,18,1]_[21790,50120]",0.4
"/data_g1/AI_projects/raw_data/PCITB_CRC/HE_raw_images/Tumor/TMA13/TMA 13 Level 1_Core[1,18,10]_[12781,52250].tif",FALSE,"/data_g1/AI_projects/projects/Immune_Cell_Prediction_WK/DIR/nhs/TMA 13 Level 1_Core[1,18,10]_[12781,52250]",0.4
"/data_g1/AI_projects/raw_data/PCITB_CRC/HE_raw_images/Tumor/TMA13/TMA 13 Level 16_Core[1,18,10]_[13457,50342].tif",FALSE,"/data_g1/AI_projects/projects/Immune_Cell_Prediction_WK/DIR/nhs/TMA 13 Level 16_Core[1,18,10]_[13457,50342]",0.4
"/data_g1/AI_projects/raw_data/PCITB_CRC/HE_raw_images/Tumor/TMA13/TMA 13 Level 16_Core[1,18,12]_[11627,50392].tif",FALSE,"/data_g1/AI_projects/projects/Immune_Cell_Prediction_WK/DIR/nhs/TMA 13 Level 16_Core[1,18,12]_[11627,50392]",0.4
"/data_g1/AI_projects/raw_data/PCITB_CRC/HE_raw_images/Tumor/TMA13/TMA 13 Level 1_Core[1,18,12]_[10976,52448].tif",FALSE,"/data_g1/AI_projects/projects/Immune_Cell_Prediction_WK/DIR/nhs/TMA 13 Level 1_Core[1,18,12]_[10976,52448]",0.4
"/data_g1/AI_projects/raw_data/PCITB_CRC/HE_raw_images/Tumor/TMA13/TMA 13 Level 1_Core[1,18,14]_[9072,52522].tif",FALSE,"/data_g1/AI_projects/projects/Immune_Cell_Prediction_WK/DIR/nhs/TMA 13 Level 1_Core[1,18,14]_[9072,52522]",0.4
"/data_g1/AI_projects/raw_data/PCITB_CRC/HE_raw_images/Tumor/TMA13/TMA 13 Level 16_Core[1,18,14]_[9649,50342].tif",FALSE,"/data_g1/AI_projects/projects/Immune_Cell_Prediction_WK/DIR/nhs/TMA 13 Level 16_Core[1,18,14]_[9649,50342]",0.4
"/data_g1/AI_projects/raw_data/PCITB_CRC/HE_raw_images/Tumor/TMA13/TMA 13 Level 16_Core[1,18,15]_[8709,50416].tif",FALSE,"/data_g1/AI_projects/projects/Immune_Cell_Prediction_WK/DIR/nhs/TMA 13 Level 16_Core[1,18,15]_[8709,50416]",0.4
"/data_g1/AI_projects/raw_data/PCITB_CRC/HE_raw_images/Tumor/TMA13/TMA 13 Level 1_Core[1,18,15]_[8182,52695].tif",FALSE,"/data_g1/AI_projects/projects/Immune_Cell_Prediction_WK/DIR/nhs/TMA 13 Level 1_Core[1,18,15]_[8182,52695]",0.4
"/data_g1/AI_projects/raw_data/PCITB_CRC/HE_raw_images/Tumor/TMA13/TMA 13 Level 1_Core[1,18,16]_[7415,52720].tif",FALSE,"/data_g1/AI_projects/projects/Immune_Cell_Prediction_WK/DIR/nhs/TMA 13 Level 1_Core[1,18,16]_[7415,52720]",0.4
"/data_g1/AI_projects/raw_data/PCITB_CRC/HE_raw_images/Tumor/TMA13/TMA 13 Level 16_Core[1,18,16]_[7992,50416].tif",FALSE,"/data_g1/AI_projects/projects/Immune_Cell_Prediction_WK/DIR/nhs/TMA 13 Level 16_Core[1,18,16]_[7992,50416]",0.4
"/data_g1/AI_projects/raw_data/PCITB_CRC/HE_raw_images/Tumor/TMA13/TMA 13 Level 16_Core[1,18,17]_[6904,50441].tif",FALSE,"/data_g1/AI_projects/projects/Immune_Cell_Prediction_WK/DIR/nhs/TMA 13 Level 16_Core[1,18,17]_[6904,50441]",0.4
"/data_g1/AI_projects/raw_data/PCITB_CRC/HE_raw_images/Tumor/TMA13/TMA 13 Level 1_Core[1,18,17]_[6302,52893].tif",FALSE,"/data_g1/AI_projects/projects/Immune_Cell_Prediction_WK/DIR/nhs/TMA 13 Level 1_Core[1,18,17]_[6302,52893]",0.4
"/data_g1/AI_projects/raw_data/PCITB_CRC/HE_raw_images/Tumor/TMA13/TMA 13 Level 1_Core[1,18,18]_[5387,52868].tif",FALSE,"/data_g1/AI_projects/projects/Immune_Cell_Prediction_WK/DIR/nhs/TMA 13 Level 1_Core[1,18,18]_[5387,52868]",0.4
"/data_g1/AI_projects/raw_data/PCITB_CRC/HE_raw_images/Tumor/TMA13/TMA 13 Level 1_Core[1,18,3]_[19161,51607].tif",FALSE,"/data_g1/AI_projects/projects/Immune_Cell_Prediction_WK/DIR/nhs/TMA 13 Level 1_Core[1,18,3]_[19161,51607]",0.4
"/data_g1/AI_projects/raw_data/PCITB_CRC/HE_raw_images/Tumor/TMA13/TMA 13 Level 16_Core[1,18,3]_[19837,50144].tif",FALSE,"/data_g1/AI_projects/projects/Immune_Cell_Prediction_WK/DIR/nhs/TMA 13 Level 16_Core[1,18,3]_[19837,50144]",0.4
"/data_g1/AI_projects/raw_data/PCITB_CRC/HE_raw_images/Tumor/TMA13/TMA 13 Level 16_Core[1,18,4]_[18897,50218].tif",FALSE,"/data_g1/AI_projects/projects/Immune_Cell_Prediction_WK/DIR/nhs/TMA 13 Level 16_Core[1,18,4]_[18897,50218]",0.4
"/data_g1/AI_projects/raw_data/PCITB_CRC/HE_raw_images/Tumor/TMA13/TMA 13 Level 1_Core[1,18,4]_[18246,51780].tif",FALSE,"/data_g1/AI_projects/projects/Immune_Cell_Prediction_WK/DIR/nhs/TMA 13 Level 1_Core[1,18,4]_[18246,51780]",0.4
"/data_g1/AI_projects/raw_data/PCITB_CRC/HE_raw_images/Tumor/TMA13/TMA 13 Level 1_Core[1,18,7]_[15476,52052].tif",FALSE,"/data_g1/AI_projects/projects/Immune_Cell_Prediction_WK/DIR/nhs/TMA 13 Level 1_Core[1,18,7]_[15476,52052]",0.4
"/data_g1/AI_projects/raw_data/PCITB_CRC/HE_raw_images/Tumor/TMA13/TMA 13 Level 16_Core[1,18,7]_[16202,50317].tif",FALSE,"/data_g1/AI_projects/projects/Immune_Cell_Prediction_WK/DIR/nhs/TMA 13 Level 16_Core[1,18,7]_[16202,50317]",0.4
"/data_g1/AI_projects/raw_data/PCITB_CRC/HE_raw_images/Tumor/TMA13/TMA 13 Level 1_Core[1,19,1]_[21213,52324].tif",FALSE,"/data_g1/AI_projects/projects/Immune_Cell_Prediction_WK/DIR/nhs/TMA 13 Level 1_Core[1,19,1]_[21213,52324]",0.4
"/data_g1/AI_projects/raw_data/PCITB_CRC/HE_raw_images/Tumor/TMA13/TMA 13 Level 16_Core[1,19,1]_[21790,51010].tif",FALSE,"/data_g1/AI_projects/projects/Immune_Cell_Prediction_WK/DIR/nhs/TMA 13 Level 16_Core[1,19,1]_[21790,51010]",0.4
"/data_g1/AI_projects/raw_data/PCITB_CRC/HE_raw_images/Tumor/TMA13/TMA 13 Level 1_Core[1,19,11]_[12014,53190].tif",FALSE,"/data_g1/AI_projects/projects/Immune_Cell_Prediction_WK/DIR/nhs/TMA 13 Level 1_Core[1,19,11]_[12014,53190]",0.4
"/data_g1/AI_projects/raw_data/PCITB_CRC/HE_raw_images/Tumor/TMA13/TMA 13 Level 16_Core[1,19,11]_[12542,51257].tif",FALSE,"/data_g1/AI_projects/projects/Immune_Cell_Prediction_WK/DIR/nhs/TMA 13 Level 16_Core[1,19,11]_[12542,51257]",0.4
"/data_g1/AI_projects/raw_data/PCITB_CRC/HE_raw_images/Tumor/TMA13/TMA 13 Level 1_Core[1,19,13]_[10185,53215].tif",FALSE,"/data_g1/AI_projects/projects/Immune_Cell_Prediction_WK/DIR/nhs/TMA 13 Level 1_Core[1,19,13]_[10185,53215]",0.4
"/data_g1/AI_projects/raw_data/PCITB_CRC/HE_raw_images/Tumor/TMA13/TMA 13 Level 1_Core[1,19,15]_[8256,53462].tif",FALSE,"/data_g1/AI_projects/projects/Immune_Cell_Prediction_WK/DIR/nhs/TMA 13 Level 1_Core[1,19,15]_[8256,53462]",0.4
"/data_g1/AI_projects/raw_data/PCITB_CRC/HE_raw_images/Tumor/TMA13/TMA 13 Level 16_Core[1,19,15]_[8734,51257].tif",FALSE,"/data_g1/AI_projects/projects/Immune_Cell_Prediction_WK/DIR/nhs/TMA 13 Level 16_Core[1,19,15]_[8734,51257]",0.4
"/data_g1/AI_projects/raw_data/PCITB_CRC/HE_raw_images/Tumor/TMA13/TMA 13 Level 1_Core[1,19,19]_[4596,53635].tif",FALSE,"/data_g1/AI_projects/projects/Immune_Cell_Prediction_WK/DIR/nhs/TMA 13 Level 1_Core[1,19,19]_[4596,53635]",0.4
"/data_g1/AI_projects/raw_data/PCITB_CRC/HE_raw_images/Tumor/TMA13/TMA 13 Level 16_Core[1,19,19]_[5074,51034].tif",FALSE,"/data_g1/AI_projects/projects/Immune_Cell_Prediction_WK/DIR/nhs/TMA 13 Level 16_Core[1,19,19]_[5074,51034]",0.4
"/data_g1/AI_projects/raw_data/PCITB_CRC/HE_raw_images/Tumor/TMA13/TMA 13 Level 1_Core[1,19,2]_[20274,52349].tif",FALSE,"/data_g1/AI_projects/projects/Immune_Cell_Prediction_WK/DIR/nhs/TMA 13 Level 1_Core[1,19,2]_[20274,52349]",0.4
"/data_g1/AI_projects/raw_data/PCITB_CRC/HE_raw_images/Tumor/TMA13/TMA 13 Level 16_Core[1,19,2]_[20925,51034].tif",FALSE,"/data_g1/AI_projects/projects/Immune_Cell_Prediction_WK/DIR/nhs/TMA 13 Level 16_Core[1,19,2]_[20925,51034]",0.4
"/data_g1/AI_projects/raw_data/PCITB_CRC/HE_raw_images/Tumor/TMA13/TMA 13 Level 1_Core[1,19,3]_[19309,52374].tif",FALSE,"/data_g1/AI_projects/projects/Immune_Cell_Prediction_WK/DIR/nhs/TMA 13 Level 1_Core[1,19,3]_[19309,52374]",0.4
"/data_g1/AI_projects/raw_data/PCITB_CRC/HE_raw_images/Tumor/TMA13/TMA 13 Level 16_Core[1,19,3]_[19960,51010].tif",FALSE,"/data_g1/AI_projects/projects/Immune_Cell_Prediction_WK/DIR/nhs/TMA 13 Level 16_Core[1,19,3]_[19960,51010]",0.4
"/data_g1/AI_projects/raw_data/PCITB_CRC/HE_raw_images/Tumor/TMA13/TMA 13 Level 16_Core[1,19,5]_[18031,51084].tif",FALSE,"/data_g1/AI_projects/projects/Immune_Cell_Prediction_WK/DIR/nhs/TMA 13 Level 16_Core[1,19,5]_[18031,51084]",0.4
"/data_g1/AI_projects/raw_data/PCITB_CRC/HE_raw_images/Tumor/TMA13/TMA 13 Level 1_Core[1,19,5]_[17405,52572].tif",FALSE,"/data_g1/AI_projects/projects/Immune_Cell_Prediction_WK/DIR/nhs/TMA 13 Level 1_Core[1,19,5]_[17405,52572]",0.4
"/data_g1/AI_projects/raw_data/PCITB_CRC/HE_raw_images/Tumor/TMA13/TMA 13 Level 16_Core[1,19,6]_[17067,51133].tif",FALSE,"/data_g1/AI_projects/projects/Immune_Cell_Prediction_WK/DIR/nhs/TMA 13 Level 16_Core[1,19,6]_[17067,51133]",0.4
"/data_g1/AI_projects/raw_data/PCITB_CRC/HE_raw_images/Tumor/TMA13/TMA 13 Level 1_Core[1,19,6]_[16490,52695].tif",FALSE,"/data_g1/AI_projects/projects/Immune_Cell_Prediction_WK/DIR/nhs/TMA 13 Level 1_Core[1,19,6]_[16490,52695]",0.4
"/data_g1/AI_projects/raw_data/PCITB_CRC/HE_raw_images/Tumor/TMA13/TMA 13 Level 16_Core[1,19,8]_[15311,51183].tif",FALSE,"/data_g1/AI_projects/projects/Immune_Cell_Prediction_WK/DIR/nhs/TMA 13 Level 16_Core[1,19,8]_[15311,51183]",0.4
"/data_g1/AI_projects/raw_data/PCITB_CRC/HE_raw_images/Tumor/TMA13/TMA 13 Level 1_Core[1,19,8]_[14660,52918].tif",FALSE,"/data_g1/AI_projects/projects/Immune_Cell_Prediction_WK/DIR/nhs/TMA 13 Level 1_Core[1,19,8]_[14660,52918]",0.4
"/data_g1/AI_projects/raw_data/PCITB_CRC/HE_raw_images/Tumor/TMA13/TMA 13 Level 1_Core[1,19,9]_[13795,52992].tif",FALSE,"/data_g1/AI_projects/projects/Immune_Cell_Prediction_WK/DIR/nhs/TMA 13 Level 1_Core[1,19,9]_[13795,52992]",0.4
"/data_g1/AI_projects/raw_data/PCITB_CRC/HE_raw_images/Tumor/TMA13/TMA 13 Level 16_Core[1,19,9]_[14446,51208].tif",FALSE,"/data_g1/AI_projects/projects/Immune_Cell_Prediction_WK/DIR/nhs/TMA 13 Level 16_Core[1,19,9]_[14446,51208]",0.4
"/data_g1/AI_projects/raw_data/PCITB_CRC/HE_raw_images/Tumor/TMA13/TMA 13 Level 16_Core[1,2,1]_[20661,36466].tif",FALSE,"/data_g1/AI_projects/projects/Immune_Cell_Prediction_WK/DIR/nhs/TMA 13 Level 16_Core[1,2,1]_[20661,36466]",0.4
"/data_g1/AI_projects/raw_data/PCITB_CRC/HE_raw_images/Tumor/TMA13/TMA 13 Level 1_Core[2,2,1]_[19660,39446].tif",FALSE,"/data_g1/AI_projects/projects/Immune_Cell_Prediction_WK/DIR/nhs/TMA 13 Level 1_Core[2,2,1]_[19660,39446]",0.4
"/data_g1/AI_projects/raw_data/PCITB_CRC/HE_raw_images/Tumor/TMA13/TMA 13 Level 1_Core[2,2,12]_[9546,39915].tif",FALSE,"/data_g1/AI_projects/projects/Immune_Cell_Prediction_WK/DIR/nhs/TMA 13 Level 1_Core[2,2,12]_[9546,39915]",0.4
"/data_g1/AI_projects/raw_data/PCITB_CRC/HE_raw_images/Tumor/TMA13/TMA 13 Level 16_Core[1,2,12]_[10597,36985].tif",FALSE,"/data_g1/AI_projects/projects/Immune_Cell_Prediction_WK/DIR/nhs/TMA 13 Level 16_Core[1,2,12]_[10597,36985]",0.4
"/data_g1/AI_projects/raw_data/PCITB_CRC/HE_raw_images/Tumor/TMA13/TMA 13 Level 16_Core[1,2,13]_[9756,37035].tif",FALSE,"/data_g1/AI_projects/projects/Immune_Cell_Prediction_WK/DIR/nhs/TMA 13 Level 16_Core[1,2,13]_[9756,37035]",0.4
"/data_g1/AI_projects/raw_data/PCITB_CRC/HE_raw_images/Tumor/TMA13/TMA 13 Level 1_Core[2,2,13]_[8656,39990].tif",FALSE,"/data_g1/AI_projects/projects/Immune_Cell_Prediction_WK/DIR/nhs/TMA 13 Level 1_Core[2,2,13]_[8656,39990]",0.4
"/data_g1/AI_projects/raw_data/PCITB_CRC/HE_raw_images/Tumor/TMA13/TMA 13 Level 1_Core[2,2,15]_[6851,40187].tif",FALSE,"/data_g1/AI_projects/projects/Immune_Cell_Prediction_WK/DIR/nhs/TMA 13 Level 1_Core[2,2,15]_[6851,40187]",0.4
"/data_g1/AI_projects/raw_data/PCITB_CRC/HE_raw_images/Tumor/TMA13/TMA 13 Level 16_Core[1,2,15]_[7976,37282].tif",FALSE,"/data_g1/AI_projects/projects/Immune_Cell_Prediction_WK/DIR/nhs/TMA 13 Level 16_Core[1,2,15]_[7976,37282]",0.4
"/data_g1/AI_projects/raw_data/PCITB_CRC/HE_raw_images/Tumor/TMA13/TMA 13 Level 16_Core[1,2,16]_[7085,37430].tif",FALSE,"/data_g1/AI_projects/projects/Immune_Cell_Prediction_WK/DIR/nhs/TMA 13 Level 16_Core[1,2,16]_[7085,37430]",0.4
"/data_g1/AI_projects/raw_data/PCITB_CRC/HE_raw_images/Tumor/TMA13/TMA 13 Level 1_Core[2,2,16]_[5936,40311].tif",FALSE,"/data_g1/AI_projects/projects/Immune_Cell_Prediction_WK/DIR/nhs/TMA 13 Level 1_Core[2,2,16]_[5936,40311]",0.4
"/data_g1/AI_projects/raw_data/PCITB_CRC/HE_raw_images/Tumor/TMA13/TMA 13 Level 1_Core[2,2,18]_[4205,40410].tif",FALSE,"/data_g1/AI_projects/projects/Immune_Cell_Prediction_WK/DIR/nhs/TMA 13 Level 1_Core[2,2,18]_[4205,40410]",0.4
"/data_g1/AI_projects/raw_data/PCITB_CRC/HE_raw_images/Tumor/TMA13/TMA 13 Level 1_Core[2,2,2]_[18695,39470].tif",FALSE,"/data_g1/AI_projects/projects/Immune_Cell_Prediction_WK/DIR/nhs/TMA 13 Level 1_Core[2,2,2]_[18695,39470]",0.4
"/data_g1/AI_projects/raw_data/PCITB_CRC/HE_raw_images/Tumor/TMA13/TMA 13 Level 16_Core[1,2,2]_[19697,36466].tif",FALSE,"/data_g1/AI_projects/projects/Immune_Cell_Prediction_WK/DIR/nhs/TMA 13 Level 16_Core[1,2,2]_[19697,36466]",0.4
"/data_g1/AI_projects/raw_data/PCITB_CRC/HE_raw_images/Tumor/TMA13/TMA 13 Level 1_Core[2,2,4]_[16865,39619].tif",FALSE,"/data_g1/AI_projects/projects/Immune_Cell_Prediction_WK/DIR/nhs/TMA 13 Level 1_Core[2,2,4]_[16865,39619]",0.4
"/data_g1/AI_projects/raw_data/PCITB_CRC/HE_raw_images/Tumor/TMA13/TMA 13 Level 16_Core[1,2,4]_[17892,36688].tif",FALSE,"/data_g1/AI_projects/projects/Immune_Cell_Prediction_WK/DIR/nhs/TMA 13 Level 16_Core[1,2,4]_[17892,36688]",0.4
"/data_g1/AI_projects/raw_data/PCITB_CRC/HE_raw_images/Tumor/TMA13/TMA 13 Level 16_Core[1,2,6]_[16111,36713].tif",FALSE,"/data_g1/AI_projects/projects/Immune_Cell_Prediction_WK/DIR/nhs/TMA 13 Level 16_Core[1,2,6]_[16111,36713]",0.4
"/data_g1/AI_projects/raw_data/PCITB_CRC/HE_raw_images/Tumor/TMA13/TMA 13 Level 1_Core[2,2,6]_[15060,39693].tif",FALSE,"/data_g1/AI_projects/projects/Immune_Cell_Prediction_WK/DIR/nhs/TMA 13 Level 1_Core[2,2,6]_[15060,39693]",0.4
"/data_g1/AI_projects/raw_data/PCITB_CRC/HE_raw_images/Tumor/TMA13/TMA 13 Level 16_Core[1,2,8]_[14356,36787].tif",FALSE,"/data_g1/AI_projects/projects/Immune_Cell_Prediction_WK/DIR/nhs/TMA 13 Level 16_Core[1,2,8]_[14356,36787]",0.4
"/data_g1/AI_projects/raw_data/PCITB_CRC/HE_raw_images/Tumor/TMA13/TMA 13 Level 1_Core[2,2,8]_[13230,39767].tif",FALSE,"/data_g1/AI_projects/projects/Immune_Cell_Prediction_WK/DIR/nhs/TMA 13 Level 1_Core[2,2,8]_[13230,39767]",0.4
"/data_g1/AI_projects/raw_data/PCITB_CRC/HE_raw_images/Tumor/TMA13/TMA 13 Level 16_Core[1,20,11]_[12641,52098].tif",FALSE,"/data_g1/AI_projects/projects/Immune_Cell_Prediction_WK/DIR/nhs/TMA 13 Level 16_Core[1,20,11]_[12641,52098]",0.4
"/data_g1/AI_projects/raw_data/PCITB_CRC/HE_raw_images/Tumor/TMA13/TMA 13 Level 1_Core[1,20,11]_[12163,53981].tif",FALSE,"/data_g1/AI_projects/projects/Immune_Cell_Prediction_WK/DIR/nhs/TMA 13 Level 1_Core[1,20,11]_[12163,53981]",0.4
"/data_g1/AI_projects/raw_data/PCITB_CRC/HE_raw_images/Tumor/TMA13/TMA 13 Level 16_Core[1,20,15]_[8833,52098].tif",FALSE,"/data_g1/AI_projects/projects/Immune_Cell_Prediction_WK/DIR/nhs/TMA 13 Level 16_Core[1,20,15]_[8833,52098]",0.4
"/data_g1/AI_projects/raw_data/PCITB_CRC/HE_raw_images/Tumor/TMA13/TMA 13 Level 1_Core[1,20,15]_[8429,54253].tif",FALSE,"/data_g1/AI_projects/projects/Immune_Cell_Prediction_WK/DIR/nhs/TMA 13 Level 1_Core[1,20,15]_[8429,54253]",0.4
"/data_g1/AI_projects/raw_data/PCITB_CRC/HE_raw_images/Tumor/TMA13/TMA 13 Level 1_Core[1,20,17]_[6525,54253].tif",FALSE,"/data_g1/AI_projects/projects/Immune_Cell_Prediction_WK/DIR/nhs/TMA 13 Level 1_Core[1,20,17]_[6525,54253]",0.4
"/data_g1/AI_projects/raw_data/PCITB_CRC/HE_raw_images/Tumor/TMA13/TMA 13 Level 1_Core[1,20,19]_[4646,54451].tif",FALSE,"/data_g1/AI_projects/projects/Immune_Cell_Prediction_WK/DIR/nhs/TMA 13 Level 1_Core[1,20,19]_[4646,54451]",0.4
"/data_g1/AI_projects/raw_data/PCITB_CRC/HE_raw_images/Tumor/TMA13/TMA 13 Level 16_Core[1,20,19]_[5049,51949].tif",FALSE,"/data_g1/AI_projects/projects/Immune_Cell_Prediction_WK/DIR/nhs/TMA 13 Level 16_Core[1,20,19]_[5049,51949]",0.4
"/data_g1/AI_projects/raw_data/PCITB_CRC/HE_raw_images/Tumor/TMA13/TMA 13 Level 1_Core[1,20,3]_[19458,53215].tif",FALSE,"/data_g1/AI_projects/projects/Immune_Cell_Prediction_WK/DIR/nhs/TMA 13 Level 1_Core[1,20,3]_[19458,53215]",0.4
"/data_g1/AI_projects/raw_data/PCITB_CRC/HE_raw_images/Tumor/TMA13/TMA 13 Level 16_Core[1,20,3]_[19911,51925].tif",FALSE,"/data_g1/AI_projects/projects/Immune_Cell_Prediction_WK/DIR/nhs/TMA 13 Level 16_Core[1,20,3]_[19911,51925]",0.4
"/data_g1/AI_projects/raw_data/PCITB_CRC/HE_raw_images/Tumor/TMA13/TMA 13 Level 1_Core[1,20,5]_[17479,53437].tif",FALSE,"/data_g1/AI_projects/projects/Immune_Cell_Prediction_WK/DIR/nhs/TMA 13 Level 1_Core[1,20,5]_[17479,53437]",0.4
"/data_g1/AI_projects/raw_data/PCITB_CRC/HE_raw_images/Tumor/TMA13/TMA 13 Level 1_Core[1,20,6]_[16564,53536].tif",FALSE,"/data_g1/AI_projects/projects/Immune_Cell_Prediction_WK/DIR/nhs/TMA 13 Level 1_Core[1,20,6]_[16564,53536]",0.4
"/data_g1/AI_projects/raw_data/PCITB_CRC/HE_raw_images/Tumor/TMA13/TMA 13 Level 16_Core[1,20,6]_[17116,52048].tif",FALSE,"/data_g1/AI_projects/projects/Immune_Cell_Prediction_WK/DIR/nhs/TMA 13 Level 16_Core[1,20,6]_[17116,52048]",0.4
"/data_g1/AI_projects/raw_data/PCITB_CRC/HE_raw_images/Tumor/TMA13/TMA 13 Level 16_Core[1,20,8]_[15287,52048].tif",FALSE,"/data_g1/AI_projects/projects/Immune_Cell_Prediction_WK/DIR/nhs/TMA 13 Level 16_Core[1,20,8]_[15287,52048]",0.4
"/data_g1/AI_projects/raw_data/PCITB_CRC/HE_raw_images/Tumor/TMA13/TMA 13 Level 1_Core[1,20,8]_[14734,53734].tif",FALSE,"/data_g1/AI_projects/projects/Immune_Cell_Prediction_WK/DIR/nhs/TMA 13 Level 1_Core[1,20,8]_[14734,53734]",0.4
"/data_g1/AI_projects/raw_data/PCITB_CRC/HE_raw_images/Tumor/TMA13/TMA 13 Level 1_Core[1,20,9]_[13820,53833].tif",FALSE,"/data_g1/AI_projects/projects/Immune_Cell_Prediction_WK/DIR/nhs/TMA 13 Level 1_Core[1,20,9]_[13820,53833]",0.4
"/data_g1/AI_projects/raw_data/PCITB_CRC/HE_raw_images/Tumor/TMA13/TMA 13 Level 16_Core[1,20,9]_[14347,52098].tif",FALSE,"/data_g1/AI_projects/projects/Immune_Cell_Prediction_WK/DIR/nhs/TMA 13 Level 16_Core[1,20,9]_[14347,52098]",0.4
"/data_g1/AI_projects/raw_data/PCITB_CRC/HE_raw_images/Tumor/TMA13/TMA 13 Level 1_Core[2,22,11]_[11891,55168].tif",FALSE,"/data_g1/AI_projects/projects/Immune_Cell_Prediction_WK/DIR/nhs/TMA 13 Level 1_Core[2,22,11]_[11891,55168]",0.4
"/data_g1/AI_projects/raw_data/PCITB_CRC/HE_raw_images/Tumor/TMA13/TMA 13 Level 16_Core[1,22,11]_[12246,53384].tif",FALSE,"/data_g1/AI_projects/projects/Immune_Cell_Prediction_WK/DIR/nhs/TMA 13 Level 16_Core[1,22,11]_[12246,53384]",0.4
"/data_g1/AI_projects/raw_data/PCITB_CRC/HE_raw_images/Tumor/TMA13/TMA 13 Level 16_Core[1,22,12]_[11405,53384].tif",FALSE,"/data_g1/AI_projects/projects/Immune_Cell_Prediction_WK/DIR/nhs/TMA 13 Level 16_Core[1,22,12]_[11405,53384]",0.4
"/data_g1/AI_projects/raw_data/PCITB_CRC/HE_raw_images/Tumor/TMA13/TMA 13 Level 1_Core[2,22,12]_[11075,55242].tif",FALSE,"/data_g1/AI_projects/projects/Immune_Cell_Prediction_WK/DIR/nhs/TMA 13 Level 1_Core[2,22,12]_[11075,55242]",0.4
"/data_g1/AI_projects/raw_data/PCITB_CRC/HE_raw_images/Tumor/TMA13/TMA 13 Level 16_Core[1,22,14]_[9542,53317].tif",FALSE,"/data_g1/AI_projects/projects/Immune_Cell_Prediction_WK/DIR/nhs/TMA 13 Level 16_Core[1,22,14]_[9542,53317]",0.4
"/data_g1/AI_projects/raw_data/PCITB_CRC/HE_raw_images/Tumor/TMA13/TMA 13 Level 16_Core[1,22,15]_[8610,53334].tif",FALSE,"/data_g1/AI_projects/projects/Immune_Cell_Prediction_WK/DIR/nhs/TMA 13 Level 16_Core[1,22,15]_[8610,53334]",0.4
"/data_g1/AI_projects/raw_data/PCITB_CRC/HE_raw_images/Tumor/TMA13/TMA 13 Level 1_Core[2,22,15]_[8305,55440].tif",FALSE,"/data_g1/AI_projects/projects/Immune_Cell_Prediction_WK/DIR/nhs/TMA 13 Level 1_Core[2,22,15]_[8305,55440]",0.4
"/data_g1/AI_projects/raw_data/PCITB_CRC/HE_raw_images/Tumor/TMA13/TMA 13 Level 16_Core[1,22,17]_[6805,53260].tif",FALSE,"/data_g1/AI_projects/projects/Immune_Cell_Prediction_WK/DIR/nhs/TMA 13 Level 16_Core[1,22,17]_[6805,53260]",0.4
"/data_g1/AI_projects/raw_data/PCITB_CRC/HE_raw_images/Tumor/TMA13/TMA 13 Level 16_Core[1,22,6]_[16696,53236].tif",FALSE,"/data_g1/AI_projects/projects/Immune_Cell_Prediction_WK/DIR/nhs/TMA 13 Level 16_Core[1,22,6]_[16696,53236]",0.4
"/data_g1/AI_projects/raw_data/PCITB_CRC/HE_raw_images/Tumor/TMA13/TMA 13 Level 1_Core[2,22,6]_[16441,54599].tif",FALSE,"/data_g1/AI_projects/projects/Immune_Cell_Prediction_WK/DIR/nhs/TMA 13 Level 1_Core[2,22,6]_[16441,54599]",0.4
"/data_g1/AI_projects/raw_data/PCITB_CRC/HE_raw_images/Tumor/TMA13/TMA 13 Level 16_Core[1,22,9]_[14075,53334].tif",FALSE,"/data_g1/AI_projects/projects/Immune_Cell_Prediction_WK/DIR/nhs/TMA 13 Level 16_Core[1,22,9]_[14075,53334]",0.4
"/data_g1/AI_projects/raw_data/PCITB_CRC/HE_raw_images/Tumor/TMA13/TMA 13 Level 1_Core[2,22,9]_[13646,54970].tif",FALSE,"/data_g1/AI_projects/projects/Immune_Cell_Prediction_WK/DIR/nhs/TMA 13 Level 1_Core[2,22,9]_[13646,54970]",0.4
"/data_g1/AI_projects/raw_data/PCITB_CRC/HE_raw_images/Tumor/TMA13/TMA 13 Level 16_Core[1,23,11]_[12221,54249].tif",FALSE,"/data_g1/AI_projects/projects/Immune_Cell_Prediction_WK/DIR/nhs/TMA 13 Level 16_Core[1,23,11]_[12221,54249]",0.4
"/data_g1/AI_projects/raw_data/PCITB_CRC/HE_raw_images/Tumor/TMA13/TMA 13 Level 1_Core[2,23,11]_[12064,55984].tif",FALSE,"/data_g1/AI_projects/projects/Immune_Cell_Prediction_WK/DIR/nhs/TMA 13 Level 1_Core[2,23,11]_[12064,55984]",0.4
"/data_g1/AI_projects/raw_data/PCITB_CRC/HE_raw_images/Tumor/TMA13/TMA 13 Level 1_Core[2,23,12]_[11124,56058].tif",FALSE,"/data_g1/AI_projects/projects/Immune_Cell_Prediction_WK/DIR/nhs/TMA 13 Level 1_Core[2,23,12]_[11124,56058]",0.4
"/data_g1/AI_projects/raw_data/PCITB_CRC/HE_raw_images/Tumor/TMA13/TMA 13 Level 16_Core[1,23,12]_[11330,54175].tif",FALSE,"/data_g1/AI_projects/projects/Immune_Cell_Prediction_WK/DIR/nhs/TMA 13 Level 16_Core[1,23,12]_[11330,54175]",0.4
"/data_g1/AI_projects/raw_data/PCITB_CRC/HE_raw_images/Tumor/TMA13/TMA 13 Level 16_Core[1,23,14]_[9552,54217].tif",FALSE,"/data_g1/AI_projects/projects/Immune_Cell_Prediction_WK/DIR/nhs/TMA 13 Level 16_Core[1,23,14]_[9552,54217]",0.4
"/data_g1/AI_projects/raw_data/PCITB_CRC/HE_raw_images/Tumor/TMA13/TMA 13 Level 1_Core[2,23,14]_[9344,56083].tif",FALSE,"/data_g1/AI_projects/projects/Immune_Cell_Prediction_WK/DIR/nhs/TMA 13 Level 1_Core[2,23,14]_[9344,56083]",0.4
"/data_g1/AI_projects/raw_data/PCITB_CRC/HE_raw_images/Tumor/TMA13/TMA 13 Level 16_Core[1,23,15]_[8660,54200].tif",FALSE,"/data_g1/AI_projects/projects/Immune_Cell_Prediction_WK/DIR/nhs/TMA 13 Level 16_Core[1,23,15]_[8660,54200]",0.4
"/data_g1/AI_projects/raw_data/PCITB_CRC/HE_raw_images/Tumor/TMA13/TMA 13 Level 1_Core[2,23,15]_[8453,56256].tif",FALSE,"/data_g1/AI_projects/projects/Immune_Cell_Prediction_WK/DIR/nhs/TMA 13 Level 1_Core[2,23,15]_[8453,56256]",0.4
"/data_g1/AI_projects/raw_data/PCITB_CRC/HE_raw_images/Tumor/TMA13/TMA 13 Level 1_Core[2,23,17]_[6648,56306].tif",FALSE,"/data_g1/AI_projects/projects/Immune_Cell_Prediction_WK/DIR/nhs/TMA 13 Level 1_Core[2,23,17]_[6648,56306]",0.4
"/data_g1/AI_projects/raw_data/PCITB_CRC/HE_raw_images/Tumor/TMA13/TMA 13 Level 16_Core[1,23,17]_[6805,54126].tif",FALSE,"/data_g1/AI_projects/projects/Immune_Cell_Prediction_WK/DIR/nhs/TMA 13 Level 16_Core[1,23,17]_[6805,54126]",0.4
"/data_g1/AI_projects/raw_data/PCITB_CRC/HE_raw_images/Tumor/TMA13/TMA 13 Level 16_Core[1,23,19]_[4975,53977].tif",FALSE,"/data_g1/AI_projects/projects/Immune_Cell_Prediction_WK/DIR/nhs/TMA 13 Level 16_Core[1,23,19]_[4975,53977]",0.4
"/data_g1/AI_projects/raw_data/PCITB_CRC/HE_raw_images/Tumor/TMA13/TMA 13 Level 1_Core[1,23,19]_[4779,56464].tif",FALSE,"/data_g1/AI_projects/projects/Immune_Cell_Prediction_WK/DIR/nhs/TMA 13 Level 1_Core[1,23,19]_[4779,56464]",0.4
"/data_g1/AI_projects/raw_data/PCITB_CRC/HE_raw_images/Tumor/TMA13/TMA 13 Level 1_Core[2,23,2]_[20249,55119].tif",FALSE,"/data_g1/AI_projects/projects/Immune_Cell_Prediction_WK/DIR/nhs/TMA 13 Level 1_Core[2,23,2]_[20249,55119]",0.4
"/data_g1/AI_projects/raw_data/PCITB_CRC/HE_raw_images/Tumor/TMA13/TMA 13 Level 16_Core[1,23,2]_[20480,54126].tif",FALSE,"/data_g1/AI_projects/projects/Immune_Cell_Prediction_WK/DIR/nhs/TMA 13 Level 16_Core[1,23,2]_[20480,54126]",0.4
"/data_g1/AI_projects/raw_data/PCITB_CRC/HE_raw_images/Tumor/TMA13/TMA 13 Level 1_Core[2,23,4]_[18369,55366].tif",FALSE,"/data_g1/AI_projects/projects/Immune_Cell_Prediction_WK/DIR/nhs/TMA 13 Level 1_Core[2,23,4]_[18369,55366]",0.4
"/data_g1/AI_projects/raw_data/PCITB_CRC/HE_raw_images/Tumor/TMA13/TMA 13 Level 16_Core[1,23,4]_[18625,54225].tif",FALSE,"/data_g1/AI_projects/projects/Immune_Cell_Prediction_WK/DIR/nhs/TMA 13 Level 16_Core[1,23,4]_[18625,54225]",0.4
"/data_g1/AI_projects/raw_data/PCITB_CRC/HE_raw_images/Tumor/TMA13/TMA 13 Level 1_Core[2,23,6]_[16465,55316].tif",FALSE,"/data_g1/AI_projects/projects/Immune_Cell_Prediction_WK/DIR/nhs/TMA 13 Level 1_Core[2,23,6]_[16465,55316]",0.4
"/data_g1/AI_projects/raw_data/PCITB_CRC/HE_raw_images/Tumor/TMA13/TMA 13 Level 16_Core[1,23,6]_[16845,54274].tif",FALSE,"/data_g1/AI_projects/projects/Immune_Cell_Prediction_WK/DIR/nhs/TMA 13 Level 16_Core[1,23,6]_[16845,54274]",0.4
"/data_g1/AI_projects/raw_data/PCITB_CRC/HE_raw_images/Tumor/TMA13/TMA 13 Level 1_Core[2,23,7]_[15600,55638].tif",FALSE,"/data_g1/AI_projects/projects/Immune_Cell_Prediction_WK/DIR/nhs/TMA 13 Level 1_Core[2,23,7]_[15600,55638]",0.4
"/data_g1/AI_projects/raw_data/PCITB_CRC/HE_raw_images/Tumor/TMA13/TMA 13 Level 16_Core[1,23,7]_[15880,54299].tif",FALSE,"/data_g1/AI_projects/projects/Immune_Cell_Prediction_WK/DIR/nhs/TMA 13 Level 16_Core[1,23,7]_[15880,54299]",0.4
"/data_g1/AI_projects/raw_data/PCITB_CRC/HE_raw_images/Tumor/TMA13/TMA 13 Level 1_Core[2,23,9]_[13844,55786].tif",FALSE,"/data_g1/AI_projects/projects/Immune_Cell_Prediction_WK/DIR/nhs/TMA 13 Level 1_Core[2,23,9]_[13844,55786]",0.4
"/data_g1/AI_projects/raw_data/PCITB_CRC/HE_raw_images/Tumor/TMA13/TMA 13 Level 16_Core[1,23,9]_[14051,54249].tif",FALSE,"/data_g1/AI_projects/projects/Immune_Cell_Prediction_WK/DIR/nhs/TMA 13 Level 16_Core[1,23,9]_[14051,54249]",0.4
"/data_g1/AI_projects/raw_data/PCITB_CRC/HE_raw_images/Tumor/TMA13/TMA 13 Level 1_Core[2,24,1]_[21287,55860].tif",FALSE,"/data_g1/AI_projects/projects/Immune_Cell_Prediction_WK/DIR/nhs/TMA 13 Level 1_Core[2,24,1]_[21287,55860]",0.4
"/data_g1/AI_projects/raw_data/PCITB_CRC/HE_raw_images/Tumor/TMA13/TMA 13 Level 16_Core[1,24,1]_[21518,55016].tif",FALSE,"/data_g1/AI_projects/projects/Immune_Cell_Prediction_WK/DIR/nhs/TMA 13 Level 16_Core[1,24,1]_[21518,55016]",0.4
"/data_g1/AI_projects/raw_data/PCITB_CRC/HE_raw_images/Tumor/TMA13/TMA 13 Level 1_Core[2,24,10]_[13028,56652].tif",FALSE,"/data_g1/AI_projects/projects/Immune_Cell_Prediction_WK/DIR/nhs/TMA 13 Level 1_Core[2,24,10]_[13028,56652]",0.4
"/data_g1/AI_projects/raw_data/PCITB_CRC/HE_raw_images/Tumor/TMA13/TMA 13 Level 16_Core[1,24,11]_[12246,55090].tif",FALSE,"/data_g1/AI_projects/projects/Immune_Cell_Prediction_WK/DIR/nhs/TMA 13 Level 16_Core[1,24,11]_[12246,55090]",0.4
"/data_g1/AI_projects/raw_data/PCITB_CRC/HE_raw_images/Tumor/TMA13/TMA 13 Level 1_Core[2,24,11]_[12113,56751].tif",FALSE,"/data_g1/AI_projects/projects/Immune_Cell_Prediction_WK/DIR/nhs/TMA 13 Level 1_Core[2,24,11]_[12113,56751]",0.4
"/data_g1/AI_projects/raw_data/PCITB_CRC/HE_raw_images/Tumor/TMA13/TMA 13 Level 16_Core[1,24,13]_[10440,55016].tif",FALSE,"/data_g1/AI_projects/projects/Immune_Cell_Prediction_WK/DIR/nhs/TMA 13 Level 16_Core[1,24,13]_[10440,55016]",0.4
"/data_g1/AI_projects/raw_data/PCITB_CRC/HE_raw_images/Tumor/TMA13/TMA 13 Level 1_Core[2,24,13]_[10407,56850].tif",FALSE,"/data_g1/AI_projects/projects/Immune_Cell_Prediction_WK/DIR/nhs/TMA 13 Level 1_Core[2,24,13]_[10407,56850]",0.4
"/data_g1/AI_projects/raw_data/PCITB_CRC/HE_raw_images/Tumor/TMA13/TMA 13 Level 1_Core[2,24,14]_[9393,56998].tif",FALSE,"/data_g1/AI_projects/projects/Immune_Cell_Prediction_WK/DIR/nhs/TMA 13 Level 1_Core[2,24,14]_[9393,56998]",0.4
"/data_g1/AI_projects/raw_data/PCITB_CRC/HE_raw_images/Tumor/TMA13/TMA 13 Level 16_Core[1,24,14]_[9525,55090].tif",FALSE,"/data_g1/AI_projects/projects/Immune_Cell_Prediction_WK/DIR/nhs/TMA 13 Level 16_Core[1,24,14]_[9525,55090]",0.4
"/data_g1/AI_projects/raw_data/PCITB_CRC/HE_raw_images/Tumor/TMA13/TMA 13 Level 16_Core[1,24,16]_[7696,55016].tif",FALSE,"/data_g1/AI_projects/projects/Immune_Cell_Prediction_WK/DIR/nhs/TMA 13 Level 16_Core[1,24,16]_[7696,55016]",0.4
"/data_g1/AI_projects/raw_data/PCITB_CRC/HE_raw_images/Tumor/TMA13/TMA 13 Level 1_Core[2,24,16]_[7662,57047].tif",FALSE,"/data_g1/AI_projects/projects/Immune_Cell_Prediction_WK/DIR/nhs/TMA 13 Level 1_Core[2,24,16]_[7662,57047]",0.4
"/data_g1/AI_projects/raw_data/PCITB_CRC/HE_raw_images/Tumor/TMA13/TMA 13 Level 16_Core[1,24,18]_[5915,54843].tif",FALSE,"/data_g1/AI_projects/projects/Immune_Cell_Prediction_WK/DIR/nhs/TMA 13 Level 16_Core[1,24,18]_[5915,54843]",0.4
"/data_g1/AI_projects/raw_data/PCITB_CRC/HE_raw_images/Tumor/TMA13/TMA 13 Level 1_Core[1,24,18]_[5842,57156].tif",FALSE,"/data_g1/AI_projects/projects/Immune_Cell_Prediction_WK/DIR/nhs/TMA 13 Level 1_Core[1,24,18]_[5842,57156]",0.4
"/data_g1/AI_projects/raw_data/PCITB_CRC/HE_raw_images/Tumor/TMA13/TMA 13 Level 1_Core[2,24,3]_[19482,56058].tif",FALSE,"/data_g1/AI_projects/projects/Immune_Cell_Prediction_WK/DIR/nhs/TMA 13 Level 1_Core[2,24,3]_[19482,56058]",0.4
"/data_g1/AI_projects/raw_data/PCITB_CRC/HE_raw_images/Tumor/TMA13/TMA 13 Level 16_Core[1,24,3]_[19614,55115].tif",FALSE,"/data_g1/AI_projects/projects/Immune_Cell_Prediction_WK/DIR/nhs/TMA 13 Level 16_Core[1,24,3]_[19614,55115]",0.4
"/data_g1/AI_projects/raw_data/PCITB_CRC/HE_raw_images/Tumor/TMA13/TMA 13 Level 16_Core[1,24,4]_[18699,55140].tif",FALSE,"/data_g1/AI_projects/projects/Immune_Cell_Prediction_WK/DIR/nhs/TMA 13 Level 16_Core[1,24,4]_[18699,55140]",0.4
"/data_g1/AI_projects/raw_data/PCITB_CRC/HE_raw_images/Tumor/TMA13/TMA 13 Level 1_Core[2,24,4]_[18493,56157].tif",FALSE,"/data_g1/AI_projects/projects/Immune_Cell_Prediction_WK/DIR/nhs/TMA 13 Level 1_Core[2,24,4]_[18493,56157]",0.4
"/data_g1/AI_projects/raw_data/PCITB_CRC/HE_raw_images/Tumor/TMA13/TMA 13 Level 16_Core[1,24,5]_[17760,55214].tif",FALSE,"/data_g1/AI_projects/projects/Immune_Cell_Prediction_WK/DIR/nhs/TMA 13 Level 16_Core[1,24,5]_[17760,55214]",0.4
"/data_g1/AI_projects/raw_data/PCITB_CRC/HE_raw_images/Tumor/TMA13/TMA 13 Level 1_Core[2,24,5]_[17578,56281].tif",FALSE,"/data_g1/AI_projects/projects/Immune_Cell_Prediction_WK/DIR/nhs/TMA 13 Level 1_Core[2,24,5]_[17578,56281]",0.4
"/data_g1/AI_projects/raw_data/PCITB_CRC/HE_raw_images/Tumor/TMA13/TMA 13 Level 1_Core[2,24,6]_[16638,56330].tif",FALSE,"/data_g1/AI_projects/projects/Immune_Cell_Prediction_WK/DIR/nhs/TMA 13 Level 1_Core[2,24,6]_[16638,56330]",0.4
"/data_g1/AI_projects/raw_data/PCITB_CRC/HE_raw_images/Tumor/TMA13/TMA 13 Level 16_Core[1,24,8]_[14990,55189].tif",FALSE,"/data_g1/AI_projects/projects/Immune_Cell_Prediction_WK/DIR/nhs/TMA 13 Level 16_Core[1,24,8]_[14990,55189]",0.4
"/data_g1/AI_projects/raw_data/PCITB_CRC/HE_raw_images/Tumor/TMA13/TMA 13 Level 1_Core[2,24,8]_[14833,56578].tif",FALSE,"/data_g1/AI_projects/projects/Immune_Cell_Prediction_WK/DIR/nhs/TMA 13 Level 1_Core[2,24,8]_[14833,56578]",0.4
"/data_g1/AI_projects/raw_data/PCITB_CRC/HE_raw_images/Tumor/TMA13/TMA 13 Level 16_Core[1,24,9]_[14075,55140].tif",FALSE,"/data_g1/AI_projects/projects/Immune_Cell_Prediction_WK/DIR/nhs/TMA 13 Level 16_Core[1,24,9]_[14075,55140]",0.4
"/data_g1/AI_projects/raw_data/PCITB_CRC/HE_raw_images/Tumor/TMA13/TMA 13 Level 1_Core[2,24,9]_[13943,56602].tif",FALSE,"/data_g1/AI_projects/projects/Immune_Cell_Prediction_WK/DIR/nhs/TMA 13 Level 1_Core[2,24,9]_[13943,56602]",0.4
"/data_g1/AI_projects/raw_data/PCITB_CRC/HE_raw_images/Tumor/TMA13/TMA 13 Level 16_Core[1,25,1]_[21469,55931].tif",FALSE,"/data_g1/AI_projects/projects/Immune_Cell_Prediction_WK/DIR/nhs/TMA 13 Level 16_Core[1,25,1]_[21469,55931]",0.4
"/data_g1/AI_projects/raw_data/PCITB_CRC/HE_raw_images/Tumor/TMA13/TMA 13 Level 1_Core[2,25,1]_[21386,56676].tif",FALSE,"/data_g1/AI_projects/projects/Immune_Cell_Prediction_WK/DIR/nhs/TMA 13 Level 1_Core[2,25,1]_[21386,56676]",0.4
"/data_g1/AI_projects/raw_data/PCITB_CRC/HE_raw_images/Tumor/TMA13/TMA 13 Level 16_Core[1,25,10]_[13185,55956].tif",FALSE,"/data_g1/AI_projects/projects/Immune_Cell_Prediction_WK/DIR/nhs/TMA 13 Level 16_Core[1,25,10]_[13185,55956]",0.4
"/data_g1/AI_projects/raw_data/PCITB_CRC/HE_raw_images/Tumor/TMA13/TMA 13 Level 1_Core[2,25,10]_[13102,57517].tif",FALSE,"/data_g1/AI_projects/projects/Immune_Cell_Prediction_WK/DIR/nhs/TMA 13 Level 1_Core[2,25,10]_[13102,57517]",0.4
"/data_g1/AI_projects/raw_data/PCITB_CRC/HE_raw_images/Tumor/TMA13/TMA 13 Level 1_Core[2,25,11]_[12212,57542].tif",FALSE,"/data_g1/AI_projects/projects/Immune_Cell_Prediction_WK/DIR/nhs/TMA 13 Level 1_Core[2,25,11]_[12212,57542]",0.4
"/data_g1/AI_projects/raw_data/PCITB_CRC/HE_raw_images/Tumor/TMA13/TMA 13 Level 16_Core[1,25,11]_[12246,55931].tif",FALSE,"/data_g1/AI_projects/projects/Immune_Cell_Prediction_WK/DIR/nhs/TMA 13 Level 16_Core[1,25,11]_[12246,55931]",0.4
"/data_g1/AI_projects/raw_data/PCITB_CRC/HE_raw_images/Tumor/TMA13/TMA 13 Level 1_Core[2,25,13]_[10481,57740].tif",FALSE,"/data_g1/AI_projects/projects/Immune_Cell_Prediction_WK/DIR/nhs/TMA 13 Level 1_Core[2,25,13]_[10481,57740]",0.4
"/data_g1/AI_projects/raw_data/PCITB_CRC/HE_raw_images/Tumor/TMA13/TMA 13 Level 16_Core[1,25,13]_[10366,55931].tif",FALSE,"/data_g1/AI_projects/projects/Immune_Cell_Prediction_WK/DIR/nhs/TMA 13 Level 16_Core[1,25,13]_[10366,55931]",0.4
"/data_g1/AI_projects/raw_data/PCITB_CRC/HE_raw_images/Tumor/TMA13/TMA 13 Level 1_Core[2,25,14]_[9467,57764].tif",FALSE,"/data_g1/AI_projects/projects/Immune_Cell_Prediction_WK/DIR/nhs/TMA 13 Level 1_Core[2,25,14]_[9467,57764]",0.4
"/data_g1/AI_projects/raw_data/PCITB_CRC/HE_raw_images/Tumor/TMA13/TMA 13 Level 1_Core[2,25,16]_[7736,57839].tif",FALSE,"/data_g1/AI_projects/projects/Immune_Cell_Prediction_WK/DIR/nhs/TMA 13 Level 1_Core[2,25,16]_[7736,57839]",0.4
"/data_g1/AI_projects/raw_data/PCITB_CRC/HE_raw_images/Tumor/TMA13/TMA 13 Level 16_Core[1,25,16]_[7720,55857].tif",FALSE,"/data_g1/AI_projects/projects/Immune_Cell_Prediction_WK/DIR/nhs/TMA 13 Level 16_Core[1,25,16]_[7720,55857]",0.4
"/data_g1/AI_projects/raw_data/PCITB_CRC/HE_raw_images/Tumor/TMA13/TMA 13 Level 16_Core[1,25,18]_[5866,55659].tif",FALSE,"/data_g1/AI_projects/projects/Immune_Cell_Prediction_WK/DIR/nhs/TMA 13 Level 16_Core[1,25,18]_[5866,55659]",0.4
"/data_g1/AI_projects/raw_data/PCITB_CRC/HE_raw_images/Tumor/TMA13/TMA 13 Level 1_Core[1,25,18]_[5966,57923].tif",FALSE,"/data_g1/AI_projects/projects/Immune_Cell_Prediction_WK/DIR/nhs/TMA 13 Level 1_Core[1,25,18]_[5966,57923]",0.4
"/data_g1/AI_projects/raw_data/PCITB_CRC/HE_raw_images/Tumor/TMA13/TMA 13 Level 16_Core[1,25,3]_[19639,56030].tif",FALSE,"/data_g1/AI_projects/projects/Immune_Cell_Prediction_WK/DIR/nhs/TMA 13 Level 16_Core[1,25,3]_[19639,56030]",0.4
"/data_g1/AI_projects/raw_data/PCITB_CRC/HE_raw_images/Tumor/TMA13/TMA 13 Level 1_Core[2,25,3]_[19556,56874].tif",FALSE,"/data_g1/AI_projects/projects/Immune_Cell_Prediction_WK/DIR/nhs/TMA 13 Level 1_Core[2,25,3]_[19556,56874]",0.4
"/data_g1/AI_projects/raw_data/PCITB_CRC/HE_raw_images/Tumor/TMA13/TMA 13 Level 16_Core[1,25,4]_[18675,55980].tif",FALSE,"/data_g1/AI_projects/projects/Immune_Cell_Prediction_WK/DIR/nhs/TMA 13 Level 16_Core[1,25,4]_[18675,55980]",0.4
"/data_g1/AI_projects/raw_data/PCITB_CRC/HE_raw_images/Tumor/TMA13/TMA 13 Level 1_Core[2,25,4]_[18567,56874].tif",FALSE,"/data_g1/AI_projects/projects/Immune_Cell_Prediction_WK/DIR/nhs/TMA 13 Level 1_Core[2,25,4]_[18567,56874]",0.4
"/data_g1/AI_projects/raw_data/PCITB_CRC/HE_raw_images/Tumor/TMA13/TMA 13 Level 1_Core[2,25,8]_[14932,57344].tif",FALSE,"/data_g1/AI_projects/projects/Immune_Cell_Prediction_WK/DIR/nhs/TMA 13 Level 1_Core[2,25,8]_[14932,57344]",0.4
"/data_g1/AI_projects/raw_data/PCITB_CRC/HE_raw_images/Tumor/TMA13/TMA 13 Level 16_Core[1,25,8]_[14966,56030].tif",FALSE,"/data_g1/AI_projects/projects/Immune_Cell_Prediction_WK/DIR/nhs/TMA 13 Level 16_Core[1,25,8]_[14966,56030]",0.4
"/data_g1/AI_projects/raw_data/PCITB_CRC/HE_raw_images/Tumor/TMA13/TMA 13 Level 1_Core[2,26,12]_[11396,58432].tif",FALSE,"/data_g1/AI_projects/projects/Immune_Cell_Prediction_WK/DIR/nhs/TMA 13 Level 1_Core[2,26,12]_[11396,58432]",0.4
"/data_g1/AI_projects/raw_data/PCITB_CRC/HE_raw_images/Tumor/TMA13/TMA 13 Level 16_Core[1,26,12]_[11256,56796].tif",FALSE,"/data_g1/AI_projects/projects/Immune_Cell_Prediction_WK/DIR/nhs/TMA 13 Level 16_Core[1,26,12]_[11256,56796]",0.4
"/data_g1/AI_projects/raw_data/PCITB_CRC/HE_raw_images/Tumor/TMA13/TMA 13 Level 1_Core[2,26,13]_[10506,58383].tif",FALSE,"/data_g1/AI_projects/projects/Immune_Cell_Prediction_WK/DIR/nhs/TMA 13 Level 1_Core[2,26,13]_[10506,58383]",0.4
"/data_g1/AI_projects/raw_data/PCITB_CRC/HE_raw_images/Tumor/TMA13/TMA 13 Level 16_Core[1,26,14]_[9525,56747].tif",FALSE,"/data_g1/AI_projects/projects/Immune_Cell_Prediction_WK/DIR/nhs/TMA 13 Level 16_Core[1,26,14]_[9525,56747]",0.4
"/data_g1/AI_projects/raw_data/PCITB_CRC/HE_raw_images/Tumor/TMA13/TMA 13 Level 16_Core[1,26,15]_[8610,56747].tif",FALSE,"/data_g1/AI_projects/projects/Immune_Cell_Prediction_WK/DIR/nhs/TMA 13 Level 16_Core[1,26,15]_[8610,56747]",0.4
"/data_g1/AI_projects/raw_data/PCITB_CRC/HE_raw_images/Tumor/TMA13/TMA 13 Level 1_Core[2,26,15]_[8701,58605].tif",FALSE,"/data_g1/AI_projects/projects/Immune_Cell_Prediction_WK/DIR/nhs/TMA 13 Level 1_Core[2,26,15]_[8701,58605]",0.4
"/data_g1/AI_projects/raw_data/PCITB_CRC/HE_raw_images/Tumor/TMA13/TMA 13 Level 1_Core[2,26,16]_[7835,58580].tif",FALSE,"/data_g1/AI_projects/projects/Immune_Cell_Prediction_WK/DIR/nhs/TMA 13 Level 1_Core[2,26,16]_[7835,58580]",0.4
"/data_g1/AI_projects/raw_data/PCITB_CRC/HE_raw_images/Tumor/TMA13/TMA 13 Level 16_Core[1,26,17]_[6805,56574].tif",FALSE,"/data_g1/AI_projects/projects/Immune_Cell_Prediction_WK/DIR/nhs/TMA 13 Level 16_Core[1,26,17]_[6805,56574]",0.4
"/data_g1/AI_projects/raw_data/PCITB_CRC/HE_raw_images/Tumor/TMA13/TMA 13 Level 1_Core[2,26,17]_[6970,58630].tif",FALSE,"/data_g1/AI_projects/projects/Immune_Cell_Prediction_WK/DIR/nhs/TMA 13 Level 1_Core[2,26,17]_[6970,58630]",0.4
"/data_g1/AI_projects/raw_data/PCITB_CRC/HE_raw_images/Tumor/TMA13/TMA 13 Level 1_Core[2,26,4]_[18666,57740].tif",FALSE,"/data_g1/AI_projects/projects/Immune_Cell_Prediction_WK/DIR/nhs/TMA 13 Level 1_Core[2,26,4]_[18666,57740]",0.4
"/data_g1/AI_projects/raw_data/PCITB_CRC/HE_raw_images/Tumor/TMA13/TMA 13 Level 16_Core[1,26,4]_[18625,56870].tif",FALSE,"/data_g1/AI_projects/projects/Immune_Cell_Prediction_WK/DIR/nhs/TMA 13 Level 16_Core[1,26,4]_[18625,56870]",0.4
"/data_g1/AI_projects/raw_data/PCITB_CRC/HE_raw_images/Tumor/TMA13/TMA 13 Level 1_Core[2,26,6]_[16836,57938].tif",FALSE,"/data_g1/AI_projects/projects/Immune_Cell_Prediction_WK/DIR/nhs/TMA 13 Level 1_Core[2,26,6]_[16836,57938]",0.4
"/data_g1/AI_projects/raw_data/PCITB_CRC/HE_raw_images/Tumor/TMA13/TMA 13 Level 16_Core[1,26,7]_[15831,56920].tif",FALSE,"/data_g1/AI_projects/projects/Immune_Cell_Prediction_WK/DIR/nhs/TMA 13 Level 16_Core[1,26,7]_[15831,56920]",0.4
"/data_g1/AI_projects/raw_data/PCITB_CRC/HE_raw_images/Tumor/TMA13/TMA 13 Level 1_Core[2,26,7]_[15921,58036].tif",FALSE,"/data_g1/AI_projects/projects/Immune_Cell_Prediction_WK/DIR/nhs/TMA 13 Level 1_Core[2,26,7]_[15921,58036]",0.4
"/data_g1/AI_projects/raw_data/PCITB_CRC/HE_raw_images/Tumor/TMA13/TMA 13 Level 1_Core[2,26,9]_[14190,58234].tif",FALSE,"/data_g1/AI_projects/projects/Immune_Cell_Prediction_WK/DIR/nhs/TMA 13 Level 1_Core[2,26,9]_[14190,58234]",0.4
"/data_g1/AI_projects/raw_data/PCITB_CRC/HE_raw_images/Tumor/TMA13/TMA 13 Level 1_Core[2,27,12]_[11421,59298].tif",FALSE,"/data_g1/AI_projects/projects/Immune_Cell_Prediction_WK/DIR/nhs/TMA 13 Level 1_Core[2,27,12]_[11421,59298]",0.4
"/data_g1/AI_projects/raw_data/PCITB_CRC/HE_raw_images/Tumor/TMA13/TMA 13 Level 16_Core[1,27,14]_[9426,57637].tif",FALSE,"/data_g1/AI_projects/projects/Immune_Cell_Prediction_WK/DIR/nhs/TMA 13 Level 16_Core[1,27,14]_[9426,57637]",0.4
"/data_g1/AI_projects/raw_data/PCITB_CRC/HE_raw_images/Tumor/TMA13/TMA 13 Level 1_Core[2,27,14]_[9690,59545].tif",FALSE,"/data_g1/AI_projects/projects/Immune_Cell_Prediction_WK/DIR/nhs/TMA 13 Level 1_Core[2,27,14]_[9690,59545]",0.4
"/data_g1/AI_projects/raw_data/PCITB_CRC/HE_raw_images/Tumor/TMA13/TMA 13 Level 1_Core[2,27,15]_[8800,59471].tif",FALSE,"/data_g1/AI_projects/projects/Immune_Cell_Prediction_WK/DIR/nhs/TMA 13 Level 1_Core[2,27,15]_[8800,59471]",0.4
"/data_g1/AI_projects/raw_data/PCITB_CRC/HE_raw_images/Tumor/TMA13/TMA 13 Level 1_Core[2,27,17]_[7069,59446].tif",FALSE,"/data_g1/AI_projects/projects/Immune_Cell_Prediction_WK/DIR/nhs/TMA 13 Level 1_Core[2,27,17]_[7069,59446]",0.4
"/data_g1/AI_projects/raw_data/PCITB_CRC/HE_raw_images/Tumor/TMA13/TMA 13 Level 16_Core[1,27,17]_[6756,57414].tif",FALSE,"/data_g1/AI_projects/projects/Immune_Cell_Prediction_WK/DIR/nhs/TMA 13 Level 16_Core[1,27,17]_[6756,57414]",0.4
"/data_g1/AI_projects/raw_data/PCITB_CRC/HE_raw_images/Tumor/TMA13/TMA 13 Level 16_Core[1,27,4]_[18625,57884].tif",FALSE,"/data_g1/AI_projects/projects/Immune_Cell_Prediction_WK/DIR/nhs/TMA 13 Level 16_Core[1,27,4]_[18625,57884]",0.4
"/data_g1/AI_projects/raw_data/PCITB_CRC/HE_raw_images/Tumor/TMA13/TMA 13 Level 1_Core[2,27,4]_[18839,58580].tif",FALSE,"/data_g1/AI_projects/projects/Immune_Cell_Prediction_WK/DIR/nhs/TMA 13 Level 1_Core[2,27,4]_[18839,58580]",0.4
"/data_g1/AI_projects/raw_data/PCITB_CRC/HE_raw_images/Tumor/TMA13/TMA 13 Level 16_Core[1,27,7]_[15806,57835].tif",FALSE,"/data_g1/AI_projects/projects/Immune_Cell_Prediction_WK/DIR/nhs/TMA 13 Level 16_Core[1,27,7]_[15806,57835]",0.4
"/data_g1/AI_projects/raw_data/PCITB_CRC/HE_raw_images/Tumor/TMA13/TMA 13 Level 1_Core[2,27,7]_[16020,58877].tif",FALSE,"/data_g1/AI_projects/projects/Immune_Cell_Prediction_WK/DIR/nhs/TMA 13 Level 1_Core[2,27,7]_[16020,58877]",0.4
"/data_g1/AI_projects/raw_data/PCITB_CRC/HE_raw_images/Tumor/TMA13/TMA 13 Level 16_Core[1,27,9]_[13927,57810].tif",FALSE,"/data_g1/AI_projects/projects/Immune_Cell_Prediction_WK/DIR/nhs/TMA 13 Level 16_Core[1,27,9]_[13927,57810]",0.4
"/data_g1/AI_projects/raw_data/PCITB_CRC/HE_raw_images/Tumor/TMA13/TMA 13 Level 1_Core[2,27,9]_[14017,59322].tif",FALSE,"/data_g1/AI_projects/projects/Immune_Cell_Prediction_WK/DIR/nhs/TMA 13 Level 1_Core[2,27,9]_[14017,59322]",0.4
"/data_g1/AI_projects/raw_data/PCITB_CRC/HE_raw_images/Tumor/TMA13/TMA 13 Level 1_Core[2,3,11]_[10486,40731].tif",FALSE,"/data_g1/AI_projects/projects/Immune_Cell_Prediction_WK/DIR/nhs/TMA 13 Level 1_Core[2,3,11]_[10486,40731]",0.4
"/data_g1/AI_projects/raw_data/PCITB_CRC/HE_raw_images/Tumor/TMA13/TMA 13 Level 16_Core[1,3,11]_[11512,37801].tif",FALSE,"/data_g1/AI_projects/projects/Immune_Cell_Prediction_WK/DIR/nhs/TMA 13 Level 16_Core[1,3,11]_[11512,37801]",0.4
"/data_g1/AI_projects/raw_data/PCITB_CRC/HE_raw_images/Tumor/TMA13/TMA 13 Level 16_Core[1,3,14]_[8940,38048].tif",FALSE,"/data_g1/AI_projects/projects/Immune_Cell_Prediction_WK/DIR/nhs/TMA 13 Level 16_Core[1,3,14]_[8940,38048]",0.4
"/data_g1/AI_projects/raw_data/PCITB_CRC/HE_raw_images/Tumor/TMA13/TMA 13 Level 1_Core[2,3,14]_[7864,40979].tif",FALSE,"/data_g1/AI_projects/projects/Immune_Cell_Prediction_WK/DIR/nhs/TMA 13 Level 1_Core[2,3,14]_[7864,40979]",0.4
"/data_g1/AI_projects/raw_data/PCITB_CRC/HE_raw_images/Tumor/TMA13/TMA 13 Level 16_Core[1,3,16]_[7061,38320].tif",FALSE,"/data_g1/AI_projects/projects/Immune_Cell_Prediction_WK/DIR/nhs/TMA 13 Level 16_Core[1,3,16]_[7061,38320]",0.4
"/data_g1/AI_projects/raw_data/PCITB_CRC/HE_raw_images/Tumor/TMA13/TMA 13 Level 1_Core[2,3,17]_[5095,41201].tif",FALSE,"/data_g1/AI_projects/projects/Immune_Cell_Prediction_WK/DIR/nhs/TMA 13 Level 1_Core[2,3,17]_[5095,41201]",0.4
"/data_g1/AI_projects/raw_data/PCITB_CRC/HE_raw_images/Tumor/TMA13/TMA 13 Level 1_Core[2,3,19]_[3265,41325].tif",FALSE,"/data_g1/AI_projects/projects/Immune_Cell_Prediction_WK/DIR/nhs/TMA 13 Level 1_Core[2,3,19]_[3265,41325]",0.4
"/data_g1/AI_projects/raw_data/PCITB_CRC/HE_raw_images/Tumor/TMA13/TMA 13 Level 16_Core[1,3,3]_[18930,37430].tif",FALSE,"/data_g1/AI_projects/projects/Immune_Cell_Prediction_WK/DIR/nhs/TMA 13 Level 16_Core[1,3,3]_[18930,37430]",0.4
"/data_g1/AI_projects/raw_data/PCITB_CRC/HE_raw_images/Tumor/TMA13/TMA 13 Level 1_Core[2,3,3]_[17904,40311].tif",FALSE,"/data_g1/AI_projects/projects/Immune_Cell_Prediction_WK/DIR/nhs/TMA 13 Level 1_Core[2,3,3]_[17904,40311]",0.4
"/data_g1/AI_projects/raw_data/PCITB_CRC/HE_raw_images/Tumor/TMA13/TMA 13 Level 16_Core[1,3,4]_[18040,37529].tif",FALSE,"/data_g1/AI_projects/projects/Immune_Cell_Prediction_WK/DIR/nhs/TMA 13 Level 16_Core[1,3,4]_[18040,37529]",0.4
"/data_g1/AI_projects/raw_data/PCITB_CRC/HE_raw_images/Tumor/TMA13/TMA 13 Level 1_Core[2,3,4]_[16989,40385].tif",FALSE,"/data_g1/AI_projects/projects/Immune_Cell_Prediction_WK/DIR/nhs/TMA 13 Level 1_Core[2,3,4]_[16989,40385]",0.4
"/data_g1/AI_projects/raw_data/PCITB_CRC/HE_raw_images/Tumor/TMA13/TMA 13 Level 1_Core[2,3,5]_[16074,40385].tif",FALSE,"/data_g1/AI_projects/projects/Immune_Cell_Prediction_WK/DIR/nhs/TMA 13 Level 1_Core[2,3,5]_[16074,40385]",0.4
"/data_g1/AI_projects/raw_data/PCITB_CRC/HE_raw_images/Tumor/TMA13/TMA 13 Level 16_Core[1,3,7]_[15345,37628].tif",FALSE,"/data_g1/AI_projects/projects/Immune_Cell_Prediction_WK/DIR/nhs/TMA 13 Level 16_Core[1,3,7]_[15345,37628]",0.4
"/data_g1/AI_projects/raw_data/PCITB_CRC/HE_raw_images/Tumor/TMA13/TMA 13 Level 1_Core[2,3,7]_[14244,40583].tif",FALSE,"/data_g1/AI_projects/projects/Immune_Cell_Prediction_WK/DIR/nhs/TMA 13 Level 1_Core[2,3,7]_[14244,40583]",0.4
"/data_g1/AI_projects/raw_data/PCITB_CRC/HE_raw_images/Tumor/TMA13/TMA 13 Level 16_Core[1,4,10]_[12748,38741].tif",FALSE,"/data_g1/AI_projects/projects/Immune_Cell_Prediction_WK/DIR/nhs/TMA 13 Level 16_Core[1,4,10]_[12748,38741]",0.4
"/data_g1/AI_projects/raw_data/PCITB_CRC/HE_raw_images/Tumor/TMA13/TMA 13 Level 16_Core[1,4,11]_[11635,38716].tif",FALSE,"/data_g1/AI_projects/projects/Immune_Cell_Prediction_WK/DIR/nhs/TMA 13 Level 16_Core[1,4,11]_[11635,38716]",0.4
"/data_g1/AI_projects/raw_data/PCITB_CRC/HE_raw_images/Tumor/TMA13/TMA 13 Level 1_Core[2,4,11]_[10584,41597].tif",FALSE,"/data_g1/AI_projects/projects/Immune_Cell_Prediction_WK/DIR/nhs/TMA 13 Level 1_Core[2,4,11]_[10584,41597]",0.4
"/data_g1/AI_projects/raw_data/PCITB_CRC/HE_raw_images/Tumor/TMA13/TMA 13 Level 16_Core[1,4,14]_[8965,38963].tif",FALSE,"/data_g1/AI_projects/projects/Immune_Cell_Prediction_WK/DIR/nhs/TMA 13 Level 16_Core[1,4,14]_[8965,38963]",0.4
"/data_g1/AI_projects/raw_data/PCITB_CRC/HE_raw_images/Tumor/TMA13/TMA 13 Level 1_Core[2,4,14]_[7889,41844].tif",FALSE,"/data_g1/AI_projects/projects/Immune_Cell_Prediction_WK/DIR/nhs/TMA 13 Level 1_Core[2,4,14]_[7889,41844]",0.4
"/data_g1/AI_projects/raw_data/PCITB_CRC/HE_raw_images/Tumor/TMA13/TMA 13 Level 1_Core[2,4,15]_[7073,41986].tif",FALSE,"/data_g1/AI_projects/projects/Immune_Cell_Prediction_WK/DIR/nhs/TMA 13 Level 1_Core[2,4,15]_[7073,41986]",0.4
"/data_g1/AI_projects/raw_data/PCITB_CRC/HE_raw_images/Tumor/TMA13/TMA 13 Level 16_Core[1,4,15]_[8124,39087].tif",FALSE,"/data_g1/AI_projects/projects/Immune_Cell_Prediction_WK/DIR/nhs/TMA 13 Level 16_Core[1,4,15]_[8124,39087]",0.4
"/data_g1/AI_projects/raw_data/PCITB_CRC/HE_raw_images/Tumor/TMA13/TMA 13 Level 1_Core[2,4,17]_[5095,42091].tif",FALSE,"/data_g1/AI_projects/projects/Immune_Cell_Prediction_WK/DIR/nhs/TMA 13 Level 1_Core[2,4,17]_[5095,42091]",0.4
"/data_g1/AI_projects/raw_data/PCITB_CRC/HE_raw_images/Tumor/TMA13/TMA 13 Level 16_Core[1,4,17]_[6220,39260].tif",FALSE,"/data_g1/AI_projects/projects/Immune_Cell_Prediction_WK/DIR/nhs/TMA 13 Level 16_Core[1,4,17]_[6220,39260]",0.4
"/data_g1/AI_projects/raw_data/PCITB_CRC/HE_raw_images/Tumor/TMA13/TMA 13 Level 16_Core[1,4,19]_[4514,39310].tif",FALSE,"/data_g1/AI_projects/projects/Immune_Cell_Prediction_WK/DIR/nhs/TMA 13 Level 16_Core[1,4,19]_[4514,39310]",0.4
"/data_g1/AI_projects/raw_data/PCITB_CRC/HE_raw_images/Tumor/TMA13/TMA 13 Level 1_Core[2,4,19]_[3438,42190].tif",FALSE,"/data_g1/AI_projects/projects/Immune_Cell_Prediction_WK/DIR/nhs/TMA 13 Level 1_Core[2,4,19]_[3438,42190]",0.4
"/data_g1/AI_projects/raw_data/PCITB_CRC/HE_raw_images/Tumor/TMA13/TMA 13 Level 1_Core[2,4,3]_[17978,41152].tif",FALSE,"/data_g1/AI_projects/projects/Immune_Cell_Prediction_WK/DIR/nhs/TMA 13 Level 1_Core[2,4,3]_[17978,41152]",0.4
"/data_g1/AI_projects/raw_data/PCITB_CRC/HE_raw_images/Tumor/TMA13/TMA 13 Level 16_Core[1,4,3]_[19029,38370].tif",FALSE,"/data_g1/AI_projects/projects/Immune_Cell_Prediction_WK/DIR/nhs/TMA 13 Level 16_Core[1,4,3]_[19029,38370]",0.4
"/data_g1/AI_projects/raw_data/PCITB_CRC/HE_raw_images/Tumor/TMA13/TMA 13 Level 16_Core[1,4,4]_[18164,38419].tif",FALSE,"/data_g1/AI_projects/projects/Immune_Cell_Prediction_WK/DIR/nhs/TMA 13 Level 16_Core[1,4,4]_[18164,38419]",0.4
"/data_g1/AI_projects/raw_data/PCITB_CRC/HE_raw_images/Tumor/TMA13/TMA 13 Level 1_Core[2,4,4]_[17063,41226].tif",FALSE,"/data_g1/AI_projects/projects/Immune_Cell_Prediction_WK/DIR/nhs/TMA 13 Level 1_Core[2,4,4]_[17063,41226]",0.4
"/data_g1/AI_projects/raw_data/PCITB_CRC/HE_raw_images/Tumor/TMA13/TMA 13 Level 1_Core[2,4,5]_[16173,41226].tif",FALSE,"/data_g1/AI_projects/projects/Immune_Cell_Prediction_WK/DIR/nhs/TMA 13 Level 1_Core[2,4,5]_[16173,41226]",0.4
"/data_g1/AI_projects/raw_data/PCITB_CRC/HE_raw_images/Tumor/TMA13/TMA 13 Level 16_Core[1,4,5]_[17249,38419].tif",FALSE,"/data_g1/AI_projects/projects/Immune_Cell_Prediction_WK/DIR/nhs/TMA 13 Level 16_Core[1,4,5]_[17249,38419]",0.4
"/data_g1/AI_projects/raw_data/PCITB_CRC/HE_raw_images/Tumor/TMA13/TMA 13 Level 1_Core[2,4,7]_[14343,41424].tif",FALSE,"/data_g1/AI_projects/projects/Immune_Cell_Prediction_WK/DIR/nhs/TMA 13 Level 1_Core[2,4,7]_[14343,41424]",0.4
"/data_g1/AI_projects/raw_data/PCITB_CRC/HE_raw_images/Tumor/TMA13/TMA 13 Level 16_Core[1,4,7]_[15468,38543].tif",FALSE,"/data_g1/AI_projects/projects/Immune_Cell_Prediction_WK/DIR/nhs/TMA 13 Level 16_Core[1,4,7]_[15468,38543]",0.4
"/data_g1/AI_projects/raw_data/PCITB_CRC/HE_raw_images/Tumor/TMA13/TMA 13 Level 1_Core[2,5,1]_[19992,41881].tif",FALSE,"/data_g1/AI_projects/projects/Immune_Cell_Prediction_WK/DIR/nhs/TMA 13 Level 1_Core[2,5,1]_[19992,41881]",0.4
"/data_g1/AI_projects/raw_data/PCITB_CRC/HE_raw_images/Tumor/TMA13/TMA 13 Level 16_Core[1,5,1]_[21131,39186].tif",FALSE,"/data_g1/AI_projects/projects/Immune_Cell_Prediction_WK/DIR/nhs/TMA 13 Level 16_Core[1,5,1]_[21131,39186]",0.4
"/data_g1/AI_projects/raw_data/PCITB_CRC/HE_raw_images/Tumor/TMA13/TMA 13 Level 1_Core[2,5,10]_[11623,42462].tif",FALSE,"/data_g1/AI_projects/projects/Immune_Cell_Prediction_WK/DIR/nhs/TMA 13 Level 1_Core[2,5,10]_[11623,42462]",0.4
"/data_g1/AI_projects/raw_data/PCITB_CRC/HE_raw_images/Tumor/TMA13/TMA 13 Level 16_Core[1,5,10]_[12748,39606].tif",FALSE,"/data_g1/AI_projects/projects/Immune_Cell_Prediction_WK/DIR/nhs/TMA 13 Level 16_Core[1,5,10]_[12748,39606]",0.4
"/data_g1/AI_projects/raw_data/PCITB_CRC/HE_raw_images/Tumor/TMA13/TMA 13 Level 1_Core[2,5,12]_[9744,42586].tif",FALSE,"/data_g1/AI_projects/projects/Immune_Cell_Prediction_WK/DIR/nhs/TMA 13 Level 1_Core[2,5,12]_[9744,42586]",0.4
"/data_g1/AI_projects/raw_data/PCITB_CRC/HE_raw_images/Tumor/TMA13/TMA 13 Level 16_Core[1,5,12]_[10795,39705].tif",FALSE,"/data_g1/AI_projects/projects/Immune_Cell_Prediction_WK/DIR/nhs/TMA 13 Level 16_Core[1,5,12]_[10795,39705]",0.4
"/data_g1/AI_projects/raw_data/PCITB_CRC/HE_raw_images/Tumor/TMA13/TMA 13 Level 1_Core[2,5,13]_[8779,42611].tif",FALSE,"/data_g1/AI_projects/projects/Immune_Cell_Prediction_WK/DIR/nhs/TMA 13 Level 1_Core[2,5,13]_[8779,42611]",0.4
"/data_g1/AI_projects/raw_data/PCITB_CRC/HE_raw_images/Tumor/TMA13/TMA 13 Level 16_Core[1,5,13]_[9830,39730].tif",FALSE,"/data_g1/AI_projects/projects/Immune_Cell_Prediction_WK/DIR/nhs/TMA 13 Level 16_Core[1,5,13]_[9830,39730]",0.4
"/data_g1/AI_projects/raw_data/PCITB_CRC/HE_raw_images/Tumor/TMA13/TMA 13 Level 1_Core[2,5,15]_[6999,42858].tif",FALSE,"/data_g1/AI_projects/projects/Immune_Cell_Prediction_WK/DIR/nhs/TMA 13 Level 1_Core[2,5,15]_[6999,42858]",0.4
"/data_g1/AI_projects/raw_data/PCITB_CRC/HE_raw_images/Tumor/TMA13/TMA 13 Level 16_Core[1,5,15]_[8075,39952].tif",FALSE,"/data_g1/AI_projects/projects/Immune_Cell_Prediction_WK/DIR/nhs/TMA 13 Level 16_Core[1,5,15]_[8075,39952]",0.4
"/data_g1/AI_projects/raw_data/PCITB_CRC/HE_raw_images/Tumor/TMA13/TMA 13 Level 1_Core[2,5,16]_[6059,43031].tif",FALSE,"/data_g1/AI_projects/projects/Immune_Cell_Prediction_WK/DIR/nhs/TMA 13 Level 1_Core[2,5,16]_[6059,43031]",0.4
"/data_g1/AI_projects/raw_data/PCITB_CRC/HE_raw_images/Tumor/TMA13/TMA 13 Level 16_Core[1,5,16]_[7209,40200].tif",FALSE,"/data_g1/AI_projects/projects/Immune_Cell_Prediction_WK/DIR/nhs/TMA 13 Level 16_Core[1,5,16]_[7209,40200]",0.4
"/data_g1/AI_projects/raw_data/PCITB_CRC/HE_raw_images/Tumor/TMA13/TMA 13 Level 16_Core[1,5,18]_[5453,40200].tif",FALSE,"/data_g1/AI_projects/projects/Immune_Cell_Prediction_WK/DIR/nhs/TMA 13 Level 16_Core[1,5,18]_[5453,40200]",0.4
"/data_g1/AI_projects/raw_data/PCITB_CRC/HE_raw_images/Tumor/TMA13/TMA 13 Level 1_Core[2,5,18]_[4353,43006].tif",FALSE,"/data_g1/AI_projects/projects/Immune_Cell_Prediction_WK/DIR/nhs/TMA 13 Level 1_Core[2,5,18]_[4353,43006]",0.4
"/data_g1/AI_projects/raw_data/PCITB_CRC/HE_raw_images/Tumor/TMA13/TMA 13 Level 16_Core[1,5,19]_[4613,40274].tif",FALSE,"/data_g1/AI_projects/projects/Immune_Cell_Prediction_WK/DIR/nhs/TMA 13 Level 16_Core[1,5,19]_[4613,40274]",0.4
"/data_g1/AI_projects/raw_data/PCITB_CRC/HE_raw_images/Tumor/TMA13/TMA 13 Level 1_Core[2,5,19]_[3488,43105].tif",FALSE,"/data_g1/AI_projects/projects/Immune_Cell_Prediction_WK/DIR/nhs/TMA 13 Level 1_Core[2,5,19]_[3488,43105]",0.4
"/data_g1/AI_projects/raw_data/PCITB_CRC/HE_raw_images/Tumor/TMA13/TMA 13 Level 1_Core[2,5,2]_[19017,41869].tif",FALSE,"/data_g1/AI_projects/projects/Immune_Cell_Prediction_WK/DIR/nhs/TMA 13 Level 1_Core[2,5,2]_[19017,41869]",0.4
"/data_g1/AI_projects/raw_data/PCITB_CRC/HE_raw_images/Tumor/TMA13/TMA 13 Level 16_Core[1,5,2]_[20092,39112].tif",FALSE,"/data_g1/AI_projects/projects/Immune_Cell_Prediction_WK/DIR/nhs/TMA 13 Level 16_Core[1,5,2]_[20092,39112]",0.4
"/data_g1/AI_projects/raw_data/PCITB_CRC/HE_raw_images/Tumor/TMA13/TMA 13 Level 16_Core[1,5,4]_[18312,39211].tif",FALSE,"/data_g1/AI_projects/projects/Immune_Cell_Prediction_WK/DIR/nhs/TMA 13 Level 16_Core[1,5,4]_[18312,39211]",0.4
"/data_g1/AI_projects/raw_data/PCITB_CRC/HE_raw_images/Tumor/TMA13/TMA 13 Level 1_Core[2,5,4]_[17162,41968].tif",FALSE,"/data_g1/AI_projects/projects/Immune_Cell_Prediction_WK/DIR/nhs/TMA 13 Level 1_Core[2,5,4]_[17162,41968]",0.4
"/data_g1/AI_projects/raw_data/PCITB_CRC/HE_raw_images/Tumor/TMA13/TMA 13 Level 1_Core[2,5,6]_[15283,42116].tif",FALSE,"/data_g1/AI_projects/projects/Immune_Cell_Prediction_WK/DIR/nhs/TMA 13 Level 1_Core[2,5,6]_[15283,42116]",0.4
"/data_g1/AI_projects/raw_data/PCITB_CRC/HE_raw_images/Tumor/TMA13/TMA 13 Level 16_Core[1,5,6]_[16433,39334].tif",FALSE,"/data_g1/AI_projects/projects/Immune_Cell_Prediction_WK/DIR/nhs/TMA 13 Level 16_Core[1,5,6]_[16433,39334]",0.4
"/data_g1/AI_projects/raw_data/PCITB_CRC/HE_raw_images/Tumor/TMA13/TMA 13 Level 1_Core[2,5,8]_[13478,42314].tif",FALSE,"/data_g1/AI_projects/projects/Immune_Cell_Prediction_WK/DIR/nhs/TMA 13 Level 1_Core[2,5,8]_[13478,42314]",0.4
"/data_g1/AI_projects/raw_data/PCITB_CRC/HE_raw_images/Tumor/TMA13/TMA 13 Level 16_Core[1,5,8]_[14652,39507].tif",FALSE,"/data_g1/AI_projects/projects/Immune_Cell_Prediction_WK/DIR/nhs/TMA 13 Level 16_Core[1,5,8]_[14652,39507]",0.4
"/data_g1/AI_projects/raw_data/PCITB_CRC/HE_raw_images/Tumor/TMA13/TMA 13 Level 1_Core[2,5,9]_[12587,42462].tif",FALSE,"/data_g1/AI_projects/projects/Immune_Cell_Prediction_WK/DIR/nhs/TMA 13 Level 1_Core[2,5,9]_[12587,42462]",0.4
"/data_g1/AI_projects/raw_data/PCITB_CRC/HE_raw_images/Tumor/TMA13/TMA 13 Level 16_Core[1,5,9]_[13737,39606].tif",FALSE,"/data_g1/AI_projects/projects/Immune_Cell_Prediction_WK/DIR/nhs/TMA 13 Level 16_Core[1,5,9]_[13737,39606]",0.4
"/data_g1/AI_projects/raw_data/PCITB_CRC/HE_raw_images/Tumor/TMA13/TMA 13 Level 1_Core[2,6,1]_[20030,42660].tif",FALSE,"/data_g1/AI_projects/projects/Immune_Cell_Prediction_WK/DIR/nhs/TMA 13 Level 1_Core[2,6,1]_[20030,42660]",0.4
"/data_g1/AI_projects/raw_data/PCITB_CRC/HE_raw_images/Tumor/TMA13/TMA 13 Level 16_Core[1,6,1]_[21131,40027].tif",FALSE,"/data_g1/AI_projects/projects/Immune_Cell_Prediction_WK/DIR/nhs/TMA 13 Level 16_Core[1,6,1]_[21131,40027]",0.4
"/data_g1/AI_projects/raw_data/PCITB_CRC/HE_raw_images/Tumor/TMA13/TMA 13 Level 16_Core[1,6,10]_[12872,40496].tif",FALSE,"/data_g1/AI_projects/projects/Immune_Cell_Prediction_WK/DIR/nhs/TMA 13 Level 16_Core[1,6,10]_[12872,40496]",0.4
"/data_g1/AI_projects/raw_data/PCITB_CRC/HE_raw_images/Tumor/TMA13/TMA 13 Level 1_Core[2,6,10]_[11722,43278].tif",FALSE,"/data_g1/AI_projects/projects/Immune_Cell_Prediction_WK/DIR/nhs/TMA 13 Level 1_Core[2,6,10]_[11722,43278]",0.4
"/data_g1/AI_projects/raw_data/PCITB_CRC/HE_raw_images/Tumor/TMA13/TMA 13 Level 16_Core[1,6,12]_[11091,40645].tif",FALSE,"/data_g1/AI_projects/projects/Immune_Cell_Prediction_WK/DIR/nhs/TMA 13 Level 16_Core[1,6,12]_[11091,40645]",0.4
"/data_g1/AI_projects/raw_data/PCITB_CRC/HE_raw_images/Tumor/TMA13/TMA 13 Level 1_Core[2,6,13]_[8853,43427].tif",FALSE,"/data_g1/AI_projects/projects/Immune_Cell_Prediction_WK/DIR/nhs/TMA 13 Level 1_Core[2,6,13]_[8853,43427]",0.4
"/data_g1/AI_projects/raw_data/PCITB_CRC/HE_raw_images/Tumor/TMA13/TMA 13 Level 16_Core[1,6,13]_[9904,40595].tif",FALSE,"/data_g1/AI_projects/projects/Immune_Cell_Prediction_WK/DIR/nhs/TMA 13 Level 16_Core[1,6,13]_[9904,40595]",0.4
"/data_g1/AI_projects/raw_data/PCITB_CRC/HE_raw_images/Tumor/TMA13/TMA 13 Level 1_Core[2,6,15]_[7024,43699].tif",FALSE,"/data_g1/AI_projects/projects/Immune_Cell_Prediction_WK/DIR/nhs/TMA 13 Level 1_Core[2,6,15]_[7024,43699]",0.4
"/data_g1/AI_projects/raw_data/PCITB_CRC/HE_raw_images/Tumor/TMA13/TMA 13 Level 16_Core[1,6,15]_[8099,40818].tif",FALSE,"/data_g1/AI_projects/projects/Immune_Cell_Prediction_WK/DIR/nhs/TMA 13 Level 16_Core[1,6,15]_[8099,40818]",0.4
"/data_g1/AI_projects/raw_data/PCITB_CRC/HE_raw_images/Tumor/TMA13/TMA 13 Level 1_Core[2,6,16]_[6109,43773].tif",FALSE,"/data_g1/AI_projects/projects/Immune_Cell_Prediction_WK/DIR/nhs/TMA 13 Level 1_Core[2,6,16]_[6109,43773]",0.4
"/data_g1/AI_projects/raw_data/PCITB_CRC/HE_raw_images/Tumor/TMA13/TMA 13 Level 1_Core[2,6,18]_[4402,43822].tif",FALSE,"/data_g1/AI_projects/projects/Immune_Cell_Prediction_WK/DIR/nhs/TMA 13 Level 1_Core[2,6,18]_[4402,43822]",0.4
"/data_g1/AI_projects/raw_data/PCITB_CRC/HE_raw_images/Tumor/TMA13/TMA 13 Level 16_Core[1,6,18]_[5577,40991].tif",FALSE,"/data_g1/AI_projects/projects/Immune_Cell_Prediction_WK/DIR/nhs/TMA 13 Level 16_Core[1,6,18]_[5577,40991]",0.4
"/data_g1/AI_projects/raw_data/PCITB_CRC/HE_raw_images/Tumor/TMA13/TMA 13 Level 1_Core[2,6,19]_[3512,43921].tif",FALSE,"/data_g1/AI_projects/projects/Immune_Cell_Prediction_WK/DIR/nhs/TMA 13 Level 1_Core[2,6,19]_[3512,43921]",0.4
"/data_g1/AI_projects/raw_data/PCITB_CRC/HE_raw_images/Tumor/TMA13/TMA 13 Level 16_Core[1,6,19]_[4637,41065].tif",FALSE,"/data_g1/AI_projects/projects/Immune_Cell_Prediction_WK/DIR/nhs/TMA 13 Level 16_Core[1,6,19]_[4637,41065]",0.4
"/data_g1/AI_projects/raw_data/PCITB_CRC/HE_raw_images/Tumor/TMA13/TMA 13 Level 16_Core[1,6,2]_[20191,40051].tif",FALSE,"/data_g1/AI_projects/projects/Immune_Cell_Prediction_WK/DIR/nhs/TMA 13 Level 16_Core[1,6,2]_[20191,40051]",0.4
"/data_g1/AI_projects/raw_data/PCITB_CRC/HE_raw_images/Tumor/TMA13/TMA 13 Level 1_Core[2,6,2]_[19066,42660].tif",FALSE,"/data_g1/AI_projects/projects/Immune_Cell_Prediction_WK/DIR/nhs/TMA 13 Level 1_Core[2,6,2]_[19066,42660]",0.4
"/data_g1/AI_projects/raw_data/PCITB_CRC/HE_raw_images/Tumor/TMA13/TMA 13 Level 16_Core[1,6,4]_[18337,40051].tif",FALSE,"/data_g1/AI_projects/projects/Immune_Cell_Prediction_WK/DIR/nhs/TMA 13 Level 16_Core[1,6,4]_[18337,40051]",0.4
"/data_g1/AI_projects/raw_data/PCITB_CRC/HE_raw_images/Tumor/TMA13/TMA 13 Level 1_Core[2,6,4]_[17236,42734].tif",FALSE,"/data_g1/AI_projects/projects/Immune_Cell_Prediction_WK/DIR/nhs/TMA 13 Level 1_Core[2,6,4]_[17236,42734]",0.4
"/data_g1/AI_projects/raw_data/PCITB_CRC/HE_raw_images/Tumor/TMA13/TMA 13 Level 16_Core[1,6,6]_[16482,40150].tif",FALSE,"/data_g1/AI_projects/projects/Immune_Cell_Prediction_WK/DIR/nhs/TMA 13 Level 16_Core[1,6,6]_[16482,40150]",0.4
"/data_g1/AI_projects/raw_data/PCITB_CRC/HE_raw_images/Tumor/TMA13/TMA 13 Level 1_Core[2,6,6]_[15332,42883].tif",FALSE,"/data_g1/AI_projects/projects/Immune_Cell_Prediction_WK/DIR/nhs/TMA 13 Level 1_Core[2,6,6]_[15332,42883]",0.4
"/data_g1/AI_projects/raw_data/PCITB_CRC/HE_raw_images/Tumor/TMA13/TMA 13 Level 16_Core[1,6,8]_[14702,40398].tif",FALSE,"/data_g1/AI_projects/projects/Immune_Cell_Prediction_WK/DIR/nhs/TMA 13 Level 16_Core[1,6,8]_[14702,40398]",0.4
"/data_g1/AI_projects/raw_data/PCITB_CRC/HE_raw_images/Tumor/TMA13/TMA 13 Level 1_Core[2,6,8]_[13502,43155].tif",FALSE,"/data_g1/AI_projects/projects/Immune_Cell_Prediction_WK/DIR/nhs/TMA 13 Level 1_Core[2,6,8]_[13502,43155]",0.4
"/data_g1/AI_projects/raw_data/PCITB_CRC/HE_raw_images/Tumor/TMA13/TMA 13 Level 16_Core[1,6,9]_[13812,40496].tif",FALSE,"/data_g1/AI_projects/projects/Immune_Cell_Prediction_WK/DIR/nhs/TMA 13 Level 16_Core[1,6,9]_[13812,40496]",0.4
"/data_g1/AI_projects/raw_data/PCITB_CRC/HE_raw_images/Tumor/TMA13/TMA 13 Level 1_Core[2,6,9]_[12612,43254].tif",FALSE,"/data_g1/AI_projects/projects/Immune_Cell_Prediction_WK/DIR/nhs/TMA 13 Level 1_Core[2,6,9]_[12612,43254]",0.4
"/data_g1/AI_projects/raw_data/PCITB_CRC/HE_raw_images/Tumor/TMA13/TMA 13 Level 16_Core[1,8,1]_[21279,41498].tif",FALSE,"/data_g1/AI_projects/projects/Immune_Cell_Prediction_WK/DIR/nhs/TMA 13 Level 16_Core[1,8,1]_[21279,41498]",0.4
"/data_g1/AI_projects/raw_data/PCITB_CRC/HE_raw_images/Tumor/TMA13/TMA 13 Level 1_Core[2,8,11]_[10842,44550].tif",FALSE,"/data_g1/AI_projects/projects/Immune_Cell_Prediction_WK/DIR/nhs/TMA 13 Level 1_Core[2,8,11]_[10842,44550]",0.4
"/data_g1/AI_projects/raw_data/PCITB_CRC/HE_raw_images/Tumor/TMA13/TMA 13 Level 16_Core[1,8,11]_[11932,41795].tif",FALSE,"/data_g1/AI_projects/projects/Immune_Cell_Prediction_WK/DIR/nhs/TMA 13 Level 16_Core[1,8,11]_[11932,41795]",0.4
"/data_g1/AI_projects/raw_data/PCITB_CRC/HE_raw_images/Tumor/TMA13/TMA 13 Level 16_Core[1,8,13]_[10028,41943].tif",FALSE,"/data_g1/AI_projects/projects/Immune_Cell_Prediction_WK/DIR/nhs/TMA 13 Level 16_Core[1,8,13]_[10028,41943]",0.4
"/data_g1/AI_projects/raw_data/PCITB_CRC/HE_raw_images/Tumor/TMA13/TMA 13 Level 1_Core[2,8,13]_[9012,44674].tif",FALSE,"/data_g1/AI_projects/projects/Immune_Cell_Prediction_WK/DIR/nhs/TMA 13 Level 1_Core[2,8,13]_[9012,44674]",0.4
"/data_g1/AI_projects/raw_data/PCITB_CRC/HE_raw_images/Tumor/TMA13/TMA 13 Level 16_Core[1,8,15]_[8315,42134].tif",FALSE,"/data_g1/AI_projects/projects/Immune_Cell_Prediction_WK/DIR/nhs/TMA 13 Level 16_Core[1,8,15]_[8315,42134]",0.4
"/data_g1/AI_projects/raw_data/PCITB_CRC/HE_raw_images/Tumor/TMA13/TMA 13 Level 1_Core[2,8,15]_[7207,44822].tif",FALSE,"/data_g1/AI_projects/projects/Immune_Cell_Prediction_WK/DIR/nhs/TMA 13 Level 1_Core[2,8,15]_[7207,44822]",0.4
"/data_g1/AI_projects/raw_data/PCITB_CRC/HE_raw_images/Tumor/TMA13/TMA 13 Level 16_Core[1,8,17]_[6517,42265].tif",FALSE,"/data_g1/AI_projects/projects/Immune_Cell_Prediction_WK/DIR/nhs/TMA 13 Level 16_Core[1,8,17]_[6517,42265]",0.4
"/data_g1/AI_projects/raw_data/PCITB_CRC/HE_raw_images/Tumor/TMA13/TMA 13 Level 1_Core[2,8,17]_[5377,45044].tif",FALSE,"/data_g1/AI_projects/projects/Immune_Cell_Prediction_WK/DIR/nhs/TMA 13 Level 1_Core[2,8,17]_[5377,45044]",0.4
"/data_g1/AI_projects/raw_data/PCITB_CRC/HE_raw_images/Tumor/TMA13/TMA 13 Level 1_Core[2,8,18]_[4537,45193].tif",FALSE,"/data_g1/AI_projects/projects/Immune_Cell_Prediction_WK/DIR/nhs/TMA 13 Level 1_Core[2,8,18]_[4537,45193]",0.4
"/data_g1/AI_projects/raw_data/PCITB_CRC/HE_raw_images/Tumor/TMA13/TMA 13 Level 16_Core[1,8,18]_[5651,42388].tif",FALSE,"/data_g1/AI_projects/projects/Immune_Cell_Prediction_WK/DIR/nhs/TMA 13 Level 16_Core[1,8,18]_[5651,42388]",0.4
"/data_g1/AI_projects/raw_data/PCITB_CRC/HE_raw_images/Tumor/TMA13/TMA 13 Level 1_Core[2,8,19]_[3622,45267].tif",FALSE,"/data_g1/AI_projects/projects/Immune_Cell_Prediction_WK/DIR/nhs/TMA 13 Level 1_Core[2,8,19]_[3622,45267]",0.4
"/data_g1/AI_projects/raw_data/PCITB_CRC/HE_raw_images/Tumor/TMA13/TMA 13 Level 16_Core[1,8,19]_[4761,42487].tif",FALSE,"/data_g1/AI_projects/projects/Immune_Cell_Prediction_WK/DIR/nhs/TMA 13 Level 16_Core[1,8,19]_[4761,42487]",0.4
"/data_g1/AI_projects/raw_data/PCITB_CRC/HE_raw_images/Tumor/TMA13/TMA 13 Level 1_Core[2,8,2]_[19175,43891].tif",FALSE,"/data_g1/AI_projects/projects/Immune_Cell_Prediction_WK/DIR/nhs/TMA 13 Level 1_Core[2,8,2]_[19175,43891]",0.4
"/data_g1/AI_projects/raw_data/PCITB_CRC/HE_raw_images/Tumor/TMA13/TMA 13 Level 16_Core[1,8,2]_[20266,41374].tif",FALSE,"/data_g1/AI_projects/projects/Immune_Cell_Prediction_WK/DIR/nhs/TMA 13 Level 16_Core[1,8,2]_[20266,41374]",0.4
"/data_g1/AI_projects/raw_data/PCITB_CRC/HE_raw_images/Tumor/TMA13/TMA 13 Level 1_Core[2,8,4]_[17360,44005].tif",FALSE,"/data_g1/AI_projects/projects/Immune_Cell_Prediction_WK/DIR/nhs/TMA 13 Level 1_Core[2,8,4]_[17360,44005]",0.4
"/data_g1/AI_projects/raw_data/PCITB_CRC/HE_raw_images/Tumor/TMA13/TMA 13 Level 16_Core[1,8,4]_[18362,41399].tif",FALSE,"/data_g1/AI_projects/projects/Immune_Cell_Prediction_WK/DIR/nhs/TMA 13 Level 16_Core[1,8,4]_[18362,41399]",0.4
"/data_g1/AI_projects/raw_data/PCITB_CRC/HE_raw_images/Tumor/TMA13/TMA 13 Level 1_Core[2,8,6]_[15480,44202].tif",FALSE,"/data_g1/AI_projects/projects/Immune_Cell_Prediction_WK/DIR/nhs/TMA 13 Level 1_Core[2,8,6]_[15480,44202]",0.4
"/data_g1/AI_projects/raw_data/PCITB_CRC/HE_raw_images/Tumor/TMA13/TMA 13 Level 16_Core[1,8,6]_[16655,41498].tif",FALSE,"/data_g1/AI_projects/projects/Immune_Cell_Prediction_WK/DIR/nhs/TMA 13 Level 16_Core[1,8,6]_[16655,41498]",0.4
"/data_g1/AI_projects/raw_data/PCITB_CRC/HE_raw_images/Tumor/TMA13/TMA 13 Level 16_Core[1,8,9]_[13910,41721].tif",FALSE,"/data_g1/AI_projects/projects/Immune_Cell_Prediction_WK/DIR/nhs/TMA 13 Level 16_Core[1,8,9]_[13910,41721]",0.4
"/data_g1/AI_projects/raw_data/PCITB_CRC/HE_raw_images/Tumor/TMA13/TMA 13 Level 1_Core[2,8,9]_[12771,44476].tif",FALSE,"/data_g1/AI_projects/projects/Immune_Cell_Prediction_WK/DIR/nhs/TMA 13 Level 1_Core[2,8,9]_[12771,44476]",0.4
"/data_g1/AI_projects/raw_data/PCITB_CRC/HE_raw_images/Tumor/TMA13/TMA 13 Level 16_Core[1,9,11]_[12105,42734].tif",FALSE,"/data_g1/AI_projects/projects/Immune_Cell_Prediction_WK/DIR/nhs/TMA 13 Level 16_Core[1,9,11]_[12105,42734]",0.4
"/data_g1/AI_projects/raw_data/PCITB_CRC/HE_raw_images/Tumor/TMA13/TMA 13 Level 1_Core[2,9,11]_[11040,45316].tif",FALSE,"/data_g1/AI_projects/projects/Immune_Cell_Prediction_WK/DIR/nhs/TMA 13 Level 1_Core[2,9,11]_[11040,45316]",0.4
"/data_g1/AI_projects/raw_data/PCITB_CRC/HE_raw_images/Tumor/TMA13/TMA 13 Level 1_Core[2,9,13]_[9136,45465].tif",FALSE,"/data_g1/AI_projects/projects/Immune_Cell_Prediction_WK/DIR/nhs/TMA 13 Level 1_Core[2,9,13]_[9136,45465]",0.4
"/data_g1/AI_projects/raw_data/PCITB_CRC/HE_raw_images/Tumor/TMA13/TMA 13 Level 16_Core[1,9,13]_[10127,42759].tif",FALSE,"/data_g1/AI_projects/projects/Immune_Cell_Prediction_WK/DIR/nhs/TMA 13 Level 16_Core[1,9,13]_[10127,42759]",0.4
"/data_g1/AI_projects/raw_data/PCITB_CRC/HE_raw_images/Tumor/TMA13/TMA 13 Level 1_Core[2,9,15]_[7331,45638].tif",FALSE,"/data_g1/AI_projects/projects/Immune_Cell_Prediction_WK/DIR/nhs/TMA 13 Level 1_Core[2,9,15]_[7331,45638]",0.4
"/data_g1/AI_projects/raw_data/PCITB_CRC/HE_raw_images/Tumor/TMA13/TMA 13 Level 16_Core[1,9,15]_[8347,42957].tif",FALSE,"/data_g1/AI_projects/projects/Immune_Cell_Prediction_WK/DIR/nhs/TMA 13 Level 16_Core[1,9,15]_[8347,42957]",0.4
"/data_g1/AI_projects/raw_data/PCITB_CRC/HE_raw_images/Tumor/TMA13/TMA 13 Level 1_Core[2,9,17]_[5427,45860].tif",FALSE,"/data_g1/AI_projects/projects/Immune_Cell_Prediction_WK/DIR/nhs/TMA 13 Level 1_Core[2,9,17]_[5427,45860]",0.4
"/data_g1/AI_projects/raw_data/PCITB_CRC/HE_raw_images/Tumor/TMA13/TMA 13 Level 16_Core[1,9,17]_[6542,43130].tif",FALSE,"/data_g1/AI_projects/projects/Immune_Cell_Prediction_WK/DIR/nhs/TMA 13 Level 16_Core[1,9,17]_[6542,43130]",0.4
"/data_g1/AI_projects/raw_data/PCITB_CRC/HE_raw_images/Tumor/TMA13/TMA 13 Level 1_Core[2,9,18]_[4586,45984].tif",FALSE,"/data_g1/AI_projects/projects/Immune_Cell_Prediction_WK/DIR/nhs/TMA 13 Level 1_Core[2,9,18]_[4586,45984]",0.4
"/data_g1/AI_projects/raw_data/PCITB_CRC/HE_raw_images/Tumor/TMA13/TMA 13 Level 16_Core[1,9,18]_[5676,43204].tif",FALSE,"/data_g1/AI_projects/projects/Immune_Cell_Prediction_WK/DIR/nhs/TMA 13 Level 16_Core[1,9,18]_[5676,43204]",0.4
"/data_g1/AI_projects/raw_data/PCITB_CRC/HE_raw_images/Tumor/TMA13/TMA 13 Level 1_Core[2,9,19]_[3696,46157].tif",FALSE,"/data_g1/AI_projects/projects/Immune_Cell_Prediction_WK/DIR/nhs/TMA 13 Level 1_Core[2,9,19]_[3696,46157]",0.4
"/data_g1/AI_projects/raw_data/PCITB_CRC/HE_raw_images/Tumor/TMA13/TMA 13 Level 16_Core[1,9,19]_[4736,43377].tif",FALSE,"/data_g1/AI_projects/projects/Immune_Cell_Prediction_WK/DIR/nhs/TMA 13 Level 16_Core[1,9,19]_[4736,43377]",0.4
"/data_g1/AI_projects/raw_data/PCITB_CRC/HE_raw_images/Tumor/TMA13/TMA 13 Level 16_Core[1,9,2]_[20587,42364].tif",FALSE,"/data_g1/AI_projects/projects/Immune_Cell_Prediction_WK/DIR/nhs/TMA 13 Level 16_Core[1,9,2]_[20587,42364]",0.4
"/data_g1/AI_projects/raw_data/PCITB_CRC/HE_raw_images/Tumor/TMA13/TMA 13 Level 1_Core[2,9,2]_[19274,44649].tif",FALSE,"/data_g1/AI_projects/projects/Immune_Cell_Prediction_WK/DIR/nhs/TMA 13 Level 1_Core[2,9,2]_[19274,44649]",0.4
"/data_g1/AI_projects/raw_data/PCITB_CRC/HE_raw_images/Tumor/TMA13/TMA 13 Level 1_Core[2,9,4]_[17370,44748].tif",FALSE,"/data_g1/AI_projects/projects/Immune_Cell_Prediction_WK/DIR/nhs/TMA 13 Level 1_Core[2,9,4]_[17370,44748]",0.4
"/data_g1/AI_projects/raw_data/PCITB_CRC/HE_raw_images/Tumor/TMA13/TMA 13 Level 16_Core[1,9,4]_[18510,42339].tif",FALSE,"/data_g1/AI_projects/projects/Immune_Cell_Prediction_WK/DIR/nhs/TMA 13 Level 16_Core[1,9,4]_[18510,42339]",0.4
"/data_g1/AI_projects/raw_data/PCITB_CRC/HE_raw_images/Tumor/TMA13/TMA 13 Level 16_Core[1,9,6]_[16730,42462].tif",FALSE,"/data_g1/AI_projects/projects/Immune_Cell_Prediction_WK/DIR/nhs/TMA 13 Level 16_Core[1,9,6]_[16730,42462]",0.4
"/data_g1/AI_projects/raw_data/PCITB_CRC/HE_raw_images/Tumor/TMA13/TMA 13 Level 1_Core[2,9,6]_[15516,45020].tif",FALSE,"/data_g1/AI_projects/projects/Immune_Cell_Prediction_WK/DIR/nhs/TMA 13 Level 1_Core[2,9,6]_[15516,45020]",0.4
"/data_g1/AI_projects/raw_data/PCITB_CRC/HE_raw_images/Tumor/TMA13/TMA 13 Level 1_Core[2,9,9]_[12895,45391].tif",FALSE,"/data_g1/AI_projects/projects/Immune_Cell_Prediction_WK/DIR/nhs/TMA 13 Level 1_Core[2,9,9]_[12895,45391]",0.4
"/data_g1/AI_projects/raw_data/PCITB_CRC/HE_raw_images/Tumor/TMA13/TMA 13 Level 16_Core[1,9,9]_[13960,42734].tif",FALSE,"/data_g1/AI_projects/projects/Immune_Cell_Prediction_WK/DIR/nhs/TMA 13 Level 16_Core[1,9,9]_[13960,42734]",0.4
"/data_g1/AI_projects/raw_data/PCITB_CRC/HE_raw_images/Tumor/TMA14/TMA 14 Level 1_Core[1,1,1]_[20218,36913].tif",FALSE,"/data_g1/AI_projects/projects/Immune_Cell_Prediction_WK/DIR/nhs/TMA 14 Level 1_Core[1,1,1]_[20218,36913]",0.4
"/data_g1/AI_projects/raw_data/PCITB_CRC/HE_raw_images/Tumor/TMA14/TMA 14 Level 16_Core[1,1,1]_[21419,39548].tif",FALSE,"/data_g1/AI_projects/projects/Immune_Cell_Prediction_WK/DIR/nhs/TMA 14 Level 16_Core[1,1,1]_[21419,39548]",0.4
"/data_g1/AI_projects/raw_data/PCITB_CRC/HE_raw_images/Tumor/TMA14/TMA 14 Level 1_Core[1,1,10]_[11589,35764].tif",FALSE,"/data_g1/AI_projects/projects/Immune_Cell_Prediction_WK/DIR/nhs/TMA 14 Level 1_Core[1,1,10]_[11589,35764]",0.4
"/data_g1/AI_projects/raw_data/PCITB_CRC/HE_raw_images/Tumor/TMA14/TMA 14 Level 16_Core[1,10,1]_[13308,38708].tif",FALSE,"/data_g1/AI_projects/projects/Immune_Cell_Prediction_WK/DIR/nhs/TMA 14 Level 16_Core[1,10,1]_[13308,38708]",0.4
"/data_g1/AI_projects/raw_data/PCITB_CRC/HE_raw_images/Tumor/TMA14/TMA 14 Level 1_Core[1,1,15]_[7275,35679].tif",FALSE,"/data_g1/AI_projects/projects/Immune_Cell_Prediction_WK/DIR/nhs/TMA 14 Level 1_Core[1,1,15]_[7275,35679]",0.4
"/data_g1/AI_projects/raw_data/PCITB_CRC/HE_raw_images/Tumor/TMA14/TMA 14 Level 16_Core[1,15,1]_[8932,38559].tif",FALSE,"/data_g1/AI_projects/projects/Immune_Cell_Prediction_WK/DIR/nhs/TMA 14 Level 16_Core[1,15,1]_[8932,38559]",0.4
"/data_g1/AI_projects/raw_data/PCITB_CRC/HE_raw_images/Tumor/TMA14/TMA 14 Level 1_Core[1,1,17]_[5371,35778].tif",FALSE,"/data_g1/AI_projects/projects/Immune_Cell_Prediction_WK/DIR/nhs/TMA 14 Level 1_Core[1,1,17]_[5371,35778]",0.4
"/data_g1/AI_projects/raw_data/PCITB_CRC/HE_raw_images/Tumor/TMA14/TMA 14 Level 16_Core[1,17,1]_[7052,38658].tif",FALSE,"/data_g1/AI_projects/projects/Immune_Cell_Prediction_WK/DIR/nhs/TMA 14 Level 16_Core[1,17,1]_[7052,38658]",0.4
"/data_g1/AI_projects/raw_data/PCITB_CRC/HE_raw_images/Tumor/TMA14/TMA 14 Level 16_Core[1,19,1]_[5198,38856].tif",FALSE,"/data_g1/AI_projects/projects/Immune_Cell_Prediction_WK/DIR/nhs/TMA 14 Level 16_Core[1,19,1]_[5198,38856]",0.4
"/data_g1/AI_projects/raw_data/PCITB_CRC/HE_raw_images/Tumor/TMA14/TMA 14 Level 1_Core[1,1,19]_[3591,35901].tif",FALSE,"/data_g1/AI_projects/projects/Immune_Cell_Prediction_WK/DIR/nhs/TMA 14 Level 1_Core[1,1,19]_[3591,35901]",0.4
"/data_g1/AI_projects/raw_data/PCITB_CRC/HE_raw_images/Tumor/TMA14/TMA 14 Level 1_Core[1,1,2]_[19278,36690].tif",FALSE,"/data_g1/AI_projects/projects/Immune_Cell_Prediction_WK/DIR/nhs/TMA 14 Level 1_Core[1,1,2]_[19278,36690]",0.4
"/data_g1/AI_projects/raw_data/PCITB_CRC/HE_raw_images/Tumor/TMA14/TMA 14 Level 16_Core[1,2,1]_[20430,39350].tif",FALSE,"/data_g1/AI_projects/projects/Immune_Cell_Prediction_WK/DIR/nhs/TMA 14 Level 16_Core[1,2,1]_[20430,39350]",0.4
"/data_g1/AI_projects/raw_data/PCITB_CRC/HE_raw_images/Tumor/TMA14/TMA 14 Level 16_Core[1,4,1]_[18650,39177].tif",FALSE,"/data_g1/AI_projects/projects/Immune_Cell_Prediction_WK/DIR/nhs/TMA 14 Level 16_Core[1,4,1]_[18650,39177]",0.4
"/data_g1/AI_projects/raw_data/PCITB_CRC/HE_raw_images/Tumor/TMA14/TMA 14 Level 16_Core[1,5,1]_[17759,39153].tif",FALSE,"/data_g1/AI_projects/projects/Immune_Cell_Prediction_WK/DIR/nhs/TMA 14 Level 16_Core[1,5,1]_[17759,39153]",0.4
"/data_g1/AI_projects/raw_data/PCITB_CRC/HE_raw_images/Tumor/TMA14/TMA 14 Level 1_Core[1,1,5]_[15941,35986].tif",FALSE,"/data_g1/AI_projects/projects/Immune_Cell_Prediction_WK/DIR/nhs/TMA 14 Level 1_Core[1,1,5]_[15941,35986]",0.4
"/data_g1/AI_projects/raw_data/PCITB_CRC/HE_raw_images/Tumor/TMA14/TMA 14 Level 1_Core[1,1,6]_[15100,35813].tif",FALSE,"/data_g1/AI_projects/projects/Immune_Cell_Prediction_WK/DIR/nhs/TMA 14 Level 1_Core[1,1,6]_[15100,35813]",0.4
"/data_g1/AI_projects/raw_data/PCITB_CRC/HE_raw_images/Tumor/TMA14/TMA 14 Level 16_Core[1,6,1]_[16869,38980].tif",FALSE,"/data_g1/AI_projects/projects/Immune_Cell_Prediction_WK/DIR/nhs/TMA 14 Level 16_Core[1,6,1]_[16869,38980]",0.4
"/data_g1/AI_projects/raw_data/PCITB_CRC/HE_raw_images/Tumor/TMA14/TMA 14 Level 1_Core[1,1,8]_[13468,35616].tif",FALSE,"/data_g1/AI_projects/projects/Immune_Cell_Prediction_WK/DIR/nhs/TMA 14 Level 1_Core[1,1,8]_[13468,35616]",0.4
"/data_g1/AI_projects/raw_data/PCITB_CRC/HE_raw_images/Tumor/TMA14/TMA 14 Level 16_Core[1,8,1]_[15114,38831].tif",FALSE,"/data_g1/AI_projects/projects/Immune_Cell_Prediction_WK/DIR/nhs/TMA 14 Level 16_Core[1,8,1]_[15114,38831]",0.4
"/data_g1/AI_projects/raw_data/PCITB_CRC/HE_raw_images/Tumor/TMA14/TMA 14 Level 16_Core[1,9,1]_[14149,38782].tif",FALSE,"/data_g1/AI_projects/projects/Immune_Cell_Prediction_WK/DIR/nhs/TMA 14 Level 16_Core[1,9,1]_[14149,38782]",0.4
"/data_g1/AI_projects/raw_data/PCITB_CRC/HE_raw_images/Tumor/TMA14/TMA 14 Level 1_Core[1,10,10]_[11516,43208].tif",FALSE,"/data_g1/AI_projects/projects/Immune_Cell_Prediction_WK/DIR/nhs/TMA 14 Level 1_Core[1,10,10]_[11516,43208]",0.4
"/data_g1/AI_projects/raw_data/PCITB_CRC/HE_raw_images/Tumor/TMA14/TMA 14 Level 16_Core[1,10,10]_[13086,45681].tif",FALSE,"/data_g1/AI_projects/projects/Immune_Cell_Prediction_WK/DIR/nhs/TMA 14 Level 16_Core[1,10,10]_[13086,45681]",0.4
"/data_g1/AI_projects/raw_data/PCITB_CRC/HE_raw_images/Tumor/TMA14/TMA 14 Level 1_Core[1,10,12]_[9735,43010].tif",FALSE,"/data_g1/AI_projects/projects/Immune_Cell_Prediction_WK/DIR/nhs/TMA 14 Level 1_Core[1,10,12]_[9735,43010]",0.4
"/data_g1/AI_projects/raw_data/PCITB_CRC/HE_raw_images/Tumor/TMA14/TMA 14 Level 1_Core[1,10,14]_[7955,43258].tif",FALSE,"/data_g1/AI_projects/projects/Immune_Cell_Prediction_WK/DIR/nhs/TMA 14 Level 1_Core[1,10,14]_[7955,43258]",0.4
"/data_g1/AI_projects/raw_data/PCITB_CRC/HE_raw_images/Tumor/TMA14/TMA 14 Level 16_Core[1,14,10]_[9575,45805].tif",FALSE,"/data_g1/AI_projects/projects/Immune_Cell_Prediction_WK/DIR/nhs/TMA 14 Level 16_Core[1,14,10]_[9575,45805]",0.4
"/data_g1/AI_projects/raw_data/PCITB_CRC/HE_raw_images/Tumor/TMA14/TMA 14 Level 1_Core[1,10,16]_[6051,43084].tif",FALSE,"/data_g1/AI_projects/projects/Immune_Cell_Prediction_WK/DIR/nhs/TMA 14 Level 1_Core[1,10,16]_[6051,43084]",0.4
"/data_g1/AI_projects/raw_data/PCITB_CRC/HE_raw_images/Tumor/TMA14/TMA 14 Level 16_Core[1,16,10]_[7646,45681].tif",FALSE,"/data_g1/AI_projects/projects/Immune_Cell_Prediction_WK/DIR/nhs/TMA 14 Level 16_Core[1,16,10]_[7646,45681]",0.4
"/data_g1/AI_projects/raw_data/PCITB_CRC/HE_raw_images/Tumor/TMA14/TMA 14 Level 1_Core[1,10,17]_[5169,43011].tif",FALSE,"/data_g1/AI_projects/projects/Immune_Cell_Prediction_WK/DIR/nhs/TMA 14 Level 1_Core[1,10,17]_[5169,43011]",0.4
"/data_g1/AI_projects/raw_data/PCITB_CRC/HE_raw_images/Tumor/TMA14/TMA 14 Level 16_Core[1,17,10]_[6756,45607].tif",FALSE,"/data_g1/AI_projects/projects/Immune_Cell_Prediction_WK/DIR/nhs/TMA 14 Level 16_Core[1,17,10]_[6756,45607]",0.4
"/data_g1/AI_projects/raw_data/PCITB_CRC/HE_raw_images/Tumor/TMA14/TMA 14 Level 16_Core[1,2,10]_[20529,46052].tif",FALSE,"/data_g1/AI_projects/projects/Immune_Cell_Prediction_WK/DIR/nhs/TMA 14 Level 16_Core[1,2,10]_[20529,46052]",0.4
"/data_g1/AI_projects/raw_data/PCITB_CRC/HE_raw_images/Tumor/TMA14/TMA 14 Level 1_Core[1,10,2]_[18736,43752].tif",FALSE,"/data_g1/AI_projects/projects/Immune_Cell_Prediction_WK/DIR/nhs/TMA 14 Level 1_Core[1,10,2]_[18736,43752]",0.4
"/data_g1/AI_projects/raw_data/PCITB_CRC/HE_raw_images/Tumor/TMA14/TMA 14 Level 16_Core[1,4,10]_[18724,45953].tif",FALSE,"/data_g1/AI_projects/projects/Immune_Cell_Prediction_WK/DIR/nhs/TMA 14 Level 16_Core[1,4,10]_[18724,45953]",0.4
"/data_g1/AI_projects/raw_data/PCITB_CRC/HE_raw_images/Tumor/TMA14/TMA 14 Level 1_Core[1,10,6]_[15324,43628].tif",FALSE,"/data_g1/AI_projects/projects/Immune_Cell_Prediction_WK/DIR/nhs/TMA 14 Level 1_Core[1,10,6]_[15324,43628]",0.4
"/data_g1/AI_projects/raw_data/PCITB_CRC/HE_raw_images/Tumor/TMA14/TMA 14 Level 16_Core[1,6,10]_[16919,45879].tif",FALSE,"/data_g1/AI_projects/projects/Immune_Cell_Prediction_WK/DIR/nhs/TMA 14 Level 16_Core[1,6,10]_[16919,45879]",0.4
"/data_g1/AI_projects/raw_data/PCITB_CRC/HE_raw_images/Tumor/TMA14/TMA 14 Level 1_Core[1,10,7]_[14409,43579].tif",FALSE,"/data_g1/AI_projects/projects/Immune_Cell_Prediction_WK/DIR/nhs/TMA 14 Level 1_Core[1,10,7]_[14409,43579]",0.4
"/data_g1/AI_projects/raw_data/PCITB_CRC/HE_raw_images/Tumor/TMA14/TMA 14 Level 1_Core[1,10,8]_[13395,43554].tif",FALSE,"/data_g1/AI_projects/projects/Immune_Cell_Prediction_WK/DIR/nhs/TMA 14 Level 1_Core[1,10,8]_[13395,43554]",0.4
"/data_g1/AI_projects/raw_data/PCITB_CRC/HE_raw_images/Tumor/TMA14/TMA 14 Level 16_Core[1,8,10]_[14916,45830].tif",FALSE,"/data_g1/AI_projects/projects/Immune_Cell_Prediction_WK/DIR/nhs/TMA 14 Level 16_Core[1,8,10]_[14916,45830]",0.4
"/data_g1/AI_projects/raw_data/PCITB_CRC/HE_raw_images/Tumor/TMA14/TMA 14 Level 16_Core[1,10,11]_[13210,46448].tif",FALSE,"/data_g1/AI_projects/projects/Immune_Cell_Prediction_WK/DIR/nhs/TMA 14 Level 16_Core[1,10,11]_[13210,46448]",0.4
"/data_g1/AI_projects/raw_data/PCITB_CRC/HE_raw_images/Tumor/TMA14/TMA 14 Level 1_Core[1,11,10]_[11664,44098].tif",FALSE,"/data_g1/AI_projects/projects/Immune_Cell_Prediction_WK/DIR/nhs/TMA 14 Level 1_Core[1,11,10]_[11664,44098]",0.4
"/data_g1/AI_projects/raw_data/PCITB_CRC/HE_raw_images/Tumor/TMA14/TMA 14 Level 16_Core[1,12,11]_[11256,46547].tif",FALSE,"/data_g1/AI_projects/projects/Immune_Cell_Prediction_WK/DIR/nhs/TMA 14 Level 16_Core[1,12,11]_[11256,46547]",0.4
"/data_g1/AI_projects/raw_data/PCITB_CRC/HE_raw_images/Tumor/TMA14/TMA 14 Level 1_Core[1,11,12]_[9667,44074].tif",FALSE,"/data_g1/AI_projects/projects/Immune_Cell_Prediction_WK/DIR/nhs/TMA 14 Level 1_Core[1,11,12]_[9667,44074]",0.4
"/data_g1/AI_projects/raw_data/PCITB_CRC/HE_raw_images/Tumor/TMA14/TMA 14 Level 16_Core[1,14,11]_[9539,46572].tif",FALSE,"/data_g1/AI_projects/projects/Immune_Cell_Prediction_WK/DIR/nhs/TMA 14 Level 16_Core[1,14,11]_[9539,46572]",0.4
"/data_g1/AI_projects/raw_data/PCITB_CRC/HE_raw_images/Tumor/TMA14/TMA 14 Level 1_Core[1,11,14]_[7905,44123].tif",FALSE,"/data_g1/AI_projects/projects/Immune_Cell_Prediction_WK/DIR/nhs/TMA 14 Level 1_Core[1,11,14]_[7905,44123]",0.4
"/data_g1/AI_projects/raw_data/PCITB_CRC/HE_raw_images/Tumor/TMA14/TMA 14 Level 1_Core[1,11,16]_[6051,43950].tif",FALSE,"/data_g1/AI_projects/projects/Immune_Cell_Prediction_WK/DIR/nhs/TMA 14 Level 1_Core[1,11,16]_[6051,43950]",0.4
"/data_g1/AI_projects/raw_data/PCITB_CRC/HE_raw_images/Tumor/TMA14/TMA 14 Level 16_Core[1,16,11]_[7646,46497].tif",FALSE,"/data_g1/AI_projects/projects/Immune_Cell_Prediction_WK/DIR/nhs/TMA 14 Level 16_Core[1,16,11]_[7646,46497]",0.4
"/data_g1/AI_projects/raw_data/PCITB_CRC/HE_raw_images/Tumor/TMA14/TMA 14 Level 16_Core[1,2,11]_[20529,46893].tif",FALSE,"/data_g1/AI_projects/projects/Immune_Cell_Prediction_WK/DIR/nhs/TMA 14 Level 16_Core[1,2,11]_[20529,46893]",0.4
"/data_g1/AI_projects/raw_data/PCITB_CRC/HE_raw_images/Tumor/TMA14/TMA 14 Level 1_Core[1,11,2]_[18736,44667].tif",FALSE,"/data_g1/AI_projects/projects/Immune_Cell_Prediction_WK/DIR/nhs/TMA 14 Level 1_Core[1,11,2]_[18736,44667]",0.4
"/data_g1/AI_projects/raw_data/PCITB_CRC/HE_raw_images/Tumor/TMA14/TMA 14 Level 16_Core[1,4,11]_[18699,46769].tif",FALSE,"/data_g1/AI_projects/projects/Immune_Cell_Prediction_WK/DIR/nhs/TMA 14 Level 16_Core[1,4,11]_[18699,46769]",0.4
"/data_g1/AI_projects/raw_data/PCITB_CRC/HE_raw_images/Tumor/TMA14/TMA 14 Level 1_Core[1,11,4]_[17079,44568].tif",FALSE,"/data_g1/AI_projects/projects/Immune_Cell_Prediction_WK/DIR/nhs/TMA 14 Level 1_Core[1,11,4]_[17079,44568]",0.4
"/data_g1/AI_projects/raw_data/PCITB_CRC/HE_raw_images/Tumor/TMA14/TMA 14 Level 1_Core[1,11,6]_[15250,44469].tif",FALSE,"/data_g1/AI_projects/projects/Immune_Cell_Prediction_WK/DIR/nhs/TMA 14 Level 1_Core[1,11,6]_[15250,44469]",0.4
"/data_g1/AI_projects/raw_data/PCITB_CRC/HE_raw_images/Tumor/TMA14/TMA 14 Level 16_Core[1,6,11]_[16845,46695].tif",FALSE,"/data_g1/AI_projects/projects/Immune_Cell_Prediction_WK/DIR/nhs/TMA 14 Level 16_Core[1,6,11]_[16845,46695]",0.4
"/data_g1/AI_projects/raw_data/PCITB_CRC/HE_raw_images/Tumor/TMA14/TMA 14 Level 1_Core[1,11,7]_[14335,44395].tif",FALSE,"/data_g1/AI_projects/projects/Immune_Cell_Prediction_WK/DIR/nhs/TMA 14 Level 1_Core[1,11,7]_[14335,44395]",0.4
"/data_g1/AI_projects/raw_data/PCITB_CRC/HE_raw_images/Tumor/TMA14/TMA 14 Level 1_Core[1,11,8]_[13346,44346].tif",FALSE,"/data_g1/AI_projects/projects/Immune_Cell_Prediction_WK/DIR/nhs/TMA 14 Level 1_Core[1,11,8]_[13346,44346]",0.4
"/data_g1/AI_projects/raw_data/PCITB_CRC/HE_raw_images/Tumor/TMA14/TMA 14 Level 16_Core[1,8,11]_[14941,46571].tif",FALSE,"/data_g1/AI_projects/projects/Immune_Cell_Prediction_WK/DIR/nhs/TMA 14 Level 16_Core[1,8,11]_[14941,46571]",0.4
"/data_g1/AI_projects/raw_data/PCITB_CRC/HE_raw_images/Tumor/TMA14/TMA 14 Level 16_Core[1,9,11]_[14026,46522].tif",FALSE,"/data_g1/AI_projects/projects/Immune_Cell_Prediction_WK/DIR/nhs/TMA 14 Level 16_Core[1,9,11]_[14026,46522]",0.4
"/data_g1/AI_projects/raw_data/PCITB_CRC/HE_raw_images/Tumor/TMA14/TMA 14 Level 16_Core[1,1,12]_[21543,47585].tif",FALSE,"/data_g1/AI_projects/projects/Immune_Cell_Prediction_WK/DIR/nhs/TMA 14 Level 16_Core[1,1,12]_[21543,47585]",0.4
"/data_g1/AI_projects/raw_data/PCITB_CRC/HE_raw_images/Tumor/TMA14/TMA 14 Level 1_Core[1,12,1]_[19775,45359].tif",FALSE,"/data_g1/AI_projects/projects/Immune_Cell_Prediction_WK/DIR/nhs/TMA 14 Level 1_Core[1,12,1]_[19775,45359]",0.4
"/data_g1/AI_projects/raw_data/PCITB_CRC/HE_raw_images/Tumor/TMA14/TMA 14 Level 16_Core[1,10,12]_[13111,47239].tif",FALSE,"/data_g1/AI_projects/projects/Immune_Cell_Prediction_WK/DIR/nhs/TMA 14 Level 16_Core[1,10,12]_[13111,47239]",0.4
"/data_g1/AI_projects/raw_data/PCITB_CRC/HE_raw_images/Tumor/TMA14/TMA 14 Level 1_Core[1,12,10]_[11516,45013].tif",FALSE,"/data_g1/AI_projects/projects/Immune_Cell_Prediction_WK/DIR/nhs/TMA 14 Level 1_Core[1,12,10]_[11516,45013]",0.4
"/data_g1/AI_projects/raw_data/PCITB_CRC/HE_raw_images/Tumor/TMA14/TMA 14 Level 1_Core[1,12,11]_[10601,44964].tif",FALSE,"/data_g1/AI_projects/projects/Immune_Cell_Prediction_WK/DIR/nhs/TMA 14 Level 1_Core[1,12,11]_[10601,44964]",0.4
"/data_g1/AI_projects/raw_data/PCITB_CRC/HE_raw_images/Tumor/TMA14/TMA 14 Level 16_Core[1,11,12]_[12171,47239].tif",FALSE,"/data_g1/AI_projects/projects/Immune_Cell_Prediction_WK/DIR/nhs/TMA 14 Level 16_Core[1,11,12]_[12171,47239]",0.4
"/data_g1/AI_projects/raw_data/PCITB_CRC/HE_raw_images/Tumor/TMA14/TMA 14 Level 16_Core[1,13,12]_[10416,47313].tif",FALSE,"/data_g1/AI_projects/projects/Immune_Cell_Prediction_WK/DIR/nhs/TMA 14 Level 16_Core[1,13,12]_[10416,47313]",0.4
"/data_g1/AI_projects/raw_data/PCITB_CRC/HE_raw_images/Tumor/TMA14/TMA 14 Level 1_Core[1,12,13]_[8796,44964].tif",FALSE,"/data_g1/AI_projects/projects/Immune_Cell_Prediction_WK/DIR/nhs/TMA 14 Level 1_Core[1,12,13]_[8796,44964]",0.4
"/data_g1/AI_projects/raw_data/PCITB_CRC/HE_raw_images/Tumor/TMA14/TMA 14 Level 1_Core[1,12,15]_[6990,44890].tif",FALSE,"/data_g1/AI_projects/projects/Immune_Cell_Prediction_WK/DIR/nhs/TMA 14 Level 1_Core[1,12,15]_[6990,44890]",0.4
"/data_g1/AI_projects/raw_data/PCITB_CRC/HE_raw_images/Tumor/TMA14/TMA 14 Level 16_Core[1,15,12]_[8586,47363].tif",FALSE,"/data_g1/AI_projects/projects/Immune_Cell_Prediction_WK/DIR/nhs/TMA 14 Level 16_Core[1,15,12]_[8586,47363]",0.4
"/data_g1/AI_projects/raw_data/PCITB_CRC/HE_raw_images/Tumor/TMA14/TMA 14 Level 1_Core[1,12,16]_[6174,44890].tif",FALSE,"/data_g1/AI_projects/projects/Immune_Cell_Prediction_WK/DIR/nhs/TMA 14 Level 1_Core[1,12,16]_[6174,44890]",0.4
"/data_g1/AI_projects/raw_data/PCITB_CRC/HE_raw_images/Tumor/TMA14/TMA 14 Level 16_Core[1,16,12]_[7720,47313].tif",FALSE,"/data_g1/AI_projects/projects/Immune_Cell_Prediction_WK/DIR/nhs/TMA 14 Level 16_Core[1,16,12]_[7720,47313]",0.4
"/data_g1/AI_projects/raw_data/PCITB_CRC/HE_raw_images/Tumor/TMA14/TMA 14 Level 16_Core[1,19,12]_[4778,47412].tif",FALSE,"/data_g1/AI_projects/projects/Immune_Cell_Prediction_WK/DIR/nhs/TMA 14 Level 16_Core[1,19,12]_[4778,47412]",0.4
"/data_g1/AI_projects/raw_data/PCITB_CRC/HE_raw_images/Tumor/TMA14/TMA 14 Level 1_Core[1,12,19]_[3257,44815].tif",FALSE,"/data_g1/AI_projects/projects/Immune_Cell_Prediction_WK/DIR/nhs/TMA 14 Level 1_Core[1,12,19]_[3257,44815]",0.4
"/data_g1/AI_projects/raw_data/PCITB_CRC/HE_raw_images/Tumor/TMA14/TMA 14 Level 16_Core[1,3,12]_[19515,47560].tif",FALSE,"/data_g1/AI_projects/projects/Immune_Cell_Prediction_WK/DIR/nhs/TMA 14 Level 16_Core[1,3,12]_[19515,47560]",0.4
"/data_g1/AI_projects/raw_data/PCITB_CRC/HE_raw_images/Tumor/TMA14/TMA 14 Level 1_Core[1,12,3]_[17821,45434].tif",FALSE,"/data_g1/AI_projects/projects/Immune_Cell_Prediction_WK/DIR/nhs/TMA 14 Level 1_Core[1,12,3]_[17821,45434]",0.4
"/data_g1/AI_projects/raw_data/PCITB_CRC/HE_raw_images/Tumor/TMA14/TMA 14 Level 16_Core[1,5,12]_[17760,47437].tif",FALSE,"/data_g1/AI_projects/projects/Immune_Cell_Prediction_WK/DIR/nhs/TMA 14 Level 16_Core[1,5,12]_[17760,47437]",0.4
"/data_g1/AI_projects/raw_data/PCITB_CRC/HE_raw_images/Tumor/TMA14/TMA 14 Level 1_Core[1,12,5]_[16066,45310].tif",FALSE,"/data_g1/AI_projects/projects/Immune_Cell_Prediction_WK/DIR/nhs/TMA 14 Level 1_Core[1,12,5]_[16066,45310]",0.4
"/data_g1/AI_projects/raw_data/PCITB_CRC/HE_raw_images/Tumor/TMA14/TMA 14 Level 1_Core[1,12,6]_[15225,45335].tif",FALSE,"/data_g1/AI_projects/projects/Immune_Cell_Prediction_WK/DIR/nhs/TMA 14 Level 1_Core[1,12,6]_[15225,45335]",0.4
"/data_g1/AI_projects/raw_data/PCITB_CRC/HE_raw_images/Tumor/TMA14/TMA 14 Level 16_Core[1,6,12]_[16845,47437].tif",FALSE,"/data_g1/AI_projects/projects/Immune_Cell_Prediction_WK/DIR/nhs/TMA 14 Level 16_Core[1,6,12]_[16845,47437]",0.4
"/data_g1/AI_projects/raw_data/PCITB_CRC/HE_raw_images/Tumor/TMA14/TMA 14 Level 16_Core[1,7,12]_[15979,47511].tif",FALSE,"/data_g1/AI_projects/projects/Immune_Cell_Prediction_WK/DIR/nhs/TMA 14 Level 16_Core[1,7,12]_[15979,47511]",0.4
"/data_g1/AI_projects/raw_data/PCITB_CRC/HE_raw_images/Tumor/TMA14/TMA 14 Level 16_Core[1,9,12]_[14000,47394].tif",FALSE,"/data_g1/AI_projects/projects/Immune_Cell_Prediction_WK/DIR/nhs/TMA 14 Level 16_Core[1,9,12]_[14000,47394]",0.4
"/data_g1/AI_projects/raw_data/PCITB_CRC/HE_raw_images/Tumor/TMA14/TMA 14 Level 1_Core[1,12,9]_[12381,45236].tif",FALSE,"/data_g1/AI_projects/projects/Immune_Cell_Prediction_WK/DIR/nhs/TMA 14 Level 1_Core[1,12,9]_[12381,45236]",0.4
"/data_g1/AI_projects/raw_data/PCITB_CRC/HE_raw_images/Tumor/TMA14/TMA 14 Level 16_Core[1,1,13]_[21518,48376].tif",FALSE,"/data_g1/AI_projects/projects/Immune_Cell_Prediction_WK/DIR/nhs/TMA 14 Level 16_Core[1,1,13]_[21518,48376]",0.4
"/data_g1/AI_projects/raw_data/PCITB_CRC/HE_raw_images/Tumor/TMA14/TMA 14 Level 16_Core[1,10,13]_[13037,48055].tif",FALSE,"/data_g1/AI_projects/projects/Immune_Cell_Prediction_WK/DIR/nhs/TMA 14 Level 16_Core[1,10,13]_[13037,48055]",0.4
"/data_g1/AI_projects/raw_data/PCITB_CRC/HE_raw_images/Tumor/TMA14/TMA 14 Level 1_Core[1,13,13]_[8697,45780].tif",FALSE,"/data_g1/AI_projects/projects/Immune_Cell_Prediction_WK/DIR/nhs/TMA 14 Level 1_Core[1,13,13]_[8697,45780]",0.4
"/data_g1/AI_projects/raw_data/PCITB_CRC/HE_raw_images/Tumor/TMA14/TMA 14 Level 16_Core[1,13,13]_[10341,48080].tif",FALSE,"/data_g1/AI_projects/projects/Immune_Cell_Prediction_WK/DIR/nhs/TMA 14 Level 16_Core[1,13,13]_[10341,48080]",0.4
"/data_g1/AI_projects/raw_data/PCITB_CRC/HE_raw_images/Tumor/TMA14/TMA 14 Level 16_Core[1,15,13]_[8561,48080].tif",FALSE,"/data_g1/AI_projects/projects/Immune_Cell_Prediction_WK/DIR/nhs/TMA 14 Level 16_Core[1,15,13]_[8561,48080]",0.4
"/data_g1/AI_projects/raw_data/PCITB_CRC/HE_raw_images/Tumor/TMA14/TMA 14 Level 1_Core[1,13,15]_[6941,45681].tif",FALSE,"/data_g1/AI_projects/projects/Immune_Cell_Prediction_WK/DIR/nhs/TMA 14 Level 1_Core[1,13,15]_[6941,45681]",0.4
"/data_g1/AI_projects/raw_data/PCITB_CRC/HE_raw_images/Tumor/TMA14/TMA 14 Level 1_Core[1,13,16]_[6051,45656].tif",FALSE,"/data_g1/AI_projects/projects/Immune_Cell_Prediction_WK/DIR/nhs/TMA 14 Level 1_Core[1,13,16]_[6051,45656]",0.4
"/data_g1/AI_projects/raw_data/PCITB_CRC/HE_raw_images/Tumor/TMA14/TMA 14 Level 16_Core[1,16,13]_[7646,48104].tif",FALSE,"/data_g1/AI_projects/projects/Immune_Cell_Prediction_WK/DIR/nhs/TMA 14 Level 16_Core[1,16,13]_[7646,48104]",0.4
"/data_g1/AI_projects/raw_data/PCITB_CRC/HE_raw_images/Tumor/TMA14/TMA 14 Level 1_Core[1,13,18]_[4171,45829].tif",FALSE,"/data_g1/AI_projects/projects/Immune_Cell_Prediction_WK/DIR/nhs/TMA 14 Level 1_Core[1,13,18]_[4171,45829]",0.4
"/data_g1/AI_projects/raw_data/PCITB_CRC/HE_raw_images/Tumor/TMA14/TMA 14 Level 16_Core[1,18,13]_[5742,48302].tif",FALSE,"/data_g1/AI_projects/projects/Immune_Cell_Prediction_WK/DIR/nhs/TMA 14 Level 16_Core[1,18,13]_[5742,48302]",0.4
"/data_g1/AI_projects/raw_data/PCITB_CRC/HE_raw_images/Tumor/TMA14/TMA 14 Level 1_Core[1,13,19]_[3158,45706].tif",FALSE,"/data_g1/AI_projects/projects/Immune_Cell_Prediction_WK/DIR/nhs/TMA 14 Level 1_Core[1,13,19]_[3158,45706]",0.4
"/data_g1/AI_projects/raw_data/PCITB_CRC/HE_raw_images/Tumor/TMA14/TMA 14 Level 16_Core[1,19,13]_[4728,48080].tif",FALSE,"/data_g1/AI_projects/projects/Immune_Cell_Prediction_WK/DIR/nhs/TMA 14 Level 16_Core[1,19,13]_[4728,48080]",0.4
"/data_g1/AI_projects/raw_data/PCITB_CRC/HE_raw_images/Tumor/TMA14/TMA 14 Level 1_Core[1,13,3]_[17796,46299].tif",FALSE,"/data_g1/AI_projects/projects/Immune_Cell_Prediction_WK/DIR/nhs/TMA 14 Level 1_Core[1,13,3]_[17796,46299]",0.4
"/data_g1/AI_projects/raw_data/PCITB_CRC/HE_raw_images/Tumor/TMA14/TMA 14 Level 16_Core[1,3,13]_[19491,48278].tif",FALSE,"/data_g1/AI_projects/projects/Immune_Cell_Prediction_WK/DIR/nhs/TMA 14 Level 16_Core[1,3,13]_[19491,48278]",0.4
"/data_g1/AI_projects/raw_data/PCITB_CRC/HE_raw_images/Tumor/TMA14/TMA 14 Level 16_Core[1,5,13]_[17710,48302].tif",FALSE,"/data_g1/AI_projects/projects/Immune_Cell_Prediction_WK/DIR/nhs/TMA 14 Level 16_Core[1,5,13]_[17710,48302]",0.4
"/data_g1/AI_projects/raw_data/PCITB_CRC/HE_raw_images/Tumor/TMA14/TMA 14 Level 1_Core[1,13,5]_[15967,46299].tif",FALSE,"/data_g1/AI_projects/projects/Immune_Cell_Prediction_WK/DIR/nhs/TMA 14 Level 1_Core[1,13,5]_[15967,46299]",0.4
"/data_g1/AI_projects/raw_data/PCITB_CRC/HE_raw_images/Tumor/TMA14/TMA 14 Level 1_Core[1,13,6]_[15076,46151].tif",FALSE,"/data_g1/AI_projects/projects/Immune_Cell_Prediction_WK/DIR/nhs/TMA 14 Level 1_Core[1,13,6]_[15076,46151]",0.4
"/data_g1/AI_projects/raw_data/PCITB_CRC/HE_raw_images/Tumor/TMA14/TMA 14 Level 16_Core[1,6,13]_[16771,48203].tif",FALSE,"/data_g1/AI_projects/projects/Immune_Cell_Prediction_WK/DIR/nhs/TMA 14 Level 16_Core[1,6,13]_[16771,48203]",0.4
"/data_g1/AI_projects/raw_data/PCITB_CRC/HE_raw_images/Tumor/TMA14/TMA 14 Level 16_Core[1,9,13]_[13976,48104].tif",FALSE,"/data_g1/AI_projects/projects/Immune_Cell_Prediction_WK/DIR/nhs/TMA 14 Level 16_Core[1,9,13]_[13976,48104]",0.4
"/data_g1/AI_projects/raw_data/PCITB_CRC/HE_raw_images/Tumor/TMA14/TMA 14 Level 16_Core[1,1,15]_[21506,49749].tif",FALSE,"/data_g1/AI_projects/projects/Immune_Cell_Prediction_WK/DIR/nhs/TMA 14 Level 16_Core[1,1,15]_[21506,49749]",0.4
"/data_g1/AI_projects/raw_data/PCITB_CRC/HE_raw_images/Tumor/TMA14/TMA 14 Level 1_Core[1,15,1]_[19723,48016].tif",FALSE,"/data_g1/AI_projects/projects/Immune_Cell_Prediction_WK/DIR/nhs/TMA 14 Level 1_Core[1,15,1]_[19723,48016]",0.4
"/data_g1/AI_projects/raw_data/PCITB_CRC/HE_raw_images/Tumor/TMA14/TMA 14 Level 1_Core[1,15,11]_[10821,47348].tif",FALSE,"/data_g1/AI_projects/projects/Immune_Cell_Prediction_WK/DIR/nhs/TMA 14 Level 1_Core[1,15,11]_[10821,47348]",0.4
"/data_g1/AI_projects/raw_data/PCITB_CRC/HE_raw_images/Tumor/TMA14/TMA 14 Level 1_Core[1,15,13]_[8868,47249].tif",FALSE,"/data_g1/AI_projects/projects/Immune_Cell_Prediction_WK/DIR/nhs/TMA 14 Level 1_Core[1,15,13]_[8868,47249]",0.4
"/data_g1/AI_projects/raw_data/PCITB_CRC/HE_raw_images/Tumor/TMA14/TMA 14 Level 1_Core[1,15,15]_[7137,47298].tif",FALSE,"/data_g1/AI_projects/projects/Immune_Cell_Prediction_WK/DIR/nhs/TMA 14 Level 1_Core[1,15,15]_[7137,47298]",0.4
"/data_g1/AI_projects/raw_data/PCITB_CRC/HE_raw_images/Tumor/TMA14/TMA 14 Level 16_Core[1,15,15]_[8722,49477].tif",FALSE,"/data_g1/AI_projects/projects/Immune_Cell_Prediction_WK/DIR/nhs/TMA 14 Level 16_Core[1,15,15]_[8722,49477]",0.4
"/data_g1/AI_projects/raw_data/PCITB_CRC/HE_raw_images/Tumor/TMA14/TMA 14 Level 16_Core[1,19,15]_[4674,49546].tif",FALSE,"/data_g1/AI_projects/projects/Immune_Cell_Prediction_WK/DIR/nhs/TMA 14 Level 16_Core[1,19,15]_[4674,49546]",0.4
"/data_g1/AI_projects/raw_data/PCITB_CRC/HE_raw_images/Tumor/TMA14/TMA 14 Level 1_Core[1,15,2]_[18808,48016].tif",FALSE,"/data_g1/AI_projects/projects/Immune_Cell_Prediction_WK/DIR/nhs/TMA 14 Level 1_Core[1,15,2]_[18808,48016]",0.4
"/data_g1/AI_projects/raw_data/PCITB_CRC/HE_raw_images/Tumor/TMA14/TMA 14 Level 16_Core[1,2,15]_[20591,49699].tif",FALSE,"/data_g1/AI_projects/projects/Immune_Cell_Prediction_WK/DIR/nhs/TMA 14 Level 16_Core[1,2,15]_[20591,49699]",0.4
"/data_g1/AI_projects/raw_data/PCITB_CRC/HE_raw_images/Tumor/TMA14/TMA 14 Level 16_Core[1,5,15]_[17970,49600].tif",FALSE,"/data_g1/AI_projects/projects/Immune_Cell_Prediction_WK/DIR/nhs/TMA 14 Level 16_Core[1,5,15]_[17970,49600]",0.4
"/data_g1/AI_projects/raw_data/PCITB_CRC/HE_raw_images/Tumor/TMA14/TMA 14 Level 1_Core[1,15,5]_[16187,47892].tif",FALSE,"/data_g1/AI_projects/projects/Immune_Cell_Prediction_WK/DIR/nhs/TMA 14 Level 1_Core[1,15,5]_[16187,47892]",0.4
"/data_g1/AI_projects/raw_data/PCITB_CRC/HE_raw_images/Tumor/TMA14/TMA 14 Level 1_Core[1,15,7]_[14209,47570].tif",FALSE,"/data_g1/AI_projects/projects/Immune_Cell_Prediction_WK/DIR/nhs/TMA 14 Level 1_Core[1,15,7]_[14209,47570]",0.4
"/data_g1/AI_projects/raw_data/PCITB_CRC/HE_raw_images/Tumor/TMA14/TMA 14 Level 16_Core[1,9,15]_[14187,49625].tif",FALSE,"/data_g1/AI_projects/projects/Immune_Cell_Prediction_WK/DIR/nhs/TMA 14 Level 16_Core[1,9,15]_[14187,49625]",0.4
"/data_g1/AI_projects/raw_data/PCITB_CRC/HE_raw_images/Tumor/TMA14/TMA 14 Level 16_Core[1,1,16]_[21506,50565].tif",FALSE,"/data_g1/AI_projects/projects/Immune_Cell_Prediction_WK/DIR/nhs/TMA 14 Level 16_Core[1,1,16]_[21506,50565]",0.4
"/data_g1/AI_projects/raw_data/PCITB_CRC/HE_raw_images/Tumor/TMA14/TMA 14 Level 1_Core[1,16,11]_[10945,48461].tif",FALSE,"/data_g1/AI_projects/projects/Immune_Cell_Prediction_WK/DIR/nhs/TMA 14 Level 1_Core[1,16,11]_[10945,48461]",0.4
"/data_g1/AI_projects/raw_data/PCITB_CRC/HE_raw_images/Tumor/TMA14/TMA 14 Level 16_Core[1,11,16]_[12233,50441].tif",FALSE,"/data_g1/AI_projects/projects/Immune_Cell_Prediction_WK/DIR/nhs/TMA 14 Level 16_Core[1,11,16]_[12233,50441]",0.4
"/data_g1/AI_projects/raw_data/PCITB_CRC/HE_raw_images/Tumor/TMA14/TMA 14 Level 1_Core[1,16,13]_[8818,48238].tif",FALSE,"/data_g1/AI_projects/projects/Immune_Cell_Prediction_WK/DIR/nhs/TMA 14 Level 1_Core[1,16,13]_[8818,48238]",0.4
"/data_g1/AI_projects/raw_data/PCITB_CRC/HE_raw_images/Tumor/TMA14/TMA 14 Level 16_Core[1,13,16]_[10477,50144].tif",FALSE,"/data_g1/AI_projects/projects/Immune_Cell_Prediction_WK/DIR/nhs/TMA 14 Level 16_Core[1,13,16]_[10477,50144]",0.4
"/data_g1/AI_projects/raw_data/PCITB_CRC/HE_raw_images/Tumor/TMA14/TMA 14 Level 1_Core[1,16,15]_[7013,48114].tif",FALSE,"/data_g1/AI_projects/projects/Immune_Cell_Prediction_WK/DIR/nhs/TMA 14 Level 1_Core[1,16,15]_[7013,48114]",0.4
"/data_g1/AI_projects/raw_data/PCITB_CRC/HE_raw_images/Tumor/TMA14/TMA 14 Level 16_Core[1,15,16]_[8648,50243].tif",FALSE,"/data_g1/AI_projects/projects/Immune_Cell_Prediction_WK/DIR/nhs/TMA 14 Level 16_Core[1,15,16]_[8648,50243]",0.4
"/data_g1/AI_projects/raw_data/PCITB_CRC/HE_raw_images/Tumor/TMA14/TMA 14 Level 1_Core[1,16,16]_[6148,48114].tif",FALSE,"/data_g1/AI_projects/projects/Immune_Cell_Prediction_WK/DIR/nhs/TMA 14 Level 1_Core[1,16,16]_[6148,48114]",0.4
"/data_g1/AI_projects/raw_data/PCITB_CRC/HE_raw_images/Tumor/TMA14/TMA 14 Level 16_Core[1,16,16]_[7757,50318].tif",FALSE,"/data_g1/AI_projects/projects/Immune_Cell_Prediction_WK/DIR/nhs/TMA 14 Level 16_Core[1,16,16]_[7757,50318]",0.4
"/data_g1/AI_projects/raw_data/PCITB_CRC/HE_raw_images/Tumor/TMA14/TMA 14 Level 16_Core[1,19,16]_[4716,50392].tif",FALSE,"/data_g1/AI_projects/projects/Immune_Cell_Prediction_WK/DIR/nhs/TMA 14 Level 16_Core[1,19,16]_[4716,50392]",0.4
"/data_g1/AI_projects/raw_data/PCITB_CRC/HE_raw_images/Tumor/TMA14/TMA 14 Level 1_Core[1,16,19]_[3165,47540].tif",FALSE,"/data_g1/AI_projects/projects/Immune_Cell_Prediction_WK/DIR/nhs/TMA 14 Level 1_Core[1,16,19]_[3165,47540]",0.4
"/data_g1/AI_projects/raw_data/PCITB_CRC/HE_raw_images/Tumor/TMA14/TMA 14 Level 16_Core[1,2,16]_[20591,50515].tif",FALSE,"/data_g1/AI_projects/projects/Immune_Cell_Prediction_WK/DIR/nhs/TMA 14 Level 16_Core[1,2,16]_[20591,50515]",0.4
"/data_g1/AI_projects/raw_data/PCITB_CRC/HE_raw_images/Tumor/TMA14/TMA 14 Level 1_Core[1,16,2]_[18784,48881].tif",FALSE,"/data_g1/AI_projects/projects/Immune_Cell_Prediction_WK/DIR/nhs/TMA 14 Level 1_Core[1,16,2]_[18784,48881]",0.4
"/data_g1/AI_projects/raw_data/PCITB_CRC/HE_raw_images/Tumor/TMA14/TMA 14 Level 1_Core[1,16,4]_[17028,48733].tif",FALSE,"/data_g1/AI_projects/projects/Immune_Cell_Prediction_WK/DIR/nhs/TMA 14 Level 1_Core[1,16,4]_[17028,48733]",0.4
"/data_g1/AI_projects/raw_data/PCITB_CRC/HE_raw_images/Tumor/TMA14/TMA 14 Level 16_Core[1,4,16]_[18811,50416].tif",FALSE,"/data_g1/AI_projects/projects/Immune_Cell_Prediction_WK/DIR/nhs/TMA 14 Level 16_Core[1,4,16]_[18811,50416]",0.4
"/data_g1/AI_projects/raw_data/PCITB_CRC/HE_raw_images/Tumor/TMA14/TMA 14 Level 16_Core[1,5,16]_[17920,50416].tif",FALSE,"/data_g1/AI_projects/projects/Immune_Cell_Prediction_WK/DIR/nhs/TMA 14 Level 16_Core[1,5,16]_[17920,50416]",0.4
"/data_g1/AI_projects/raw_data/PCITB_CRC/HE_raw_images/Tumor/TMA14/TMA 14 Level 1_Core[1,16,5]_[16138,48782].tif",FALSE,"/data_g1/AI_projects/projects/Immune_Cell_Prediction_WK/DIR/nhs/TMA 14 Level 1_Core[1,16,5]_[16138,48782]",0.4
"/data_g1/AI_projects/raw_data/PCITB_CRC/HE_raw_images/Tumor/TMA14/TMA 14 Level 16_Core[1,9,16]_[14187,50515].tif",FALSE,"/data_g1/AI_projects/projects/Immune_Cell_Prediction_WK/DIR/nhs/TMA 14 Level 16_Core[1,9,16]_[14187,50515]",0.4
"/data_g1/AI_projects/raw_data/PCITB_CRC/HE_raw_images/Tumor/TMA14/TMA 14 Level 16_Core[1,10,17]_[13346,51183].tif",FALSE,"/data_g1/AI_projects/projects/Immune_Cell_Prediction_WK/DIR/nhs/TMA 14 Level 16_Core[1,10,17]_[13346,51183]",0.4
"/data_g1/AI_projects/raw_data/PCITB_CRC/HE_raw_images/Tumor/TMA14/TMA 14 Level 1_Core[1,17,10]_[11538,49252].tif",FALSE,"/data_g1/AI_projects/projects/Immune_Cell_Prediction_WK/DIR/nhs/TMA 14 Level 1_Core[1,17,10]_[11538,49252]",0.4
"/data_g1/AI_projects/raw_data/PCITB_CRC/HE_raw_images/Tumor/TMA14/TMA 14 Level 1_Core[1,17,12]_[9733,49178].tif",FALSE,"/data_g1/AI_projects/projects/Immune_Cell_Prediction_WK/DIR/nhs/TMA 14 Level 1_Core[1,17,12]_[9733,49178]",0.4
"/data_g1/AI_projects/raw_data/PCITB_CRC/HE_raw_images/Tumor/TMA14/TMA 14 Level 16_Core[1,14,17]_[9612,51059].tif",FALSE,"/data_g1/AI_projects/projects/Immune_Cell_Prediction_WK/DIR/nhs/TMA 14 Level 16_Core[1,14,17]_[9612,51059]",0.4
"/data_g1/AI_projects/raw_data/PCITB_CRC/HE_raw_images/Tumor/TMA14/TMA 14 Level 1_Core[1,17,14]_[7928,49029].tif",FALSE,"/data_g1/AI_projects/projects/Immune_Cell_Prediction_WK/DIR/nhs/TMA 14 Level 1_Core[1,17,14]_[7928,49029]",0.4
"/data_g1/AI_projects/raw_data/PCITB_CRC/HE_raw_images/Tumor/TMA14/TMA 14 Level 16_Core[1,15,17]_[8722,51035].tif",FALSE,"/data_g1/AI_projects/projects/Immune_Cell_Prediction_WK/DIR/nhs/TMA 14 Level 16_Core[1,15,17]_[8722,51035]",0.4
"/data_g1/AI_projects/raw_data/PCITB_CRC/HE_raw_images/Tumor/TMA14/TMA 14 Level 1_Core[1,17,15]_[7013,49005].tif",FALSE,"/data_g1/AI_projects/projects/Immune_Cell_Prediction_WK/DIR/nhs/TMA 14 Level 1_Core[1,17,15]_[7013,49005]",0.4
"/data_g1/AI_projects/raw_data/PCITB_CRC/HE_raw_images/Tumor/TMA14/TMA 14 Level 1_Core[1,17,17]_[5233,48906].tif",FALSE,"/data_g1/AI_projects/projects/Immune_Cell_Prediction_WK/DIR/nhs/TMA 14 Level 1_Core[1,17,17]_[5233,48906]",0.4
"/data_g1/AI_projects/raw_data/PCITB_CRC/HE_raw_images/Tumor/TMA14/TMA 14 Level 16_Core[1,17,17]_[6917,51084].tif",FALSE,"/data_g1/AI_projects/projects/Immune_Cell_Prediction_WK/DIR/nhs/TMA 14 Level 16_Core[1,17,17]_[6917,51084]",0.4
"/data_g1/AI_projects/raw_data/PCITB_CRC/HE_raw_images/Tumor/TMA14/TMA 14 Level 1_Core[1,17,18]_[4268,48906].tif",FALSE,"/data_g1/AI_projects/projects/Immune_Cell_Prediction_WK/DIR/nhs/TMA 14 Level 1_Core[1,17,18]_[4268,48906]",0.4
"/data_g1/AI_projects/raw_data/PCITB_CRC/HE_raw_images/Tumor/TMA14/TMA 14 Level 16_Core[1,18,17]_[5927,51158].tif",FALSE,"/data_g1/AI_projects/projects/Immune_Cell_Prediction_WK/DIR/nhs/TMA 14 Level 16_Core[1,18,17]_[5927,51158]",0.4
"/data_g1/AI_projects/raw_data/PCITB_CRC/HE_raw_images/Tumor/TMA14/TMA 14 Level 16_Core[1,3,17]_[19726,51232].tif",FALSE,"/data_g1/AI_projects/projects/Immune_Cell_Prediction_WK/DIR/nhs/TMA 14 Level 16_Core[1,3,17]_[19726,51232]",0.4
"/data_g1/AI_projects/raw_data/PCITB_CRC/HE_raw_images/Tumor/TMA14/TMA 14 Level 1_Core[1,17,3]_[17918,49672].tif",FALSE,"/data_g1/AI_projects/projects/Immune_Cell_Prediction_WK/DIR/nhs/TMA 14 Level 1_Core[1,17,3]_[17918,49672]",0.4
"/data_g1/AI_projects/raw_data/PCITB_CRC/HE_raw_images/Tumor/TMA14/TMA 14 Level 16_Core[1,8,17]_[15151,51257].tif",FALSE,"/data_g1/AI_projects/projects/Immune_Cell_Prediction_WK/DIR/nhs/TMA 14 Level 16_Core[1,8,17]_[15151,51257]",0.4
"/data_g1/AI_projects/raw_data/PCITB_CRC/HE_raw_images/Tumor/TMA14/TMA 14 Level 1_Core[1,17,8]_[13269,49425].tif",FALSE,"/data_g1/AI_projects/projects/Immune_Cell_Prediction_WK/DIR/nhs/TMA 14 Level 1_Core[1,17,8]_[13269,49425]",0.4
"/data_g1/AI_projects/raw_data/PCITB_CRC/HE_raw_images/Tumor/TMA14/TMA 14 Level 1_Core[1,18,10]_[11489,50117].tif",FALSE,"/data_g1/AI_projects/projects/Immune_Cell_Prediction_WK/DIR/nhs/TMA 14 Level 1_Core[1,18,10]_[11489,50117]",0.4
"/data_g1/AI_projects/raw_data/PCITB_CRC/HE_raw_images/Tumor/TMA14/TMA 14 Level 16_Core[1,10,18]_[13272,51925].tif",FALSE,"/data_g1/AI_projects/projects/Immune_Cell_Prediction_WK/DIR/nhs/TMA 14 Level 16_Core[1,10,18]_[13272,51925]",0.4
"/data_g1/AI_projects/raw_data/PCITB_CRC/HE_raw_images/Tumor/TMA14/TMA 14 Level 1_Core[1,18,12]_[9684,50043].tif",FALSE,"/data_g1/AI_projects/projects/Immune_Cell_Prediction_WK/DIR/nhs/TMA 14 Level 1_Core[1,18,12]_[9684,50043]",0.4
"/data_g1/AI_projects/raw_data/PCITB_CRC/HE_raw_images/Tumor/TMA14/TMA 14 Level 16_Core[1,12,18]_[11466,51925].tif",FALSE,"/data_g1/AI_projects/projects/Immune_Cell_Prediction_WK/DIR/nhs/TMA 14 Level 16_Core[1,12,18]_[11466,51925]",0.4
"/data_g1/AI_projects/raw_data/PCITB_CRC/HE_raw_images/Tumor/TMA14/TMA 14 Level 1_Core[1,18,14]_[7879,49944].tif",FALSE,"/data_g1/AI_projects/projects/Immune_Cell_Prediction_WK/DIR/nhs/TMA 14 Level 1_Core[1,18,14]_[7879,49944]",0.4
"/data_g1/AI_projects/raw_data/PCITB_CRC/HE_raw_images/Tumor/TMA14/TMA 14 Level 16_Core[1,14,18]_[9637,51925].tif",FALSE,"/data_g1/AI_projects/projects/Immune_Cell_Prediction_WK/DIR/nhs/TMA 14 Level 16_Core[1,14,18]_[9637,51925]",0.4
"/data_g1/AI_projects/raw_data/PCITB_CRC/HE_raw_images/Tumor/TMA14/TMA 14 Level 1_Core[1,18,15]_[6939,49870].tif",FALSE,"/data_g1/AI_projects/projects/Immune_Cell_Prediction_WK/DIR/nhs/TMA 14 Level 1_Core[1,18,15]_[6939,49870]",0.4
"/data_g1/AI_projects/raw_data/PCITB_CRC/HE_raw_images/Tumor/TMA14/TMA 14 Level 16_Core[1,15,18]_[8573,51900].tif",FALSE,"/data_g1/AI_projects/projects/Immune_Cell_Prediction_WK/DIR/nhs/TMA 14 Level 16_Core[1,15,18]_[8573,51900]",0.4
"/data_g1/AI_projects/raw_data/PCITB_CRC/HE_raw_images/Tumor/TMA14/TMA 14 Level 16_Core[1,17,18]_[6842,51875].tif",FALSE,"/data_g1/AI_projects/projects/Immune_Cell_Prediction_WK/DIR/nhs/TMA 14 Level 16_Core[1,17,18]_[6842,51875]",0.4
"/data_g1/AI_projects/raw_data/PCITB_CRC/HE_raw_images/Tumor/TMA14/TMA 14 Level 1_Core[1,18,17]_[5109,49771].tif",FALSE,"/data_g1/AI_projects/projects/Immune_Cell_Prediction_WK/DIR/nhs/TMA 14 Level 1_Core[1,18,17]_[5109,49771]",0.4
"/data_g1/AI_projects/raw_data/PCITB_CRC/HE_raw_images/Tumor/TMA14/TMA 14 Level 16_Core[1,18,18]_[5878,51974].tif",FALSE,"/data_g1/AI_projects/projects/Immune_Cell_Prediction_WK/DIR/nhs/TMA 14 Level 16_Core[1,18,18]_[5878,51974]",0.4
"/data_g1/AI_projects/raw_data/PCITB_CRC/HE_raw_images/Tumor/TMA14/TMA 14 Level 1_Core[1,18,18]_[4169,49746].tif",FALSE,"/data_g1/AI_projects/projects/Immune_Cell_Prediction_WK/DIR/nhs/TMA 14 Level 1_Core[1,18,18]_[4169,49746]",0.4
"/data_g1/AI_projects/raw_data/PCITB_CRC/HE_raw_images/Tumor/TMA14/TMA 14 Level 1_Core[1,18,3]_[17819,50513].tif",FALSE,"/data_g1/AI_projects/projects/Immune_Cell_Prediction_WK/DIR/nhs/TMA 14 Level 1_Core[1,18,3]_[17819,50513]",0.4
"/data_g1/AI_projects/raw_data/PCITB_CRC/HE_raw_images/Tumor/TMA14/TMA 14 Level 16_Core[1,3,18]_[19651,51974].tif",FALSE,"/data_g1/AI_projects/projects/Immune_Cell_Prediction_WK/DIR/nhs/TMA 14 Level 16_Core[1,3,18]_[19651,51974]",0.4
"/data_g1/AI_projects/raw_data/PCITB_CRC/HE_raw_images/Tumor/TMA14/TMA 14 Level 1_Core[1,18,8]_[13368,50290].tif",FALSE,"/data_g1/AI_projects/projects/Immune_Cell_Prediction_WK/DIR/nhs/TMA 14 Level 1_Core[1,18,8]_[13368,50290]",0.4
"/data_g1/AI_projects/raw_data/PCITB_CRC/HE_raw_images/Tumor/TMA14/TMA 14 Level 16_Core[1,8,18]_[15176,51974].tif",FALSE,"/data_g1/AI_projects/projects/Immune_Cell_Prediction_WK/DIR/nhs/TMA 14 Level 16_Core[1,8,18]_[15176,51974]",0.4
"/data_g1/AI_projects/raw_data/PCITB_CRC/HE_raw_images/Tumor/TMA14/TMA 14 Level 1_Core[1,18,9]_[12404,50167].tif",FALSE,"/data_g1/AI_projects/projects/Immune_Cell_Prediction_WK/DIR/nhs/TMA 14 Level 1_Core[1,18,9]_[12404,50167]",0.4
"/data_g1/AI_projects/raw_data/PCITB_CRC/HE_raw_images/Tumor/TMA14/TMA 14 Level 16_Core[1,11,19]_[12361,52581].tif",FALSE,"/data_g1/AI_projects/projects/Immune_Cell_Prediction_WK/DIR/nhs/TMA 14 Level 16_Core[1,11,19]_[12361,52581]",0.4
"/data_g1/AI_projects/raw_data/PCITB_CRC/HE_raw_images/Tumor/TMA14/TMA 14 Level 1_Core[1,19,11]_[10524,50884].tif",FALSE,"/data_g1/AI_projects/projects/Immune_Cell_Prediction_WK/DIR/nhs/TMA 14 Level 1_Core[1,19,11]_[10524,50884]",0.4
"/data_g1/AI_projects/raw_data/PCITB_CRC/HE_raw_images/Tumor/TMA14/TMA 14 Level 16_Core[1,13,19]_[10502,52716].tif",FALSE,"/data_g1/AI_projects/projects/Immune_Cell_Prediction_WK/DIR/nhs/TMA 14 Level 16_Core[1,13,19]_[10502,52716]",0.4
"/data_g1/AI_projects/raw_data/PCITB_CRC/HE_raw_images/Tumor/TMA14/TMA 14 Level 1_Core[1,19,16]_[5925,50612].tif",FALSE,"/data_g1/AI_projects/projects/Immune_Cell_Prediction_WK/DIR/nhs/TMA 14 Level 1_Core[1,19,16]_[5925,50612]",0.4
"/data_g1/AI_projects/raw_data/PCITB_CRC/HE_raw_images/Tumor/TMA14/TMA 14 Level 16_Core[1,16,19]_[7782,52617].tif",FALSE,"/data_g1/AI_projects/projects/Immune_Cell_Prediction_WK/DIR/nhs/TMA 14 Level 16_Core[1,16,19]_[7782,52617]",0.4
"/data_g1/AI_projects/raw_data/PCITB_CRC/HE_raw_images/Tumor/TMA14/TMA 14 Level 1_Core[1,19,17]_[4961,50612].tif",FALSE,"/data_g1/AI_projects/projects/Immune_Cell_Prediction_WK/DIR/nhs/TMA 14 Level 1_Core[1,19,17]_[4961,50612]",0.4
"/data_g1/AI_projects/raw_data/PCITB_CRC/HE_raw_images/Tumor/TMA14/TMA 14 Level 16_Core[1,4,19]_[18712,52691].tif",FALSE,"/data_g1/AI_projects/projects/Immune_Cell_Prediction_WK/DIR/nhs/TMA 14 Level 16_Core[1,4,19]_[18712,52691]",0.4
"/data_g1/AI_projects/raw_data/PCITB_CRC/HE_raw_images/Tumor/TMA14/TMA 14 Level 1_Core[1,19,4]_[16880,51329].tif",FALSE,"/data_g1/AI_projects/projects/Immune_Cell_Prediction_WK/DIR/nhs/TMA 14 Level 1_Core[1,19,4]_[16880,51329]",0.4
"/data_g1/AI_projects/raw_data/PCITB_CRC/HE_raw_images/Tumor/TMA14/TMA 14 Level 1_Core[1,19,6]_[15173,51255].tif",FALSE,"/data_g1/AI_projects/projects/Immune_Cell_Prediction_WK/DIR/nhs/TMA 14 Level 1_Core[1,19,6]_[15173,51255]",0.4
"/data_g1/AI_projects/raw_data/PCITB_CRC/HE_raw_images/Tumor/TMA14/TMA 14 Level 16_Core[1,6,19]_[16981,52691].tif",FALSE,"/data_g1/AI_projects/projects/Immune_Cell_Prediction_WK/DIR/nhs/TMA 14 Level 16_Core[1,6,19]_[16981,52691]",0.4
"/data_g1/AI_projects/raw_data/PCITB_CRC/HE_raw_images/Tumor/TMA14/TMA 14 Level 1_Core[1,19,7]_[14234,51131].tif",FALSE,"/data_g1/AI_projects/projects/Immune_Cell_Prediction_WK/DIR/nhs/TMA 14 Level 1_Core[1,19,7]_[14234,51131]",0.4
"/data_g1/AI_projects/raw_data/PCITB_CRC/HE_raw_images/Tumor/TMA14/TMA 14 Level 16_Core[1,7,19]_[16041,52667].tif",FALSE,"/data_g1/AI_projects/projects/Immune_Cell_Prediction_WK/DIR/nhs/TMA 14 Level 16_Core[1,7,19]_[16041,52667]",0.4
"/data_g1/AI_projects/raw_data/PCITB_CRC/HE_raw_images/Tumor/TMA14/TMA 14 Level 1_Core[1,19,9]_[12330,51057].tif",FALSE,"/data_g1/AI_projects/projects/Immune_Cell_Prediction_WK/DIR/nhs/TMA 14 Level 1_Core[1,19,9]_[12330,51057]",0.4
"/data_g1/AI_projects/raw_data/PCITB_CRC/HE_raw_images/Tumor/TMA14/TMA 14 Level 16_Core[1,9,19]_[14137,52691].tif",FALSE,"/data_g1/AI_projects/projects/Immune_Cell_Prediction_WK/DIR/nhs/TMA 14 Level 16_Core[1,9,19]_[14137,52691]",0.4
"/data_g1/AI_projects/raw_data/PCITB_CRC/HE_raw_images/Tumor/TMA14/TMA 14 Level 16_Core[1,10,2]_[13308,39573].tif",FALSE,"/data_g1/AI_projects/projects/Immune_Cell_Prediction_WK/DIR/nhs/TMA 14 Level 16_Core[1,10,2]_[13308,39573]",0.4
"/data_g1/AI_projects/raw_data/PCITB_CRC/HE_raw_images/Tumor/TMA14/TMA 14 Level 1_Core[1,2,10]_[11638,36629].tif",FALSE,"/data_g1/AI_projects/projects/Immune_Cell_Prediction_WK/DIR/nhs/TMA 14 Level 1_Core[1,2,10]_[11638,36629]",0.4
"/data_g1/AI_projects/raw_data/PCITB_CRC/HE_raw_images/Tumor/TMA14/TMA 14 Level 16_Core[1,15,2]_[8981,39449].tif",FALSE,"/data_g1/AI_projects/projects/Immune_Cell_Prediction_WK/DIR/nhs/TMA 14 Level 16_Core[1,15,2]_[8981,39449]",0.4
"/data_g1/AI_projects/raw_data/PCITB_CRC/HE_raw_images/Tumor/TMA14/TMA 14 Level 16_Core[1,17,2]_[7003,39474].tif",FALSE,"/data_g1/AI_projects/projects/Immune_Cell_Prediction_WK/DIR/nhs/TMA 14 Level 16_Core[1,17,2]_[7003,39474]",0.4
"/data_g1/AI_projects/raw_data/PCITB_CRC/HE_raw_images/Tumor/TMA14/TMA 14 Level 1_Core[1,2,17]_[5421,36618].tif",FALSE,"/data_g1/AI_projects/projects/Immune_Cell_Prediction_WK/DIR/nhs/TMA 14 Level 1_Core[1,2,17]_[5421,36618]",0.4
"/data_g1/AI_projects/raw_data/PCITB_CRC/HE_raw_images/Tumor/TMA14/TMA 14 Level 16_Core[1,19,2]_[5148,39647].tif",FALSE,"/data_g1/AI_projects/projects/Immune_Cell_Prediction_WK/DIR/nhs/TMA 14 Level 16_Core[1,19,2]_[5148,39647]",0.4
"/data_g1/AI_projects/raw_data/PCITB_CRC/HE_raw_images/Tumor/TMA14/TMA 14 Level 1_Core[1,2,19]_[3492,36717].tif",FALSE,"/data_g1/AI_projects/projects/Immune_Cell_Prediction_WK/DIR/nhs/TMA 14 Level 1_Core[1,2,19]_[3492,36717]",0.4
"/data_g1/AI_projects/raw_data/PCITB_CRC/HE_raw_images/Tumor/TMA14/TMA 14 Level 1_Core[1,2,2]_[19229,37531].tif",FALSE,"/data_g1/AI_projects/projects/Immune_Cell_Prediction_WK/DIR/nhs/TMA 14 Level 1_Core[1,2,2]_[19229,37531]",0.4
"/data_g1/AI_projects/raw_data/PCITB_CRC/HE_raw_images/Tumor/TMA14/TMA 14 Level 16_Core[1,4,2]_[18674,39993].tif",FALSE,"/data_g1/AI_projects/projects/Immune_Cell_Prediction_WK/DIR/nhs/TMA 14 Level 16_Core[1,4,2]_[18674,39993]",0.4
"/data_g1/AI_projects/raw_data/PCITB_CRC/HE_raw_images/Tumor/TMA14/TMA 14 Level 1_Core[1,2,4]_[16831,36827].tif",FALSE,"/data_g1/AI_projects/projects/Immune_Cell_Prediction_WK/DIR/nhs/TMA 14 Level 1_Core[1,2,4]_[16831,36827]",0.4
"/data_g1/AI_projects/raw_data/PCITB_CRC/HE_raw_images/Tumor/TMA14/TMA 14 Level 16_Core[1,5,2]_[17809,39919].tif",FALSE,"/data_g1/AI_projects/projects/Immune_Cell_Prediction_WK/DIR/nhs/TMA 14 Level 16_Core[1,5,2]_[17809,39919]",0.4
"/data_g1/AI_projects/raw_data/PCITB_CRC/HE_raw_images/Tumor/TMA14/TMA 14 Level 1_Core[1,2,5]_[16040,36802].tif",FALSE,"/data_g1/AI_projects/projects/Immune_Cell_Prediction_WK/DIR/nhs/TMA 14 Level 1_Core[1,2,5]_[16040,36802]",0.4
"/data_g1/AI_projects/raw_data/PCITB_CRC/HE_raw_images/Tumor/TMA14/TMA 14 Level 16_Core[1,6,2]_[16968,39845].tif",FALSE,"/data_g1/AI_projects/projects/Immune_Cell_Prediction_WK/DIR/nhs/TMA 14 Level 16_Core[1,6,2]_[16968,39845]",0.4
"/data_g1/AI_projects/raw_data/PCITB_CRC/HE_raw_images/Tumor/TMA14/TMA 14 Level 1_Core[1,2,8]_[13419,36704].tif",FALSE,"/data_g1/AI_projects/projects/Immune_Cell_Prediction_WK/DIR/nhs/TMA 14 Level 1_Core[1,2,8]_[13419,36704]",0.4
"/data_g1/AI_projects/raw_data/PCITB_CRC/HE_raw_images/Tumor/TMA14/TMA 14 Level 16_Core[1,8,2]_[15114,39697].tif",FALSE,"/data_g1/AI_projects/projects/Immune_Cell_Prediction_WK/DIR/nhs/TMA 14 Level 16_Core[1,8,2]_[15114,39697]",0.4
"/data_g1/AI_projects/raw_data/PCITB_CRC/HE_raw_images/Tumor/TMA14/TMA 14 Level 16_Core[1,9,2]_[14223,39672].tif",FALSE,"/data_g1/AI_projects/projects/Immune_Cell_Prediction_WK/DIR/nhs/TMA 14 Level 16_Core[1,9,2]_[14223,39672]",0.4
"/data_g1/AI_projects/raw_data/PCITB_CRC/HE_raw_images/Tumor/TMA14/TMA 14 Level 1_Core[2,20,1]_[19417,52494].tif",FALSE,"/data_g1/AI_projects/projects/Immune_Cell_Prediction_WK/DIR/nhs/TMA 14 Level 1_Core[2,20,1]_[19417,52494]",0.4
"/data_g1/AI_projects/raw_data/PCITB_CRC/HE_raw_images/Tumor/TMA14/TMA 14 Level 1_Core[1,20,11]_[10475,51774].tif",FALSE,"/data_g1/AI_projects/projects/Immune_Cell_Prediction_WK/DIR/nhs/TMA 14 Level 1_Core[1,20,11]_[10475,51774]",0.4
"/data_g1/AI_projects/raw_data/PCITB_CRC/HE_raw_images/Tumor/TMA14/TMA 14 Level 16_Core[1,11,20]_[12381,53458].tif",FALSE,"/data_g1/AI_projects/projects/Immune_Cell_Prediction_WK/DIR/nhs/TMA 14 Level 16_Core[1,11,20]_[12381,53458]",0.4
"/data_g1/AI_projects/raw_data/PCITB_CRC/HE_raw_images/Tumor/TMA14/TMA 14 Level 16_Core[1,13,20]_[10552,53458].tif",FALSE,"/data_g1/AI_projects/projects/Immune_Cell_Prediction_WK/DIR/nhs/TMA 14 Level 16_Core[1,13,20]_[10552,53458]",0.4
"/data_g1/AI_projects/raw_data/PCITB_CRC/HE_raw_images/Tumor/TMA14/TMA 14 Level 1_Core[1,20,13]_[8645,51601].tif",FALSE,"/data_g1/AI_projects/projects/Immune_Cell_Prediction_WK/DIR/nhs/TMA 14 Level 1_Core[1,20,13]_[8645,51601]",0.4
"/data_g1/AI_projects/raw_data/PCITB_CRC/HE_raw_images/Tumor/TMA14/TMA 14 Level 1_Core[1,20,16]_[5826,51527].tif",FALSE,"/data_g1/AI_projects/projects/Immune_Cell_Prediction_WK/DIR/nhs/TMA 14 Level 1_Core[1,20,16]_[5826,51527]",0.4
"/data_g1/AI_projects/raw_data/PCITB_CRC/HE_raw_images/Tumor/TMA14/TMA 14 Level 16_Core[1,16,20]_[7658,53656].tif",FALSE,"/data_g1/AI_projects/projects/Immune_Cell_Prediction_WK/DIR/nhs/TMA 14 Level 16_Core[1,16,20]_[7658,53656]",0.4
"/data_g1/AI_projects/raw_data/PCITB_CRC/HE_raw_images/Tumor/TMA14/TMA 14 Level 1_Core[1,20,4]_[16756,52145].tif",FALSE,"/data_g1/AI_projects/projects/Immune_Cell_Prediction_WK/DIR/nhs/TMA 14 Level 1_Core[1,20,4]_[16756,52145]",0.4
"/data_g1/AI_projects/raw_data/PCITB_CRC/HE_raw_images/Tumor/TMA14/TMA 14 Level 16_Core[1,4,20]_[18662,53483].tif",FALSE,"/data_g1/AI_projects/projects/Immune_Cell_Prediction_WK/DIR/nhs/TMA 14 Level 16_Core[1,4,20]_[18662,53483]",0.4
"/data_g1/AI_projects/raw_data/PCITB_CRC/HE_raw_images/Tumor/TMA14/TMA 14 Level 1_Core[1,20,6]_[14951,52071].tif",FALSE,"/data_g1/AI_projects/projects/Immune_Cell_Prediction_WK/DIR/nhs/TMA 14 Level 1_Core[1,20,6]_[14951,52071]",0.4
"/data_g1/AI_projects/raw_data/PCITB_CRC/HE_raw_images/Tumor/TMA14/TMA 14 Level 16_Core[1,6,20]_[16882,53483].tif",FALSE,"/data_g1/AI_projects/projects/Immune_Cell_Prediction_WK/DIR/nhs/TMA 14 Level 16_Core[1,6,20]_[16882,53483]",0.4
"/data_g1/AI_projects/raw_data/PCITB_CRC/HE_raw_images/Tumor/TMA14/TMA 14 Level 16_Core[1,7,20]_[15942,53483].tif",FALSE,"/data_g1/AI_projects/projects/Immune_Cell_Prediction_WK/DIR/nhs/TMA 14 Level 16_Core[1,7,20]_[15942,53483]",0.4
"/data_g1/AI_projects/raw_data/PCITB_CRC/HE_raw_images/Tumor/TMA14/TMA 14 Level 1_Core[1,20,7]_[14061,52071].tif",FALSE,"/data_g1/AI_projects/projects/Immune_Cell_Prediction_WK/DIR/nhs/TMA 14 Level 1_Core[1,20,7]_[14061,52071]",0.4
"/data_g1/AI_projects/raw_data/PCITB_CRC/HE_raw_images/Tumor/TMA14/TMA 14 Level 1_Core[1,20,9]_[12206,51922].tif",FALSE,"/data_g1/AI_projects/projects/Immune_Cell_Prediction_WK/DIR/nhs/TMA 14 Level 1_Core[1,20,9]_[12206,51922]",0.4
"/data_g1/AI_projects/raw_data/PCITB_CRC/HE_raw_images/Tumor/TMA14/TMA 14 Level 16_Core[1,9,20]_[14088,53508].tif",FALSE,"/data_g1/AI_projects/projects/Immune_Cell_Prediction_WK/DIR/nhs/TMA 14 Level 16_Core[1,9,20]_[14088,53508]",0.4
"/data_g1/AI_projects/raw_data/PCITB_CRC/HE_raw_images/Tumor/TMA14/TMA 14 Level 16_Core[1,11,22]_[12122,54682].tif",FALSE,"/data_g1/AI_projects/projects/Immune_Cell_Prediction_WK/DIR/nhs/TMA 14 Level 16_Core[1,11,22]_[12122,54682]",0.4
"/data_g1/AI_projects/raw_data/PCITB_CRC/HE_raw_images/Tumor/TMA14/TMA 14 Level 1_Core[1,22,11]_[10189,53021].tif",FALSE,"/data_g1/AI_projects/projects/Immune_Cell_Prediction_WK/DIR/nhs/TMA 14 Level 1_Core[1,22,11]_[10189,53021]",0.4
"/data_g1/AI_projects/raw_data/PCITB_CRC/HE_raw_images/Tumor/TMA14/TMA 14 Level 16_Core[1,12,22]_[11306,54608].tif",FALSE,"/data_g1/AI_projects/projects/Immune_Cell_Prediction_WK/DIR/nhs/TMA 14 Level 16_Core[1,12,22]_[11306,54608]",0.4
"/data_g1/AI_projects/raw_data/PCITB_CRC/HE_raw_images/Tumor/TMA14/TMA 14 Level 1_Core[1,22,12]_[9299,53071].tif",FALSE,"/data_g1/AI_projects/projects/Immune_Cell_Prediction_WK/DIR/nhs/TMA 14 Level 1_Core[1,22,12]_[9299,53071]",0.4
"/data_g1/AI_projects/raw_data/PCITB_CRC/HE_raw_images/Tumor/TMA14/TMA 14 Level 1_Core[1,22,15]_[6702,52873].tif",FALSE,"/data_g1/AI_projects/projects/Immune_Cell_Prediction_WK/DIR/nhs/TMA 14 Level 1_Core[1,22,15]_[6702,52873]",0.4
"/data_g1/AI_projects/raw_data/PCITB_CRC/HE_raw_images/Tumor/TMA14/TMA 14 Level 16_Core[1,15,22]_[8636,54658].tif",FALSE,"/data_g1/AI_projects/projects/Immune_Cell_Prediction_WK/DIR/nhs/TMA 14 Level 16_Core[1,15,22]_[8636,54658]",0.4
"/data_g1/AI_projects/raw_data/PCITB_CRC/HE_raw_images/Tumor/TMA14/TMA 14 Level 16_Core[1,19,22]_[4778,54608].tif",FALSE,"/data_g1/AI_projects/projects/Immune_Cell_Prediction_WK/DIR/nhs/TMA 14 Level 16_Core[1,19,22]_[4778,54608]",0.4
"/data_g1/AI_projects/raw_data/PCITB_CRC/HE_raw_images/Tumor/TMA14/TMA 14 Level 1_Core[1,22,19]_[2944,52601].tif",FALSE,"/data_g1/AI_projects/projects/Immune_Cell_Prediction_WK/DIR/nhs/TMA 14 Level 1_Core[1,22,19]_[2944,52601]",0.4
"/data_g1/AI_projects/raw_data/PCITB_CRC/HE_raw_images/Tumor/TMA14/TMA 14 Level 1_Core[1,22,4]_[16569,53639].tif",FALSE,"/data_g1/AI_projects/projects/Immune_Cell_Prediction_WK/DIR/nhs/TMA 14 Level 1_Core[1,22,4]_[16569,53639]",0.4
"/data_g1/AI_projects/raw_data/PCITB_CRC/HE_raw_images/Tumor/TMA14/TMA 14 Level 16_Core[1,4,22]_[18551,54682].tif",FALSE,"/data_g1/AI_projects/projects/Immune_Cell_Prediction_WK/DIR/nhs/TMA 14 Level 16_Core[1,4,22]_[18551,54682]",0.4
"/data_g1/AI_projects/raw_data/PCITB_CRC/HE_raw_images/Tumor/TMA14/TMA 14 Level 16_Core[1,6,22]_[16845,54732].tif",FALSE,"/data_g1/AI_projects/projects/Immune_Cell_Prediction_WK/DIR/nhs/TMA 14 Level 16_Core[1,6,22]_[16845,54732]",0.4
"/data_g1/AI_projects/raw_data/PCITB_CRC/HE_raw_images/Tumor/TMA14/TMA 14 Level 1_Core[1,22,6]_[14862,53516].tif",FALSE,"/data_g1/AI_projects/projects/Immune_Cell_Prediction_WK/DIR/nhs/TMA 14 Level 1_Core[1,22,6]_[14862,53516]",0.4
"/data_g1/AI_projects/raw_data/PCITB_CRC/HE_raw_images/Tumor/TMA14/TMA 14 Level 16_Core[1,7,22]_[16103,54608].tif",FALSE,"/data_g1/AI_projects/projects/Immune_Cell_Prediction_WK/DIR/nhs/TMA 14 Level 16_Core[1,7,22]_[16103,54608]",0.4
"/data_g1/AI_projects/raw_data/PCITB_CRC/HE_raw_images/Tumor/TMA14/TMA 14 Level 1_Core[1,22,7]_[13898,53417].tif",FALSE,"/data_g1/AI_projects/projects/Immune_Cell_Prediction_WK/DIR/nhs/TMA 14 Level 1_Core[1,22,7]_[13898,53417]",0.4
"/data_g1/AI_projects/raw_data/PCITB_CRC/HE_raw_images/Tumor/TMA14/TMA 14 Level 16_Core[1,9,22]_[14100,54757].tif",FALSE,"/data_g1/AI_projects/projects/Immune_Cell_Prediction_WK/DIR/nhs/TMA 14 Level 16_Core[1,9,22]_[14100,54757]",0.4
"/data_g1/AI_projects/raw_data/PCITB_CRC/HE_raw_images/Tumor/TMA14/TMA 14 Level 1_Core[1,22,9]_[12093,53318].tif",FALSE,"/data_g1/AI_projects/projects/Immune_Cell_Prediction_WK/DIR/nhs/TMA 14 Level 1_Core[1,22,9]_[12093,53318]",0.4
"/data_g1/AI_projects/raw_data/PCITB_CRC/HE_raw_images/Tumor/TMA14/TMA 14 Level 16_Core[1,11,23]_[12221,55573].tif",FALSE,"/data_g1/AI_projects/projects/Immune_Cell_Prediction_WK/DIR/nhs/TMA 14 Level 16_Core[1,11,23]_[12221,55573]",0.4
"/data_g1/AI_projects/raw_data/PCITB_CRC/HE_raw_images/Tumor/TMA14/TMA 14 Level 1_Core[1,23,11]_[10189,54159].tif",FALSE,"/data_g1/AI_projects/projects/Immune_Cell_Prediction_WK/DIR/nhs/TMA 14 Level 1_Core[1,23,11]_[10189,54159]",0.4
"/data_g1/AI_projects/raw_data/PCITB_CRC/HE_raw_images/Tumor/TMA14/TMA 14 Level 16_Core[1,15,23]_[8660,55523].tif",FALSE,"/data_g1/AI_projects/projects/Immune_Cell_Prediction_WK/DIR/nhs/TMA 14 Level 16_Core[1,15,23]_[8660,55523]",0.4
"/data_g1/AI_projects/raw_data/PCITB_CRC/HE_raw_images/Tumor/TMA14/TMA 14 Level 1_Core[1,23,15]_[6603,53738].tif",FALSE,"/data_g1/AI_projects/projects/Immune_Cell_Prediction_WK/DIR/nhs/TMA 14 Level 1_Core[1,23,15]_[6603,53738]",0.4
"/data_g1/AI_projects/raw_data/PCITB_CRC/HE_raw_images/Tumor/TMA14/TMA 14 Level 16_Core[1,2,23]_[20258,55375].tif",FALSE,"/data_g1/AI_projects/projects/Immune_Cell_Prediction_WK/DIR/nhs/TMA 14 Level 16_Core[1,2,23]_[20258,55375]",0.4
"/data_g1/AI_projects/raw_data/PCITB_CRC/HE_raw_images/Tumor/TMA14/TMA 14 Level 1_Core[1,23,2]_[18226,54604].tif",FALSE,"/data_g1/AI_projects/projects/Immune_Cell_Prediction_WK/DIR/nhs/TMA 14 Level 1_Core[1,23,2]_[18226,54604]",0.4
"/data_g1/AI_projects/raw_data/PCITB_CRC/HE_raw_images/Tumor/TMA14/TMA 14 Level 1_Core[1,23,4]_[16618,54505].tif",FALSE,"/data_g1/AI_projects/projects/Immune_Cell_Prediction_WK/DIR/nhs/TMA 14 Level 1_Core[1,23,4]_[16618,54505]",0.4
"/data_g1/AI_projects/raw_data/PCITB_CRC/HE_raw_images/Tumor/TMA14/TMA 14 Level 16_Core[1,4,23]_[18626,55375].tif",FALSE,"/data_g1/AI_projects/projects/Immune_Cell_Prediction_WK/DIR/nhs/TMA 14 Level 16_Core[1,4,23]_[18626,55375]",0.4
"/data_g1/AI_projects/raw_data/PCITB_CRC/HE_raw_images/Tumor/TMA14/TMA 14 Level 16_Core[1,6,23]_[16919,55498].tif",FALSE,"/data_g1/AI_projects/projects/Immune_Cell_Prediction_WK/DIR/nhs/TMA 14 Level 16_Core[1,6,23]_[16919,55498]",0.4
"/data_g1/AI_projects/raw_data/PCITB_CRC/HE_raw_images/Tumor/TMA14/TMA 14 Level 1_Core[1,23,6]_[14887,54381].tif",FALSE,"/data_g1/AI_projects/projects/Immune_Cell_Prediction_WK/DIR/nhs/TMA 14 Level 1_Core[1,23,6]_[14887,54381]",0.4
"/data_g1/AI_projects/raw_data/PCITB_CRC/HE_raw_images/Tumor/TMA14/TMA 14 Level 16_Core[1,7,23]_[15906,55548].tif",FALSE,"/data_g1/AI_projects/projects/Immune_Cell_Prediction_WK/DIR/nhs/TMA 14 Level 16_Core[1,7,23]_[15906,55548]",0.4
"/data_g1/AI_projects/raw_data/PCITB_CRC/HE_raw_images/Tumor/TMA14/TMA 14 Level 1_Core[1,23,9]_[11994,54307].tif",FALSE,"/data_g1/AI_projects/projects/Immune_Cell_Prediction_WK/DIR/nhs/TMA 14 Level 1_Core[1,23,9]_[11994,54307]",0.4
"/data_g1/AI_projects/raw_data/PCITB_CRC/HE_raw_images/Tumor/TMA14/TMA 14 Level 16_Core[1,9,23]_[14076,55548].tif",FALSE,"/data_g1/AI_projects/projects/Immune_Cell_Prediction_WK/DIR/nhs/TMA 14 Level 16_Core[1,9,23]_[14076,55548]",0.4
"/data_g1/AI_projects/raw_data/PCITB_CRC/HE_raw_images/Tumor/TMA14/TMA 14 Level 1_Core[1,24,1]_[19190,55469].tif",FALSE,"/data_g1/AI_projects/projects/Immune_Cell_Prediction_WK/DIR/nhs/TMA 14 Level 1_Core[1,24,1]_[19190,55469]",0.4
"/data_g1/AI_projects/raw_data/PCITB_CRC/HE_raw_images/Tumor/TMA14/TMA 14 Level 16_Core[1,1,24]_[21296,55993].tif",FALSE,"/data_g1/AI_projects/projects/Immune_Cell_Prediction_WK/DIR/nhs/TMA 14 Level 16_Core[1,1,24]_[21296,55993]",0.4
"/data_g1/AI_projects/raw_data/PCITB_CRC/HE_raw_images/Tumor/TMA14/TMA 14 Level 16_Core[1,10,24]_[13161,56413].tif",FALSE,"/data_g1/AI_projects/projects/Immune_Cell_Prediction_WK/DIR/nhs/TMA 14 Level 16_Core[1,10,24]_[13161,56413]",0.4
"/data_g1/AI_projects/raw_data/PCITB_CRC/HE_raw_images/Tumor/TMA14/TMA 14 Level 16_Core[1,11,24]_[12270,56438].tif",FALSE,"/data_g1/AI_projects/projects/Immune_Cell_Prediction_WK/DIR/nhs/TMA 14 Level 16_Core[1,11,24]_[12270,56438]",0.4
"/data_g1/AI_projects/raw_data/PCITB_CRC/HE_raw_images/Tumor/TMA14/TMA 14 Level 1_Core[1,24,14]_[7494,54727].tif",FALSE,"/data_g1/AI_projects/projects/Immune_Cell_Prediction_WK/DIR/nhs/TMA 14 Level 1_Core[1,24,14]_[7494,54727]",0.4
"/data_g1/AI_projects/raw_data/PCITB_CRC/HE_raw_images/Tumor/TMA14/TMA 14 Level 16_Core[1,14,24]_[9625,56389].tif",FALSE,"/data_g1/AI_projects/projects/Immune_Cell_Prediction_WK/DIR/nhs/TMA 14 Level 16_Core[1,14,24]_[9625,56389]",0.4
"/data_g1/AI_projects/raw_data/PCITB_CRC/HE_raw_images/Tumor/TMA14/TMA 14 Level 16_Core[1,16,24]_[7894,56265].tif",FALSE,"/data_g1/AI_projects/projects/Immune_Cell_Prediction_WK/DIR/nhs/TMA 14 Level 16_Core[1,16,24]_[7894,56265]",0.4
"/data_g1/AI_projects/raw_data/PCITB_CRC/HE_raw_images/Tumor/TMA14/TMA 14 Level 1_Core[1,24,16]_[5763,54455].tif",FALSE,"/data_g1/AI_projects/projects/Immune_Cell_Prediction_WK/DIR/nhs/TMA 14 Level 1_Core[1,24,16]_[5763,54455]",0.4
"/data_g1/AI_projects/raw_data/PCITB_CRC/HE_raw_images/Tumor/TMA14/TMA 14 Level 1_Core[1,24,18]_[3784,54307].tif",FALSE,"/data_g1/AI_projects/projects/Immune_Cell_Prediction_WK/DIR/nhs/TMA 14 Level 1_Core[1,24,18]_[3784,54307]",0.4
"/data_g1/AI_projects/raw_data/PCITB_CRC/HE_raw_images/Tumor/TMA14/TMA 14 Level 16_Core[1,18,24]_[5866,56265].tif",FALSE,"/data_g1/AI_projects/projects/Immune_Cell_Prediction_WK/DIR/nhs/TMA 14 Level 16_Core[1,18,24]_[5866,56265]",0.4
"/data_g1/AI_projects/raw_data/PCITB_CRC/HE_raw_images/Tumor/TMA14/TMA 14 Level 16_Core[1,3,24]_[19466,56117].tif",FALSE,"/data_g1/AI_projects/projects/Immune_Cell_Prediction_WK/DIR/nhs/TMA 14 Level 16_Core[1,3,24]_[19466,56117]",0.4
"/data_g1/AI_projects/raw_data/PCITB_CRC/HE_raw_images/Tumor/TMA14/TMA 14 Level 1_Core[1,24,5]_[15530,55098].tif",FALSE,"/data_g1/AI_projects/projects/Immune_Cell_Prediction_WK/DIR/nhs/TMA 14 Level 1_Core[1,24,5]_[15530,55098]",0.4
"/data_g1/AI_projects/raw_data/PCITB_CRC/HE_raw_images/Tumor/TMA14/TMA 14 Level 16_Core[1,5,24]_[17636,56117].tif",FALSE,"/data_g1/AI_projects/projects/Immune_Cell_Prediction_WK/DIR/nhs/TMA 14 Level 16_Core[1,5,24]_[17636,56117]",0.4
"/data_g1/AI_projects/raw_data/PCITB_CRC/HE_raw_images/Tumor/TMA14/TMA 14 Level 1_Core[1,24,6]_[14714,55271].tif",FALSE,"/data_g1/AI_projects/projects/Immune_Cell_Prediction_WK/DIR/nhs/TMA 14 Level 1_Core[1,24,6]_[14714,55271]",0.4
"/data_g1/AI_projects/raw_data/PCITB_CRC/HE_raw_images/Tumor/TMA14/TMA 14 Level 16_Core[1,6,24]_[16796,56290].tif",FALSE,"/data_g1/AI_projects/projects/Immune_Cell_Prediction_WK/DIR/nhs/TMA 14 Level 16_Core[1,6,24]_[16796,56290]",0.4
"/data_g1/AI_projects/raw_data/PCITB_CRC/HE_raw_images/Tumor/TMA14/TMA 14 Level 16_Core[1,8,24]_[14991,56438].tif",FALSE,"/data_g1/AI_projects/projects/Immune_Cell_Prediction_WK/DIR/nhs/TMA 14 Level 16_Core[1,8,24]_[14991,56438]",0.4
"/data_g1/AI_projects/raw_data/PCITB_CRC/HE_raw_images/Tumor/TMA14/TMA 14 Level 1_Core[1,24,8]_[12909,55222].tif",FALSE,"/data_g1/AI_projects/projects/Immune_Cell_Prediction_WK/DIR/nhs/TMA 14 Level 1_Core[1,24,8]_[12909,55222]",0.4
"/data_g1/AI_projects/raw_data/PCITB_CRC/HE_raw_images/Tumor/TMA14/TMA 14 Level 16_Core[1,1,25]_[21272,56834].tif",FALSE,"/data_g1/AI_projects/projects/Immune_Cell_Prediction_WK/DIR/nhs/TMA 14 Level 16_Core[1,1,25]_[21272,56834]",0.4
"/data_g1/AI_projects/raw_data/PCITB_CRC/HE_raw_images/Tumor/TMA14/TMA 14 Level 16_Core[1,10,25]_[13210,57205].tif",FALSE,"/data_g1/AI_projects/projects/Immune_Cell_Prediction_WK/DIR/nhs/TMA 14 Level 16_Core[1,10,25]_[13210,57205]",0.4
"/data_g1/AI_projects/raw_data/PCITB_CRC/HE_raw_images/Tumor/TMA14/TMA 14 Level 1_Core[1,25,10]_[11005,55914].tif",FALSE,"/data_g1/AI_projects/projects/Immune_Cell_Prediction_WK/DIR/nhs/TMA 14 Level 1_Core[1,25,10]_[11005,55914]",0.4
"/data_g1/AI_projects/raw_data/PCITB_CRC/HE_raw_images/Tumor/TMA14/TMA 14 Level 16_Core[1,11,25]_[12270,57205].tif",FALSE,"/data_g1/AI_projects/projects/Immune_Cell_Prediction_WK/DIR/nhs/TMA 14 Level 16_Core[1,11,25]_[12270,57205]",0.4
"/data_g1/AI_projects/raw_data/PCITB_CRC/HE_raw_images/Tumor/TMA14/TMA 14 Level 1_Core[1,25,11]_[10090,55865].tif",FALSE,"/data_g1/AI_projects/projects/Immune_Cell_Prediction_WK/DIR/nhs/TMA 14 Level 1_Core[1,25,11]_[10090,55865]",0.4
"/data_g1/AI_projects/raw_data/PCITB_CRC/HE_raw_images/Tumor/TMA14/TMA 14 Level 16_Core[1,14,25]_[9699,57155].tif",FALSE,"/data_g1/AI_projects/projects/Immune_Cell_Prediction_WK/DIR/nhs/TMA 14 Level 16_Core[1,14,25]_[9699,57155]",0.4
"/data_g1/AI_projects/raw_data/PCITB_CRC/HE_raw_images/Tumor/TMA14/TMA 14 Level 1_Core[1,25,16]_[5565,55395].tif",FALSE,"/data_g1/AI_projects/projects/Immune_Cell_Prediction_WK/DIR/nhs/TMA 14 Level 1_Core[1,25,16]_[5565,55395]",0.4
"/data_g1/AI_projects/raw_data/PCITB_CRC/HE_raw_images/Tumor/TMA14/TMA 14 Level 16_Core[1,16,25]_[7770,57155].tif",FALSE,"/data_g1/AI_projects/projects/Immune_Cell_Prediction_WK/DIR/nhs/TMA 14 Level 16_Core[1,16,25]_[7770,57155]",0.4
"/data_g1/AI_projects/raw_data/PCITB_CRC/HE_raw_images/Tumor/TMA14/TMA 14 Level 16_Core[1,18,25]_[5891,56982].tif",FALSE,"/data_g1/AI_projects/projects/Immune_Cell_Prediction_WK/DIR/nhs/TMA 14 Level 16_Core[1,18,25]_[5891,56982]",0.4
"/data_g1/AI_projects/raw_data/PCITB_CRC/HE_raw_images/Tumor/TMA14/TMA 14 Level 1_Core[1,25,18]_[3710,55123].tif",FALSE,"/data_g1/AI_projects/projects/Immune_Cell_Prediction_WK/DIR/nhs/TMA 14 Level 1_Core[1,25,18]_[3710,55123]",0.4
"/data_g1/AI_projects/raw_data/PCITB_CRC/HE_raw_images/Tumor/TMA14/TMA 14 Level 16_Core[1,3,25]_[19442,56957].tif",FALSE,"/data_g1/AI_projects/projects/Immune_Cell_Prediction_WK/DIR/nhs/TMA 14 Level 16_Core[1,3,25]_[19442,56957]",0.4
"/data_g1/AI_projects/raw_data/PCITB_CRC/HE_raw_images/Tumor/TMA14/TMA 14 Level 1_Core[1,25,3]_[17286,56310].tif",FALSE,"/data_g1/AI_projects/projects/Immune_Cell_Prediction_WK/DIR/nhs/TMA 14 Level 1_Core[1,25,3]_[17286,56310]",0.4
"/data_g1/AI_projects/raw_data/PCITB_CRC/HE_raw_images/Tumor/TMA14/TMA 14 Level 1_Core[1,25,5]_[15431,56112].tif",FALSE,"/data_g1/AI_projects/projects/Immune_Cell_Prediction_WK/DIR/nhs/TMA 14 Level 1_Core[1,25,5]_[15431,56112]",0.4
"/data_g1/AI_projects/raw_data/PCITB_CRC/HE_raw_images/Tumor/TMA14/TMA 14 Level 16_Core[1,5,25]_[17562,57081].tif",FALSE,"/data_g1/AI_projects/projects/Immune_Cell_Prediction_WK/DIR/nhs/TMA 14 Level 16_Core[1,5,25]_[17562,57081]",0.4
"/data_g1/AI_projects/raw_data/PCITB_CRC/HE_raw_images/Tumor/TMA14/TMA 14 Level 16_Core[1,6,25]_[16722,57106].tif",FALSE,"/data_g1/AI_projects/projects/Immune_Cell_Prediction_WK/DIR/nhs/TMA 14 Level 16_Core[1,6,25]_[16722,57106]",0.4
"/data_g1/AI_projects/raw_data/PCITB_CRC/HE_raw_images/Tumor/TMA14/TMA 14 Level 1_Core[1,25,6]_[14492,56088].tif",FALSE,"/data_g1/AI_projects/projects/Immune_Cell_Prediction_WK/DIR/nhs/TMA 14 Level 1_Core[1,25,6]_[14492,56088]",0.4
"/data_g1/AI_projects/raw_data/PCITB_CRC/HE_raw_images/Tumor/TMA14/TMA 14 Level 16_Core[1,12,26]_[11454,57996].tif",FALSE,"/data_g1/AI_projects/projects/Immune_Cell_Prediction_WK/DIR/nhs/TMA 14 Level 16_Core[1,12,26]_[11454,57996]",0.4
"/data_g1/AI_projects/raw_data/PCITB_CRC/HE_raw_images/Tumor/TMA14/TMA 14 Level 1_Core[1,26,12]_[9126,56607].tif",FALSE,"/data_g1/AI_projects/projects/Immune_Cell_Prediction_WK/DIR/nhs/TMA 14 Level 1_Core[1,26,12]_[9126,56607]",0.4
"/data_g1/AI_projects/raw_data/PCITB_CRC/HE_raw_images/Tumor/TMA14/TMA 14 Level 16_Core[1,15,26]_[8784,57848].tif",FALSE,"/data_g1/AI_projects/projects/Immune_Cell_Prediction_WK/DIR/nhs/TMA 14 Level 16_Core[1,15,26]_[8784,57848]",0.4
"/data_g1/AI_projects/raw_data/PCITB_CRC/HE_raw_images/Tumor/TMA14/TMA 14 Level 1_Core[1,26,15]_[6504,56236].tif",FALSE,"/data_g1/AI_projects/projects/Immune_Cell_Prediction_WK/DIR/nhs/TMA 14 Level 1_Core[1,26,15]_[6504,56236]",0.4
"/data_g1/AI_projects/raw_data/PCITB_CRC/HE_raw_images/Tumor/TMA14/TMA 14 Level 1_Core[1,26,17]_[4749,56088].tif",FALSE,"/data_g1/AI_projects/projects/Immune_Cell_Prediction_WK/DIR/nhs/TMA 14 Level 1_Core[1,26,17]_[4749,56088]",0.4
"/data_g1/AI_projects/raw_data/PCITB_CRC/HE_raw_images/Tumor/TMA14/TMA 14 Level 16_Core[1,17,26]_[6979,57848].tif",FALSE,"/data_g1/AI_projects/projects/Immune_Cell_Prediction_WK/DIR/nhs/TMA 14 Level 16_Core[1,17,26]_[6979,57848]",0.4
"/data_g1/AI_projects/raw_data/PCITB_CRC/HE_raw_images/Tumor/TMA14/TMA 14 Level 16_Core[1,18,26]_[6064,57798].tif",FALSE,"/data_g1/AI_projects/projects/Immune_Cell_Prediction_WK/DIR/nhs/TMA 14 Level 16_Core[1,18,26]_[6064,57798]",0.4
"/data_g1/AI_projects/raw_data/PCITB_CRC/HE_raw_images/Tumor/TMA14/TMA 14 Level 1_Core[1,26,19]_[2820,55816].tif",FALSE,"/data_g1/AI_projects/projects/Immune_Cell_Prediction_WK/DIR/nhs/TMA 14 Level 1_Core[1,26,19]_[2820,55816]",0.4
"/data_g1/AI_projects/raw_data/PCITB_CRC/HE_raw_images/Tumor/TMA14/TMA 14 Level 16_Core[1,19,26]_[5099,57674].tif",FALSE,"/data_g1/AI_projects/projects/Immune_Cell_Prediction_WK/DIR/nhs/TMA 14 Level 16_Core[1,19,26]_[5099,57674]",0.4
"/data_g1/AI_projects/raw_data/PCITB_CRC/HE_raw_images/Tumor/TMA14/TMA 14 Level 16_Core[1,2,26]_[20332,57699].tif",FALSE,"/data_g1/AI_projects/projects/Immune_Cell_Prediction_WK/DIR/nhs/TMA 14 Level 16_Core[1,2,26]_[20332,57699]",0.4
"/data_g1/AI_projects/raw_data/PCITB_CRC/HE_raw_images/Tumor/TMA14/TMA 14 Level 1_Core[1,26,2]_[18028,57200].tif",FALSE,"/data_g1/AI_projects/projects/Immune_Cell_Prediction_WK/DIR/nhs/TMA 14 Level 1_Core[1,26,2]_[18028,57200]",0.4
"/data_g1/AI_projects/raw_data/PCITB_CRC/HE_raw_images/Tumor/TMA14/TMA 14 Level 1_Core[1,26,4]_[16346,57126].tif",FALSE,"/data_g1/AI_projects/projects/Immune_Cell_Prediction_WK/DIR/nhs/TMA 14 Level 1_Core[1,26,4]_[16346,57126]",0.4
"/data_g1/AI_projects/raw_data/PCITB_CRC/HE_raw_images/Tumor/TMA14/TMA 14 Level 16_Core[1,4,26]_[18502,57823].tif",FALSE,"/data_g1/AI_projects/projects/Immune_Cell_Prediction_WK/DIR/nhs/TMA 14 Level 16_Core[1,4,26]_[18502,57823]",0.4
"/data_g1/AI_projects/raw_data/PCITB_CRC/HE_raw_images/Tumor/TMA14/TMA 14 Level 1_Core[1,26,7]_[13577,56780].tif",FALSE,"/data_g1/AI_projects/projects/Immune_Cell_Prediction_WK/DIR/nhs/TMA 14 Level 1_Core[1,26,7]_[13577,56780]",0.4
"/data_g1/AI_projects/raw_data/PCITB_CRC/HE_raw_images/Tumor/TMA14/TMA 14 Level 16_Core[1,7,26]_[15831,57848].tif",FALSE,"/data_g1/AI_projects/projects/Immune_Cell_Prediction_WK/DIR/nhs/TMA 14 Level 16_Core[1,7,26]_[15831,57848]",0.4
"/data_g1/AI_projects/raw_data/PCITB_CRC/HE_raw_images/Tumor/TMA14/TMA 14 Level 1_Core[1,26,9]_[11846,56780].tif",FALSE,"/data_g1/AI_projects/projects/Immune_Cell_Prediction_WK/DIR/nhs/TMA 14 Level 1_Core[1,26,9]_[11846,56780]",0.4
"/data_g1/AI_projects/raw_data/PCITB_CRC/HE_raw_images/Tumor/TMA14/TMA 14 Level 16_Core[1,9,26]_[14076,57897].tif",FALSE,"/data_g1/AI_projects/projects/Immune_Cell_Prediction_WK/DIR/nhs/TMA 14 Level 16_Core[1,9,26]_[14076,57897]",0.4
"/data_g1/AI_projects/raw_data/PCITB_CRC/HE_raw_images/Tumor/TMA14/TMA 14 Level 1_Core[1,27,15]_[6430,57077].tif",FALSE,"/data_g1/AI_projects/projects/Immune_Cell_Prediction_WK/DIR/nhs/TMA 14 Level 1_Core[1,27,15]_[6430,57077]",0.4
"/data_g1/AI_projects/raw_data/PCITB_CRC/HE_raw_images/Tumor/TMA14/TMA 14 Level 16_Core[1,15,27]_[8759,58664].tif",FALSE,"/data_g1/AI_projects/projects/Immune_Cell_Prediction_WK/DIR/nhs/TMA 14 Level 16_Core[1,15,27]_[8759,58664]",0.4
"/data_g1/AI_projects/raw_data/PCITB_CRC/HE_raw_images/Tumor/TMA14/TMA 14 Level 16_Core[1,17,27]_[6954,58589].tif",FALSE,"/data_g1/AI_projects/projects/Immune_Cell_Prediction_WK/DIR/nhs/TMA 14 Level 16_Core[1,17,27]_[6954,58589]",0.4
"/data_g1/AI_projects/raw_data/PCITB_CRC/HE_raw_images/Tumor/TMA14/TMA 14 Level 1_Core[1,27,17]_[4625,56854].tif",FALSE,"/data_g1/AI_projects/projects/Immune_Cell_Prediction_WK/DIR/nhs/TMA 14 Level 1_Core[1,27,17]_[4625,56854]",0.4
"/data_g1/AI_projects/raw_data/PCITB_CRC/HE_raw_images/Tumor/TMA14/TMA 14 Level 1_Core[1,27,19]_[2746,56730].tif",FALSE,"/data_g1/AI_projects/projects/Immune_Cell_Prediction_WK/DIR/nhs/TMA 14 Level 1_Core[1,27,19]_[2746,56730]",0.4
"/data_g1/AI_projects/raw_data/PCITB_CRC/HE_raw_images/Tumor/TMA14/TMA 14 Level 16_Core[1,19,27]_[5149,58490].tif",FALSE,"/data_g1/AI_projects/projects/Immune_Cell_Prediction_WK/DIR/nhs/TMA 14 Level 16_Core[1,19,27]_[5149,58490]",0.4
"/data_g1/AI_projects/raw_data/PCITB_CRC/HE_raw_images/Tumor/TMA14/TMA 14 Level 16_Core[1,2,27]_[20258,58565].tif",FALSE,"/data_g1/AI_projects/projects/Immune_Cell_Prediction_WK/DIR/nhs/TMA 14 Level 16_Core[1,2,27]_[20258,58565]",0.4
"/data_g1/AI_projects/raw_data/PCITB_CRC/HE_raw_images/Tumor/TMA14/TMA 14 Level 16_Core[1,4,27]_[18354,58688].tif",FALSE,"/data_g1/AI_projects/projects/Immune_Cell_Prediction_WK/DIR/nhs/TMA 14 Level 16_Core[1,4,27]_[18354,58688]",0.4
"/data_g1/AI_projects/raw_data/PCITB_CRC/HE_raw_images/Tumor/TMA14/TMA 14 Level 1_Core[1,27,4]_[16124,57992].tif",FALSE,"/data_g1/AI_projects/projects/Immune_Cell_Prediction_WK/DIR/nhs/TMA 14 Level 1_Core[1,27,4]_[16124,57992]",0.4
"/data_g1/AI_projects/raw_data/PCITB_CRC/HE_raw_images/Tumor/TMA14/TMA 14 Level 16_Core[1,9,27]_[13927,58738].tif",FALSE,"/data_g1/AI_projects/projects/Immune_Cell_Prediction_WK/DIR/nhs/TMA 14 Level 16_Core[1,9,27]_[13927,58738]",0.4
"/data_g1/AI_projects/raw_data/PCITB_CRC/HE_raw_images/Tumor/TMA14/TMA 14 Level 1_Core[1,27,9]_[11598,57645].tif",FALSE,"/data_g1/AI_projects/projects/Immune_Cell_Prediction_WK/DIR/nhs/TMA 14 Level 1_Core[1,27,9]_[11598,57645]",0.4
"/data_g1/AI_projects/raw_data/PCITB_CRC/HE_raw_images/Tumor/TMA14/TMA 14 Level 1_Core[1,3,11]_[10811,37484].tif",FALSE,"/data_g1/AI_projects/projects/Immune_Cell_Prediction_WK/DIR/nhs/TMA 14 Level 1_Core[1,3,11]_[10811,37484]",0.4
"/data_g1/AI_projects/raw_data/PCITB_CRC/HE_raw_images/Tumor/TMA14/TMA 14 Level 16_Core[1,11,3]_[12468,40340].tif",FALSE,"/data_g1/AI_projects/projects/Immune_Cell_Prediction_WK/DIR/nhs/TMA 14 Level 16_Core[1,11,3]_[12468,40340]",0.4
"/data_g1/AI_projects/raw_data/PCITB_CRC/HE_raw_images/Tumor/TMA14/TMA 14 Level 16_Core[1,12,3]_[11528,40315].tif",FALSE,"/data_g1/AI_projects/projects/Immune_Cell_Prediction_WK/DIR/nhs/TMA 14 Level 16_Core[1,12,3]_[11528,40315]",0.4
"/data_g1/AI_projects/raw_data/PCITB_CRC/HE_raw_images/Tumor/TMA14/TMA 14 Level 16_Core[1,14,3]_[9871,40290].tif",FALSE,"/data_g1/AI_projects/projects/Immune_Cell_Prediction_WK/DIR/nhs/TMA 14 Level 16_Core[1,14,3]_[9871,40290]",0.4
"/data_g1/AI_projects/raw_data/PCITB_CRC/HE_raw_images/Tumor/TMA14/TMA 14 Level 1_Core[1,3,16]_[6360,37459].tif",FALSE,"/data_g1/AI_projects/projects/Immune_Cell_Prediction_WK/DIR/nhs/TMA 14 Level 1_Core[1,3,16]_[6360,37459]",0.4
"/data_g1/AI_projects/raw_data/PCITB_CRC/HE_raw_images/Tumor/TMA14/TMA 14 Level 16_Core[1,16,3]_[8017,40290].tif",FALSE,"/data_g1/AI_projects/projects/Immune_Cell_Prediction_WK/DIR/nhs/TMA 14 Level 16_Core[1,16,3]_[8017,40290]",0.4
"/data_g1/AI_projects/raw_data/PCITB_CRC/HE_raw_images/Tumor/TMA14/TMA 14 Level 1_Core[1,3,18]_[4506,37434].tif",FALSE,"/data_g1/AI_projects/projects/Immune_Cell_Prediction_WK/DIR/nhs/TMA 14 Level 1_Core[1,3,18]_[4506,37434]",0.4
"/data_g1/AI_projects/raw_data/PCITB_CRC/HE_raw_images/Tumor/TMA14/TMA 14 Level 16_Core[1,18,3]_[6113,40315].tif",FALSE,"/data_g1/AI_projects/projects/Immune_Cell_Prediction_WK/DIR/nhs/TMA 14 Level 16_Core[1,18,3]_[6113,40315]",0.4
"/data_g1/AI_projects/raw_data/PCITB_CRC/HE_raw_images/Tumor/TMA14/TMA 14 Level 1_Core[1,3,3]_[17845,37717].tif",FALSE,"/data_g1/AI_projects/projects/Immune_Cell_Prediction_WK/DIR/nhs/TMA 14 Level 1_Core[1,3,3]_[17845,37717]",0.4
"/data_g1/AI_projects/raw_data/PCITB_CRC/HE_raw_images/Tumor/TMA14/TMA 14 Level 16_Core[1,3,3]_[19614,40785].tif",FALSE,"/data_g1/AI_projects/projects/Immune_Cell_Prediction_WK/DIR/nhs/TMA 14 Level 16_Core[1,3,3]_[19614,40785]",0.4
"/data_g1/AI_projects/raw_data/PCITB_CRC/HE_raw_images/Tumor/TMA14/TMA 14 Level 16_Core[1,5,3]_[17908,40686].tif",FALSE,"/data_g1/AI_projects/projects/Immune_Cell_Prediction_WK/DIR/nhs/TMA 14 Level 16_Core[1,5,3]_[17908,40686]",0.4
"/data_g1/AI_projects/raw_data/PCITB_CRC/HE_raw_images/Tumor/TMA14/TMA 14 Level 16_Core[1,7,3]_[15979,40636].tif",FALSE,"/data_g1/AI_projects/projects/Immune_Cell_Prediction_WK/DIR/nhs/TMA 14 Level 16_Core[1,7,3]_[15979,40636]",0.4
"/data_g1/AI_projects/raw_data/PCITB_CRC/HE_raw_images/Tumor/TMA14/TMA 14 Level 1_Core[1,3,7]_[14334,37569].tif",FALSE,"/data_g1/AI_projects/projects/Immune_Cell_Prediction_WK/DIR/nhs/TMA 14 Level 1_Core[1,3,7]_[14334,37569]",0.4
"/data_g1/AI_projects/raw_data/PCITB_CRC/HE_raw_images/Tumor/TMA14/TMA 14 Level 16_Core[1,9,3]_[14199,40414].tif",FALSE,"/data_g1/AI_projects/projects/Immune_Cell_Prediction_WK/DIR/nhs/TMA 14 Level 16_Core[1,9,3]_[14199,40414]",0.4
"/data_g1/AI_projects/raw_data/PCITB_CRC/HE_raw_images/Tumor/TMA14/TMA 14 Level 1_Core[1,4,11]_[10836,38325].tif",FALSE,"/data_g1/AI_projects/projects/Immune_Cell_Prediction_WK/DIR/nhs/TMA 14 Level 1_Core[1,4,11]_[10836,38325]",0.4
"/data_g1/AI_projects/raw_data/PCITB_CRC/HE_raw_images/Tumor/TMA14/TMA 14 Level 16_Core[1,11,4]_[12468,41131].tif",FALSE,"/data_g1/AI_projects/projects/Immune_Cell_Prediction_WK/DIR/nhs/TMA 14 Level 16_Core[1,11,4]_[12468,41131]",0.4
"/data_g1/AI_projects/raw_data/PCITB_CRC/HE_raw_images/Tumor/TMA14/TMA 14 Level 16_Core[1,12,4]_[11602,41156].tif",FALSE,"/data_g1/AI_projects/projects/Immune_Cell_Prediction_WK/DIR/nhs/TMA 14 Level 16_Core[1,12,4]_[11602,41156]",0.4
"/data_g1/AI_projects/raw_data/PCITB_CRC/HE_raw_images/Tumor/TMA14/TMA 14 Level 16_Core[1,16,4]_[8091,41230].tif",FALSE,"/data_g1/AI_projects/projects/Immune_Cell_Prediction_WK/DIR/nhs/TMA 14 Level 16_Core[1,16,4]_[8091,41230]",0.4
"/data_g1/AI_projects/raw_data/PCITB_CRC/HE_raw_images/Tumor/TMA14/TMA 14 Level 1_Core[1,4,16]_[6434,38399].tif",FALSE,"/data_g1/AI_projects/projects/Immune_Cell_Prediction_WK/DIR/nhs/TMA 14 Level 1_Core[1,4,16]_[6434,38399]",0.4
"/data_g1/AI_projects/raw_data/PCITB_CRC/HE_raw_images/Tumor/TMA14/TMA 14 Level 1_Core[1,4,18]_[4456,38349].tif",FALSE,"/data_g1/AI_projects/projects/Immune_Cell_Prediction_WK/DIR/nhs/TMA 14 Level 1_Core[1,4,18]_[4456,38349]",0.4
"/data_g1/AI_projects/raw_data/PCITB_CRC/HE_raw_images/Tumor/TMA14/TMA 14 Level 16_Core[1,18,4]_[6063,41254].tif",FALSE,"/data_g1/AI_projects/projects/Immune_Cell_Prediction_WK/DIR/nhs/TMA 14 Level 16_Core[1,18,4]_[6063,41254]",0.4
"/data_g1/AI_projects/raw_data/PCITB_CRC/HE_raw_images/Tumor/TMA14/TMA 14 Level 16_Core[1,3,4]_[19639,41650].tif",FALSE,"/data_g1/AI_projects/projects/Immune_Cell_Prediction_WK/DIR/nhs/TMA 14 Level 16_Core[1,3,4]_[19639,41650]",0.4
"/data_g1/AI_projects/raw_data/PCITB_CRC/HE_raw_images/Tumor/TMA14/TMA 14 Level 1_Core[1,4,3]_[18018,38657].tif",FALSE,"/data_g1/AI_projects/projects/Immune_Cell_Prediction_WK/DIR/nhs/TMA 14 Level 1_Core[1,4,3]_[18018,38657]",0.4
"/data_g1/AI_projects/raw_data/PCITB_CRC/HE_raw_images/Tumor/TMA14/TMA 14 Level 1_Core[1,4,7]_[14408,38360].tif",FALSE,"/data_g1/AI_projects/projects/Immune_Cell_Prediction_WK/DIR/nhs/TMA 14 Level 1_Core[1,4,7]_[14408,38360]",0.4
"/data_g1/AI_projects/raw_data/PCITB_CRC/HE_raw_images/Tumor/TMA14/TMA 14 Level 16_Core[1,7,4]_[16028,41329].tif",FALSE,"/data_g1/AI_projects/projects/Immune_Cell_Prediction_WK/DIR/nhs/TMA 14 Level 16_Core[1,7,4]_[16028,41329]",0.4
"/data_g1/AI_projects/raw_data/PCITB_CRC/HE_raw_images/Tumor/TMA14/TMA 14 Level 16_Core[1,9,4]_[14174,41180].tif",FALSE,"/data_g1/AI_projects/projects/Immune_Cell_Prediction_WK/DIR/nhs/TMA 14 Level 16_Core[1,9,4]_[14174,41180]",0.4
"/data_g1/AI_projects/raw_data/PCITB_CRC/HE_raw_images/Tumor/TMA14/TMA 14 Level 1_Core[1,4,9]_[12553,38261].tif",FALSE,"/data_g1/AI_projects/projects/Immune_Cell_Prediction_WK/DIR/nhs/TMA 14 Level 1_Core[1,4,9]_[12553,38261]",0.4
"/data_g1/AI_projects/raw_data/PCITB_CRC/HE_raw_images/Tumor/TMA14/TMA 14 Level 1_Core[1,5,1]_[19896,40004].tif",FALSE,"/data_g1/AI_projects/projects/Immune_Cell_Prediction_WK/DIR/nhs/TMA 14 Level 1_Core[1,5,1]_[19896,40004]",0.4
"/data_g1/AI_projects/raw_data/PCITB_CRC/HE_raw_images/Tumor/TMA14/TMA 14 Level 16_Core[1,1,5]_[21518,42417].tif",FALSE,"/data_g1/AI_projects/projects/Immune_Cell_Prediction_WK/DIR/nhs/TMA 14 Level 16_Core[1,1,5]_[21518,42417]",0.4
"/data_g1/AI_projects/raw_data/PCITB_CRC/HE_raw_images/Tumor/TMA14/TMA 14 Level 1_Core[1,5,10]_[11638,39152].tif",FALSE,"/data_g1/AI_projects/projects/Immune_Cell_Prediction_WK/DIR/nhs/TMA 14 Level 1_Core[1,5,10]_[11638,39152]",0.4
"/data_g1/AI_projects/raw_data/PCITB_CRC/HE_raw_images/Tumor/TMA14/TMA 14 Level 16_Core[1,10,5]_[13259,41947].tif",FALSE,"/data_g1/AI_projects/projects/Immune_Cell_Prediction_WK/DIR/nhs/TMA 14 Level 16_Core[1,10,5]_[13259,41947]",0.4
"/data_g1/AI_projects/raw_data/PCITB_CRC/HE_raw_images/Tumor/TMA14/TMA 14 Level 16_Core[1,11,5]_[12418,41897].tif",FALSE,"/data_g1/AI_projects/projects/Immune_Cell_Prediction_WK/DIR/nhs/TMA 14 Level 16_Core[1,11,5]_[12418,41897]",0.4
"/data_g1/AI_projects/raw_data/PCITB_CRC/HE_raw_images/Tumor/TMA14/TMA 14 Level 1_Core[1,5,11]_[10836,39141].tif",FALSE,"/data_g1/AI_projects/projects/Immune_Cell_Prediction_WK/DIR/nhs/TMA 14 Level 1_Core[1,5,11]_[10836,39141]",0.4
"/data_g1/AI_projects/raw_data/PCITB_CRC/HE_raw_images/Tumor/TMA14/TMA 14 Level 1_Core[1,5,13]_[9062,39044].tif",FALSE,"/data_g1/AI_projects/projects/Immune_Cell_Prediction_WK/DIR/nhs/TMA 14 Level 1_Core[1,5,13]_[9062,39044]",0.4
"/data_g1/AI_projects/raw_data/PCITB_CRC/HE_raw_images/Tumor/TMA14/TMA 14 Level 16_Core[1,13,5]_[10651,41862].tif",FALSE,"/data_g1/AI_projects/projects/Immune_Cell_Prediction_WK/DIR/nhs/TMA 14 Level 16_Core[1,13,5]_[10651,41862]",0.4
"/data_g1/AI_projects/raw_data/PCITB_CRC/HE_raw_images/Tumor/TMA14/TMA 14 Level 1_Core[1,5,15]_[7176,39116].tif",FALSE,"/data_g1/AI_projects/projects/Immune_Cell_Prediction_WK/DIR/nhs/TMA 14 Level 1_Core[1,5,15]_[7176,39116]",0.4
"/data_g1/AI_projects/raw_data/PCITB_CRC/HE_raw_images/Tumor/TMA14/TMA 14 Level 16_Core[1,15,5]_[8857,41873].tif",FALSE,"/data_g1/AI_projects/projects/Immune_Cell_Prediction_WK/DIR/nhs/TMA 14 Level 16_Core[1,15,5]_[8857,41873]",0.4
"/data_g1/AI_projects/raw_data/PCITB_CRC/HE_raw_images/Tumor/TMA14/TMA 14 Level 16_Core[1,19,5]_[4975,42046].tif",FALSE,"/data_g1/AI_projects/projects/Immune_Cell_Prediction_WK/DIR/nhs/TMA 14 Level 16_Core[1,19,5]_[4975,42046]",0.4
"/data_g1/AI_projects/raw_data/PCITB_CRC/HE_raw_images/Tumor/TMA14/TMA 14 Level 1_Core[1,5,19]_[3393,39190].tif",FALSE,"/data_g1/AI_projects/projects/Immune_Cell_Prediction_WK/DIR/nhs/TMA 14 Level 1_Core[1,5,19]_[3393,39190]",0.4
"/data_g1/AI_projects/raw_data/PCITB_CRC/HE_raw_images/Tumor/TMA14/TMA 14 Level 16_Core[1,4,5]_[18748,42342].tif",FALSE,"/data_g1/AI_projects/projects/Immune_Cell_Prediction_WK/DIR/nhs/TMA 14 Level 16_Core[1,4,5]_[18748,42342]",0.4
"/data_g1/AI_projects/raw_data/PCITB_CRC/HE_raw_images/Tumor/TMA14/TMA 14 Level 1_Core[1,5,4]_[17227,39399].tif",FALSE,"/data_g1/AI_projects/projects/Immune_Cell_Prediction_WK/DIR/nhs/TMA 14 Level 1_Core[1,5,4]_[17227,39399]",0.4
"/data_g1/AI_projects/raw_data/PCITB_CRC/HE_raw_images/Tumor/TMA14/TMA 14 Level 1_Core[1,5,5]_[16238,39374].tif",FALSE,"/data_g1/AI_projects/projects/Immune_Cell_Prediction_WK/DIR/nhs/TMA 14 Level 1_Core[1,5,5]_[16238,39374]",0.4
"/data_g1/AI_projects/raw_data/PCITB_CRC/HE_raw_images/Tumor/TMA14/TMA 14 Level 16_Core[1,5,5]_[17834,42244].tif",FALSE,"/data_g1/AI_projects/projects/Immune_Cell_Prediction_WK/DIR/nhs/TMA 14 Level 16_Core[1,5,5]_[17834,42244]",0.4
"/data_g1/AI_projects/raw_data/PCITB_CRC/HE_raw_images/Tumor/TMA14/TMA 14 Level 16_Core[1,6,5]_[16795,42120].tif",FALSE,"/data_g1/AI_projects/projects/Immune_Cell_Prediction_WK/DIR/nhs/TMA 14 Level 16_Core[1,6,5]_[16795,42120]",0.4
"/data_g1/AI_projects/raw_data/PCITB_CRC/HE_raw_images/Tumor/TMA14/TMA 14 Level 1_Core[1,5,6]_[15298,39219].tif",FALSE,"/data_g1/AI_projects/projects/Immune_Cell_Prediction_WK/DIR/nhs/TMA 14 Level 1_Core[1,5,6]_[15298,39219]",0.4
"/data_g1/AI_projects/raw_data/PCITB_CRC/HE_raw_images/Tumor/TMA14/TMA 14 Level 16_Core[1,8,5]_[15064,41972].tif",FALSE,"/data_g1/AI_projects/projects/Immune_Cell_Prediction_WK/DIR/nhs/TMA 14 Level 16_Core[1,8,5]_[15064,41972]",0.4
"/data_g1/AI_projects/raw_data/PCITB_CRC/HE_raw_images/Tumor/TMA14/TMA 14 Level 1_Core[1,5,8]_[13443,39102].tif",FALSE,"/data_g1/AI_projects/projects/Immune_Cell_Prediction_WK/DIR/nhs/TMA 14 Level 1_Core[1,5,8]_[13443,39102]",0.4
"/data_g1/AI_projects/raw_data/PCITB_CRC/HE_raw_images/Tumor/TMA14/TMA 14 Level 16_Core[1,9,5]_[14174,41972].tif",FALSE,"/data_g1/AI_projects/projects/Immune_Cell_Prediction_WK/DIR/nhs/TMA 14 Level 16_Core[1,9,5]_[14174,41972]",0.4
"/data_g1/AI_projects/raw_data/PCITB_CRC/HE_raw_images/Tumor/TMA14/TMA 14 Level 16_Core[1,1,6]_[21543,43233].tif",FALSE,"/data_g1/AI_projects/projects/Immune_Cell_Prediction_WK/DIR/nhs/TMA 14 Level 16_Core[1,1,6]_[21543,43233]",0.4
"/data_g1/AI_projects/raw_data/PCITB_CRC/HE_raw_images/Tumor/TMA14/TMA 14 Level 1_Core[1,6,1]_[19822,40820].tif",FALSE,"/data_g1/AI_projects/projects/Immune_Cell_Prediction_WK/DIR/nhs/TMA 14 Level 1_Core[1,6,1]_[19822,40820]",0.4
"/data_g1/AI_projects/raw_data/PCITB_CRC/HE_raw_images/Tumor/TMA14/TMA 14 Level 1_Core[1,6,10]_[11564,39992].tif",FALSE,"/data_g1/AI_projects/projects/Immune_Cell_Prediction_WK/DIR/nhs/TMA 14 Level 1_Core[1,6,10]_[11564,39992]",0.4
"/data_g1/AI_projects/raw_data/PCITB_CRC/HE_raw_images/Tumor/TMA14/TMA 14 Level 16_Core[1,10,6]_[13160,42738].tif",FALSE,"/data_g1/AI_projects/projects/Immune_Cell_Prediction_WK/DIR/nhs/TMA 14 Level 16_Core[1,10,6]_[13160,42738]",0.4
"/data_g1/AI_projects/raw_data/PCITB_CRC/HE_raw_images/Tumor/TMA14/TMA 14 Level 16_Core[1,13,6]_[10564,42639].tif",FALSE,"/data_g1/AI_projects/projects/Immune_Cell_Prediction_WK/DIR/nhs/TMA 14 Level 16_Core[1,13,6]_[10564,42639]",0.4
"/data_g1/AI_projects/raw_data/PCITB_CRC/HE_raw_images/Tumor/TMA14/TMA 14 Level 1_Core[1,6,13]_[8957,39957].tif",FALSE,"/data_g1/AI_projects/projects/Immune_Cell_Prediction_WK/DIR/nhs/TMA 14 Level 1_Core[1,6,13]_[8957,39957]",0.4
"/data_g1/AI_projects/raw_data/PCITB_CRC/HE_raw_images/Tumor/TMA14/TMA 14 Level 16_Core[1,19,6]_[4950,42812].tif",FALSE,"/data_g1/AI_projects/projects/Immune_Cell_Prediction_WK/DIR/nhs/TMA 14 Level 16_Core[1,19,6]_[4950,42812]",0.4
"/data_g1/AI_projects/raw_data/PCITB_CRC/HE_raw_images/Tumor/TMA14/TMA 14 Level 1_Core[1,6,19]_[3319,40006].tif",FALSE,"/data_g1/AI_projects/projects/Immune_Cell_Prediction_WK/DIR/nhs/TMA 14 Level 1_Core[1,6,19]_[3319,40006]",0.4
"/data_g1/AI_projects/raw_data/PCITB_CRC/HE_raw_images/Tumor/TMA14/TMA 14 Level 1_Core[1,6,4]_[17029,40363].tif",FALSE,"/data_g1/AI_projects/projects/Immune_Cell_Prediction_WK/DIR/nhs/TMA 14 Level 1_Core[1,6,4]_[17029,40363]",0.4
"/data_g1/AI_projects/raw_data/PCITB_CRC/HE_raw_images/Tumor/TMA14/TMA 14 Level 16_Core[1,4,6]_[18650,43109].tif",FALSE,"/data_g1/AI_projects/projects/Immune_Cell_Prediction_WK/DIR/nhs/TMA 14 Level 16_Core[1,4,6]_[18650,43109]",0.4
"/data_g1/AI_projects/raw_data/PCITB_CRC/HE_raw_images/Tumor/TMA14/TMA 14 Level 16_Core[1,5,6]_[17809,43035].tif",FALSE,"/data_g1/AI_projects/projects/Immune_Cell_Prediction_WK/DIR/nhs/TMA 14 Level 16_Core[1,5,6]_[17809,43035]",0.4
"/data_g1/AI_projects/raw_data/PCITB_CRC/HE_raw_images/Tumor/TMA14/TMA 14 Level 1_Core[1,6,5]_[16188,40215].tif",FALSE,"/data_g1/AI_projects/projects/Immune_Cell_Prediction_WK/DIR/nhs/TMA 14 Level 1_Core[1,6,5]_[16188,40215]",0.4
"/data_g1/AI_projects/raw_data/PCITB_CRC/HE_raw_images/Tumor/TMA14/TMA 14 Level 1_Core[1,6,6]_[15248,40116].tif",FALSE,"/data_g1/AI_projects/projects/Immune_Cell_Prediction_WK/DIR/nhs/TMA 14 Level 1_Core[1,6,6]_[15248,40116]",0.4
"/data_g1/AI_projects/raw_data/PCITB_CRC/HE_raw_images/Tumor/TMA14/TMA 14 Level 16_Core[1,6,6]_[16844,42911].tif",FALSE,"/data_g1/AI_projects/projects/Immune_Cell_Prediction_WK/DIR/nhs/TMA 14 Level 16_Core[1,6,6]_[16844,42911]",0.4
"/data_g1/AI_projects/raw_data/PCITB_CRC/HE_raw_images/Tumor/TMA14/TMA 14 Level 16_Core[1,8,6]_[14990,42763].tif",FALSE,"/data_g1/AI_projects/projects/Immune_Cell_Prediction_WK/DIR/nhs/TMA 14 Level 16_Core[1,8,6]_[14990,42763]",0.4
"/data_g1/AI_projects/raw_data/PCITB_CRC/HE_raw_images/Tumor/TMA14/TMA 14 Level 1_Core[1,6,8]_[13369,39893].tif",FALSE,"/data_g1/AI_projects/projects/Immune_Cell_Prediction_WK/DIR/nhs/TMA 14 Level 1_Core[1,6,8]_[13369,39893]",0.4
"/data_g1/AI_projects/raw_data/PCITB_CRC/HE_raw_images/Tumor/TMA14/TMA 14 Level 16_Core[1,9,6]_[14026,42788].tif",FALSE,"/data_g1/AI_projects/projects/Immune_Cell_Prediction_WK/DIR/nhs/TMA 14 Level 16_Core[1,9,6]_[14026,42788]",0.4
"/data_g1/AI_projects/raw_data/PCITB_CRC/HE_raw_images/Tumor/TMA14/TMA 14 Level 16_Core[1,1,8]_[21518,44469].tif",FALSE,"/data_g1/AI_projects/projects/Immune_Cell_Prediction_WK/DIR/nhs/TMA 14 Level 16_Core[1,1,8]_[21518,44469]",0.4
"/data_g1/AI_projects/raw_data/PCITB_CRC/HE_raw_images/Tumor/TMA14/TMA 14 Level 16_Core[1,10,8]_[13061,44049].tif",FALSE,"/data_g1/AI_projects/projects/Immune_Cell_Prediction_WK/DIR/nhs/TMA 14 Level 16_Core[1,10,8]_[13061,44049]",0.4
"/data_g1/AI_projects/raw_data/PCITB_CRC/HE_raw_images/Tumor/TMA14/TMA 14 Level 16_Core[1,11,8]_[12221,44049].tif",FALSE,"/data_g1/AI_projects/projects/Immune_Cell_Prediction_WK/DIR/nhs/TMA 14 Level 16_Core[1,11,8]_[12221,44049]",0.4
"/data_g1/AI_projects/raw_data/PCITB_CRC/HE_raw_images/Tumor/TMA14/TMA 14 Level 16_Core[1,13,8]_[10514,43851].tif",FALSE,"/data_g1/AI_projects/projects/Immune_Cell_Prediction_WK/DIR/nhs/TMA 14 Level 16_Core[1,13,8]_[10514,43851]",0.4
"/data_g1/AI_projects/raw_data/PCITB_CRC/HE_raw_images/Tumor/TMA14/TMA 14 Level 1_Core[1,8,13]_[8993,41205].tif",FALSE,"/data_g1/AI_projects/projects/Immune_Cell_Prediction_WK/DIR/nhs/TMA 14 Level 1_Core[1,8,13]_[8993,41205]",0.4
"/data_g1/AI_projects/raw_data/PCITB_CRC/HE_raw_images/Tumor/TMA14/TMA 14 Level 1_Core[1,8,15]_[7015,41353].tif",FALSE,"/data_g1/AI_projects/projects/Immune_Cell_Prediction_WK/DIR/nhs/TMA 14 Level 1_Core[1,8,15]_[7015,41353]",0.4
"/data_g1/AI_projects/raw_data/PCITB_CRC/HE_raw_images/Tumor/TMA14/TMA 14 Level 16_Core[1,15,8]_[8635,44000].tif",FALSE,"/data_g1/AI_projects/projects/Immune_Cell_Prediction_WK/DIR/nhs/TMA 14 Level 16_Core[1,15,8]_[8635,44000]",0.4
"/data_g1/AI_projects/raw_data/PCITB_CRC/HE_raw_images/Tumor/TMA14/TMA 14 Level 1_Core[1,8,18]_[4221,41428].tif",FALSE,"/data_g1/AI_projects/projects/Immune_Cell_Prediction_WK/DIR/nhs/TMA 14 Level 1_Core[1,8,18]_[4221,41428]",0.4
"/data_g1/AI_projects/raw_data/PCITB_CRC/HE_raw_images/Tumor/TMA14/TMA 14 Level 16_Core[1,18,8]_[5767,44049].tif",FALSE,"/data_g1/AI_projects/projects/Immune_Cell_Prediction_WK/DIR/nhs/TMA 14 Level 16_Core[1,18,8]_[5767,44049]",0.4
"/data_g1/AI_projects/raw_data/PCITB_CRC/HE_raw_images/Tumor/TMA14/TMA 14 Level 16_Core[1,19,8]_[4877,44173].tif",FALSE,"/data_g1/AI_projects/projects/Immune_Cell_Prediction_WK/DIR/nhs/TMA 14 Level 16_Core[1,19,8]_[4877,44173]",0.4
"/data_g1/AI_projects/raw_data/PCITB_CRC/HE_raw_images/Tumor/TMA14/TMA 14 Level 1_Core[1,8,19]_[3331,41551].tif",FALSE,"/data_g1/AI_projects/projects/Immune_Cell_Prediction_WK/DIR/nhs/TMA 14 Level 1_Core[1,8,19]_[3331,41551]",0.4
"/data_g1/AI_projects/raw_data/PCITB_CRC/HE_raw_images/Tumor/TMA14/TMA 14 Level 16_Core[1,3,8]_[19590,44420].tif",FALSE,"/data_g1/AI_projects/projects/Immune_Cell_Prediction_WK/DIR/nhs/TMA 14 Level 16_Core[1,3,8]_[19590,44420]",0.4
"/data_g1/AI_projects/raw_data/PCITB_CRC/HE_raw_images/Tumor/TMA14/TMA 14 Level 1_Core[1,8,3]_[17895,41947].tif",FALSE,"/data_g1/AI_projects/projects/Immune_Cell_Prediction_WK/DIR/nhs/TMA 14 Level 1_Core[1,8,3]_[17895,41947]",0.4
"/data_g1/AI_projects/raw_data/PCITB_CRC/HE_raw_images/Tumor/TMA14/TMA 14 Level 1_Core[1,8,5]_[16214,41700].tif",FALSE,"/data_g1/AI_projects/projects/Immune_Cell_Prediction_WK/DIR/nhs/TMA 14 Level 1_Core[1,8,5]_[16214,41700]",0.4
"/data_g1/AI_projects/raw_data/PCITB_CRC/HE_raw_images/Tumor/TMA14/TMA 14 Level 16_Core[1,5,8]_[17809,44222].tif",FALSE,"/data_g1/AI_projects/projects/Immune_Cell_Prediction_WK/DIR/nhs/TMA 14 Level 16_Core[1,5,8]_[17809,44222]",0.4
"/data_g1/AI_projects/raw_data/PCITB_CRC/HE_raw_images/Tumor/TMA14/TMA 14 Level 16_Core[1,8,8]_[14973,44035].tif",FALSE,"/data_g1/AI_projects/projects/Immune_Cell_Prediction_WK/DIR/nhs/TMA 14 Level 16_Core[1,8,8]_[14973,44035]",0.4
"/data_g1/AI_projects/raw_data/PCITB_CRC/HE_raw_images/Tumor/TMA14/TMA 14 Level 16_Core[1,9,8]_[13952,44024].tif",FALSE,"/data_g1/AI_projects/projects/Immune_Cell_Prediction_WK/DIR/nhs/TMA 14 Level 16_Core[1,9,8]_[13952,44024]",0.4
"/data_g1/AI_projects/raw_data/PCITB_CRC/HE_raw_images/Tumor/TMA14/TMA 14 Level 1_Core[1,8,9]_[12332,41428].tif",FALSE,"/data_g1/AI_projects/projects/Immune_Cell_Prediction_WK/DIR/nhs/TMA 14 Level 1_Core[1,8,9]_[12332,41428]",0.4
"/data_g1/AI_projects/raw_data/PCITB_CRC/HE_raw_images/Tumor/TMA14/TMA 14 Level 16_Core[1,1,9]_[21543,45335].tif",FALSE,"/data_g1/AI_projects/projects/Immune_Cell_Prediction_WK/DIR/nhs/TMA 14 Level 16_Core[1,1,9]_[21543,45335]",0.4
"/data_g1/AI_projects/raw_data/PCITB_CRC/HE_raw_images/Tumor/TMA14/TMA 14 Level 1_Core[1,9,1]_[19750,42887].tif",FALSE,"/data_g1/AI_projects/projects/Immune_Cell_Prediction_WK/DIR/nhs/TMA 14 Level 1_Core[1,9,1]_[19750,42887]",0.4
"/data_g1/AI_projects/raw_data/PCITB_CRC/HE_raw_images/Tumor/TMA14/TMA 14 Level 16_Core[1,11,9]_[12245,44865].tif",FALSE,"/data_g1/AI_projects/projects/Immune_Cell_Prediction_WK/DIR/nhs/TMA 14 Level 16_Core[1,11,9]_[12245,44865]",0.4
"/data_g1/AI_projects/raw_data/PCITB_CRC/HE_raw_images/Tumor/TMA14/TMA 14 Level 1_Core[1,9,11]_[10675,42318].tif",FALSE,"/data_g1/AI_projects/projects/Immune_Cell_Prediction_WK/DIR/nhs/TMA 14 Level 1_Core[1,9,11]_[10675,42318]",0.4
"/data_g1/AI_projects/raw_data/PCITB_CRC/HE_raw_images/Tumor/TMA14/TMA 14 Level 1_Core[1,9,13]_[8969,42293].tif",FALSE,"/data_g1/AI_projects/projects/Immune_Cell_Prediction_WK/DIR/nhs/TMA 14 Level 1_Core[1,9,13]_[8969,42293]",0.4
"/data_g1/AI_projects/raw_data/PCITB_CRC/HE_raw_images/Tumor/TMA14/TMA 14 Level 16_Core[1,13,9]_[10490,44890].tif",FALSE,"/data_g1/AI_projects/projects/Immune_Cell_Prediction_WK/DIR/nhs/TMA 14 Level 16_Core[1,13,9]_[10490,44890]",0.4
"/data_g1/AI_projects/raw_data/PCITB_CRC/HE_raw_images/Tumor/TMA14/TMA 14 Level 1_Core[1,9,15]_[7040,42268].tif",FALSE,"/data_g1/AI_projects/projects/Immune_Cell_Prediction_WK/DIR/nhs/TMA 14 Level 1_Core[1,9,15]_[7040,42268]",0.4
"/data_g1/AI_projects/raw_data/PCITB_CRC/HE_raw_images/Tumor/TMA14/TMA 14 Level 16_Core[1,15,9]_[8610,44890].tif",FALSE,"/data_g1/AI_projects/projects/Immune_Cell_Prediction_WK/DIR/nhs/TMA 14 Level 16_Core[1,15,9]_[8610,44890]",0.4
"/data_g1/AI_projects/raw_data/PCITB_CRC/HE_raw_images/Tumor/TMA14/TMA 14 Level 16_Core[1,18,9]_[5841,44890].tif",FALSE,"/data_g1/AI_projects/projects/Immune_Cell_Prediction_WK/DIR/nhs/TMA 14 Level 16_Core[1,18,9]_[5841,44890]",0.4
"/data_g1/AI_projects/raw_data/PCITB_CRC/HE_raw_images/Tumor/TMA14/TMA 14 Level 1_Core[1,9,18]_[4246,42293].tif",FALSE,"/data_g1/AI_projects/projects/Immune_Cell_Prediction_WK/DIR/nhs/TMA 14 Level 1_Core[1,9,18]_[4246,42293]",0.4
"/data_g1/AI_projects/raw_data/PCITB_CRC/HE_raw_images/Tumor/TMA14/TMA 14 Level 16_Core[1,19,9]_[4901,44914].tif",FALSE,"/data_g1/AI_projects/projects/Immune_Cell_Prediction_WK/DIR/nhs/TMA 14 Level 16_Core[1,19,9]_[4901,44914]",0.4
"/data_g1/AI_projects/raw_data/PCITB_CRC/HE_raw_images/Tumor/TMA14/TMA 14 Level 1_Core[1,9,19]_[3306,42293].tif",FALSE,"/data_g1/AI_projects/projects/Immune_Cell_Prediction_WK/DIR/nhs/TMA 14 Level 1_Core[1,9,19]_[3306,42293]",0.4
"/data_g1/AI_projects/raw_data/PCITB_CRC/HE_raw_images/Tumor/TMA14/TMA 14 Level 1_Core[1,9,3]_[18019,42961].tif",FALSE,"/data_g1/AI_projects/projects/Immune_Cell_Prediction_WK/DIR/nhs/TMA 14 Level 1_Core[1,9,3]_[18019,42961]",0.4
"/data_g1/AI_projects/raw_data/PCITB_CRC/HE_raw_images/Tumor/TMA14/TMA 14 Level 16_Core[1,3,9]_[19664,45310].tif",FALSE,"/data_g1/AI_projects/projects/Immune_Cell_Prediction_WK/DIR/nhs/TMA 14 Level 16_Core[1,3,9]_[19664,45310]",0.4
"/data_g1/AI_projects/raw_data/PCITB_CRC/HE_raw_images/Tumor/TMA14/TMA 14 Level 1_Core[1,9,5]_[16189,42714].tif",FALSE,"/data_g1/AI_projects/projects/Immune_Cell_Prediction_WK/DIR/nhs/TMA 14 Level 1_Core[1,9,5]_[16189,42714]",0.4
"/data_g1/AI_projects/raw_data/PCITB_CRC/HE_raw_images/Tumor/TMA14/TMA 14 Level 16_Core[1,5,9]_[17859,45137].tif",FALSE,"/data_g1/AI_projects/projects/Immune_Cell_Prediction_WK/DIR/nhs/TMA 14 Level 16_Core[1,5,9]_[17859,45137]",0.4
"/data_g1/AI_projects/raw_data/PCITB_CRC/HE_raw_images/Tumor/TMA14/TMA 14 Level 16_Core[1,9,9]_[14001,44964].tif",FALSE,"/data_g1/AI_projects/projects/Immune_Cell_Prediction_WK/DIR/nhs/TMA 14 Level 16_Core[1,9,9]_[14001,44964]",0.4
"/data_g1/AI_projects/raw_data/PCITB_CRC/HE_raw_images/Tumor/TMA14/TMA 14 Level 1_Core[1,9,9]_[12381,42367].tif",FALSE,"/data_g1/AI_projects/projects/Immune_Cell_Prediction_WK/DIR/nhs/TMA 14 Level 1_Core[1,9,9]_[12381,42367]",0.4
"/data_g1/AI_projects/raw_data/PCITB_CRC/HE_raw_images/Tumor/TMA2/TMA 2 Level 1_Core[2,1,10]_[12850,38521].tif",FALSE,"/data_g1/AI_projects/projects/Immune_Cell_Prediction_WK/DIR/nhs/TMA 2 Level 1_Core[2,1,10]_[12850,38521]",0.4
"/data_g1/AI_projects/raw_data/PCITB_CRC/HE_raw_images/Tumor/TMA2/TMA 2 Level 16_Core[1,1,10]_[11713,38300].tif",FALSE,"/data_g1/AI_projects/projects/Immune_Cell_Prediction_WK/DIR/nhs/TMA 2 Level 16_Core[1,1,10]_[11713,38300]",0.4
"/data_g1/AI_projects/raw_data/PCITB_CRC/HE_raw_images/Tumor/TMA2/TMA 2 Level 16_Core[1,1,12]_[9933,38151].tif",FALSE,"/data_g1/AI_projects/projects/Immune_Cell_Prediction_WK/DIR/nhs/TMA 2 Level 16_Core[1,1,12]_[9933,38151]",0.4
"/data_g1/AI_projects/raw_data/PCITB_CRC/HE_raw_images/Tumor/TMA2/TMA 2 Level 1_Core[2,1,12]_[11168,38373].tif",FALSE,"/data_g1/AI_projects/projects/Immune_Cell_Prediction_WK/DIR/nhs/TMA 2 Level 1_Core[2,1,12]_[11168,38373]",0.4
"/data_g1/AI_projects/raw_data/PCITB_CRC/HE_raw_images/Tumor/TMA2/TMA 2 Level 1_Core[2,1,13]_[10328,38348].tif",FALSE,"/data_g1/AI_projects/projects/Immune_Cell_Prediction_WK/DIR/nhs/TMA 2 Level 1_Core[2,1,13]_[10328,38348]",0.4
"/data_g1/AI_projects/raw_data/PCITB_CRC/HE_raw_images/Tumor/TMA2/TMA 2 Level 16_Core[1,1,13]_[9068,38201].tif",FALSE,"/data_g1/AI_projects/projects/Immune_Cell_Prediction_WK/DIR/nhs/TMA 2 Level 16_Core[1,1,13]_[9068,38201]",0.4
"/data_g1/AI_projects/raw_data/PCITB_CRC/HE_raw_images/Tumor/TMA2/TMA 2 Level 16_Core[1,1,14]_[8202,38275].tif",FALSE,"/data_g1/AI_projects/projects/Immune_Cell_Prediction_WK/DIR/nhs/TMA 2 Level 16_Core[1,1,14]_[8202,38275]",0.4
"/data_g1/AI_projects/raw_data/PCITB_CRC/HE_raw_images/Tumor/TMA2/TMA 2 Level 1_Core[2,1,14]_[9437,38348].tif",FALSE,"/data_g1/AI_projects/projects/Immune_Cell_Prediction_WK/DIR/nhs/TMA 2 Level 1_Core[2,1,14]_[9437,38348]",0.4
"/data_g1/AI_projects/raw_data/PCITB_CRC/HE_raw_images/Tumor/TMA2/TMA 2 Level 1_Core[2,1,15]_[8597,38323].tif",FALSE,"/data_g1/AI_projects/projects/Immune_Cell_Prediction_WK/DIR/nhs/TMA 2 Level 1_Core[2,1,15]_[8597,38323]",0.4
"/data_g1/AI_projects/raw_data/PCITB_CRC/HE_raw_images/Tumor/TMA2/TMA 2 Level 16_Core[1,1,15]_[7312,38349].tif",FALSE,"/data_g1/AI_projects/projects/Immune_Cell_Prediction_WK/DIR/nhs/TMA 2 Level 16_Core[1,1,15]_[7312,38349]",0.4
"/data_g1/AI_projects/raw_data/PCITB_CRC/HE_raw_images/Tumor/TMA2/TMA 2 Level 16_Core[1,1,16]_[6446,38423].tif",FALSE,"/data_g1/AI_projects/projects/Immune_Cell_Prediction_WK/DIR/nhs/TMA 2 Level 16_Core[1,1,16]_[6446,38423]",0.4
"/data_g1/AI_projects/raw_data/PCITB_CRC/HE_raw_images/Tumor/TMA2/TMA 2 Level 1_Core[2,1,16]_[7731,38323].tif",FALSE,"/data_g1/AI_projects/projects/Immune_Cell_Prediction_WK/DIR/nhs/TMA 2 Level 1_Core[2,1,16]_[7731,38323]",0.4
"/data_g1/AI_projects/raw_data/PCITB_CRC/HE_raw_images/Tumor/TMA2/TMA 2 Level 1_Core[2,1,17]_[6890,38298].tif",FALSE,"/data_g1/AI_projects/projects/Immune_Cell_Prediction_WK/DIR/nhs/TMA 2 Level 1_Core[2,1,17]_[6890,38298]",0.4
"/data_g1/AI_projects/raw_data/PCITB_CRC/HE_raw_images/Tumor/TMA2/TMA 2 Level 16_Core[1,1,17]_[5606,38423].tif",FALSE,"/data_g1/AI_projects/projects/Immune_Cell_Prediction_WK/DIR/nhs/TMA 2 Level 16_Core[1,1,17]_[5606,38423]",0.4
"/data_g1/AI_projects/raw_data/PCITB_CRC/HE_raw_images/Tumor/TMA2/TMA 2 Level 16_Core[1,1,2]_[18662,38621].tif",FALSE,"/data_g1/AI_projects/projects/Immune_Cell_Prediction_WK/DIR/nhs/TMA 2 Level 16_Core[1,1,2]_[18662,38621]",0.4
"/data_g1/AI_projects/raw_data/PCITB_CRC/HE_raw_images/Tumor/TMA2/TMA 2 Level 1_Core[2,1,2]_[19699,38842].tif",FALSE,"/data_g1/AI_projects/projects/Immune_Cell_Prediction_WK/DIR/nhs/TMA 2 Level 1_Core[2,1,2]_[19699,38842]",0.4
"/data_g1/AI_projects/raw_data/PCITB_CRC/HE_raw_images/Tumor/TMA2/TMA 2 Level 16_Core[1,1,3]_[17772,38547].tif",FALSE,"/data_g1/AI_projects/projects/Immune_Cell_Prediction_WK/DIR/nhs/TMA 2 Level 16_Core[1,1,3]_[17772,38547]",0.4
"/data_g1/AI_projects/raw_data/PCITB_CRC/HE_raw_images/Tumor/TMA2/TMA 2 Level 16_Core[1,1,4]_[16857,38423].tif",FALSE,"/data_g1/AI_projects/projects/Immune_Cell_Prediction_WK/DIR/nhs/TMA 2 Level 16_Core[1,1,4]_[16857,38423]",0.4
"/data_g1/AI_projects/raw_data/PCITB_CRC/HE_raw_images/Tumor/TMA2/TMA 2 Level 1_Core[2,1,4]_[17944,38694].tif",FALSE,"/data_g1/AI_projects/projects/Immune_Cell_Prediction_WK/DIR/nhs/TMA 2 Level 1_Core[2,1,4]_[17944,38694]",0.4
"/data_g1/AI_projects/raw_data/PCITB_CRC/HE_raw_images/Tumor/TMA2/TMA 2 Level 16_Core[1,1,5]_[15991,38423].tif",FALSE,"/data_g1/AI_projects/projects/Immune_Cell_Prediction_WK/DIR/nhs/TMA 2 Level 16_Core[1,1,5]_[15991,38423]",0.4
"/data_g1/AI_projects/raw_data/PCITB_CRC/HE_raw_images/Tumor/TMA2/TMA 2 Level 1_Core[2,1,6]_[16238,38645].tif",FALSE,"/data_g1/AI_projects/projects/Immune_Cell_Prediction_WK/DIR/nhs/TMA 2 Level 1_Core[2,1,6]_[16238,38645]",0.4
"/data_g1/AI_projects/raw_data/PCITB_CRC/HE_raw_images/Tumor/TMA2/TMA 2 Level 16_Core[1,1,6]_[15126,38349].tif",FALSE,"/data_g1/AI_projects/projects/Immune_Cell_Prediction_WK/DIR/nhs/TMA 2 Level 16_Core[1,1,6]_[15126,38349]",0.4
"/data_g1/AI_projects/raw_data/PCITB_CRC/HE_raw_images/Tumor/TMA2/TMA 2 Level 1_Core[2,1,7]_[15372,38595].tif",FALSE,"/data_g1/AI_projects/projects/Immune_Cell_Prediction_WK/DIR/nhs/TMA 2 Level 1_Core[2,1,7]_[15372,38595]",0.4
"/data_g1/AI_projects/raw_data/PCITB_CRC/HE_raw_images/Tumor/TMA2/TMA 2 Level 16_Core[1,1,7]_[14236,38225].tif",FALSE,"/data_g1/AI_projects/projects/Immune_Cell_Prediction_WK/DIR/nhs/TMA 2 Level 16_Core[1,1,7]_[14236,38225]",0.4
"/data_g1/AI_projects/raw_data/PCITB_CRC/HE_raw_images/Tumor/TMA2/TMA 2 Level 1_Core[2,1,8]_[14482,38595].tif",FALSE,"/data_g1/AI_projects/projects/Immune_Cell_Prediction_WK/DIR/nhs/TMA 2 Level 1_Core[2,1,8]_[14482,38595]",0.4
"/data_g1/AI_projects/raw_data/PCITB_CRC/HE_raw_images/Tumor/TMA2/TMA 2 Level 16_Core[1,1,8]_[13321,38250].tif",FALSE,"/data_g1/AI_projects/projects/Immune_Cell_Prediction_WK/DIR/nhs/TMA 2 Level 16_Core[1,1,8]_[13321,38250]",0.4
"/data_g1/AI_projects/raw_data/PCITB_CRC/HE_raw_images/Tumor/TMA2/TMA 2 Level 16_Core[1,1,9]_[12579,38225].tif",FALSE,"/data_g1/AI_projects/projects/Immune_Cell_Prediction_WK/DIR/nhs/TMA 2 Level 16_Core[1,1,9]_[12579,38225]",0.4
"/data_g1/AI_projects/raw_data/PCITB_CRC/HE_raw_images/Tumor/TMA2/TMA 2 Level 1_Core[2,1,9]_[13715,38546].tif",FALSE,"/data_g1/AI_projects/projects/Immune_Cell_Prediction_WK/DIR/nhs/TMA 2 Level 1_Core[2,1,9]_[13715,38546]",0.4
"/data_g1/AI_projects/raw_data/PCITB_CRC/HE_raw_images/Tumor/TMA2/TMA 2 Level 16_Core[1,10,1]_[19231,46151].tif",FALSE,"/data_g1/AI_projects/projects/Immune_Cell_Prediction_WK/DIR/nhs/TMA 2 Level 16_Core[1,10,1]_[19231,46151]",0.4
"/data_g1/AI_projects/raw_data/PCITB_CRC/HE_raw_images/Tumor/TMA2/TMA 2 Level 1_Core[2,10,1]_[20205,47076].tif",FALSE,"/data_g1/AI_projects/projects/Immune_Cell_Prediction_WK/DIR/nhs/TMA 2 Level 1_Core[2,10,1]_[20205,47076]",0.4
"/data_g1/AI_projects/raw_data/PCITB_CRC/HE_raw_images/Tumor/TMA2/TMA 2 Level 1_Core[2,10,10]_[12366,46482].tif",FALSE,"/data_g1/AI_projects/projects/Immune_Cell_Prediction_WK/DIR/nhs/TMA 2 Level 1_Core[2,10,10]_[12366,46482]",0.4
"/data_g1/AI_projects/raw_data/PCITB_CRC/HE_raw_images/Tumor/TMA2/TMA 2 Level 16_Core[1,10,10]_[11392,45755].tif",FALSE,"/data_g1/AI_projects/projects/Immune_Cell_Prediction_WK/DIR/nhs/TMA 2 Level 16_Core[1,10,10]_[11392,45755]",0.4
"/data_g1/AI_projects/raw_data/PCITB_CRC/HE_raw_images/Tumor/TMA2/TMA 2 Level 16_Core[1,10,11]_[10477,45755].tif",FALSE,"/data_g1/AI_projects/projects/Immune_Cell_Prediction_WK/DIR/nhs/TMA 2 Level 16_Core[1,10,11]_[10477,45755]",0.4
"/data_g1/AI_projects/raw_data/PCITB_CRC/HE_raw_images/Tumor/TMA2/TMA 2 Level 1_Core[2,10,11]_[11452,46433].tif",FALSE,"/data_g1/AI_projects/projects/Immune_Cell_Prediction_WK/DIR/nhs/TMA 2 Level 1_Core[2,10,11]_[11452,46433]",0.4
"/data_g1/AI_projects/raw_data/PCITB_CRC/HE_raw_images/Tumor/TMA2/TMA 2 Level 1_Core[2,10,12]_[10487,46408].tif",FALSE,"/data_g1/AI_projects/projects/Immune_Cell_Prediction_WK/DIR/nhs/TMA 2 Level 1_Core[2,10,12]_[10487,46408]",0.4
"/data_g1/AI_projects/raw_data/PCITB_CRC/HE_raw_images/Tumor/TMA2/TMA 2 Level 16_Core[1,10,12]_[9438,45780].tif",FALSE,"/data_g1/AI_projects/projects/Immune_Cell_Prediction_WK/DIR/nhs/TMA 2 Level 16_Core[1,10,12]_[9438,45780]",0.4
"/data_g1/AI_projects/raw_data/PCITB_CRC/HE_raw_images/Tumor/TMA2/TMA 2 Level 16_Core[1,10,13]_[8647,45730].tif",FALSE,"/data_g1/AI_projects/projects/Immune_Cell_Prediction_WK/DIR/nhs/TMA 2 Level 16_Core[1,10,13]_[8647,45730]",0.4
"/data_g1/AI_projects/raw_data/PCITB_CRC/HE_raw_images/Tumor/TMA2/TMA 2 Level 1_Core[2,10,13]_[9523,46359].tif",FALSE,"/data_g1/AI_projects/projects/Immune_Cell_Prediction_WK/DIR/nhs/TMA 2 Level 1_Core[2,10,13]_[9523,46359]",0.4
"/data_g1/AI_projects/raw_data/PCITB_CRC/HE_raw_images/Tumor/TMA2/TMA 2 Level 16_Core[1,10,14]_[7707,45780].tif",FALSE,"/data_g1/AI_projects/projects/Immune_Cell_Prediction_WK/DIR/nhs/TMA 2 Level 16_Core[1,10,14]_[7707,45780]",0.4
"/data_g1/AI_projects/raw_data/PCITB_CRC/HE_raw_images/Tumor/TMA2/TMA 2 Level 1_Core[2,10,14]_[8633,46359].tif",FALSE,"/data_g1/AI_projects/projects/Immune_Cell_Prediction_WK/DIR/nhs/TMA 2 Level 1_Core[2,10,14]_[8633,46359]",0.4
"/data_g1/AI_projects/raw_data/PCITB_CRC/HE_raw_images/Tumor/TMA2/TMA 2 Level 16_Core[1,10,15]_[6867,45730].tif",FALSE,"/data_g1/AI_projects/projects/Immune_Cell_Prediction_WK/DIR/nhs/TMA 2 Level 16_Core[1,10,15]_[6867,45730]",0.4
"/data_g1/AI_projects/raw_data/PCITB_CRC/HE_raw_images/Tumor/TMA2/TMA 2 Level 16_Core[1,10,16]_[6026,45656].tif",FALSE,"/data_g1/AI_projects/projects/Immune_Cell_Prediction_WK/DIR/nhs/TMA 2 Level 16_Core[1,10,16]_[6026,45656]",0.4
"/data_g1/AI_projects/raw_data/PCITB_CRC/HE_raw_images/Tumor/TMA2/TMA 2 Level 1_Core[2,10,16]_[6902,46260].tif",FALSE,"/data_g1/AI_projects/projects/Immune_Cell_Prediction_WK/DIR/nhs/TMA 2 Level 1_Core[2,10,16]_[6902,46260]",0.4
"/data_g1/AI_projects/raw_data/PCITB_CRC/HE_raw_images/Tumor/TMA2/TMA 2 Level 16_Core[1,10,17]_[5210,45730].tif",FALSE,"/data_g1/AI_projects/projects/Immune_Cell_Prediction_WK/DIR/nhs/TMA 2 Level 16_Core[1,10,17]_[5210,45730]",0.4
"/data_g1/AI_projects/raw_data/PCITB_CRC/HE_raw_images/Tumor/TMA2/TMA 2 Level 1_Core[2,10,17]_[6011,46334].tif",FALSE,"/data_g1/AI_projects/projects/Immune_Cell_Prediction_WK/DIR/nhs/TMA 2 Level 1_Core[2,10,17]_[6011,46334]",0.4
"/data_g1/AI_projects/raw_data/PCITB_CRC/HE_raw_images/Tumor/TMA2/TMA 2 Level 16_Core[1,10,2]_[18340,46126].tif",FALSE,"/data_g1/AI_projects/projects/Immune_Cell_Prediction_WK/DIR/nhs/TMA 2 Level 16_Core[1,10,2]_[18340,46126]",0.4
"/data_g1/AI_projects/raw_data/PCITB_CRC/HE_raw_images/Tumor/TMA2/TMA 2 Level 1_Core[2,10,2]_[19340,47026].tif",FALSE,"/data_g1/AI_projects/projects/Immune_Cell_Prediction_WK/DIR/nhs/TMA 2 Level 1_Core[2,10,2]_[19340,47026]",0.4
"/data_g1/AI_projects/raw_data/PCITB_CRC/HE_raw_images/Tumor/TMA2/TMA 2 Level 1_Core[2,10,3]_[18474,46977].tif",FALSE,"/data_g1/AI_projects/projects/Immune_Cell_Prediction_WK/DIR/nhs/TMA 2 Level 1_Core[2,10,3]_[18474,46977]",0.4
"/data_g1/AI_projects/raw_data/PCITB_CRC/HE_raw_images/Tumor/TMA2/TMA 2 Level 16_Core[1,10,3]_[17475,46076].tif",FALSE,"/data_g1/AI_projects/projects/Immune_Cell_Prediction_WK/DIR/nhs/TMA 2 Level 16_Core[1,10,3]_[17475,46076]",0.4
"/data_g1/AI_projects/raw_data/PCITB_CRC/HE_raw_images/Tumor/TMA2/TMA 2 Level 16_Core[1,10,4]_[16610,46052].tif",FALSE,"/data_g1/AI_projects/projects/Immune_Cell_Prediction_WK/DIR/nhs/TMA 2 Level 16_Core[1,10,4]_[16610,46052]",0.4
"/data_g1/AI_projects/raw_data/PCITB_CRC/HE_raw_images/Tumor/TMA2/TMA 2 Level 1_Core[2,10,4]_[17634,46903].tif",FALSE,"/data_g1/AI_projects/projects/Immune_Cell_Prediction_WK/DIR/nhs/TMA 2 Level 1_Core[2,10,4]_[17634,46903]",0.4
"/data_g1/AI_projects/raw_data/PCITB_CRC/HE_raw_images/Tumor/TMA2/TMA 2 Level 1_Core[2,10,5]_[16768,46828].tif",FALSE,"/data_g1/AI_projects/projects/Immune_Cell_Prediction_WK/DIR/nhs/TMA 2 Level 1_Core[2,10,5]_[16768,46828]",0.4
"/data_g1/AI_projects/raw_data/PCITB_CRC/HE_raw_images/Tumor/TMA2/TMA 2 Level 16_Core[1,10,5]_[15744,45953].tif",FALSE,"/data_g1/AI_projects/projects/Immune_Cell_Prediction_WK/DIR/nhs/TMA 2 Level 16_Core[1,10,5]_[15744,45953]",0.4
"/data_g1/AI_projects/raw_data/PCITB_CRC/HE_raw_images/Tumor/TMA2/TMA 2 Level 16_Core[1,10,6]_[14829,45928].tif",FALSE,"/data_g1/AI_projects/projects/Immune_Cell_Prediction_WK/DIR/nhs/TMA 2 Level 16_Core[1,10,6]_[14829,45928]",0.4
"/data_g1/AI_projects/raw_data/PCITB_CRC/HE_raw_images/Tumor/TMA2/TMA 2 Level 1_Core[2,10,6]_[15853,46754].tif",FALSE,"/data_g1/AI_projects/projects/Immune_Cell_Prediction_WK/DIR/nhs/TMA 2 Level 1_Core[2,10,6]_[15853,46754]",0.4
"/data_g1/AI_projects/raw_data/PCITB_CRC/HE_raw_images/Tumor/TMA2/TMA 2 Level 16_Core[1,10,7]_[13964,45879].tif",FALSE,"/data_g1/AI_projects/projects/Immune_Cell_Prediction_WK/DIR/nhs/TMA 2 Level 16_Core[1,10,7]_[13964,45879]",0.4
"/data_g1/AI_projects/raw_data/PCITB_CRC/HE_raw_images/Tumor/TMA2/TMA 2 Level 1_Core[2,10,7]_[14988,46680].tif",FALSE,"/data_g1/AI_projects/projects/Immune_Cell_Prediction_WK/DIR/nhs/TMA 2 Level 1_Core[2,10,7]_[14988,46680]",0.4
"/data_g1/AI_projects/raw_data/PCITB_CRC/HE_raw_images/Tumor/TMA2/TMA 2 Level 16_Core[1,10,8]_[13123,45879].tif",FALSE,"/data_g1/AI_projects/projects/Immune_Cell_Prediction_WK/DIR/nhs/TMA 2 Level 16_Core[1,10,8]_[13123,45879]",0.4
"/data_g1/AI_projects/raw_data/PCITB_CRC/HE_raw_images/Tumor/TMA2/TMA 2 Level 1_Core[2,10,8]_[14098,46631].tif",FALSE,"/data_g1/AI_projects/projects/Immune_Cell_Prediction_WK/DIR/nhs/TMA 2 Level 1_Core[2,10,8]_[14098,46631]",0.4
"/data_g1/AI_projects/raw_data/PCITB_CRC/HE_raw_images/Tumor/TMA2/TMA 2 Level 16_Core[1,10,9]_[12257,45829].tif",FALSE,"/data_g1/AI_projects/projects/Immune_Cell_Prediction_WK/DIR/nhs/TMA 2 Level 16_Core[1,10,9]_[12257,45829]",0.4
"/data_g1/AI_projects/raw_data/PCITB_CRC/HE_raw_images/Tumor/TMA2/TMA 2 Level 1_Core[2,10,9]_[13282,46556].tif",FALSE,"/data_g1/AI_projects/projects/Immune_Cell_Prediction_WK/DIR/nhs/TMA 2 Level 1_Core[2,10,9]_[13282,46556]",0.4
"/data_g1/AI_projects/raw_data/PCITB_CRC/HE_raw_images/Tumor/TMA2/TMA 2 Level 1_Core[2,11,11]_[11278,47298].tif",FALSE,"/data_g1/AI_projects/projects/Immune_Cell_Prediction_WK/DIR/nhs/TMA 2 Level 1_Core[2,11,11]_[11278,47298]",0.4
"/data_g1/AI_projects/raw_data/PCITB_CRC/HE_raw_images/Tumor/TMA2/TMA 2 Level 16_Core[1,11,11]_[10378,46596].tif",FALSE,"/data_g1/AI_projects/projects/Immune_Cell_Prediction_WK/DIR/nhs/TMA 2 Level 16_Core[1,11,11]_[10378,46596]",0.4
"/data_g1/AI_projects/raw_data/PCITB_CRC/HE_raw_images/Tumor/TMA2/TMA 2 Level 1_Core[2,11,7]_[14839,47422].tif",FALSE,"/data_g1/AI_projects/projects/Immune_Cell_Prediction_WK/DIR/nhs/TMA 2 Level 1_Core[2,11,7]_[14839,47422]",0.4
"/data_g1/AI_projects/raw_data/PCITB_CRC/HE_raw_images/Tumor/TMA2/TMA 2 Level 16_Core[1,11,7]_[13889,46645].tif",FALSE,"/data_g1/AI_projects/projects/Immune_Cell_Prediction_WK/DIR/nhs/TMA 2 Level 16_Core[1,11,7]_[13889,46645]",0.4
"/data_g1/AI_projects/raw_data/PCITB_CRC/HE_raw_images/Tumor/TMA2/TMA 2 Level 16_Core[1,13,1]_[19255,48957].tif",FALSE,"/data_g1/AI_projects/projects/Immune_Cell_Prediction_WK/DIR/nhs/TMA 2 Level 16_Core[1,13,1]_[19255,48957]",0.4
"/data_g1/AI_projects/raw_data/PCITB_CRC/HE_raw_images/Tumor/TMA2/TMA 2 Level 1_Core[2,13,1]_[20205,50216].tif",FALSE,"/data_g1/AI_projects/projects/Immune_Cell_Prediction_WK/DIR/nhs/TMA 2 Level 1_Core[2,13,1]_[20205,50216]",0.4
"/data_g1/AI_projects/raw_data/PCITB_CRC/HE_raw_images/Tumor/TMA2/TMA 2 Level 16_Core[1,13,10]_[11318,48685].tif",FALSE,"/data_g1/AI_projects/projects/Immune_Cell_Prediction_WK/DIR/nhs/TMA 2 Level 16_Core[1,13,10]_[11318,48685]",0.4
"/data_g1/AI_projects/raw_data/PCITB_CRC/HE_raw_images/Tumor/TMA2/TMA 2 Level 1_Core[2,13,10]_[12218,49573].tif",FALSE,"/data_g1/AI_projects/projects/Immune_Cell_Prediction_WK/DIR/nhs/TMA 2 Level 1_Core[2,13,10]_[12218,49573]",0.4
"/data_g1/AI_projects/raw_data/PCITB_CRC/HE_raw_images/Tumor/TMA2/TMA 2 Level 16_Core[1,13,11]_[10428,48660].tif",FALSE,"/data_g1/AI_projects/projects/Immune_Cell_Prediction_WK/DIR/nhs/TMA 2 Level 16_Core[1,13,11]_[10428,48660]",0.4
"/data_g1/AI_projects/raw_data/PCITB_CRC/HE_raw_images/Tumor/TMA2/TMA 2 Level 1_Core[2,13,11]_[11303,49548].tif",FALSE,"/data_g1/AI_projects/projects/Immune_Cell_Prediction_WK/DIR/nhs/TMA 2 Level 1_Core[2,13,11]_[11303,49548]",0.4
"/data_g1/AI_projects/raw_data/PCITB_CRC/HE_raw_images/Tumor/TMA2/TMA 2 Level 1_Core[2,13,12]_[10438,49474].tif",FALSE,"/data_g1/AI_projects/projects/Immune_Cell_Prediction_WK/DIR/nhs/TMA 2 Level 1_Core[2,13,12]_[10438,49474]",0.4
"/data_g1/AI_projects/raw_data/PCITB_CRC/HE_raw_images/Tumor/TMA2/TMA 2 Level 1_Core[2,13,13]_[9498,49425].tif",FALSE,"/data_g1/AI_projects/projects/Immune_Cell_Prediction_WK/DIR/nhs/TMA 2 Level 1_Core[2,13,13]_[9498,49425]",0.4
"/data_g1/AI_projects/raw_data/PCITB_CRC/HE_raw_images/Tumor/TMA2/TMA 2 Level 16_Core[1,13,13]_[8647,48586].tif",FALSE,"/data_g1/AI_projects/projects/Immune_Cell_Prediction_WK/DIR/nhs/TMA 2 Level 16_Core[1,13,13]_[8647,48586]",0.4
"/data_g1/AI_projects/raw_data/PCITB_CRC/HE_raw_images/Tumor/TMA2/TMA 2 Level 16_Core[1,13,14]_[7732,48660].tif",FALSE,"/data_g1/AI_projects/projects/Immune_Cell_Prediction_WK/DIR/nhs/TMA 2 Level 16_Core[1,13,14]_[7732,48660]",0.4
"/data_g1/AI_projects/raw_data/PCITB_CRC/HE_raw_images/Tumor/TMA2/TMA 2 Level 16_Core[1,13,15]_[6891,48586].tif",FALSE,"/data_g1/AI_projects/projects/Immune_Cell_Prediction_WK/DIR/nhs/TMA 2 Level 16_Core[1,13,15]_[6891,48586]",0.4
"/data_g1/AI_projects/raw_data/PCITB_CRC/HE_raw_images/Tumor/TMA2/TMA 2 Level 1_Core[2,13,15]_[7693,49375].tif",FALSE,"/data_g1/AI_projects/projects/Immune_Cell_Prediction_WK/DIR/nhs/TMA 2 Level 1_Core[2,13,15]_[7693,49375]",0.4
"/data_g1/AI_projects/raw_data/PCITB_CRC/HE_raw_images/Tumor/TMA2/TMA 2 Level 16_Core[1,13,16]_[6026,48537].tif",FALSE,"/data_g1/AI_projects/projects/Immune_Cell_Prediction_WK/DIR/nhs/TMA 2 Level 16_Core[1,13,16]_[6026,48537]",0.4
"/data_g1/AI_projects/raw_data/PCITB_CRC/HE_raw_images/Tumor/TMA2/TMA 2 Level 1_Core[2,13,16]_[6803,49351].tif",FALSE,"/data_g1/AI_projects/projects/Immune_Cell_Prediction_WK/DIR/nhs/TMA 2 Level 1_Core[2,13,16]_[6803,49351]",0.4
"/data_g1/AI_projects/raw_data/PCITB_CRC/HE_raw_images/Tumor/TMA2/TMA 2 Level 1_Core[2,13,2]_[19340,50043].tif",FALSE,"/data_g1/AI_projects/projects/Immune_Cell_Prediction_WK/DIR/nhs/TMA 2 Level 1_Core[2,13,2]_[19340,50043]",0.4
"/data_g1/AI_projects/raw_data/PCITB_CRC/HE_raw_images/Tumor/TMA2/TMA 2 Level 16_Core[1,13,2]_[18390,48883].tif",FALSE,"/data_g1/AI_projects/projects/Immune_Cell_Prediction_WK/DIR/nhs/TMA 2 Level 16_Core[1,13,2]_[18390,48883]",0.4
"/data_g1/AI_projects/raw_data/PCITB_CRC/HE_raw_images/Tumor/TMA2/TMA 2 Level 1_Core[2,13,3]_[18425,49919].tif",FALSE,"/data_g1/AI_projects/projects/Immune_Cell_Prediction_WK/DIR/nhs/TMA 2 Level 1_Core[2,13,3]_[18425,49919]",0.4
"/data_g1/AI_projects/raw_data/PCITB_CRC/HE_raw_images/Tumor/TMA2/TMA 2 Level 16_Core[1,13,3]_[17500,48809].tif",FALSE,"/data_g1/AI_projects/projects/Immune_Cell_Prediction_WK/DIR/nhs/TMA 2 Level 16_Core[1,13,3]_[17500,48809]",0.4
"/data_g1/AI_projects/raw_data/PCITB_CRC/HE_raw_images/Tumor/TMA2/TMA 2 Level 16_Core[1,13,4]_[16585,48809].tif",FALSE,"/data_g1/AI_projects/projects/Immune_Cell_Prediction_WK/DIR/nhs/TMA 2 Level 16_Core[1,13,4]_[16585,48809]",0.4
"/data_g1/AI_projects/raw_data/PCITB_CRC/HE_raw_images/Tumor/TMA2/TMA 2 Level 1_Core[2,13,4]_[17559,49870].tif",FALSE,"/data_g1/AI_projects/projects/Immune_Cell_Prediction_WK/DIR/nhs/TMA 2 Level 1_Core[2,13,4]_[17559,49870]",0.4
"/data_g1/AI_projects/raw_data/PCITB_CRC/HE_raw_images/Tumor/TMA2/TMA 2 Level 1_Core[2,13,5]_[16644,49796].tif",FALSE,"/data_g1/AI_projects/projects/Immune_Cell_Prediction_WK/DIR/nhs/TMA 2 Level 1_Core[2,13,5]_[16644,49796]",0.4
"/data_g1/AI_projects/raw_data/PCITB_CRC/HE_raw_images/Tumor/TMA2/TMA 2 Level 1_Core[2,13,7]_[14839,49623].tif",FALSE,"/data_g1/AI_projects/projects/Immune_Cell_Prediction_WK/DIR/nhs/TMA 2 Level 1_Core[2,13,7]_[14839,49623]",0.4
"/data_g1/AI_projects/raw_data/PCITB_CRC/HE_raw_images/Tumor/TMA2/TMA 2 Level 16_Core[1,13,7]_[13890,48660].tif",FALSE,"/data_g1/AI_projects/projects/Immune_Cell_Prediction_WK/DIR/nhs/TMA 2 Level 16_Core[1,13,7]_[13890,48660]",0.4
"/data_g1/AI_projects/raw_data/PCITB_CRC/HE_raw_images/Tumor/TMA2/TMA 2 Level 1_Core[2,13,8]_[13900,49598].tif",FALSE,"/data_g1/AI_projects/projects/Immune_Cell_Prediction_WK/DIR/nhs/TMA 2 Level 1_Core[2,13,8]_[13900,49598]",0.4
"/data_g1/AI_projects/raw_data/PCITB_CRC/HE_raw_images/Tumor/TMA2/TMA 2 Level 1_Core[2,14,1]_[20205,51007].tif",FALSE,"/data_g1/AI_projects/projects/Immune_Cell_Prediction_WK/DIR/nhs/TMA 2 Level 1_Core[2,14,1]_[20205,51007]",0.4
"/data_g1/AI_projects/raw_data/PCITB_CRC/HE_raw_images/Tumor/TMA2/TMA 2 Level 16_Core[1,14,1]_[19255,49724].tif",FALSE,"/data_g1/AI_projects/projects/Immune_Cell_Prediction_WK/DIR/nhs/TMA 2 Level 16_Core[1,14,1]_[19255,49724]",0.4
"/data_g1/AI_projects/raw_data/PCITB_CRC/HE_raw_images/Tumor/TMA2/TMA 2 Level 16_Core[1,14,10]_[11244,49452].tif",FALSE,"/data_g1/AI_projects/projects/Immune_Cell_Prediction_WK/DIR/nhs/TMA 2 Level 16_Core[1,14,10]_[11244,49452]",0.4
"/data_g1/AI_projects/raw_data/PCITB_CRC/HE_raw_images/Tumor/TMA2/TMA 2 Level 1_Core[2,14,10]_[12119,50340].tif",FALSE,"/data_g1/AI_projects/projects/Immune_Cell_Prediction_WK/DIR/nhs/TMA 2 Level 1_Core[2,14,10]_[12119,50340]",0.4
"/data_g1/AI_projects/raw_data/PCITB_CRC/HE_raw_images/Tumor/TMA2/TMA 2 Level 16_Core[1,14,11]_[10378,49402].tif",FALSE,"/data_g1/AI_projects/projects/Immune_Cell_Prediction_WK/DIR/nhs/TMA 2 Level 16_Core[1,14,11]_[10378,49402]",0.4
"/data_g1/AI_projects/raw_data/PCITB_CRC/HE_raw_images/Tumor/TMA2/TMA 2 Level 1_Core[2,14,11]_[11254,50340].tif",FALSE,"/data_g1/AI_projects/projects/Immune_Cell_Prediction_WK/DIR/nhs/TMA 2 Level 1_Core[2,14,11]_[11254,50340]",0.4
"/data_g1/AI_projects/raw_data/PCITB_CRC/HE_raw_images/Tumor/TMA2/TMA 2 Level 16_Core[1,14,13]_[8647,49378].tif",FALSE,"/data_g1/AI_projects/projects/Immune_Cell_Prediction_WK/DIR/nhs/TMA 2 Level 16_Core[1,14,13]_[8647,49378]",0.4
"/data_g1/AI_projects/raw_data/PCITB_CRC/HE_raw_images/Tumor/TMA2/TMA 2 Level 1_Core[2,14,13]_[9449,50266].tif",FALSE,"/data_g1/AI_projects/projects/Immune_Cell_Prediction_WK/DIR/nhs/TMA 2 Level 1_Core[2,14,13]_[9449,50266]",0.4
"/data_g1/AI_projects/raw_data/PCITB_CRC/HE_raw_images/Tumor/TMA2/TMA 2 Level 16_Core[1,14,16]_[5902,49303].tif",FALSE,"/data_g1/AI_projects/projects/Immune_Cell_Prediction_WK/DIR/nhs/TMA 2 Level 16_Core[1,14,16]_[5902,49303]",0.4
"/data_g1/AI_projects/raw_data/PCITB_CRC/HE_raw_images/Tumor/TMA2/TMA 2 Level 1_Core[2,14,16]_[6704,50142].tif",FALSE,"/data_g1/AI_projects/projects/Immune_Cell_Prediction_WK/DIR/nhs/TMA 2 Level 1_Core[2,14,16]_[6704,50142]",0.4
"/data_g1/AI_projects/raw_data/PCITB_CRC/HE_raw_images/Tumor/TMA2/TMA 2 Level 16_Core[1,14,2]_[18365,49650].tif",FALSE,"/data_g1/AI_projects/projects/Immune_Cell_Prediction_WK/DIR/nhs/TMA 2 Level 16_Core[1,14,2]_[18365,49650]",0.4
"/data_g1/AI_projects/raw_data/PCITB_CRC/HE_raw_images/Tumor/TMA2/TMA 2 Level 1_Core[2,14,2]_[19290,50908].tif",FALSE,"/data_g1/AI_projects/projects/Immune_Cell_Prediction_WK/DIR/nhs/TMA 2 Level 1_Core[2,14,2]_[19290,50908]",0.4
"/data_g1/AI_projects/raw_data/PCITB_CRC/HE_raw_images/Tumor/TMA2/TMA 2 Level 16_Core[1,14,3]_[17475,49575].tif",FALSE,"/data_g1/AI_projects/projects/Immune_Cell_Prediction_WK/DIR/nhs/TMA 2 Level 16_Core[1,14,3]_[17475,49575]",0.4
"/data_g1/AI_projects/raw_data/PCITB_CRC/HE_raw_images/Tumor/TMA2/TMA 2 Level 1_Core[2,14,3]_[18400,50760].tif",FALSE,"/data_g1/AI_projects/projects/Immune_Cell_Prediction_WK/DIR/nhs/TMA 2 Level 1_Core[2,14,3]_[18400,50760]",0.4
"/data_g1/AI_projects/raw_data/PCITB_CRC/HE_raw_images/Tumor/TMA2/TMA 2 Level 1_Core[2,14,4]_[17510,50711].tif",FALSE,"/data_g1/AI_projects/projects/Immune_Cell_Prediction_WK/DIR/nhs/TMA 2 Level 1_Core[2,14,4]_[17510,50711]",0.4
"/data_g1/AI_projects/raw_data/PCITB_CRC/HE_raw_images/Tumor/TMA2/TMA 2 Level 16_Core[1,14,5]_[15719,49600].tif",FALSE,"/data_g1/AI_projects/projects/Immune_Cell_Prediction_WK/DIR/nhs/TMA 2 Level 16_Core[1,14,5]_[15719,49600]",0.4
"/data_g1/AI_projects/raw_data/PCITB_CRC/HE_raw_images/Tumor/TMA2/TMA 2 Level 16_Core[1,14,6]_[14780,49551].tif",FALSE,"/data_g1/AI_projects/projects/Immune_Cell_Prediction_WK/DIR/nhs/TMA 2 Level 16_Core[1,14,6]_[14780,49551]",0.4
"/data_g1/AI_projects/raw_data/PCITB_CRC/HE_raw_images/Tumor/TMA2/TMA 2 Level 1_Core[2,14,6]_[15680,50513].tif",FALSE,"/data_g1/AI_projects/projects/Immune_Cell_Prediction_WK/DIR/nhs/TMA 2 Level 1_Core[2,14,6]_[15680,50513]",0.4
"/data_g1/AI_projects/raw_data/PCITB_CRC/HE_raw_images/Tumor/TMA2/TMA 2 Level 16_Core[1,14,7]_[13939,49476].tif",FALSE,"/data_g1/AI_projects/projects/Immune_Cell_Prediction_WK/DIR/nhs/TMA 2 Level 16_Core[1,14,7]_[13939,49476]",0.4
"/data_g1/AI_projects/raw_data/PCITB_CRC/HE_raw_images/Tumor/TMA2/TMA 2 Level 1_Core[2,14,7]_[14790,50463].tif",FALSE,"/data_g1/AI_projects/projects/Immune_Cell_Prediction_WK/DIR/nhs/TMA 2 Level 1_Core[2,14,7]_[14790,50463]",0.4
"/data_g1/AI_projects/raw_data/PCITB_CRC/HE_raw_images/Tumor/TMA2/TMA 2 Level 1_Core[2,15,13]_[9300,50958].tif",FALSE,"/data_g1/AI_projects/projects/Immune_Cell_Prediction_WK/DIR/nhs/TMA 2 Level 1_Core[2,15,13]_[9300,50958]",0.4
"/data_g1/AI_projects/raw_data/PCITB_CRC/HE_raw_images/Tumor/TMA2/TMA 2 Level 16_Core[1,15,13]_[8499,50020].tif",FALSE,"/data_g1/AI_projects/projects/Immune_Cell_Prediction_WK/DIR/nhs/TMA 2 Level 16_Core[1,15,13]_[8499,50020]",0.4
"/data_g1/AI_projects/raw_data/PCITB_CRC/HE_raw_images/Tumor/TMA2/TMA 2 Level 1_Core[2,16,13]_[9276,51749].tif",FALSE,"/data_g1/AI_projects/projects/Immune_Cell_Prediction_WK/DIR/nhs/TMA 2 Level 1_Core[2,16,13]_[9276,51749]",0.4
"/data_g1/AI_projects/raw_data/PCITB_CRC/HE_raw_images/Tumor/TMA2/TMA 2 Level 16_Core[1,16,16]_[5878,50713].tif",FALSE,"/data_g1/AI_projects/projects/Immune_Cell_Prediction_WK/DIR/nhs/TMA 2 Level 16_Core[1,16,16]_[5878,50713]",0.4
"/data_g1/AI_projects/raw_data/PCITB_CRC/HE_raw_images/Tumor/TMA2/TMA 2 Level 16_Core[1,17,1]_[19231,51826].tif",FALSE,"/data_g1/AI_projects/projects/Immune_Cell_Prediction_WK/DIR/nhs/TMA 2 Level 16_Core[1,17,1]_[19231,51826]",0.4
"/data_g1/AI_projects/raw_data/PCITB_CRC/HE_raw_images/Tumor/TMA2/TMA 2 Level 1_Core[2,17,1]_[20082,53406].tif",FALSE,"/data_g1/AI_projects/projects/Immune_Cell_Prediction_WK/DIR/nhs/TMA 2 Level 1_Core[2,17,1]_[20082,53406]",0.4
"/data_g1/AI_projects/raw_data/PCITB_CRC/HE_raw_images/Tumor/TMA2/TMA 2 Level 16_Core[1,17,10]_[11120,51578].tif",FALSE,"/data_g1/AI_projects/projects/Immune_Cell_Prediction_WK/DIR/nhs/TMA 2 Level 16_Core[1,17,10]_[11120,51578]",0.4
"/data_g1/AI_projects/raw_data/PCITB_CRC/HE_raw_images/Tumor/TMA2/TMA 2 Level 1_Core[2,17,10]_[11921,52615].tif",FALSE,"/data_g1/AI_projects/projects/Immune_Cell_Prediction_WK/DIR/nhs/TMA 2 Level 1_Core[2,17,10]_[11921,52615]",0.4
"/data_g1/AI_projects/raw_data/PCITB_CRC/HE_raw_images/Tumor/TMA2/TMA 2 Level 16_Core[1,17,11]_[10205,51554].tif",FALSE,"/data_g1/AI_projects/projects/Immune_Cell_Prediction_WK/DIR/nhs/TMA 2 Level 16_Core[1,17,11]_[10205,51554]",0.4
"/data_g1/AI_projects/raw_data/PCITB_CRC/HE_raw_images/Tumor/TMA2/TMA 2 Level 1_Core[2,17,11]_[10982,52590].tif",FALSE,"/data_g1/AI_projects/projects/Immune_Cell_Prediction_WK/DIR/nhs/TMA 2 Level 1_Core[2,17,11]_[10982,52590]",0.4
"/data_g1/AI_projects/raw_data/PCITB_CRC/HE_raw_images/Tumor/TMA2/TMA 2 Level 1_Core[2,17,12]_[10116,52590].tif",FALSE,"/data_g1/AI_projects/projects/Immune_Cell_Prediction_WK/DIR/nhs/TMA 2 Level 1_Core[2,17,12]_[10116,52590]",0.4
"/data_g1/AI_projects/raw_data/PCITB_CRC/HE_raw_images/Tumor/TMA2/TMA 2 Level 16_Core[1,17,12]_[9364,51554].tif",FALSE,"/data_g1/AI_projects/projects/Immune_Cell_Prediction_WK/DIR/nhs/TMA 2 Level 16_Core[1,17,12]_[9364,51554]",0.4
"/data_g1/AI_projects/raw_data/PCITB_CRC/HE_raw_images/Tumor/TMA2/TMA 2 Level 1_Core[2,17,13]_[9201,52565].tif",FALSE,"/data_g1/AI_projects/projects/Immune_Cell_Prediction_WK/DIR/nhs/TMA 2 Level 1_Core[2,17,13]_[9201,52565]",0.4
"/data_g1/AI_projects/raw_data/PCITB_CRC/HE_raw_images/Tumor/TMA2/TMA 2 Level 16_Core[1,17,13]_[8425,51529].tif",FALSE,"/data_g1/AI_projects/projects/Immune_Cell_Prediction_WK/DIR/nhs/TMA 2 Level 16_Core[1,17,13]_[8425,51529]",0.4
"/data_g1/AI_projects/raw_data/PCITB_CRC/HE_raw_images/Tumor/TMA2/TMA 2 Level 16_Core[1,17,14]_[7559,51430].tif",FALSE,"/data_g1/AI_projects/projects/Immune_Cell_Prediction_WK/DIR/nhs/TMA 2 Level 16_Core[1,17,14]_[7559,51430]",0.4
"/data_g1/AI_projects/raw_data/PCITB_CRC/HE_raw_images/Tumor/TMA2/TMA 2 Level 1_Core[2,17,14]_[8286,52466].tif",FALSE,"/data_g1/AI_projects/projects/Immune_Cell_Prediction_WK/DIR/nhs/TMA 2 Level 1_Core[2,17,14]_[8286,52466]",0.4
"/data_g1/AI_projects/raw_data/PCITB_CRC/HE_raw_images/Tumor/TMA2/TMA 2 Level 16_Core[1,17,15]_[6694,51430].tif",FALSE,"/data_g1/AI_projects/projects/Immune_Cell_Prediction_WK/DIR/nhs/TMA 2 Level 16_Core[1,17,15]_[6694,51430]",0.4
"/data_g1/AI_projects/raw_data/PCITB_CRC/HE_raw_images/Tumor/TMA2/TMA 2 Level 1_Core[2,17,15]_[7421,52466].tif",FALSE,"/data_g1/AI_projects/projects/Immune_Cell_Prediction_WK/DIR/nhs/TMA 2 Level 1_Core[2,17,15]_[7421,52466]",0.4
"/data_g1/AI_projects/raw_data/PCITB_CRC/HE_raw_images/Tumor/TMA2/TMA 2 Level 1_Core[2,17,16]_[6432,52417].tif",FALSE,"/data_g1/AI_projects/projects/Immune_Cell_Prediction_WK/DIR/nhs/TMA 2 Level 1_Core[2,17,16]_[6432,52417]",0.4
"/data_g1/AI_projects/raw_data/PCITB_CRC/HE_raw_images/Tumor/TMA2/TMA 2 Level 16_Core[1,17,16]_[5803,51455].tif",FALSE,"/data_g1/AI_projects/projects/Immune_Cell_Prediction_WK/DIR/nhs/TMA 2 Level 16_Core[1,17,16]_[5803,51455]",0.4
"/data_g1/AI_projects/raw_data/PCITB_CRC/HE_raw_images/Tumor/TMA2/TMA 2 Level 1_Core[2,17,2]_[19142,53258].tif",FALSE,"/data_g1/AI_projects/projects/Immune_Cell_Prediction_WK/DIR/nhs/TMA 2 Level 1_Core[2,17,2]_[19142,53258]",0.4
"/data_g1/AI_projects/raw_data/PCITB_CRC/HE_raw_images/Tumor/TMA2/TMA 2 Level 16_Core[1,17,2]_[18316,51776].tif",FALSE,"/data_g1/AI_projects/projects/Immune_Cell_Prediction_WK/DIR/nhs/TMA 2 Level 16_Core[1,17,2]_[18316,51776]",0.4
"/data_g1/AI_projects/raw_data/PCITB_CRC/HE_raw_images/Tumor/TMA2/TMA 2 Level 16_Core[1,17,3]_[17351,51776].tif",FALSE,"/data_g1/AI_projects/projects/Immune_Cell_Prediction_WK/DIR/nhs/TMA 2 Level 16_Core[1,17,3]_[17351,51776]",0.4
"/data_g1/AI_projects/raw_data/PCITB_CRC/HE_raw_images/Tumor/TMA2/TMA 2 Level 1_Core[2,17,3]_[18227,53109].tif",FALSE,"/data_g1/AI_projects/projects/Immune_Cell_Prediction_WK/DIR/nhs/TMA 2 Level 1_Core[2,17,3]_[18227,53109]",0.4
"/data_g1/AI_projects/raw_data/PCITB_CRC/HE_raw_images/Tumor/TMA2/TMA 2 Level 1_Core[2,17,4]_[17312,53035].tif",FALSE,"/data_g1/AI_projects/projects/Immune_Cell_Prediction_WK/DIR/nhs/TMA 2 Level 1_Core[2,17,4]_[17312,53035]",0.4
"/data_g1/AI_projects/raw_data/PCITB_CRC/HE_raw_images/Tumor/TMA2/TMA 2 Level 16_Core[1,17,4]_[16461,51776].tif",FALSE,"/data_g1/AI_projects/projects/Immune_Cell_Prediction_WK/DIR/nhs/TMA 2 Level 16_Core[1,17,4]_[16461,51776]",0.4
"/data_g1/AI_projects/raw_data/PCITB_CRC/HE_raw_images/Tumor/TMA2/TMA 2 Level 16_Core[1,17,5]_[15596,51702].tif",FALSE,"/data_g1/AI_projects/projects/Immune_Cell_Prediction_WK/DIR/nhs/TMA 2 Level 16_Core[1,17,5]_[15596,51702]",0.4
"/data_g1/AI_projects/raw_data/PCITB_CRC/HE_raw_images/Tumor/TMA2/TMA 2 Level 1_Core[2,17,5]_[16422,52862].tif",FALSE,"/data_g1/AI_projects/projects/Immune_Cell_Prediction_WK/DIR/nhs/TMA 2 Level 1_Core[2,17,5]_[16422,52862]",0.4
"/data_g1/AI_projects/raw_data/PCITB_CRC/HE_raw_images/Tumor/TMA2/TMA 2 Level 16_Core[1,17,6]_[14557,51702].tif",FALSE,"/data_g1/AI_projects/projects/Immune_Cell_Prediction_WK/DIR/nhs/TMA 2 Level 16_Core[1,17,6]_[14557,51702]",0.4
"/data_g1/AI_projects/raw_data/PCITB_CRC/HE_raw_images/Tumor/TMA2/TMA 2 Level 1_Core[2,17,6]_[15458,52813].tif",FALSE,"/data_g1/AI_projects/projects/Immune_Cell_Prediction_WK/DIR/nhs/TMA 2 Level 1_Core[2,17,6]_[15458,52813]",0.4
"/data_g1/AI_projects/raw_data/PCITB_CRC/HE_raw_images/Tumor/TMA2/TMA 2 Level 1_Core[2,17,7]_[14518,52763].tif",FALSE,"/data_g1/AI_projects/projects/Immune_Cell_Prediction_WK/DIR/nhs/TMA 2 Level 1_Core[2,17,7]_[14518,52763]",0.4
"/data_g1/AI_projects/raw_data/PCITB_CRC/HE_raw_images/Tumor/TMA2/TMA 2 Level 16_Core[1,17,7]_[13741,51702].tif",FALSE,"/data_g1/AI_projects/projects/Immune_Cell_Prediction_WK/DIR/nhs/TMA 2 Level 16_Core[1,17,7]_[13741,51702]",0.4
"/data_g1/AI_projects/raw_data/PCITB_CRC/HE_raw_images/Tumor/TMA2/TMA 2 Level 1_Core[2,17,8]_[13652,52689].tif",FALSE,"/data_g1/AI_projects/projects/Immune_Cell_Prediction_WK/DIR/nhs/TMA 2 Level 1_Core[2,17,8]_[13652,52689]",0.4
"/data_g1/AI_projects/raw_data/PCITB_CRC/HE_raw_images/Tumor/TMA2/TMA 2 Level 16_Core[1,17,8]_[12851,51677].tif",FALSE,"/data_g1/AI_projects/projects/Immune_Cell_Prediction_WK/DIR/nhs/TMA 2 Level 16_Core[1,17,8]_[12851,51677]",0.4
"/data_g1/AI_projects/raw_data/PCITB_CRC/HE_raw_images/Tumor/TMA2/TMA 2 Level 1_Core[2,17,9]_[12812,52615].tif",FALSE,"/data_g1/AI_projects/projects/Immune_Cell_Prediction_WK/DIR/nhs/TMA 2 Level 1_Core[2,17,9]_[12812,52615]",0.4
"/data_g1/AI_projects/raw_data/PCITB_CRC/HE_raw_images/Tumor/TMA2/TMA 2 Level 16_Core[1,17,9]_[12035,51603].tif",FALSE,"/data_g1/AI_projects/projects/Immune_Cell_Prediction_WK/DIR/nhs/TMA 2 Level 16_Core[1,17,9]_[12035,51603]",0.4
"/data_g1/AI_projects/raw_data/PCITB_CRC/HE_raw_images/Tumor/TMA2/TMA 2 Level 1_Core[2,18,1]_[20032,54272].tif",FALSE,"/data_g1/AI_projects/projects/Immune_Cell_Prediction_WK/DIR/nhs/TMA 2 Level 1_Core[2,18,1]_[20032,54272]",0.4
"/data_g1/AI_projects/raw_data/PCITB_CRC/HE_raw_images/Tumor/TMA2/TMA 2 Level 16_Core[1,18,1]_[19231,52592].tif",FALSE,"/data_g1/AI_projects/projects/Immune_Cell_Prediction_WK/DIR/nhs/TMA 2 Level 16_Core[1,18,1]_[19231,52592]",0.4
"/data_g1/AI_projects/raw_data/PCITB_CRC/HE_raw_images/Tumor/TMA2/TMA 2 Level 16_Core[1,18,10]_[11095,52370].tif",FALSE,"/data_g1/AI_projects/projects/Immune_Cell_Prediction_WK/DIR/nhs/TMA 2 Level 16_Core[1,18,10]_[11095,52370]",0.4
"/data_g1/AI_projects/raw_data/PCITB_CRC/HE_raw_images/Tumor/TMA2/TMA 2 Level 1_Core[2,18,10]_[11847,53431].tif",FALSE,"/data_g1/AI_projects/projects/Immune_Cell_Prediction_WK/DIR/nhs/TMA 2 Level 1_Core[2,18,10]_[11847,53431]",0.4
"/data_g1/AI_projects/raw_data/PCITB_CRC/HE_raw_images/Tumor/TMA2/TMA 2 Level 1_Core[2,18,11]_[10932,53406].tif",FALSE,"/data_g1/AI_projects/projects/Immune_Cell_Prediction_WK/DIR/nhs/TMA 2 Level 1_Core[2,18,11]_[10932,53406]",0.4
"/data_g1/AI_projects/raw_data/PCITB_CRC/HE_raw_images/Tumor/TMA2/TMA 2 Level 16_Core[1,18,11]_[10205,52320].tif",FALSE,"/data_g1/AI_projects/projects/Immune_Cell_Prediction_WK/DIR/nhs/TMA 2 Level 16_Core[1,18,11]_[10205,52320]",0.4
"/data_g1/AI_projects/raw_data/PCITB_CRC/HE_raw_images/Tumor/TMA2/TMA 2 Level 1_Core[2,18,14]_[8262,53332].tif",FALSE,"/data_g1/AI_projects/projects/Immune_Cell_Prediction_WK/DIR/nhs/TMA 2 Level 1_Core[2,18,14]_[8262,53332]",0.4
"/data_g1/AI_projects/raw_data/PCITB_CRC/HE_raw_images/Tumor/TMA2/TMA 2 Level 16_Core[1,18,14]_[7534,52246].tif",FALSE,"/data_g1/AI_projects/projects/Immune_Cell_Prediction_WK/DIR/nhs/TMA 2 Level 16_Core[1,18,14]_[7534,52246]",0.4
"/data_g1/AI_projects/raw_data/PCITB_CRC/HE_raw_images/Tumor/TMA2/TMA 2 Level 16_Core[1,18,15]_[6694,52196].tif",FALSE,"/data_g1/AI_projects/projects/Immune_Cell_Prediction_WK/DIR/nhs/TMA 2 Level 16_Core[1,18,15]_[6694,52196]",0.4
"/data_g1/AI_projects/raw_data/PCITB_CRC/HE_raw_images/Tumor/TMA2/TMA 2 Level 1_Core[2,18,15]_[7396,53282].tif",FALSE,"/data_g1/AI_projects/projects/Immune_Cell_Prediction_WK/DIR/nhs/TMA 2 Level 1_Core[2,18,15]_[7396,53282]",0.4
"/data_g1/AI_projects/raw_data/PCITB_CRC/HE_raw_images/Tumor/TMA2/TMA 2 Level 16_Core[1,18,16]_[5828,52172].tif",FALSE,"/data_g1/AI_projects/projects/Immune_Cell_Prediction_WK/DIR/nhs/TMA 2 Level 16_Core[1,18,16]_[5828,52172]",0.4
"/data_g1/AI_projects/raw_data/PCITB_CRC/HE_raw_images/Tumor/TMA2/TMA 2 Level 1_Core[2,18,16]_[6382,53233].tif",FALSE,"/data_g1/AI_projects/projects/Immune_Cell_Prediction_WK/DIR/nhs/TMA 2 Level 1_Core[2,18,16]_[6382,53233]",0.4
"/data_g1/AI_projects/raw_data/PCITB_CRC/HE_raw_images/Tumor/TMA2/TMA 2 Level 1_Core[2,18,2]_[19142,54148].tif",FALSE,"/data_g1/AI_projects/projects/Immune_Cell_Prediction_WK/DIR/nhs/TMA 2 Level 1_Core[2,18,2]_[19142,54148]",0.4
"/data_g1/AI_projects/raw_data/PCITB_CRC/HE_raw_images/Tumor/TMA2/TMA 2 Level 16_Core[1,18,2]_[18340,52568].tif",FALSE,"/data_g1/AI_projects/projects/Immune_Cell_Prediction_WK/DIR/nhs/TMA 2 Level 16_Core[1,18,2]_[18340,52568]",0.4
"/data_g1/AI_projects/raw_data/PCITB_CRC/HE_raw_images/Tumor/TMA2/TMA 2 Level 1_Core[2,18,3]_[18202,54000].tif",FALSE,"/data_g1/AI_projects/projects/Immune_Cell_Prediction_WK/DIR/nhs/TMA 2 Level 1_Core[2,18,3]_[18202,54000]",0.4
"/data_g1/AI_projects/raw_data/PCITB_CRC/HE_raw_images/Tumor/TMA2/TMA 2 Level 16_Core[1,18,3]_[17376,52543].tif",FALSE,"/data_g1/AI_projects/projects/Immune_Cell_Prediction_WK/DIR/nhs/TMA 2 Level 16_Core[1,18,3]_[17376,52543]",0.4
"/data_g1/AI_projects/raw_data/PCITB_CRC/HE_raw_images/Tumor/TMA2/TMA 2 Level 16_Core[1,18,4]_[16486,52568].tif",FALSE,"/data_g1/AI_projects/projects/Immune_Cell_Prediction_WK/DIR/nhs/TMA 2 Level 16_Core[1,18,4]_[16486,52568]",0.4
"/data_g1/AI_projects/raw_data/PCITB_CRC/HE_raw_images/Tumor/TMA2/TMA 2 Level 1_Core[2,18,4]_[17312,53876].tif",FALSE,"/data_g1/AI_projects/projects/Immune_Cell_Prediction_WK/DIR/nhs/TMA 2 Level 1_Core[2,18,4]_[17312,53876]",0.4
"/data_g1/AI_projects/raw_data/PCITB_CRC/HE_raw_images/Tumor/TMA2/TMA 2 Level 1_Core[2,18,5]_[16397,53728].tif",FALSE,"/data_g1/AI_projects/projects/Immune_Cell_Prediction_WK/DIR/nhs/TMA 2 Level 1_Core[2,18,5]_[16397,53728]",0.4
"/data_g1/AI_projects/raw_data/PCITB_CRC/HE_raw_images/Tumor/TMA2/TMA 2 Level 16_Core[1,18,5]_[15620,52543].tif",FALSE,"/data_g1/AI_projects/projects/Immune_Cell_Prediction_WK/DIR/nhs/TMA 2 Level 16_Core[1,18,5]_[15620,52543]",0.4
"/data_g1/AI_projects/raw_data/PCITB_CRC/HE_raw_images/Tumor/TMA2/TMA 2 Level 1_Core[2,18,6]_[15433,53629].tif",FALSE,"/data_g1/AI_projects/projects/Immune_Cell_Prediction_WK/DIR/nhs/TMA 2 Level 1_Core[2,18,6]_[15433,53629]",0.4
"/data_g1/AI_projects/raw_data/PCITB_CRC/HE_raw_images/Tumor/TMA2/TMA 2 Level 16_Core[1,18,6]_[14780,52419].tif",FALSE,"/data_g1/AI_projects/projects/Immune_Cell_Prediction_WK/DIR/nhs/TMA 2 Level 16_Core[1,18,6]_[14780,52419]",0.4
"/data_g1/AI_projects/raw_data/PCITB_CRC/HE_raw_images/Tumor/TMA2/TMA 2 Level 1_Core[2,18,7]_[14493,53530].tif",FALSE,"/data_g1/AI_projects/projects/Immune_Cell_Prediction_WK/DIR/nhs/TMA 2 Level 1_Core[2,18,7]_[14493,53530]",0.4
"/data_g1/AI_projects/raw_data/PCITB_CRC/HE_raw_images/Tumor/TMA2/TMA 2 Level 16_Core[1,18,7]_[13716,52493].tif",FALSE,"/data_g1/AI_projects/projects/Immune_Cell_Prediction_WK/DIR/nhs/TMA 2 Level 16_Core[1,18,7]_[13716,52493]",0.4
"/data_g1/AI_projects/raw_data/PCITB_CRC/HE_raw_images/Tumor/TMA2/TMA 2 Level 16_Core[1,18,8]_[12851,52419].tif",FALSE,"/data_g1/AI_projects/projects/Immune_Cell_Prediction_WK/DIR/nhs/TMA 2 Level 16_Core[1,18,8]_[12851,52419]",0.4
"/data_g1/AI_projects/raw_data/PCITB_CRC/HE_raw_images/Tumor/TMA2/TMA 2 Level 1_Core[2,18,8]_[13603,53480].tif",FALSE,"/data_g1/AI_projects/projects/Immune_Cell_Prediction_WK/DIR/nhs/TMA 2 Level 1_Core[2,18,8]_[13603,53480]",0.4
"/data_g1/AI_projects/raw_data/PCITB_CRC/HE_raw_images/Tumor/TMA2/TMA 2 Level 16_Core[1,18,9]_[11985,52394].tif",FALSE,"/data_g1/AI_projects/projects/Immune_Cell_Prediction_WK/DIR/nhs/TMA 2 Level 16_Core[1,18,9]_[11985,52394]",0.4
"/data_g1/AI_projects/raw_data/PCITB_CRC/HE_raw_images/Tumor/TMA2/TMA 2 Level 1_Core[2,18,9]_[12737,53431].tif",FALSE,"/data_g1/AI_projects/projects/Immune_Cell_Prediction_WK/DIR/nhs/TMA 2 Level 1_Core[2,18,9]_[12737,53431]",0.4
"/data_g1/AI_projects/raw_data/PCITB_CRC/HE_raw_images/Tumor/TMA2/TMA 2 Level 16_Core[1,19,6]_[14644,53841].tif",FALSE,"/data_g1/AI_projects/projects/Immune_Cell_Prediction_WK/DIR/nhs/TMA 2 Level 16_Core[1,19,6]_[14644,53841]",0.4
"/data_g1/AI_projects/raw_data/PCITB_CRC/HE_raw_images/Tumor/TMA2/TMA 2 Level 1_Core[2,19,6]_[15402,54933].tif",FALSE,"/data_g1/AI_projects/projects/Immune_Cell_Prediction_WK/DIR/nhs/TMA 2 Level 1_Core[2,19,6]_[15402,54933]",0.4
"/data_g1/AI_projects/raw_data/PCITB_CRC/HE_raw_images/Tumor/TMA2/TMA 2 Level 1_Core[2,2,1]_[20565,39782].tif",FALSE,"/data_g1/AI_projects/projects/Immune_Cell_Prediction_WK/DIR/nhs/TMA 2 Level 1_Core[2,2,1]_[20565,39782]",0.4
"/data_g1/AI_projects/raw_data/PCITB_CRC/HE_raw_images/Tumor/TMA2/TMA 2 Level 1_Core[2,2,10]_[12800,39312].tif",FALSE,"/data_g1/AI_projects/projects/Immune_Cell_Prediction_WK/DIR/nhs/TMA 2 Level 1_Core[2,2,10]_[12800,39312]",0.4
"/data_g1/AI_projects/raw_data/PCITB_CRC/HE_raw_images/Tumor/TMA2/TMA 2 Level 1_Core[2,2,12]_[11069,39189].tif",FALSE,"/data_g1/AI_projects/projects/Immune_Cell_Prediction_WK/DIR/nhs/TMA 2 Level 1_Core[2,2,12]_[11069,39189]",0.4
"/data_g1/AI_projects/raw_data/PCITB_CRC/HE_raw_images/Tumor/TMA2/TMA 2 Level 16_Core[1,2,12]_[9908,38967].tif",FALSE,"/data_g1/AI_projects/projects/Immune_Cell_Prediction_WK/DIR/nhs/TMA 2 Level 16_Core[1,2,12]_[9908,38967]",0.4
"/data_g1/AI_projects/raw_data/PCITB_CRC/HE_raw_images/Tumor/TMA2/TMA 2 Level 16_Core[1,2,13]_[8993,38967].tif",FALSE,"/data_g1/AI_projects/projects/Immune_Cell_Prediction_WK/DIR/nhs/TMA 2 Level 16_Core[1,2,13]_[8993,38967]",0.4
"/data_g1/AI_projects/raw_data/PCITB_CRC/HE_raw_images/Tumor/TMA2/TMA 2 Level 1_Core[2,2,13]_[10179,39164].tif",FALSE,"/data_g1/AI_projects/projects/Immune_Cell_Prediction_WK/DIR/nhs/TMA 2 Level 1_Core[2,2,13]_[10179,39164]",0.4
"/data_g1/AI_projects/raw_data/PCITB_CRC/HE_raw_images/Tumor/TMA2/TMA 2 Level 1_Core[2,2,14]_[9338,39164].tif",FALSE,"/data_g1/AI_projects/projects/Immune_Cell_Prediction_WK/DIR/nhs/TMA 2 Level 1_Core[2,2,14]_[9338,39164]",0.4
"/data_g1/AI_projects/raw_data/PCITB_CRC/HE_raw_images/Tumor/TMA2/TMA 2 Level 16_Core[1,2,14]_[8128,39066].tif",FALSE,"/data_g1/AI_projects/projects/Immune_Cell_Prediction_WK/DIR/nhs/TMA 2 Level 16_Core[1,2,14]_[8128,39066]",0.4
"/data_g1/AI_projects/raw_data/PCITB_CRC/HE_raw_images/Tumor/TMA2/TMA 2 Level 16_Core[1,2,15]_[7262,39116].tif",FALSE,"/data_g1/AI_projects/projects/Immune_Cell_Prediction_WK/DIR/nhs/TMA 2 Level 16_Core[1,2,15]_[7262,39116]",0.4
"/data_g1/AI_projects/raw_data/PCITB_CRC/HE_raw_images/Tumor/TMA2/TMA 2 Level 1_Core[2,2,15]_[8473,39139].tif",FALSE,"/data_g1/AI_projects/projects/Immune_Cell_Prediction_WK/DIR/nhs/TMA 2 Level 1_Core[2,2,15]_[8473,39139]",0.4
"/data_g1/AI_projects/raw_data/PCITB_CRC/HE_raw_images/Tumor/TMA2/TMA 2 Level 1_Core[2,2,16]_[7607,39114].tif",FALSE,"/data_g1/AI_projects/projects/Immune_Cell_Prediction_WK/DIR/nhs/TMA 2 Level 1_Core[2,2,16]_[7607,39114]",0.4
"/data_g1/AI_projects/raw_data/PCITB_CRC/HE_raw_images/Tumor/TMA2/TMA 2 Level 16_Core[1,2,16]_[6397,39140].tif",FALSE,"/data_g1/AI_projects/projects/Immune_Cell_Prediction_WK/DIR/nhs/TMA 2 Level 16_Core[1,2,16]_[6397,39140]",0.4
"/data_g1/AI_projects/raw_data/PCITB_CRC/HE_raw_images/Tumor/TMA2/TMA 2 Level 1_Core[2,2,17]_[6791,39139].tif",FALSE,"/data_g1/AI_projects/projects/Immune_Cell_Prediction_WK/DIR/nhs/TMA 2 Level 1_Core[2,2,17]_[6791,39139]",0.4
"/data_g1/AI_projects/raw_data/PCITB_CRC/HE_raw_images/Tumor/TMA2/TMA 2 Level 16_Core[1,2,17]_[5556,39239].tif",FALSE,"/data_g1/AI_projects/projects/Immune_Cell_Prediction_WK/DIR/nhs/TMA 2 Level 16_Core[1,2,17]_[5556,39239]",0.4
"/data_g1/AI_projects/raw_data/PCITB_CRC/HE_raw_images/Tumor/TMA2/TMA 2 Level 16_Core[1,2,2]_[18637,39437].tif",FALSE,"/data_g1/AI_projects/projects/Immune_Cell_Prediction_WK/DIR/nhs/TMA 2 Level 16_Core[1,2,2]_[18637,39437]",0.4
"/data_g1/AI_projects/raw_data/PCITB_CRC/HE_raw_images/Tumor/TMA2/TMA 2 Level 1_Core[2,2,2]_[19724,39683].tif",FALSE,"/data_g1/AI_projects/projects/Immune_Cell_Prediction_WK/DIR/nhs/TMA 2 Level 1_Core[2,2,2]_[19724,39683]",0.4
"/data_g1/AI_projects/raw_data/PCITB_CRC/HE_raw_images/Tumor/TMA2/TMA 2 Level 1_Core[2,2,3]_[18834,39658].tif",FALSE,"/data_g1/AI_projects/projects/Immune_Cell_Prediction_WK/DIR/nhs/TMA 2 Level 1_Core[2,2,3]_[18834,39658]",0.4
"/data_g1/AI_projects/raw_data/PCITB_CRC/HE_raw_images/Tumor/TMA2/TMA 2 Level 16_Core[1,2,3]_[17747,39363].tif",FALSE,"/data_g1/AI_projects/projects/Immune_Cell_Prediction_WK/DIR/nhs/TMA 2 Level 16_Core[1,2,3]_[17747,39363]",0.4
"/data_g1/AI_projects/raw_data/PCITB_CRC/HE_raw_images/Tumor/TMA2/TMA 2 Level 1_Core[2,2,4]_[17968,39560].tif",FALSE,"/data_g1/AI_projects/projects/Immune_Cell_Prediction_WK/DIR/nhs/TMA 2 Level 1_Core[2,2,4]_[17968,39560]",0.4
"/data_g1/AI_projects/raw_data/PCITB_CRC/HE_raw_images/Tumor/TMA2/TMA 2 Level 16_Core[1,2,4]_[16857,39239].tif",FALSE,"/data_g1/AI_projects/projects/Immune_Cell_Prediction_WK/DIR/nhs/TMA 2 Level 16_Core[1,2,4]_[16857,39239]",0.4
"/data_g1/AI_projects/raw_data/PCITB_CRC/HE_raw_images/Tumor/TMA2/TMA 2 Level 16_Core[1,2,6]_[15076,39165].tif",FALSE,"/data_g1/AI_projects/projects/Immune_Cell_Prediction_WK/DIR/nhs/TMA 2 Level 16_Core[1,2,6]_[15076,39165]",0.4
"/data_g1/AI_projects/raw_data/PCITB_CRC/HE_raw_images/Tumor/TMA2/TMA 2 Level 1_Core[2,2,6]_[16188,39485].tif",FALSE,"/data_g1/AI_projects/projects/Immune_Cell_Prediction_WK/DIR/nhs/TMA 2 Level 1_Core[2,2,6]_[16188,39485]",0.4
"/data_g1/AI_projects/raw_data/PCITB_CRC/HE_raw_images/Tumor/TMA2/TMA 2 Level 1_Core[2,2,7]_[15372,39436].tif",FALSE,"/data_g1/AI_projects/projects/Immune_Cell_Prediction_WK/DIR/nhs/TMA 2 Level 1_Core[2,2,7]_[15372,39436]",0.4
"/data_g1/AI_projects/raw_data/PCITB_CRC/HE_raw_images/Tumor/TMA2/TMA 2 Level 1_Core[2,2,8]_[14507,39411].tif",FALSE,"/data_g1/AI_projects/projects/Immune_Cell_Prediction_WK/DIR/nhs/TMA 2 Level 1_Core[2,2,8]_[14507,39411]",0.4
"/data_g1/AI_projects/raw_data/PCITB_CRC/HE_raw_images/Tumor/TMA2/TMA 2 Level 16_Core[1,2,8]_[13370,39091].tif",FALSE,"/data_g1/AI_projects/projects/Immune_Cell_Prediction_WK/DIR/nhs/TMA 2 Level 16_Core[1,2,8]_[13370,39091]",0.4
"/data_g1/AI_projects/raw_data/PCITB_CRC/HE_raw_images/Tumor/TMA2/TMA 2 Level 16_Core[1,2,9]_[12529,39066].tif",FALSE,"/data_g1/AI_projects/projects/Immune_Cell_Prediction_WK/DIR/nhs/TMA 2 Level 16_Core[1,2,9]_[12529,39066]",0.4
"/data_g1/AI_projects/raw_data/PCITB_CRC/HE_raw_images/Tumor/TMA2/TMA 2 Level 1_Core[2,2,9]_[13666,39411].tif",FALSE,"/data_g1/AI_projects/projects/Immune_Cell_Prediction_WK/DIR/nhs/TMA 2 Level 1_Core[2,2,9]_[13666,39411]",0.4
"/data_g1/AI_projects/raw_data/PCITB_CRC/HE_raw_images/Tumor/TMA2/TMA 2 Level 16_Core[1,20,6]_[14619,54682].tif",FALSE,"/data_g1/AI_projects/projects/Immune_Cell_Prediction_WK/DIR/nhs/TMA 2 Level 16_Core[1,20,6]_[14619,54682]",0.4
"/data_g1/AI_projects/raw_data/PCITB_CRC/HE_raw_images/Tumor/TMA2/TMA 2 Level 1_Core[2,20,6]_[15303,55749].tif",FALSE,"/data_g1/AI_projects/projects/Immune_Cell_Prediction_WK/DIR/nhs/TMA 2 Level 1_Core[2,20,6]_[15303,55749]",0.4
"/data_g1/AI_projects/raw_data/PCITB_CRC/HE_raw_images/Tumor/TMA2/TMA 2 Level 16_Core[1,20,7]_[13729,54608].tif",FALSE,"/data_g1/AI_projects/projects/Immune_Cell_Prediction_WK/DIR/nhs/TMA 2 Level 16_Core[1,20,7]_[13729,54608]",0.4
"/data_g1/AI_projects/raw_data/PCITB_CRC/HE_raw_images/Tumor/TMA2/TMA 2 Level 1_Core[2,20,9]_[12628,55646].tif",FALSE,"/data_g1/AI_projects/projects/Immune_Cell_Prediction_WK/DIR/nhs/TMA 2 Level 1_Core[2,20,9]_[12628,55646]",0.4
"/data_g1/AI_projects/raw_data/PCITB_CRC/HE_raw_images/Tumor/TMA2/TMA 2 Level 1_Core[2,21,1]_[19875,57490].tif",FALSE,"/data_g1/AI_projects/projects/Immune_Cell_Prediction_WK/DIR/nhs/TMA 2 Level 1_Core[2,21,1]_[19875,57490]",0.4
"/data_g1/AI_projects/raw_data/PCITB_CRC/HE_raw_images/Tumor/TMA2/TMA 2 Level 16_Core[1,21,1]_[19392,55399].tif",FALSE,"/data_g1/AI_projects/projects/Immune_Cell_Prediction_WK/DIR/nhs/TMA 2 Level 16_Core[1,21,1]_[19392,55399]",0.4
"/data_g1/AI_projects/raw_data/PCITB_CRC/HE_raw_images/Tumor/TMA2/TMA 2 Level 16_Core[1,21,10]_[11232,55374].tif",FALSE,"/data_g1/AI_projects/projects/Immune_Cell_Prediction_WK/DIR/nhs/TMA 2 Level 16_Core[1,21,10]_[11232,55374]",0.4
"/data_g1/AI_projects/raw_data/PCITB_CRC/HE_raw_images/Tumor/TMA2/TMA 2 Level 1_Core[2,21,10]_[11936,56561].tif",FALSE,"/data_g1/AI_projects/projects/Immune_Cell_Prediction_WK/DIR/nhs/TMA 2 Level 1_Core[2,21,10]_[11936,56561]",0.4
"/data_g1/AI_projects/raw_data/PCITB_CRC/HE_raw_images/Tumor/TMA2/TMA 2 Level 16_Core[1,21,11]_[10366,55300].tif",FALSE,"/data_g1/AI_projects/projects/Immune_Cell_Prediction_WK/DIR/nhs/TMA 2 Level 16_Core[1,21,11]_[10366,55300]",0.4
"/data_g1/AI_projects/raw_data/PCITB_CRC/HE_raw_images/Tumor/TMA2/TMA 2 Level 1_Core[2,21,11]_[11070,56536].tif",FALSE,"/data_g1/AI_projects/projects/Immune_Cell_Prediction_WK/DIR/nhs/TMA 2 Level 1_Core[2,21,11]_[11070,56536]",0.4
"/data_g1/AI_projects/raw_data/PCITB_CRC/HE_raw_images/Tumor/TMA2/TMA 2 Level 16_Core[1,21,12]_[9476,55177].tif",FALSE,"/data_g1/AI_projects/projects/Immune_Cell_Prediction_WK/DIR/nhs/TMA 2 Level 16_Core[1,21,12]_[9476,55177]",0.4
"/data_g1/AI_projects/raw_data/PCITB_CRC/HE_raw_images/Tumor/TMA2/TMA 2 Level 1_Core[2,21,12]_[10216,56436].tif",FALSE,"/data_g1/AI_projects/projects/Immune_Cell_Prediction_WK/DIR/nhs/TMA 2 Level 1_Core[2,21,12]_[10216,56436]",0.4
"/data_g1/AI_projects/raw_data/PCITB_CRC/HE_raw_images/Tumor/TMA2/TMA 2 Level 1_Core[2,21,13]_[9301,56461].tif",FALSE,"/data_g1/AI_projects/projects/Immune_Cell_Prediction_WK/DIR/nhs/TMA 2 Level 1_Core[2,21,13]_[9301,56461]",0.4
"/data_g1/AI_projects/raw_data/PCITB_CRC/HE_raw_images/Tumor/TMA2/TMA 2 Level 16_Core[1,21,13]_[8561,55102].tif",FALSE,"/data_g1/AI_projects/projects/Immune_Cell_Prediction_WK/DIR/nhs/TMA 2 Level 16_Core[1,21,13]_[8561,55102]",0.4
"/data_g1/AI_projects/raw_data/PCITB_CRC/HE_raw_images/Tumor/TMA2/TMA 2 Level 1_Core[2,21,14]_[8386,56263].tif",FALSE,"/data_g1/AI_projects/projects/Immune_Cell_Prediction_WK/DIR/nhs/TMA 2 Level 1_Core[2,21,14]_[8386,56263]",0.4
"/data_g1/AI_projects/raw_data/PCITB_CRC/HE_raw_images/Tumor/TMA2/TMA 2 Level 16_Core[1,21,14]_[7671,55028].tif",FALSE,"/data_g1/AI_projects/projects/Immune_Cell_Prediction_WK/DIR/nhs/TMA 2 Level 16_Core[1,21,14]_[7671,55028]",0.4
"/data_g1/AI_projects/raw_data/PCITB_CRC/HE_raw_images/Tumor/TMA2/TMA 2 Level 16_Core[1,21,15]_[6805,54954].tif",FALSE,"/data_g1/AI_projects/projects/Immune_Cell_Prediction_WK/DIR/nhs/TMA 2 Level 16_Core[1,21,15]_[6805,54954]",0.4
"/data_g1/AI_projects/raw_data/PCITB_CRC/HE_raw_images/Tumor/TMA2/TMA 2 Level 1_Core[2,21,15]_[7546,56214].tif",FALSE,"/data_g1/AI_projects/projects/Immune_Cell_Prediction_WK/DIR/nhs/TMA 2 Level 1_Core[2,21,15]_[7546,56214]",0.4
"/data_g1/AI_projects/raw_data/PCITB_CRC/HE_raw_images/Tumor/TMA2/TMA 2 Level 1_Core[2,21,4]_[16984,56812].tif",FALSE,"/data_g1/AI_projects/projects/Immune_Cell_Prediction_WK/DIR/nhs/TMA 2 Level 1_Core[2,21,4]_[16984,56812]",0.4
"/data_g1/AI_projects/raw_data/PCITB_CRC/HE_raw_images/Tumor/TMA2/TMA 2 Level 16_Core[1,21,5]_[15584,55548].tif",FALSE,"/data_g1/AI_projects/projects/Immune_Cell_Prediction_WK/DIR/nhs/TMA 2 Level 16_Core[1,21,5]_[15584,55548]",0.4
"/data_g1/AI_projects/raw_data/PCITB_CRC/HE_raw_images/Tumor/TMA2/TMA 2 Level 1_Core[2,21,5]_[16193,56689].tif",FALSE,"/data_g1/AI_projects/projects/Immune_Cell_Prediction_WK/DIR/nhs/TMA 2 Level 1_Core[2,21,5]_[16193,56689]",0.4
"/data_g1/AI_projects/raw_data/PCITB_CRC/HE_raw_images/Tumor/TMA2/TMA 2 Level 16_Core[1,21,6]_[14743,55572].tif",FALSE,"/data_g1/AI_projects/projects/Immune_Cell_Prediction_WK/DIR/nhs/TMA 2 Level 16_Core[1,21,6]_[14743,55572]",0.4
"/data_g1/AI_projects/raw_data/PCITB_CRC/HE_raw_images/Tumor/TMA2/TMA 2 Level 1_Core[2,21,6]_[15352,56614].tif",FALSE,"/data_g1/AI_projects/projects/Immune_Cell_Prediction_WK/DIR/nhs/TMA 2 Level 1_Core[2,21,6]_[15352,56614]",0.4
"/data_g1/AI_projects/raw_data/PCITB_CRC/HE_raw_images/Tumor/TMA2/TMA 2 Level 16_Core[1,21,7]_[13803,55449].tif",FALSE,"/data_g1/AI_projects/projects/Immune_Cell_Prediction_WK/DIR/nhs/TMA 2 Level 16_Core[1,21,7]_[13803,55449]",0.4
"/data_g1/AI_projects/raw_data/PCITB_CRC/HE_raw_images/Tumor/TMA2/TMA 2 Level 16_Core[1,21,8]_[12839,55498].tif",FALSE,"/data_g1/AI_projects/projects/Immune_Cell_Prediction_WK/DIR/nhs/TMA 2 Level 16_Core[1,21,8]_[12839,55498]",0.4
"/data_g1/AI_projects/raw_data/PCITB_CRC/HE_raw_images/Tumor/TMA2/TMA 2 Level 1_Core[2,21,8]_[13543,56635].tif",FALSE,"/data_g1/AI_projects/projects/Immune_Cell_Prediction_WK/DIR/nhs/TMA 2 Level 1_Core[2,21,8]_[13543,56635]",0.4
"/data_g1/AI_projects/raw_data/PCITB_CRC/HE_raw_images/Tumor/TMA2/TMA 2 Level 16_Core[1,21,9]_[12023,55374].tif",FALSE,"/data_g1/AI_projects/projects/Immune_Cell_Prediction_WK/DIR/nhs/TMA 2 Level 16_Core[1,21,9]_[12023,55374]",0.4
"/data_g1/AI_projects/raw_data/PCITB_CRC/HE_raw_images/Tumor/TMA2/TMA 2 Level 1_Core[2,21,9]_[12702,56487].tif",FALSE,"/data_g1/AI_projects/projects/Immune_Cell_Prediction_WK/DIR/nhs/TMA 2 Level 1_Core[2,21,9]_[12702,56487]",0.4
"/data_g1/AI_projects/raw_data/PCITB_CRC/HE_raw_images/Tumor/TMA2/TMA 2 Level 1_Core[2,22,1]_[19599,58388].tif",FALSE,"/data_g1/AI_projects/projects/Immune_Cell_Prediction_WK/DIR/nhs/TMA 2 Level 1_Core[2,22,1]_[19599,58388]",0.4
"/data_g1/AI_projects/raw_data/PCITB_CRC/HE_raw_images/Tumor/TMA2/TMA 2 Level 16_Core[1,22,1]_[19243,56215].tif",FALSE,"/data_g1/AI_projects/projects/Immune_Cell_Prediction_WK/DIR/nhs/TMA 2 Level 16_Core[1,22,1]_[19243,56215]",0.4
"/data_g1/AI_projects/raw_data/PCITB_CRC/HE_raw_images/Tumor/TMA2/TMA 2 Level 16_Core[1,22,10]_[11182,56141].tif",FALSE,"/data_g1/AI_projects/projects/Immune_Cell_Prediction_WK/DIR/nhs/TMA 2 Level 16_Core[1,22,10]_[11182,56141]",0.4
"/data_g1/AI_projects/raw_data/PCITB_CRC/HE_raw_images/Tumor/TMA2/TMA 2 Level 1_Core[2,22,10]_[11862,57575].tif",FALSE,"/data_g1/AI_projects/projects/Immune_Cell_Prediction_WK/DIR/nhs/TMA 2 Level 1_Core[2,22,10]_[11862,57575]",0.4
"/data_g1/AI_projects/raw_data/PCITB_CRC/HE_raw_images/Tumor/TMA2/TMA 2 Level 16_Core[1,22,11]_[10292,56092].tif",FALSE,"/data_g1/AI_projects/projects/Immune_Cell_Prediction_WK/DIR/nhs/TMA 2 Level 16_Core[1,22,11]_[10292,56092]",0.4
"/data_g1/AI_projects/raw_data/PCITB_CRC/HE_raw_images/Tumor/TMA2/TMA 2 Level 1_Core[2,22,11]_[10922,57525].tif",FALSE,"/data_g1/AI_projects/projects/Immune_Cell_Prediction_WK/DIR/nhs/TMA 2 Level 1_Core[2,22,11]_[10922,57525]",0.4
"/data_g1/AI_projects/raw_data/PCITB_CRC/HE_raw_images/Tumor/TMA2/TMA 2 Level 16_Core[1,22,12]_[9426,55968].tif",FALSE,"/data_g1/AI_projects/projects/Immune_Cell_Prediction_WK/DIR/nhs/TMA 2 Level 16_Core[1,22,12]_[9426,55968]",0.4
"/data_g1/AI_projects/raw_data/PCITB_CRC/HE_raw_images/Tumor/TMA2/TMA 2 Level 16_Core[1,22,13]_[8561,55943].tif",FALSE,"/data_g1/AI_projects/projects/Immune_Cell_Prediction_WK/DIR/nhs/TMA 2 Level 16_Core[1,22,13]_[8561,55943]",0.4
"/data_g1/AI_projects/raw_data/PCITB_CRC/HE_raw_images/Tumor/TMA2/TMA 2 Level 1_Core[2,22,13]_[9252,57302].tif",FALSE,"/data_g1/AI_projects/projects/Immune_Cell_Prediction_WK/DIR/nhs/TMA 2 Level 1_Core[2,22,13]_[9252,57302]",0.4
"/data_g1/AI_projects/raw_data/PCITB_CRC/HE_raw_images/Tumor/TMA2/TMA 2 Level 1_Core[2,22,14]_[8436,57153].tif",FALSE,"/data_g1/AI_projects/projects/Immune_Cell_Prediction_WK/DIR/nhs/TMA 2 Level 1_Core[2,22,14]_[8436,57153]",0.4
"/data_g1/AI_projects/raw_data/PCITB_CRC/HE_raw_images/Tumor/TMA2/TMA 2 Level 16_Core[1,22,14]_[7720,55820].tif",FALSE,"/data_g1/AI_projects/projects/Immune_Cell_Prediction_WK/DIR/nhs/TMA 2 Level 16_Core[1,22,14]_[7720,55820]",0.4
"/data_g1/AI_projects/raw_data/PCITB_CRC/HE_raw_images/Tumor/TMA2/TMA 2 Level 16_Core[1,22,15]_[6880,55745].tif",FALSE,"/data_g1/AI_projects/projects/Immune_Cell_Prediction_WK/DIR/nhs/TMA 2 Level 16_Core[1,22,15]_[6880,55745]",0.4
"/data_g1/AI_projects/raw_data/PCITB_CRC/HE_raw_images/Tumor/TMA2/TMA 2 Level 1_Core[2,22,15]_[7570,57079].tif",FALSE,"/data_g1/AI_projects/projects/Immune_Cell_Prediction_WK/DIR/nhs/TMA 2 Level 1_Core[2,22,15]_[7570,57079]",0.4
"/data_g1/AI_projects/raw_data/PCITB_CRC/HE_raw_images/Tumor/TMA2/TMA 2 Level 1_Core[2,22,2]_[18783,58264].tif",FALSE,"/data_g1/AI_projects/projects/Immune_Cell_Prediction_WK/DIR/nhs/TMA 2 Level 1_Core[2,22,2]_[18783,58264]",0.4
"/data_g1/AI_projects/raw_data/PCITB_CRC/HE_raw_images/Tumor/TMA2/TMA 2 Level 16_Core[1,22,2]_[18378,56240].tif",FALSE,"/data_g1/AI_projects/projects/Immune_Cell_Prediction_WK/DIR/nhs/TMA 2 Level 16_Core[1,22,2]_[18378,56240]",0.4
"/data_g1/AI_projects/raw_data/PCITB_CRC/HE_raw_images/Tumor/TMA2/TMA 2 Level 1_Core[2,22,3]_[17767,58414].tif",FALSE,"/data_g1/AI_projects/projects/Immune_Cell_Prediction_WK/DIR/nhs/TMA 2 Level 1_Core[2,22,3]_[17767,58414]",0.4
"/data_g1/AI_projects/raw_data/PCITB_CRC/HE_raw_images/Tumor/TMA2/TMA 2 Level 16_Core[1,22,3]_[17315,56364].tif",FALSE,"/data_g1/AI_projects/projects/Immune_Cell_Prediction_WK/DIR/nhs/TMA 2 Level 16_Core[1,22,3]_[17315,56364]",0.4
"/data_g1/AI_projects/raw_data/PCITB_CRC/HE_raw_images/Tumor/TMA2/TMA 2 Level 1_Core[2,22,4]_[16857,58700].tif",FALSE,"/data_g1/AI_projects/projects/Immune_Cell_Prediction_WK/DIR/nhs/TMA 2 Level 1_Core[2,22,4]_[16857,58700]",0.4
"/data_g1/AI_projects/raw_data/PCITB_CRC/HE_raw_images/Tumor/TMA2/TMA 2 Level 16_Core[1,22,4]_[16424,56339].tif",FALSE,"/data_g1/AI_projects/projects/Immune_Cell_Prediction_WK/DIR/nhs/TMA 2 Level 16_Core[1,22,4]_[16424,56339]",0.4
"/data_g1/AI_projects/raw_data/PCITB_CRC/HE_raw_images/Tumor/TMA2/TMA 2 Level 1_Core[2,22,5]_[16091,58651].tif",FALSE,"/data_g1/AI_projects/projects/Immune_Cell_Prediction_WK/DIR/nhs/TMA 2 Level 1_Core[2,22,5]_[16091,58651]",0.4
"/data_g1/AI_projects/raw_data/PCITB_CRC/HE_raw_images/Tumor/TMA2/TMA 2 Level 16_Core[1,22,5]_[15584,56339].tif",FALSE,"/data_g1/AI_projects/projects/Immune_Cell_Prediction_WK/DIR/nhs/TMA 2 Level 16_Core[1,22,5]_[15584,56339]",0.4
"/data_g1/AI_projects/raw_data/PCITB_CRC/HE_raw_images/Tumor/TMA2/TMA 2 Level 1_Core[1,22,7]_[14477,57779].tif",FALSE,"/data_g1/AI_projects/projects/Immune_Cell_Prediction_WK/DIR/nhs/TMA 2 Level 1_Core[1,22,7]_[14477,57779]",0.4
"/data_g1/AI_projects/raw_data/PCITB_CRC/HE_raw_images/Tumor/TMA2/TMA 2 Level 16_Core[1,22,7]_[13846,56258].tif",FALSE,"/data_g1/AI_projects/projects/Immune_Cell_Prediction_WK/DIR/nhs/TMA 2 Level 16_Core[1,22,7]_[13846,56258]",0.4
"/data_g1/AI_projects/raw_data/PCITB_CRC/HE_raw_images/Tumor/TMA2/TMA 2 Level 16_Core[1,22,8]_[12913,56289].tif",FALSE,"/data_g1/AI_projects/projects/Immune_Cell_Prediction_WK/DIR/nhs/TMA 2 Level 16_Core[1,22,8]_[12913,56289]",0.4
"/data_g1/AI_projects/raw_data/PCITB_CRC/HE_raw_images/Tumor/TMA2/TMA 2 Level 16_Core[1,22,9]_[12048,56240].tif",FALSE,"/data_g1/AI_projects/projects/Immune_Cell_Prediction_WK/DIR/nhs/TMA 2 Level 16_Core[1,22,9]_[12048,56240]",0.4
"/data_g1/AI_projects/raw_data/PCITB_CRC/HE_raw_images/Tumor/TMA2/TMA 2 Level 1_Core[1,22,9]_[12677,58069].tif",FALSE,"/data_g1/AI_projects/projects/Immune_Cell_Prediction_WK/DIR/nhs/TMA 2 Level 1_Core[1,22,9]_[12677,58069]",0.4
"/data_g1/AI_projects/raw_data/PCITB_CRC/HE_raw_images/Tumor/TMA2/TMA 2 Level 16_Core[1,23,5]_[15608,57204].tif",FALSE,"/data_g1/AI_projects/projects/Immune_Cell_Prediction_WK/DIR/nhs/TMA 2 Level 16_Core[1,23,5]_[15608,57204]",0.4
"/data_g1/AI_projects/raw_data/PCITB_CRC/HE_raw_images/Tumor/TMA2/TMA 2 Level 1_Core[2,23,8]_[13543,58267].tif",FALSE,"/data_g1/AI_projects/projects/Immune_Cell_Prediction_WK/DIR/nhs/TMA 2 Level 1_Core[2,23,8]_[13543,58267]",0.4
"/data_g1/AI_projects/raw_data/PCITB_CRC/HE_raw_images/Tumor/TMA2/TMA 2 Level 16_Core[1,24,2]_[18205,57798].tif",FALSE,"/data_g1/AI_projects/projects/Immune_Cell_Prediction_WK/DIR/nhs/TMA 2 Level 16_Core[1,24,2]_[18205,57798]",0.4
"/data_g1/AI_projects/raw_data/PCITB_CRC/HE_raw_images/Tumor/TMA2/TMA 2 Level 1_Core[2,24,2]_[18560,60119].tif",FALSE,"/data_g1/AI_projects/projects/Immune_Cell_Prediction_WK/DIR/nhs/TMA 2 Level 1_Core[2,24,2]_[18560,60119]",0.4
"/data_g1/AI_projects/raw_data/PCITB_CRC/HE_raw_images/Tumor/TMA2/TMA 2 Level 1_Core[2,4,1]_[20515,41389].tif",FALSE,"/data_g1/AI_projects/projects/Immune_Cell_Prediction_WK/DIR/nhs/TMA 2 Level 1_Core[2,4,1]_[20515,41389]",0.4
"/data_g1/AI_projects/raw_data/PCITB_CRC/HE_raw_images/Tumor/TMA2/TMA 2 Level 16_Core[1,4,1]_[19453,41044].tif",FALSE,"/data_g1/AI_projects/projects/Immune_Cell_Prediction_WK/DIR/nhs/TMA 2 Level 16_Core[1,4,1]_[19453,41044]",0.4
"/data_g1/AI_projects/raw_data/PCITB_CRC/HE_raw_images/Tumor/TMA2/TMA 2 Level 16_Core[1,5,1]_[19404,41811].tif",FALSE,"/data_g1/AI_projects/projects/Immune_Cell_Prediction_WK/DIR/nhs/TMA 2 Level 16_Core[1,5,1]_[19404,41811]",0.4
"/data_g1/AI_projects/raw_data/PCITB_CRC/HE_raw_images/Tumor/TMA2/TMA 2 Level 1_Core[2,5,10]_[12677,41736].tif",FALSE,"/data_g1/AI_projects/projects/Immune_Cell_Prediction_WK/DIR/nhs/TMA 2 Level 1_Core[2,5,10]_[12677,41736]",0.4
"/data_g1/AI_projects/raw_data/PCITB_CRC/HE_raw_images/Tumor/TMA2/TMA 2 Level 16_Core[1,5,10]_[11590,41292].tif",FALSE,"/data_g1/AI_projects/projects/Immune_Cell_Prediction_WK/DIR/nhs/TMA 2 Level 16_Core[1,5,10]_[11590,41292]",0.4
"/data_g1/AI_projects/raw_data/PCITB_CRC/HE_raw_images/Tumor/TMA2/TMA 2 Level 16_Core[1,5,11]_[10724,41292].tif",FALSE,"/data_g1/AI_projects/projects/Immune_Cell_Prediction_WK/DIR/nhs/TMA 2 Level 16_Core[1,5,11]_[10724,41292]",0.4
"/data_g1/AI_projects/raw_data/PCITB_CRC/HE_raw_images/Tumor/TMA2/TMA 2 Level 1_Core[2,5,11]_[11762,41736].tif",FALSE,"/data_g1/AI_projects/projects/Immune_Cell_Prediction_WK/DIR/nhs/TMA 2 Level 1_Core[2,5,11]_[11762,41736]",0.4
"/data_g1/AI_projects/raw_data/PCITB_CRC/HE_raw_images/Tumor/TMA2/TMA 2 Level 1_Core[2,5,12]_[10872,41661].tif",FALSE,"/data_g1/AI_projects/projects/Immune_Cell_Prediction_WK/DIR/nhs/TMA 2 Level 1_Core[2,5,12]_[10872,41661]",0.4
"/data_g1/AI_projects/raw_data/PCITB_CRC/HE_raw_images/Tumor/TMA2/TMA 2 Level 16_Core[1,5,12]_[9809,41341].tif",FALSE,"/data_g1/AI_projects/projects/Immune_Cell_Prediction_WK/DIR/nhs/TMA 2 Level 16_Core[1,5,12]_[9809,41341]",0.4
"/data_g1/AI_projects/raw_data/PCITB_CRC/HE_raw_images/Tumor/TMA2/TMA 2 Level 16_Core[1,5,13]_[8870,41292].tif",FALSE,"/data_g1/AI_projects/projects/Immune_Cell_Prediction_WK/DIR/nhs/TMA 2 Level 16_Core[1,5,13]_[8870,41292]",0.4
"/data_g1/AI_projects/raw_data/PCITB_CRC/HE_raw_images/Tumor/TMA2/TMA 2 Level 1_Core[2,5,13]_[9981,41612].tif",FALSE,"/data_g1/AI_projects/projects/Immune_Cell_Prediction_WK/DIR/nhs/TMA 2 Level 1_Core[2,5,13]_[9981,41612]",0.4
"/data_g1/AI_projects/raw_data/PCITB_CRC/HE_raw_images/Tumor/TMA2/TMA 2 Level 1_Core[2,5,14]_[9042,41562].tif",FALSE,"/data_g1/AI_projects/projects/Immune_Cell_Prediction_WK/DIR/nhs/TMA 2 Level 1_Core[2,5,14]_[9042,41562]",0.4
"/data_g1/AI_projects/raw_data/PCITB_CRC/HE_raw_images/Tumor/TMA2/TMA 2 Level 16_Core[1,5,15]_[7139,41316].tif",FALSE,"/data_g1/AI_projects/projects/Immune_Cell_Prediction_WK/DIR/nhs/TMA 2 Level 16_Core[1,5,15]_[7139,41316]",0.4
"/data_g1/AI_projects/raw_data/PCITB_CRC/HE_raw_images/Tumor/TMA2/TMA 2 Level 1_Core[2,5,15]_[8226,41538].tif",FALSE,"/data_g1/AI_projects/projects/Immune_Cell_Prediction_WK/DIR/nhs/TMA 2 Level 1_Core[2,5,15]_[8226,41538]",0.4
"/data_g1/AI_projects/raw_data/PCITB_CRC/HE_raw_images/Tumor/TMA2/TMA 2 Level 1_Core[2,5,16]_[7360,41538].tif",FALSE,"/data_g1/AI_projects/projects/Immune_Cell_Prediction_WK/DIR/nhs/TMA 2 Level 1_Core[2,5,16]_[7360,41538]",0.4
"/data_g1/AI_projects/raw_data/PCITB_CRC/HE_raw_images/Tumor/TMA2/TMA 2 Level 16_Core[1,5,16]_[6298,41366].tif",FALSE,"/data_g1/AI_projects/projects/Immune_Cell_Prediction_WK/DIR/nhs/TMA 2 Level 16_Core[1,5,16]_[6298,41366]",0.4
"/data_g1/AI_projects/raw_data/PCITB_CRC/HE_raw_images/Tumor/TMA2/TMA 2 Level 1_Core[2,5,17]_[6519,41587].tif",FALSE,"/data_g1/AI_projects/projects/Immune_Cell_Prediction_WK/DIR/nhs/TMA 2 Level 1_Core[2,5,17]_[6519,41587]",0.4
"/data_g1/AI_projects/raw_data/PCITB_CRC/HE_raw_images/Tumor/TMA2/TMA 2 Level 16_Core[1,5,17]_[5457,41465].tif",FALSE,"/data_g1/AI_projects/projects/Immune_Cell_Prediction_WK/DIR/nhs/TMA 2 Level 16_Core[1,5,17]_[5457,41465]",0.4
"/data_g1/AI_projects/raw_data/PCITB_CRC/HE_raw_images/Tumor/TMA2/TMA 2 Level 16_Core[1,5,2]_[18538,41761].tif",FALSE,"/data_g1/AI_projects/projects/Immune_Cell_Prediction_WK/DIR/nhs/TMA 2 Level 16_Core[1,5,2]_[18538,41761]",0.4
"/data_g1/AI_projects/raw_data/PCITB_CRC/HE_raw_images/Tumor/TMA2/TMA 2 Level 16_Core[1,5,3]_[17648,41687].tif",FALSE,"/data_g1/AI_projects/projects/Immune_Cell_Prediction_WK/DIR/nhs/TMA 2 Level 16_Core[1,5,3]_[17648,41687]",0.4
"/data_g1/AI_projects/raw_data/PCITB_CRC/HE_raw_images/Tumor/TMA2/TMA 2 Level 1_Core[2,5,3]_[18735,42131].tif",FALSE,"/data_g1/AI_projects/projects/Immune_Cell_Prediction_WK/DIR/nhs/TMA 2 Level 1_Core[2,5,3]_[18735,42131]",0.4
"/data_g1/AI_projects/raw_data/PCITB_CRC/HE_raw_images/Tumor/TMA2/TMA 2 Level 16_Core[1,5,4]_[16783,41539].tif",FALSE,"/data_g1/AI_projects/projects/Immune_Cell_Prediction_WK/DIR/nhs/TMA 2 Level 16_Core[1,5,4]_[16783,41539]",0.4
"/data_g1/AI_projects/raw_data/PCITB_CRC/HE_raw_images/Tumor/TMA2/TMA 2 Level 1_Core[2,5,4]_[17870,42008].tif",FALSE,"/data_g1/AI_projects/projects/Immune_Cell_Prediction_WK/DIR/nhs/TMA 2 Level 1_Core[2,5,4]_[17870,42008]",0.4
"/data_g1/AI_projects/raw_data/PCITB_CRC/HE_raw_images/Tumor/TMA2/TMA 2 Level 1_Core[2,5,5]_[16979,42008].tif",FALSE,"/data_g1/AI_projects/projects/Immune_Cell_Prediction_WK/DIR/nhs/TMA 2 Level 1_Core[2,5,5]_[16979,42008]",0.4
"/data_g1/AI_projects/raw_data/PCITB_CRC/HE_raw_images/Tumor/TMA2/TMA 2 Level 16_Core[1,5,5]_[15868,41564].tif",FALSE,"/data_g1/AI_projects/projects/Immune_Cell_Prediction_WK/DIR/nhs/TMA 2 Level 16_Core[1,5,5]_[15868,41564]",0.4
"/data_g1/AI_projects/raw_data/PCITB_CRC/HE_raw_images/Tumor/TMA2/TMA 2 Level 16_Core[1,5,6]_[15002,41489].tif",FALSE,"/data_g1/AI_projects/projects/Immune_Cell_Prediction_WK/DIR/nhs/TMA 2 Level 16_Core[1,5,6]_[15002,41489]",0.4
"/data_g1/AI_projects/raw_data/PCITB_CRC/HE_raw_images/Tumor/TMA2/TMA 2 Level 16_Core[1,5,7]_[14137,41440].tif",FALSE,"/data_g1/AI_projects/projects/Immune_Cell_Prediction_WK/DIR/nhs/TMA 2 Level 16_Core[1,5,7]_[14137,41440]",0.4
"/data_g1/AI_projects/raw_data/PCITB_CRC/HE_raw_images/Tumor/TMA2/TMA 2 Level 1_Core[2,5,7]_[15248,41884].tif",FALSE,"/data_g1/AI_projects/projects/Immune_Cell_Prediction_WK/DIR/nhs/TMA 2 Level 1_Core[2,5,7]_[15248,41884]",0.4
"/data_g1/AI_projects/raw_data/PCITB_CRC/HE_raw_images/Tumor/TMA2/TMA 2 Level 1_Core[2,5,8]_[14383,41785].tif",FALSE,"/data_g1/AI_projects/projects/Immune_Cell_Prediction_WK/DIR/nhs/TMA 2 Level 1_Core[2,5,8]_[14383,41785]",0.4
"/data_g1/AI_projects/raw_data/PCITB_CRC/HE_raw_images/Tumor/TMA2/TMA 2 Level 16_Core[1,5,8]_[13296,41341].tif",FALSE,"/data_g1/AI_projects/projects/Immune_Cell_Prediction_WK/DIR/nhs/TMA 2 Level 16_Core[1,5,8]_[13296,41341]",0.4
"/data_g1/AI_projects/raw_data/PCITB_CRC/HE_raw_images/Tumor/TMA2/TMA 2 Level 1_Core[2,5,9]_[13517,41785].tif",FALSE,"/data_g1/AI_projects/projects/Immune_Cell_Prediction_WK/DIR/nhs/TMA 2 Level 1_Core[2,5,9]_[13517,41785]",0.4
"/data_g1/AI_projects/raw_data/PCITB_CRC/HE_raw_images/Tumor/TMA2/TMA 2 Level 16_Core[1,5,9]_[12430,41341].tif",FALSE,"/data_g1/AI_projects/projects/Immune_Cell_Prediction_WK/DIR/nhs/TMA 2 Level 16_Core[1,5,9]_[12430,41341]",0.4
"/data_g1/AI_projects/raw_data/PCITB_CRC/HE_raw_images/Tumor/TMA2/TMA 2 Level 1_Core[2,6,1]_[20407,43089].tif",FALSE,"/data_g1/AI_projects/projects/Immune_Cell_Prediction_WK/DIR/nhs/TMA 2 Level 1_Core[2,6,1]_[20407,43089]",0.4
"/data_g1/AI_projects/raw_data/PCITB_CRC/HE_raw_images/Tumor/TMA2/TMA 2 Level 1_Core[2,6,10]_[12602,42576].tif",FALSE,"/data_g1/AI_projects/projects/Immune_Cell_Prediction_WK/DIR/nhs/TMA 2 Level 1_Core[2,6,10]_[12602,42576]",0.4
"/data_g1/AI_projects/raw_data/PCITB_CRC/HE_raw_images/Tumor/TMA2/TMA 2 Level 16_Core[1,6,10]_[11565,42108].tif",FALSE,"/data_g1/AI_projects/projects/Immune_Cell_Prediction_WK/DIR/nhs/TMA 2 Level 16_Core[1,6,10]_[11565,42108]",0.4
"/data_g1/AI_projects/raw_data/PCITB_CRC/HE_raw_images/Tumor/TMA2/TMA 2 Level 1_Core[2,6,11]_[11737,42527].tif",FALSE,"/data_g1/AI_projects/projects/Immune_Cell_Prediction_WK/DIR/nhs/TMA 2 Level 1_Core[2,6,11]_[11737,42527]",0.4
"/data_g1/AI_projects/raw_data/PCITB_CRC/HE_raw_images/Tumor/TMA2/TMA 2 Level 16_Core[1,6,11]_[10675,42108].tif",FALSE,"/data_g1/AI_projects/projects/Immune_Cell_Prediction_WK/DIR/nhs/TMA 2 Level 16_Core[1,6,11]_[10675,42108]",0.4
"/data_g1/AI_projects/raw_data/PCITB_CRC/HE_raw_images/Tumor/TMA2/TMA 2 Level 16_Core[1,6,12]_[9785,42108].tif",FALSE,"/data_g1/AI_projects/projects/Immune_Cell_Prediction_WK/DIR/nhs/TMA 2 Level 16_Core[1,6,12]_[9785,42108]",0.4
"/data_g1/AI_projects/raw_data/PCITB_CRC/HE_raw_images/Tumor/TMA2/TMA 2 Level 1_Core[2,6,12]_[10822,42477].tif",FALSE,"/data_g1/AI_projects/projects/Immune_Cell_Prediction_WK/DIR/nhs/TMA 2 Level 1_Core[2,6,12]_[10822,42477]",0.4
"/data_g1/AI_projects/raw_data/PCITB_CRC/HE_raw_images/Tumor/TMA2/TMA 2 Level 16_Core[1,6,14]_[7955,42108].tif",FALSE,"/data_g1/AI_projects/projects/Immune_Cell_Prediction_WK/DIR/nhs/TMA 2 Level 16_Core[1,6,14]_[7955,42108]",0.4
"/data_g1/AI_projects/raw_data/PCITB_CRC/HE_raw_images/Tumor/TMA2/TMA 2 Level 1_Core[2,6,14]_[8992,42403].tif",FALSE,"/data_g1/AI_projects/projects/Immune_Cell_Prediction_WK/DIR/nhs/TMA 2 Level 1_Core[2,6,14]_[8992,42403]",0.4
"/data_g1/AI_projects/raw_data/PCITB_CRC/HE_raw_images/Tumor/TMA2/TMA 2 Level 1_Core[2,6,15]_[8151,42378].tif",FALSE,"/data_g1/AI_projects/projects/Immune_Cell_Prediction_WK/DIR/nhs/TMA 2 Level 1_Core[2,6,15]_[8151,42378]",0.4
"/data_g1/AI_projects/raw_data/PCITB_CRC/HE_raw_images/Tumor/TMA2/TMA 2 Level 16_Core[1,6,15]_[7114,42108].tif",FALSE,"/data_g1/AI_projects/projects/Immune_Cell_Prediction_WK/DIR/nhs/TMA 2 Level 16_Core[1,6,15]_[7114,42108]",0.4
"/data_g1/AI_projects/raw_data/PCITB_CRC/HE_raw_images/Tumor/TMA2/TMA 2 Level 16_Core[1,6,16]_[6249,42157].tif",FALSE,"/data_g1/AI_projects/projects/Immune_Cell_Prediction_WK/DIR/nhs/TMA 2 Level 16_Core[1,6,16]_[6249,42157]",0.4
"/data_g1/AI_projects/raw_data/PCITB_CRC/HE_raw_images/Tumor/TMA2/TMA 2 Level 1_Core[2,6,16]_[7286,42378].tif",FALSE,"/data_g1/AI_projects/projects/Immune_Cell_Prediction_WK/DIR/nhs/TMA 2 Level 1_Core[2,6,16]_[7286,42378]",0.4
"/data_g1/AI_projects/raw_data/PCITB_CRC/HE_raw_images/Tumor/TMA2/TMA 2 Level 16_Core[1,6,17]_[5433,42231].tif",FALSE,"/data_g1/AI_projects/projects/Immune_Cell_Prediction_WK/DIR/nhs/TMA 2 Level 16_Core[1,6,17]_[5433,42231]",0.4
"/data_g1/AI_projects/raw_data/PCITB_CRC/HE_raw_images/Tumor/TMA2/TMA 2 Level 1_Core[2,6,17]_[6470,42378].tif",FALSE,"/data_g1/AI_projects/projects/Immune_Cell_Prediction_WK/DIR/nhs/TMA 2 Level 1_Core[2,6,17]_[6470,42378]",0.4
"/data_g1/AI_projects/raw_data/PCITB_CRC/HE_raw_images/Tumor/TMA2/TMA 2 Level 16_Core[1,6,2]_[18439,42553].tif",FALSE,"/data_g1/AI_projects/projects/Immune_Cell_Prediction_WK/DIR/nhs/TMA 2 Level 16_Core[1,6,2]_[18439,42553]",0.4
"/data_g1/AI_projects/raw_data/PCITB_CRC/HE_raw_images/Tumor/TMA2/TMA 2 Level 1_Core[2,6,2]_[19537,42980].tif",FALSE,"/data_g1/AI_projects/projects/Immune_Cell_Prediction_WK/DIR/nhs/TMA 2 Level 1_Core[2,6,2]_[19537,42980]",0.4
"/data_g1/AI_projects/raw_data/PCITB_CRC/HE_raw_images/Tumor/TMA2/TMA 2 Level 16_Core[1,6,3]_[17599,42478].tif",FALSE,"/data_g1/AI_projects/projects/Immune_Cell_Prediction_WK/DIR/nhs/TMA 2 Level 16_Core[1,6,3]_[17599,42478]",0.4
"/data_g1/AI_projects/raw_data/PCITB_CRC/HE_raw_images/Tumor/TMA2/TMA 2 Level 1_Core[2,6,3]_[18708,42955].tif",FALSE,"/data_g1/AI_projects/projects/Immune_Cell_Prediction_WK/DIR/nhs/TMA 2 Level 1_Core[2,6,3]_[18708,42955]",0.4
"/data_g1/AI_projects/raw_data/PCITB_CRC/HE_raw_images/Tumor/TMA2/TMA 2 Level 1_Core[2,6,4]_[17814,42986].tif",FALSE,"/data_g1/AI_projects/projects/Immune_Cell_Prediction_WK/DIR/nhs/TMA 2 Level 1_Core[2,6,4]_[17814,42986]",0.4
"/data_g1/AI_projects/raw_data/PCITB_CRC/HE_raw_images/Tumor/TMA2/TMA 2 Level 16_Core[1,6,4]_[16708,42429].tif",FALSE,"/data_g1/AI_projects/projects/Immune_Cell_Prediction_WK/DIR/nhs/TMA 2 Level 16_Core[1,6,4]_[16708,42429]",0.4
"/data_g1/AI_projects/raw_data/PCITB_CRC/HE_raw_images/Tumor/TMA2/TMA 2 Level 16_Core[1,6,5]_[15818,42380].tif",FALSE,"/data_g1/AI_projects/projects/Immune_Cell_Prediction_WK/DIR/nhs/TMA 2 Level 16_Core[1,6,5]_[15818,42380]",0.4
"/data_g1/AI_projects/raw_data/PCITB_CRC/HE_raw_images/Tumor/TMA2/TMA 2 Level 1_Core[2,6,5]_[16972,42850].tif",FALSE,"/data_g1/AI_projects/projects/Immune_Cell_Prediction_WK/DIR/nhs/TMA 2 Level 1_Core[2,6,5]_[16972,42850]",0.4
"/data_g1/AI_projects/raw_data/PCITB_CRC/HE_raw_images/Tumor/TMA2/TMA 2 Level 1_Core[2,6,6]_[16040,42774].tif",FALSE,"/data_g1/AI_projects/projects/Immune_Cell_Prediction_WK/DIR/nhs/TMA 2 Level 1_Core[2,6,6]_[16040,42774]",0.4
"/data_g1/AI_projects/raw_data/PCITB_CRC/HE_raw_images/Tumor/TMA2/TMA 2 Level 16_Core[1,6,6]_[14953,42305].tif",FALSE,"/data_g1/AI_projects/projects/Immune_Cell_Prediction_WK/DIR/nhs/TMA 2 Level 16_Core[1,6,6]_[14953,42305]",0.4
"/data_g1/AI_projects/raw_data/PCITB_CRC/HE_raw_images/Tumor/TMA2/TMA 2 Level 16_Core[1,6,7]_[14137,42256].tif",FALSE,"/data_g1/AI_projects/projects/Immune_Cell_Prediction_WK/DIR/nhs/TMA 2 Level 16_Core[1,6,7]_[14137,42256]",0.4
"/data_g1/AI_projects/raw_data/PCITB_CRC/HE_raw_images/Tumor/TMA2/TMA 2 Level 1_Core[2,6,7]_[15199,42675].tif",FALSE,"/data_g1/AI_projects/projects/Immune_Cell_Prediction_WK/DIR/nhs/TMA 2 Level 1_Core[2,6,7]_[15199,42675]",0.4
"/data_g1/AI_projects/raw_data/PCITB_CRC/HE_raw_images/Tumor/TMA2/TMA 2 Level 16_Core[1,6,8]_[13222,42206].tif",FALSE,"/data_g1/AI_projects/projects/Immune_Cell_Prediction_WK/DIR/nhs/TMA 2 Level 16_Core[1,6,8]_[13222,42206]",0.4
"/data_g1/AI_projects/raw_data/PCITB_CRC/HE_raw_images/Tumor/TMA2/TMA 2 Level 1_Core[2,6,8]_[14309,42626].tif",FALSE,"/data_g1/AI_projects/projects/Immune_Cell_Prediction_WK/DIR/nhs/TMA 2 Level 1_Core[2,6,8]_[14309,42626]",0.4
"/data_g1/AI_projects/raw_data/PCITB_CRC/HE_raw_images/Tumor/TMA2/TMA 2 Level 1_Core[2,6,9]_[13443,42601].tif",FALSE,"/data_g1/AI_projects/projects/Immune_Cell_Prediction_WK/DIR/nhs/TMA 2 Level 1_Core[2,6,9]_[13443,42601]",0.4
"/data_g1/AI_projects/raw_data/PCITB_CRC/HE_raw_images/Tumor/TMA2/TMA 2 Level 16_Core[1,6,9]_[12381,42108].tif",FALSE,"/data_g1/AI_projects/projects/Immune_Cell_Prediction_WK/DIR/nhs/TMA 2 Level 16_Core[1,6,9]_[12381,42108]",0.4
"/data_g1/AI_projects/raw_data/PCITB_CRC/HE_raw_images/Tumor/TMA2/TMA 2 Level 1_Core[2,7,12]_[10660,43985].tif",FALSE,"/data_g1/AI_projects/projects/Immune_Cell_Prediction_WK/DIR/nhs/TMA 2 Level 1_Core[2,7,12]_[10660,43985]",0.4
"/data_g1/AI_projects/raw_data/PCITB_CRC/HE_raw_images/Tumor/TMA2/TMA 2 Level 16_Core[1,7,14]_[7856,43455].tif",FALSE,"/data_g1/AI_projects/projects/Immune_Cell_Prediction_WK/DIR/nhs/TMA 2 Level 16_Core[1,7,14]_[7856,43455]",0.4
"/data_g1/AI_projects/raw_data/PCITB_CRC/HE_raw_images/Tumor/TMA2/TMA 2 Level 1_Core[2,7,14]_[8830,43886].tif",FALSE,"/data_g1/AI_projects/projects/Immune_Cell_Prediction_WK/DIR/nhs/TMA 2 Level 1_Core[2,7,14]_[8830,43886]",0.4
"/data_g1/AI_projects/raw_data/PCITB_CRC/HE_raw_images/Tumor/TMA2/TMA 2 Level 16_Core[1,7,6]_[14903,43752].tif",FALSE,"/data_g1/AI_projects/projects/Immune_Cell_Prediction_WK/DIR/nhs/TMA 2 Level 16_Core[1,7,6]_[14903,43752]",0.4
"/data_g1/AI_projects/raw_data/PCITB_CRC/HE_raw_images/Tumor/TMA2/TMA 2 Level 1_Core[2,7,6]_[15952,44356].tif",FALSE,"/data_g1/AI_projects/projects/Immune_Cell_Prediction_WK/DIR/nhs/TMA 2 Level 1_Core[2,7,6]_[15952,44356]",0.4
"/data_g1/AI_projects/raw_data/PCITB_CRC/HE_raw_images/Tumor/TMA2/TMA 2 Level 16_Core[1,8,12]_[9661,44197].tif",FALSE,"/data_g1/AI_projects/projects/Immune_Cell_Prediction_WK/DIR/nhs/TMA 2 Level 16_Core[1,8,12]_[9661,44197]",0.4
"/data_g1/AI_projects/raw_data/PCITB_CRC/HE_raw_images/Tumor/TMA2/TMA 2 Level 1_Core[2,8,12]_[10660,44751].tif",FALSE,"/data_g1/AI_projects/projects/Immune_Cell_Prediction_WK/DIR/nhs/TMA 2 Level 1_Core[2,8,12]_[10660,44751]",0.4
"/data_g1/AI_projects/raw_data/PCITB_CRC/HE_raw_images/Tumor/TMA2/TMA 2 Level 16_Core[1,8,14]_[7905,44222].tif",FALSE,"/data_g1/AI_projects/projects/Immune_Cell_Prediction_WK/DIR/nhs/TMA 2 Level 16_Core[1,8,14]_[7905,44222]",0.4
"/data_g1/AI_projects/raw_data/PCITB_CRC/HE_raw_images/Tumor/TMA2/TMA 2 Level 1_Core[2,8,14]_[8830,44727].tif",FALSE,"/data_g1/AI_projects/projects/Immune_Cell_Prediction_WK/DIR/nhs/TMA 2 Level 1_Core[2,8,14]_[8830,44727]",0.4
"/data_g1/AI_projects/raw_data/PCITB_CRC/HE_raw_images/Tumor/TMA2/TMA 2 Level 16_Core[1,9,1]_[19280,45458].tif",FALSE,"/data_g1/AI_projects/projects/Immune_Cell_Prediction_WK/DIR/nhs/TMA 2 Level 16_Core[1,9,1]_[19280,45458]",0.4
"/data_g1/AI_projects/raw_data/PCITB_CRC/HE_raw_images/Tumor/TMA2/TMA 2 Level 1_Core[2,9,1]_[20255,46284].tif",FALSE,"/data_g1/AI_projects/projects/Immune_Cell_Prediction_WK/DIR/nhs/TMA 2 Level 1_Core[2,9,1]_[20255,46284]",0.4
"/data_g1/AI_projects/raw_data/PCITB_CRC/HE_raw_images/Tumor/TMA2/TMA 2 Level 1_Core[2,9,10]_[12391,45691].tif",FALSE,"/data_g1/AI_projects/projects/Immune_Cell_Prediction_WK/DIR/nhs/TMA 2 Level 1_Core[2,9,10]_[12391,45691]",0.4
"/data_g1/AI_projects/raw_data/PCITB_CRC/HE_raw_images/Tumor/TMA2/TMA 2 Level 16_Core[1,9,10]_[11392,45013].tif",FALSE,"/data_g1/AI_projects/projects/Immune_Cell_Prediction_WK/DIR/nhs/TMA 2 Level 16_Core[1,9,10]_[11392,45013]",0.4
"/data_g1/AI_projects/raw_data/PCITB_CRC/HE_raw_images/Tumor/TMA2/TMA 2 Level 1_Core[2,9,11]_[11501,45642].tif",FALSE,"/data_g1/AI_projects/projects/Immune_Cell_Prediction_WK/DIR/nhs/TMA 2 Level 1_Core[2,9,11]_[11501,45642]",0.4
"/data_g1/AI_projects/raw_data/PCITB_CRC/HE_raw_images/Tumor/TMA2/TMA 2 Level 16_Core[1,9,11]_[10502,44988].tif",FALSE,"/data_g1/AI_projects/projects/Immune_Cell_Prediction_WK/DIR/nhs/TMA 2 Level 16_Core[1,9,11]_[10502,44988]",0.4
"/data_g1/AI_projects/raw_data/PCITB_CRC/HE_raw_images/Tumor/TMA2/TMA 2 Level 1_Core[2,9,12]_[10512,45543].tif",FALSE,"/data_g1/AI_projects/projects/Immune_Cell_Prediction_WK/DIR/nhs/TMA 2 Level 1_Core[2,9,12]_[10512,45543]",0.4
"/data_g1/AI_projects/raw_data/PCITB_CRC/HE_raw_images/Tumor/TMA2/TMA 2 Level 16_Core[1,9,12]_[9537,44964].tif",FALSE,"/data_g1/AI_projects/projects/Immune_Cell_Prediction_WK/DIR/nhs/TMA 2 Level 16_Core[1,9,12]_[9537,44964]",0.4
"/data_g1/AI_projects/raw_data/PCITB_CRC/HE_raw_images/Tumor/TMA2/TMA 2 Level 16_Core[1,9,13]_[8622,44988].tif",FALSE,"/data_g1/AI_projects/projects/Immune_Cell_Prediction_WK/DIR/nhs/TMA 2 Level 16_Core[1,9,13]_[8622,44988]",0.4
"/data_g1/AI_projects/raw_data/PCITB_CRC/HE_raw_images/Tumor/TMA2/TMA 2 Level 1_Core[2,9,13]_[9548,45543].tif",FALSE,"/data_g1/AI_projects/projects/Immune_Cell_Prediction_WK/DIR/nhs/TMA 2 Level 1_Core[2,9,13]_[9548,45543]",0.4
"/data_g1/AI_projects/raw_data/PCITB_CRC/HE_raw_images/Tumor/TMA2/TMA 2 Level 1_Core[2,9,14]_[8657,45518].tif",FALSE,"/data_g1/AI_projects/projects/Immune_Cell_Prediction_WK/DIR/nhs/TMA 2 Level 1_Core[2,9,14]_[8657,45518]",0.4
"/data_g1/AI_projects/raw_data/PCITB_CRC/HE_raw_images/Tumor/TMA2/TMA 2 Level 16_Core[1,9,14]_[7732,44988].tif",FALSE,"/data_g1/AI_projects/projects/Immune_Cell_Prediction_WK/DIR/nhs/TMA 2 Level 16_Core[1,9,14]_[7732,44988]",0.4
"/data_g1/AI_projects/raw_data/PCITB_CRC/HE_raw_images/Tumor/TMA2/TMA 2 Level 1_Core[2,9,15]_[7767,45468].tif",FALSE,"/data_g1/AI_projects/projects/Immune_Cell_Prediction_WK/DIR/nhs/TMA 2 Level 1_Core[2,9,15]_[7767,45468]",0.4
"/data_g1/AI_projects/raw_data/PCITB_CRC/HE_raw_images/Tumor/TMA2/TMA 2 Level 16_Core[1,9,15]_[6867,44939].tif",FALSE,"/data_g1/AI_projects/projects/Immune_Cell_Prediction_WK/DIR/nhs/TMA 2 Level 16_Core[1,9,15]_[6867,44939]",0.4
"/data_g1/AI_projects/raw_data/PCITB_CRC/HE_raw_images/Tumor/TMA2/TMA 2 Level 1_Core[2,9,16]_[6976,45543].tif",FALSE,"/data_g1/AI_projects/projects/Immune_Cell_Prediction_WK/DIR/nhs/TMA 2 Level 1_Core[2,9,16]_[6976,45543]",0.4
"/data_g1/AI_projects/raw_data/PCITB_CRC/HE_raw_images/Tumor/TMA2/TMA 2 Level 16_Core[1,9,16]_[6075,45013].tif",FALSE,"/data_g1/AI_projects/projects/Immune_Cell_Prediction_WK/DIR/nhs/TMA 2 Level 16_Core[1,9,16]_[6075,45013]",0.4
"/data_g1/AI_projects/raw_data/PCITB_CRC/HE_raw_images/Tumor/TMA2/TMA 2 Level 16_Core[1,9,17]_[5235,45013].tif",FALSE,"/data_g1/AI_projects/projects/Immune_Cell_Prediction_WK/DIR/nhs/TMA 2 Level 16_Core[1,9,17]_[5235,45013]",0.4
"/data_g1/AI_projects/raw_data/PCITB_CRC/HE_raw_images/Tumor/TMA2/TMA 2 Level 16_Core[1,9,2]_[18390,45409].tif",FALSE,"/data_g1/AI_projects/projects/Immune_Cell_Prediction_WK/DIR/nhs/TMA 2 Level 16_Core[1,9,2]_[18390,45409]",0.4
"/data_g1/AI_projects/raw_data/PCITB_CRC/HE_raw_images/Tumor/TMA2/TMA 2 Level 1_Core[2,9,2]_[19389,46260].tif",FALSE,"/data_g1/AI_projects/projects/Immune_Cell_Prediction_WK/DIR/nhs/TMA 2 Level 1_Core[2,9,2]_[19389,46260]",0.4
"/data_g1/AI_projects/raw_data/PCITB_CRC/HE_raw_images/Tumor/TMA2/TMA 2 Level 16_Core[1,9,3]_[17524,45433].tif",FALSE,"/data_g1/AI_projects/projects/Immune_Cell_Prediction_WK/DIR/nhs/TMA 2 Level 16_Core[1,9,3]_[17524,45433]",0.4
"/data_g1/AI_projects/raw_data/PCITB_CRC/HE_raw_images/Tumor/TMA2/TMA 2 Level 1_Core[2,9,4]_[17658,46161].tif",FALSE,"/data_g1/AI_projects/projects/Immune_Cell_Prediction_WK/DIR/nhs/TMA 2 Level 1_Core[2,9,4]_[17658,46161]",0.4
"/data_g1/AI_projects/raw_data/PCITB_CRC/HE_raw_images/Tumor/TMA2/TMA 2 Level 16_Core[1,9,4]_[16659,45384].tif",FALSE,"/data_g1/AI_projects/projects/Immune_Cell_Prediction_WK/DIR/nhs/TMA 2 Level 16_Core[1,9,4]_[16659,45384]",0.4
"/data_g1/AI_projects/raw_data/PCITB_CRC/HE_raw_images/Tumor/TMA2/TMA 2 Level 1_Core[2,9,5]_[16719,45988].tif",FALSE,"/data_g1/AI_projects/projects/Immune_Cell_Prediction_WK/DIR/nhs/TMA 2 Level 1_Core[2,9,5]_[16719,45988]",0.4
"/data_g1/AI_projects/raw_data/PCITB_CRC/HE_raw_images/Tumor/TMA2/TMA 2 Level 16_Core[1,9,5]_[15695,45186].tif",FALSE,"/data_g1/AI_projects/projects/Immune_Cell_Prediction_WK/DIR/nhs/TMA 2 Level 16_Core[1,9,5]_[15695,45186]",0.4
"/data_g1/AI_projects/raw_data/PCITB_CRC/HE_raw_images/Tumor/TMA2/TMA 2 Level 16_Core[1,9,6]_[14829,45236].tif",FALSE,"/data_g1/AI_projects/projects/Immune_Cell_Prediction_WK/DIR/nhs/TMA 2 Level 16_Core[1,9,6]_[14829,45236]",0.4
"/data_g1/AI_projects/raw_data/PCITB_CRC/HE_raw_images/Tumor/TMA2/TMA 2 Level 1_Core[2,9,6]_[15878,46012].tif",FALSE,"/data_g1/AI_projects/projects/Immune_Cell_Prediction_WK/DIR/nhs/TMA 2 Level 1_Core[2,9,6]_[15878,46012]",0.4
"/data_g1/AI_projects/raw_data/PCITB_CRC/HE_raw_images/Tumor/TMA2/TMA 2 Level 1_Core[2,9,7]_[14988,45914].tif",FALSE,"/data_g1/AI_projects/projects/Immune_Cell_Prediction_WK/DIR/nhs/TMA 2 Level 1_Core[2,9,7]_[14988,45914]",0.4
"/data_g1/AI_projects/raw_data/PCITB_CRC/HE_raw_images/Tumor/TMA2/TMA 2 Level 16_Core[1,9,7]_[13964,45161].tif",FALSE,"/data_g1/AI_projects/projects/Immune_Cell_Prediction_WK/DIR/nhs/TMA 2 Level 16_Core[1,9,7]_[13964,45161]",0.4
"/data_g1/AI_projects/raw_data/PCITB_CRC/HE_raw_images/Tumor/TMA2/TMA 2 Level 16_Core[1,9,8]_[13123,45038].tif",FALSE,"/data_g1/AI_projects/projects/Immune_Cell_Prediction_WK/DIR/nhs/TMA 2 Level 16_Core[1,9,8]_[13123,45038]",0.4
"/data_g1/AI_projects/raw_data/PCITB_CRC/HE_raw_images/Tumor/TMA2/TMA 2 Level 1_Core[2,9,8]_[14122,45790].tif",FALSE,"/data_g1/AI_projects/projects/Immune_Cell_Prediction_WK/DIR/nhs/TMA 2 Level 1_Core[2,9,8]_[14122,45790]",0.4
"/data_g1/AI_projects/raw_data/PCITB_CRC/HE_raw_images/Tumor/TMA2/TMA 2 Level 1_Core[2,9,9]_[13257,45839].tif",FALSE,"/data_g1/AI_projects/projects/Immune_Cell_Prediction_WK/DIR/nhs/TMA 2 Level 1_Core[2,9,9]_[13257,45839]",0.4
"/data_g1/AI_projects/raw_data/PCITB_CRC/HE_raw_images/Tumor/TMA2/TMA 2 Level 16_Core[1,9,9]_[12282,45112].tif",FALSE,"/data_g1/AI_projects/projects/Immune_Cell_Prediction_WK/DIR/nhs/TMA 2 Level 16_Core[1,9,9]_[12282,45112]",0.4
"/data_g1/AI_projects/raw_data/PCITB_CRC/HE_raw_images/Tumor/TMA3/TMA 3 Level 1_Core[1,1,1]_[18204,38077].tif",FALSE,"/data_g1/AI_projects/projects/Immune_Cell_Prediction_WK/DIR/nhs/TMA 3 Level 1_Core[1,1,1]_[18204,38077]",0.4
"/data_g1/AI_projects/raw_data/PCITB_CRC/HE_raw_images/Tumor/TMA3/TMA 3 Level 1_Core[1,1,11]_[9550,37978].tif",FALSE,"/data_g1/AI_projects/projects/Immune_Cell_Prediction_WK/DIR/nhs/TMA 3 Level 1_Core[1,1,11]_[9550,37978]",0.4
"/data_g1/AI_projects/raw_data/PCITB_CRC/HE_raw_images/Tumor/TMA3/TMA 3 Level 16_Core[1,1,11]_[8979,37073].tif",FALSE,"/data_g1/AI_projects/projects/Immune_Cell_Prediction_WK/DIR/nhs/TMA 3 Level 16_Core[1,1,11]_[8979,37073]",0.4
"/data_g1/AI_projects/raw_data/PCITB_CRC/HE_raw_images/Tumor/TMA3/TMA 3 Level 1_Core[1,1,12]_[8734,38028].tif",FALSE,"/data_g1/AI_projects/projects/Immune_Cell_Prediction_WK/DIR/nhs/TMA 3 Level 1_Core[1,1,12]_[8734,38028]",0.4
"/data_g1/AI_projects/raw_data/PCITB_CRC/HE_raw_images/Tumor/TMA3/TMA 3 Level 1_Core[1,1,13]_[7893,38176].tif",FALSE,"/data_g1/AI_projects/projects/Immune_Cell_Prediction_WK/DIR/nhs/TMA 3 Level 1_Core[1,1,13]_[7893,38176]",0.4
"/data_g1/AI_projects/raw_data/PCITB_CRC/HE_raw_images/Tumor/TMA3/TMA 3 Level 16_Core[1,1,13]_[7273,37098].tif",FALSE,"/data_g1/AI_projects/projects/Immune_Cell_Prediction_WK/DIR/nhs/TMA 3 Level 16_Core[1,1,13]_[7273,37098]",0.4
"/data_g1/AI_projects/raw_data/PCITB_CRC/HE_raw_images/Tumor/TMA3/TMA 3 Level 16_Core[1,1,14]_[6358,37148].tif",FALSE,"/data_g1/AI_projects/projects/Immune_Cell_Prediction_WK/DIR/nhs/TMA 3 Level 16_Core[1,1,14]_[6358,37148]",0.4
"/data_g1/AI_projects/raw_data/PCITB_CRC/HE_raw_images/Tumor/TMA3/TMA 3 Level 16_Core[1,1,15]_[5468,37222].tif",FALSE,"/data_g1/AI_projects/projects/Immune_Cell_Prediction_WK/DIR/nhs/TMA 3 Level 16_Core[1,1,15]_[5468,37222]",0.4
"/data_g1/AI_projects/raw_data/PCITB_CRC/HE_raw_images/Tumor/TMA3/TMA 3 Level 1_Core[1,1,15]_[6335,38324].tif",FALSE,"/data_g1/AI_projects/projects/Immune_Cell_Prediction_WK/DIR/nhs/TMA 3 Level 1_Core[1,1,15]_[6335,38324]",0.4
"/data_g1/AI_projects/raw_data/PCITB_CRC/HE_raw_images/Tumor/TMA3/TMA 3 Level 1_Core[1,1,2]_[17290,38052].tif",FALSE,"/data_g1/AI_projects/projects/Immune_Cell_Prediction_WK/DIR/nhs/TMA 3 Level 1_Core[1,1,2]_[17290,38052]",0.4
"/data_g1/AI_projects/raw_data/PCITB_CRC/HE_raw_images/Tumor/TMA3/TMA 3 Level 16_Core[1,1,2]_[17065,37815].tif",FALSE,"/data_g1/AI_projects/projects/Immune_Cell_Prediction_WK/DIR/nhs/TMA 3 Level 16_Core[1,1,2]_[17065,37815]",0.4
"/data_g1/AI_projects/raw_data/PCITB_CRC/HE_raw_images/Tumor/TMA3/TMA 3 Level 1_Core[1,1,3]_[16474,37929].tif",FALSE,"/data_g1/AI_projects/projects/Immune_Cell_Prediction_WK/DIR/nhs/TMA 3 Level 1_Core[1,1,3]_[16474,37929]",0.4
"/data_g1/AI_projects/raw_data/PCITB_CRC/HE_raw_images/Tumor/TMA3/TMA 3 Level 16_Core[1,1,5]_[14468,37469].tif",FALSE,"/data_g1/AI_projects/projects/Immune_Cell_Prediction_WK/DIR/nhs/TMA 3 Level 16_Core[1,1,5]_[14468,37469]",0.4
"/data_g1/AI_projects/raw_data/PCITB_CRC/HE_raw_images/Tumor/TMA3/TMA 3 Level 1_Core[1,1,5]_[14619,37830].tif",FALSE,"/data_g1/AI_projects/projects/Immune_Cell_Prediction_WK/DIR/nhs/TMA 3 Level 1_Core[1,1,5]_[14619,37830]",0.4
"/data_g1/AI_projects/raw_data/PCITB_CRC/HE_raw_images/Tumor/TMA3/TMA 3 Level 1_Core[1,1,6]_[13852,37830].tif",FALSE,"/data_g1/AI_projects/projects/Immune_Cell_Prediction_WK/DIR/nhs/TMA 3 Level 1_Core[1,1,6]_[13852,37830]",0.4
"/data_g1/AI_projects/raw_data/PCITB_CRC/HE_raw_images/Tumor/TMA3/TMA 3 Level 16_Core[1,1,6]_[13529,37246].tif",FALSE,"/data_g1/AI_projects/projects/Immune_Cell_Prediction_WK/DIR/nhs/TMA 3 Level 16_Core[1,1,6]_[13529,37246]",0.4
"/data_g1/AI_projects/raw_data/PCITB_CRC/HE_raw_images/Tumor/TMA3/TMA 3 Level 16_Core[1,1,7]_[12663,37123].tif",FALSE,"/data_g1/AI_projects/projects/Immune_Cell_Prediction_WK/DIR/nhs/TMA 3 Level 16_Core[1,1,7]_[12663,37123]",0.4
"/data_g1/AI_projects/raw_data/PCITB_CRC/HE_raw_images/Tumor/TMA3/TMA 3 Level 1_Core[1,1,7]_[12987,37879].tif",FALSE,"/data_g1/AI_projects/projects/Immune_Cell_Prediction_WK/DIR/nhs/TMA 3 Level 1_Core[1,1,7]_[12987,37879]",0.4
"/data_g1/AI_projects/raw_data/PCITB_CRC/HE_raw_images/Tumor/TMA3/TMA 3 Level 16_Core[1,10,1]_[17273,45541].tif",FALSE,"/data_g1/AI_projects/projects/Immune_Cell_Prediction_WK/DIR/nhs/TMA 3 Level 16_Core[1,10,1]_[17273,45541]",0.4
"/data_g1/AI_projects/raw_data/PCITB_CRC/HE_raw_images/Tumor/TMA3/TMA 3 Level 1_Core[1,10,1]_[18477,45780].tif",FALSE,"/data_g1/AI_projects/projects/Immune_Cell_Prediction_WK/DIR/nhs/TMA 3 Level 1_Core[1,10,1]_[18477,45780]",0.4
"/data_g1/AI_projects/raw_data/PCITB_CRC/HE_raw_images/Tumor/TMA3/TMA 3 Level 1_Core[1,10,10]_[10614,45607].tif",FALSE,"/data_g1/AI_projects/projects/Immune_Cell_Prediction_WK/DIR/nhs/TMA 3 Level 1_Core[1,10,10]_[10614,45607]",0.4
"/data_g1/AI_projects/raw_data/PCITB_CRC/HE_raw_images/Tumor/TMA3/TMA 3 Level 1_Core[1,10,11]_[9773,45335].tif",FALSE,"/data_g1/AI_projects/projects/Immune_Cell_Prediction_WK/DIR/nhs/TMA 3 Level 1_Core[1,10,11]_[9773,45335]",0.4
"/data_g1/AI_projects/raw_data/PCITB_CRC/HE_raw_images/Tumor/TMA3/TMA 3 Level 16_Core[1,10,13]_[6863,44502].tif",FALSE,"/data_g1/AI_projects/projects/Immune_Cell_Prediction_WK/DIR/nhs/TMA 3 Level 16_Core[1,10,13]_[6863,44502]",0.4
"/data_g1/AI_projects/raw_data/PCITB_CRC/HE_raw_images/Tumor/TMA3/TMA 3 Level 1_Core[1,10,13]_[8042,45632].tif",FALSE,"/data_g1/AI_projects/projects/Immune_Cell_Prediction_WK/DIR/nhs/TMA 3 Level 1_Core[1,10,13]_[8042,45632]",0.4
"/data_g1/AI_projects/raw_data/PCITB_CRC/HE_raw_images/Tumor/TMA3/TMA 3 Level 1_Core[1,10,14]_[7251,45632].tif",FALSE,"/data_g1/AI_projects/projects/Immune_Cell_Prediction_WK/DIR/nhs/TMA 3 Level 1_Core[1,10,14]_[7251,45632]",0.4
"/data_g1/AI_projects/raw_data/PCITB_CRC/HE_raw_images/Tumor/TMA3/TMA 3 Level 16_Core[1,10,14]_[6022,44502].tif",FALSE,"/data_g1/AI_projects/projects/Immune_Cell_Prediction_WK/DIR/nhs/TMA 3 Level 16_Core[1,10,14]_[6022,44502]",0.4
"/data_g1/AI_projects/raw_data/PCITB_CRC/HE_raw_images/Tumor/TMA3/TMA 3 Level 1_Core[1,10,2]_[17636,45780].tif",FALSE,"/data_g1/AI_projects/projects/Immune_Cell_Prediction_WK/DIR/nhs/TMA 3 Level 1_Core[1,10,2]_[17636,45780]",0.4
"/data_g1/AI_projects/raw_data/PCITB_CRC/HE_raw_images/Tumor/TMA3/TMA 3 Level 16_Core[1,10,2]_[16432,45541].tif",FALSE,"/data_g1/AI_projects/projects/Immune_Cell_Prediction_WK/DIR/nhs/TMA 3 Level 16_Core[1,10,2]_[16432,45541]",0.4
"/data_g1/AI_projects/raw_data/PCITB_CRC/HE_raw_images/Tumor/TMA3/TMA 3 Level 1_Core[1,10,3]_[16796,45657].tif",FALSE,"/data_g1/AI_projects/projects/Immune_Cell_Prediction_WK/DIR/nhs/TMA 3 Level 1_Core[1,10,3]_[16796,45657]",0.4
"/data_g1/AI_projects/raw_data/PCITB_CRC/HE_raw_images/Tumor/TMA3/TMA 3 Level 16_Core[1,10,3]_[15542,45343].tif",FALSE,"/data_g1/AI_projects/projects/Immune_Cell_Prediction_WK/DIR/nhs/TMA 3 Level 16_Core[1,10,3]_[15542,45343]",0.4
"/data_g1/AI_projects/raw_data/PCITB_CRC/HE_raw_images/Tumor/TMA3/TMA 3 Level 1_Core[1,10,6]_[14199,45706].tif",FALSE,"/data_g1/AI_projects/projects/Immune_Cell_Prediction_WK/DIR/nhs/TMA 3 Level 1_Core[1,10,6]_[14199,45706]",0.4
"/data_g1/AI_projects/raw_data/PCITB_CRC/HE_raw_images/Tumor/TMA3/TMA 3 Level 16_Core[1,10,6]_[13045,45071].tif",FALSE,"/data_g1/AI_projects/projects/Immune_Cell_Prediction_WK/DIR/nhs/TMA 3 Level 16_Core[1,10,6]_[13045,45071]",0.4
"/data_g1/AI_projects/raw_data/PCITB_CRC/HE_raw_images/Tumor/TMA3/TMA 3 Level 1_Core[1,10,7]_[13260,45657].tif",FALSE,"/data_g1/AI_projects/projects/Immune_Cell_Prediction_WK/DIR/nhs/TMA 3 Level 1_Core[1,10,7]_[13260,45657]",0.4
"/data_g1/AI_projects/raw_data/PCITB_CRC/HE_raw_images/Tumor/TMA3/TMA 3 Level 16_Core[1,10,7]_[12130,44947].tif",FALSE,"/data_g1/AI_projects/projects/Immune_Cell_Prediction_WK/DIR/nhs/TMA 3 Level 16_Core[1,10,7]_[12130,44947]",0.4
"/data_g1/AI_projects/raw_data/PCITB_CRC/HE_raw_images/Tumor/TMA3/TMA 3 Level 1_Core[1,10,8]_[12444,45657].tif",FALSE,"/data_g1/AI_projects/projects/Immune_Cell_Prediction_WK/DIR/nhs/TMA 3 Level 1_Core[1,10,8]_[12444,45657]",0.4
"/data_g1/AI_projects/raw_data/PCITB_CRC/HE_raw_images/Tumor/TMA3/TMA 3 Level 16_Core[1,10,9]_[10374,44774].tif",FALSE,"/data_g1/AI_projects/projects/Immune_Cell_Prediction_WK/DIR/nhs/TMA 3 Level 16_Core[1,10,9]_[10374,44774]",0.4
"/data_g1/AI_projects/raw_data/PCITB_CRC/HE_raw_images/Tumor/TMA3/TMA 3 Level 1_Core[1,10,9]_[11603,45657].tif",FALSE,"/data_g1/AI_projects/projects/Immune_Cell_Prediction_WK/DIR/nhs/TMA 3 Level 1_Core[1,10,9]_[11603,45657]",0.4
"/data_g1/AI_projects/raw_data/PCITB_CRC/HE_raw_images/Tumor/TMA3/TMA 3 Level 16_Core[1,11,1]_[17199,46406].tif",FALSE,"/data_g1/AI_projects/projects/Immune_Cell_Prediction_WK/DIR/nhs/TMA 3 Level 16_Core[1,11,1]_[17199,46406]",0.4
"/data_g1/AI_projects/raw_data/PCITB_CRC/HE_raw_images/Tumor/TMA3/TMA 3 Level 1_Core[1,11,1]_[18477,46646].tif",FALSE,"/data_g1/AI_projects/projects/Immune_Cell_Prediction_WK/DIR/nhs/TMA 3 Level 1_Core[1,11,1]_[18477,46646]",0.4
"/data_g1/AI_projects/raw_data/PCITB_CRC/HE_raw_images/Tumor/TMA3/TMA 3 Level 16_Core[1,11,10]_[9459,45417].tif",FALSE,"/data_g1/AI_projects/projects/Immune_Cell_Prediction_WK/DIR/nhs/TMA 3 Level 16_Core[1,11,10]_[9459,45417]",0.4
"/data_g1/AI_projects/raw_data/PCITB_CRC/HE_raw_images/Tumor/TMA3/TMA 3 Level 1_Core[1,11,10]_[10645,46471].tif",FALSE,"/data_g1/AI_projects/projects/Immune_Cell_Prediction_WK/DIR/nhs/TMA 3 Level 1_Core[1,11,10]_[10645,46471]",0.4
"/data_g1/AI_projects/raw_data/PCITB_CRC/HE_raw_images/Tumor/TMA3/TMA 3 Level 1_Core[1,11,11]_[9773,46448].tif",FALSE,"/data_g1/AI_projects/projects/Immune_Cell_Prediction_WK/DIR/nhs/TMA 3 Level 1_Core[1,11,11]_[9773,46448]",0.4
"/data_g1/AI_projects/raw_data/PCITB_CRC/HE_raw_images/Tumor/TMA3/TMA 3 Level 16_Core[1,11,11]_[8520,45491].tif",FALSE,"/data_g1/AI_projects/projects/Immune_Cell_Prediction_WK/DIR/nhs/TMA 3 Level 16_Core[1,11,11]_[8520,45491]",0.4
"/data_g1/AI_projects/raw_data/PCITB_CRC/HE_raw_images/Tumor/TMA3/TMA 3 Level 1_Core[1,11,13]_[8092,46498].tif",FALSE,"/data_g1/AI_projects/projects/Immune_Cell_Prediction_WK/DIR/nhs/TMA 3 Level 1_Core[1,11,13]_[8092,46498]",0.4
"/data_g1/AI_projects/raw_data/PCITB_CRC/HE_raw_images/Tumor/TMA3/TMA 3 Level 16_Core[1,11,13]_[6813,45442].tif",FALSE,"/data_g1/AI_projects/projects/Immune_Cell_Prediction_WK/DIR/nhs/TMA 3 Level 16_Core[1,11,13]_[6813,45442]",0.4
"/data_g1/AI_projects/raw_data/PCITB_CRC/HE_raw_images/Tumor/TMA3/TMA 3 Level 1_Core[1,11,14]_[7226,46448].tif",FALSE,"/data_g1/AI_projects/projects/Immune_Cell_Prediction_WK/DIR/nhs/TMA 3 Level 1_Core[1,11,14]_[7226,46448]",0.4
"/data_g1/AI_projects/raw_data/PCITB_CRC/HE_raw_images/Tumor/TMA3/TMA 3 Level 16_Core[1,11,14]_[5973,45318].tif",FALSE,"/data_g1/AI_projects/projects/Immune_Cell_Prediction_WK/DIR/nhs/TMA 3 Level 16_Core[1,11,14]_[5973,45318]",0.4
"/data_g1/AI_projects/raw_data/PCITB_CRC/HE_raw_images/Tumor/TMA3/TMA 3 Level 1_Core[1,11,2]_[17636,46621].tif",FALSE,"/data_g1/AI_projects/projects/Immune_Cell_Prediction_WK/DIR/nhs/TMA 3 Level 1_Core[1,11,2]_[17636,46621]",0.4
"/data_g1/AI_projects/raw_data/PCITB_CRC/HE_raw_images/Tumor/TMA3/TMA 3 Level 16_Core[1,11,2]_[16358,46357].tif",FALSE,"/data_g1/AI_projects/projects/Immune_Cell_Prediction_WK/DIR/nhs/TMA 3 Level 16_Core[1,11,2]_[16358,46357]",0.4
"/data_g1/AI_projects/raw_data/PCITB_CRC/HE_raw_images/Tumor/TMA3/TMA 3 Level 1_Core[1,11,3]_[16796,46522].tif",FALSE,"/data_g1/AI_projects/projects/Immune_Cell_Prediction_WK/DIR/nhs/TMA 3 Level 1_Core[1,11,3]_[16796,46522]",0.4
"/data_g1/AI_projects/raw_data/PCITB_CRC/HE_raw_images/Tumor/TMA3/TMA 3 Level 16_Core[1,11,3]_[15542,46208].tif",FALSE,"/data_g1/AI_projects/projects/Immune_Cell_Prediction_WK/DIR/nhs/TMA 3 Level 16_Core[1,11,3]_[15542,46208]",0.4
"/data_g1/AI_projects/raw_data/PCITB_CRC/HE_raw_images/Tumor/TMA3/TMA 3 Level 1_Core[1,11,6]_[14199,46522].tif",FALSE,"/data_g1/AI_projects/projects/Immune_Cell_Prediction_WK/DIR/nhs/TMA 3 Level 1_Core[1,11,6]_[14199,46522]",0.4
"/data_g1/AI_projects/raw_data/PCITB_CRC/HE_raw_images/Tumor/TMA3/TMA 3 Level 16_Core[1,11,6]_[12971,45912].tif",FALSE,"/data_g1/AI_projects/projects/Immune_Cell_Prediction_WK/DIR/nhs/TMA 3 Level 16_Core[1,11,6]_[12971,45912]",0.4
"/data_g1/AI_projects/raw_data/PCITB_CRC/HE_raw_images/Tumor/TMA3/TMA 3 Level 1_Core[1,11,7]_[13334,46547].tif",FALSE,"/data_g1/AI_projects/projects/Immune_Cell_Prediction_WK/DIR/nhs/TMA 3 Level 1_Core[1,11,7]_[13334,46547]",0.4
"/data_g1/AI_projects/raw_data/PCITB_CRC/HE_raw_images/Tumor/TMA3/TMA 3 Level 16_Core[1,11,7]_[12105,45862].tif",FALSE,"/data_g1/AI_projects/projects/Immune_Cell_Prediction_WK/DIR/nhs/TMA 3 Level 16_Core[1,11,7]_[12105,45862]",0.4
"/data_g1/AI_projects/raw_data/PCITB_CRC/HE_raw_images/Tumor/TMA3/TMA 3 Level 1_Core[1,11,8]_[12468,46473].tif",FALSE,"/data_g1/AI_projects/projects/Immune_Cell_Prediction_WK/DIR/nhs/TMA 3 Level 1_Core[1,11,8]_[12468,46473]",0.4
"/data_g1/AI_projects/raw_data/PCITB_CRC/HE_raw_images/Tumor/TMA3/TMA 3 Level 16_Core[1,11,8]_[11240,45763].tif",FALSE,"/data_g1/AI_projects/projects/Immune_Cell_Prediction_WK/DIR/nhs/TMA 3 Level 16_Core[1,11,8]_[11240,45763]",0.4
"/data_g1/AI_projects/raw_data/PCITB_CRC/HE_raw_images/Tumor/TMA3/TMA 3 Level 1_Core[1,11,9]_[11529,46498].tif",FALSE,"/data_g1/AI_projects/projects/Immune_Cell_Prediction_WK/DIR/nhs/TMA 3 Level 1_Core[1,11,9]_[11529,46498]",0.4
"/data_g1/AI_projects/raw_data/PCITB_CRC/HE_raw_images/Tumor/TMA3/TMA 3 Level 16_Core[1,11,9]_[10350,45640].tif",FALSE,"/data_g1/AI_projects/projects/Immune_Cell_Prediction_WK/DIR/nhs/TMA 3 Level 16_Core[1,11,9]_[10350,45640]",0.4
"/data_g1/AI_projects/raw_data/PCITB_CRC/HE_raw_images/Tumor/TMA3/TMA 3 Level 16_Core[1,12,12]_[7506,46208].tif",FALSE,"/data_g1/AI_projects/projects/Immune_Cell_Prediction_WK/DIR/nhs/TMA 3 Level 16_Core[1,12,12]_[7506,46208]",0.4
"/data_g1/AI_projects/raw_data/PCITB_CRC/HE_raw_images/Tumor/TMA3/TMA 3 Level 1_Core[1,12,12]_[8809,47264].tif",FALSE,"/data_g1/AI_projects/projects/Immune_Cell_Prediction_WK/DIR/nhs/TMA 3 Level 1_Core[1,12,12]_[8809,47264]",0.4
"/data_g1/AI_projects/raw_data/PCITB_CRC/HE_raw_images/Tumor/TMA3/TMA 3 Level 1_Core[1,12,13]_[7993,47140].tif",FALSE,"/data_g1/AI_projects/projects/Immune_Cell_Prediction_WK/DIR/nhs/TMA 3 Level 1_Core[1,12,13]_[7993,47140]",0.4
"/data_g1/AI_projects/raw_data/PCITB_CRC/HE_raw_images/Tumor/TMA3/TMA 3 Level 1_Core[1,13,12]_[8833,48130].tif",FALSE,"/data_g1/AI_projects/projects/Immune_Cell_Prediction_WK/DIR/nhs/TMA 3 Level 1_Core[1,13,12]_[8833,48130]",0.4
"/data_g1/AI_projects/raw_data/PCITB_CRC/HE_raw_images/Tumor/TMA3/TMA 3 Level 16_Core[1,15,1]_[16890,49596].tif",FALSE,"/data_g1/AI_projects/projects/Immune_Cell_Prediction_WK/DIR/nhs/TMA 3 Level 16_Core[1,15,1]_[16890,49596]",0.4
"/data_g1/AI_projects/raw_data/PCITB_CRC/HE_raw_images/Tumor/TMA3/TMA 3 Level 1_Core[1,15,1]_[18353,50082].tif",FALSE,"/data_g1/AI_projects/projects/Immune_Cell_Prediction_WK/DIR/nhs/TMA 3 Level 1_Core[1,15,1]_[18353,50082]",0.4
"/data_g1/AI_projects/raw_data/PCITB_CRC/HE_raw_images/Tumor/TMA3/TMA 3 Level 16_Core[1,15,10]_[9076,48780].tif",FALSE,"/data_g1/AI_projects/projects/Immune_Cell_Prediction_WK/DIR/nhs/TMA 3 Level 16_Core[1,15,10]_[9076,48780]",0.4
"/data_g1/AI_projects/raw_data/PCITB_CRC/HE_raw_images/Tumor/TMA3/TMA 3 Level 1_Core[1,15,10]_[10539,49687].tif",FALSE,"/data_g1/AI_projects/projects/Immune_Cell_Prediction_WK/DIR/nhs/TMA 3 Level 1_Core[1,15,10]_[10539,49687]",0.4
"/data_g1/AI_projects/raw_data/PCITB_CRC/HE_raw_images/Tumor/TMA3/TMA 3 Level 16_Core[1,15,11]_[8186,48706].tif",FALSE,"/data_g1/AI_projects/projects/Immune_Cell_Prediction_WK/DIR/nhs/TMA 3 Level 16_Core[1,15,11]_[8186,48706]",0.4
"/data_g1/AI_projects/raw_data/PCITB_CRC/HE_raw_images/Tumor/TMA3/TMA 3 Level 1_Core[1,15,11]_[9649,49687].tif",FALSE,"/data_g1/AI_projects/projects/Immune_Cell_Prediction_WK/DIR/nhs/TMA 3 Level 1_Core[1,15,11]_[9649,49687]",0.4
"/data_g1/AI_projects/raw_data/PCITB_CRC/HE_raw_images/Tumor/TMA3/TMA 3 Level 16_Core[1,15,12]_[7271,48681].tif",FALSE,"/data_g1/AI_projects/projects/Immune_Cell_Prediction_WK/DIR/nhs/TMA 3 Level 16_Core[1,15,12]_[7271,48681]",0.4
"/data_g1/AI_projects/raw_data/PCITB_CRC/HE_raw_images/Tumor/TMA3/TMA 3 Level 1_Core[1,15,12]_[8734,49687].tif",FALSE,"/data_g1/AI_projects/projects/Immune_Cell_Prediction_WK/DIR/nhs/TMA 3 Level 1_Core[1,15,12]_[8734,49687]",0.4
"/data_g1/AI_projects/raw_data/PCITB_CRC/HE_raw_images/Tumor/TMA3/TMA 3 Level 1_Core[1,15,14]_[7077,49662].tif",FALSE,"/data_g1/AI_projects/projects/Immune_Cell_Prediction_WK/DIR/nhs/TMA 3 Level 1_Core[1,15,14]_[7077,49662]",0.4
"/data_g1/AI_projects/raw_data/PCITB_CRC/HE_raw_images/Tumor/TMA3/TMA 3 Level 16_Core[1,15,14]_[5664,48607].tif",FALSE,"/data_g1/AI_projects/projects/Immune_Cell_Prediction_WK/DIR/nhs/TMA 3 Level 16_Core[1,15,14]_[5664,48607]",0.4
"/data_g1/AI_projects/raw_data/PCITB_CRC/HE_raw_images/Tumor/TMA3/TMA 3 Level 1_Core[1,15,3]_[16721,49983].tif",FALSE,"/data_g1/AI_projects/projects/Immune_Cell_Prediction_WK/DIR/nhs/TMA 3 Level 1_Core[1,15,3]_[16721,49983]",0.4
"/data_g1/AI_projects/raw_data/PCITB_CRC/HE_raw_images/Tumor/TMA3/TMA 3 Level 16_Core[1,15,3]_[15258,49349].tif",FALSE,"/data_g1/AI_projects/projects/Immune_Cell_Prediction_WK/DIR/nhs/TMA 3 Level 16_Core[1,15,3]_[15258,49349]",0.4
"/data_g1/AI_projects/raw_data/PCITB_CRC/HE_raw_images/Tumor/TMA3/TMA 3 Level 16_Core[1,15,4]_[14368,49225].tif",FALSE,"/data_g1/AI_projects/projects/Immune_Cell_Prediction_WK/DIR/nhs/TMA 3 Level 16_Core[1,15,4]_[14368,49225]",0.4
"/data_g1/AI_projects/raw_data/PCITB_CRC/HE_raw_images/Tumor/TMA3/TMA 3 Level 1_Core[1,15,4]_[15905,49860].tif",FALSE,"/data_g1/AI_projects/projects/Immune_Cell_Prediction_WK/DIR/nhs/TMA 3 Level 1_Core[1,15,4]_[15905,49860]",0.4
"/data_g1/AI_projects/raw_data/PCITB_CRC/HE_raw_images/Tumor/TMA3/TMA 3 Level 16_Core[1,15,5]_[13478,49201].tif",FALSE,"/data_g1/AI_projects/projects/Immune_Cell_Prediction_WK/DIR/nhs/TMA 3 Level 16_Core[1,15,5]_[13478,49201]",0.4
"/data_g1/AI_projects/raw_data/PCITB_CRC/HE_raw_images/Tumor/TMA3/TMA 3 Level 1_Core[1,15,5]_[14940,49860].tif",FALSE,"/data_g1/AI_projects/projects/Immune_Cell_Prediction_WK/DIR/nhs/TMA 3 Level 1_Core[1,15,5]_[14940,49860]",0.4
"/data_g1/AI_projects/raw_data/PCITB_CRC/HE_raw_images/Tumor/TMA3/TMA 3 Level 16_Core[1,15,6]_[12686,49077].tif",FALSE,"/data_g1/AI_projects/projects/Immune_Cell_Prediction_WK/DIR/nhs/TMA 3 Level 16_Core[1,15,6]_[12686,49077]",0.4
"/data_g1/AI_projects/raw_data/PCITB_CRC/HE_raw_images/Tumor/TMA3/TMA 3 Level 1_Core[1,15,6]_[14124,49860].tif",FALSE,"/data_g1/AI_projects/projects/Immune_Cell_Prediction_WK/DIR/nhs/TMA 3 Level 1_Core[1,15,6]_[14124,49860]",0.4
"/data_g1/AI_projects/raw_data/PCITB_CRC/HE_raw_images/Tumor/TMA3/TMA 3 Level 1_Core[1,15,7]_[13234,49835].tif",FALSE,"/data_g1/AI_projects/projects/Immune_Cell_Prediction_WK/DIR/nhs/TMA 3 Level 1_Core[1,15,7]_[13234,49835]",0.4
"/data_g1/AI_projects/raw_data/PCITB_CRC/HE_raw_images/Tumor/TMA3/TMA 3 Level 16_Core[1,15,8]_[10881,48953].tif",FALSE,"/data_g1/AI_projects/projects/Immune_Cell_Prediction_WK/DIR/nhs/TMA 3 Level 16_Core[1,15,8]_[10881,48953]",0.4
"/data_g1/AI_projects/raw_data/PCITB_CRC/HE_raw_images/Tumor/TMA3/TMA 3 Level 1_Core[1,15,8]_[12319,49810].tif",FALSE,"/data_g1/AI_projects/projects/Immune_Cell_Prediction_WK/DIR/nhs/TMA 3 Level 1_Core[1,15,8]_[12319,49810]",0.4
"/data_g1/AI_projects/raw_data/PCITB_CRC/HE_raw_images/Tumor/TMA3/TMA 3 Level 16_Core[1,15,9]_[10040,48879].tif",FALSE,"/data_g1/AI_projects/projects/Immune_Cell_Prediction_WK/DIR/nhs/TMA 3 Level 16_Core[1,15,9]_[10040,48879]",0.4
"/data_g1/AI_projects/raw_data/PCITB_CRC/HE_raw_images/Tumor/TMA3/TMA 3 Level 1_Core[1,15,9]_[11503,49810].tif",FALSE,"/data_g1/AI_projects/projects/Immune_Cell_Prediction_WK/DIR/nhs/TMA 3 Level 1_Core[1,15,9]_[11503,49810]",0.4
"/data_g1/AI_projects/raw_data/PCITB_CRC/HE_raw_images/Tumor/TMA3/TMA 3 Level 1_Core[1,16,1]_[18353,50849].tif",FALSE,"/data_g1/AI_projects/projects/Immune_Cell_Prediction_WK/DIR/nhs/TMA 3 Level 1_Core[1,16,1]_[18353,50849]",0.4
"/data_g1/AI_projects/raw_data/PCITB_CRC/HE_raw_images/Tumor/TMA3/TMA 3 Level 16_Core[1,16,1]_[16816,50363].tif",FALSE,"/data_g1/AI_projects/projects/Immune_Cell_Prediction_WK/DIR/nhs/TMA 3 Level 16_Core[1,16,1]_[16816,50363]",0.4
"/data_g1/AI_projects/raw_data/PCITB_CRC/HE_raw_images/Tumor/TMA3/TMA 3 Level 1_Core[1,16,10]_[10539,50552].tif",FALSE,"/data_g1/AI_projects/projects/Immune_Cell_Prediction_WK/DIR/nhs/TMA 3 Level 1_Core[1,16,10]_[10539,50552]",0.4
"/data_g1/AI_projects/raw_data/PCITB_CRC/HE_raw_images/Tumor/TMA3/TMA 3 Level 16_Core[1,16,11]_[8112,49547].tif",FALSE,"/data_g1/AI_projects/projects/Immune_Cell_Prediction_WK/DIR/nhs/TMA 3 Level 16_Core[1,16,11]_[8112,49547]",0.4
"/data_g1/AI_projects/raw_data/PCITB_CRC/HE_raw_images/Tumor/TMA3/TMA 3 Level 1_Core[1,16,11]_[9624,50478].tif",FALSE,"/data_g1/AI_projects/projects/Immune_Cell_Prediction_WK/DIR/nhs/TMA 3 Level 1_Core[1,16,11]_[9624,50478]",0.4
"/data_g1/AI_projects/raw_data/PCITB_CRC/HE_raw_images/Tumor/TMA3/TMA 3 Level 1_Core[1,16,12]_[8709,50503].tif",FALSE,"/data_g1/AI_projects/projects/Immune_Cell_Prediction_WK/DIR/nhs/TMA 3 Level 1_Core[1,16,12]_[8709,50503]",0.4
"/data_g1/AI_projects/raw_data/PCITB_CRC/HE_raw_images/Tumor/TMA3/TMA 3 Level 1_Core[1,16,13]_[7918,50428].tif",FALSE,"/data_g1/AI_projects/projects/Immune_Cell_Prediction_WK/DIR/nhs/TMA 3 Level 1_Core[1,16,13]_[7918,50428]",0.4
"/data_g1/AI_projects/raw_data/PCITB_CRC/HE_raw_images/Tumor/TMA3/TMA 3 Level 16_Core[1,16,13]_[6381,49398].tif",FALSE,"/data_g1/AI_projects/projects/Immune_Cell_Prediction_WK/DIR/nhs/TMA 3 Level 16_Core[1,16,13]_[6381,49398]",0.4
"/data_g1/AI_projects/raw_data/PCITB_CRC/HE_raw_images/Tumor/TMA3/TMA 3 Level 16_Core[1,16,14]_[5540,49398].tif",FALSE,"/data_g1/AI_projects/projects/Immune_Cell_Prediction_WK/DIR/nhs/TMA 3 Level 16_Core[1,16,14]_[5540,49398]",0.4
"/data_g1/AI_projects/raw_data/PCITB_CRC/HE_raw_images/Tumor/TMA3/TMA 3 Level 1_Core[1,16,14]_[7102,50453].tif",FALSE,"/data_g1/AI_projects/projects/Immune_Cell_Prediction_WK/DIR/nhs/TMA 3 Level 1_Core[1,16,14]_[7102,50453]",0.4
"/data_g1/AI_projects/raw_data/PCITB_CRC/HE_raw_images/Tumor/TMA3/TMA 3 Level 1_Core[1,16,2]_[17537,50824].tif",FALSE,"/data_g1/AI_projects/projects/Immune_Cell_Prediction_WK/DIR/nhs/TMA 3 Level 1_Core[1,16,2]_[17537,50824]",0.4
"/data_g1/AI_projects/raw_data/PCITB_CRC/HE_raw_images/Tumor/TMA3/TMA 3 Level 1_Core[1,16,3]_[16696,50799].tif",FALSE,"/data_g1/AI_projects/projects/Immune_Cell_Prediction_WK/DIR/nhs/TMA 3 Level 1_Core[1,16,3]_[16696,50799]",0.4
"/data_g1/AI_projects/raw_data/PCITB_CRC/HE_raw_images/Tumor/TMA3/TMA 3 Level 16_Core[1,16,3]_[15159,50165].tif",FALSE,"/data_g1/AI_projects/projects/Immune_Cell_Prediction_WK/DIR/nhs/TMA 3 Level 16_Core[1,16,3]_[15159,50165]",0.4
"/data_g1/AI_projects/raw_data/PCITB_CRC/HE_raw_images/Tumor/TMA3/TMA 3 Level 1_Core[1,16,4]_[15831,50750].tif",FALSE,"/data_g1/AI_projects/projects/Immune_Cell_Prediction_WK/DIR/nhs/TMA 3 Level 1_Core[1,16,4]_[15831,50750]",0.4
"/data_g1/AI_projects/raw_data/PCITB_CRC/HE_raw_images/Tumor/TMA3/TMA 3 Level 16_Core[1,16,4]_[14294,50091].tif",FALSE,"/data_g1/AI_projects/projects/Immune_Cell_Prediction_WK/DIR/nhs/TMA 3 Level 16_Core[1,16,4]_[14294,50091]",0.4
"/data_g1/AI_projects/raw_data/PCITB_CRC/HE_raw_images/Tumor/TMA3/TMA 3 Level 16_Core[1,16,5]_[13453,49992].tif",FALSE,"/data_g1/AI_projects/projects/Immune_Cell_Prediction_WK/DIR/nhs/TMA 3 Level 16_Core[1,16,5]_[13453,49992]",0.4
"/data_g1/AI_projects/raw_data/PCITB_CRC/HE_raw_images/Tumor/TMA3/TMA 3 Level 1_Core[1,16,5]_[14990,50700].tif",FALSE,"/data_g1/AI_projects/projects/Immune_Cell_Prediction_WK/DIR/nhs/TMA 3 Level 1_Core[1,16,5]_[14990,50700]",0.4
"/data_g1/AI_projects/raw_data/PCITB_CRC/HE_raw_images/Tumor/TMA3/TMA 3 Level 1_Core[1,16,6]_[14149,50676].tif",FALSE,"/data_g1/AI_projects/projects/Immune_Cell_Prediction_WK/DIR/nhs/TMA 3 Level 1_Core[1,16,6]_[14149,50676]",0.4
"/data_g1/AI_projects/raw_data/PCITB_CRC/HE_raw_images/Tumor/TMA3/TMA 3 Level 1_Core[1,16,7]_[13160,50651].tif",FALSE,"/data_g1/AI_projects/projects/Immune_Cell_Prediction_WK/DIR/nhs/TMA 3 Level 1_Core[1,16,7]_[13160,50651]",0.4
"/data_g1/AI_projects/raw_data/PCITB_CRC/HE_raw_images/Tumor/TMA3/TMA 3 Level 16_Core[1,16,7]_[11648,49868].tif",FALSE,"/data_g1/AI_projects/projects/Immune_Cell_Prediction_WK/DIR/nhs/TMA 3 Level 16_Core[1,16,7]_[11648,49868]",0.4
"/data_g1/AI_projects/raw_data/PCITB_CRC/HE_raw_images/Tumor/TMA3/TMA 3 Level 1_Core[1,16,8]_[12294,50626].tif",FALSE,"/data_g1/AI_projects/projects/Immune_Cell_Prediction_WK/DIR/nhs/TMA 3 Level 1_Core[1,16,8]_[12294,50626]",0.4
"/data_g1/AI_projects/raw_data/PCITB_CRC/HE_raw_images/Tumor/TMA3/TMA 3 Level 1_Core[1,17,14]_[7077,51244].tif",FALSE,"/data_g1/AI_projects/projects/Immune_Cell_Prediction_WK/DIR/nhs/TMA 3 Level 1_Core[1,17,14]_[7077,51244]",0.4
"/data_g1/AI_projects/raw_data/PCITB_CRC/HE_raw_images/Tumor/TMA3/TMA 3 Level 16_Core[1,17,14]_[5441,50239].tif",FALSE,"/data_g1/AI_projects/projects/Immune_Cell_Prediction_WK/DIR/nhs/TMA 3 Level 16_Core[1,17,14]_[5441,50239]",0.4
"/data_g1/AI_projects/raw_data/PCITB_CRC/HE_raw_images/Tumor/TMA3/TMA 3 Level 1_Core[1,17,4]_[15682,51566].tif",FALSE,"/data_g1/AI_projects/projects/Immune_Cell_Prediction_WK/DIR/nhs/TMA 3 Level 1_Core[1,17,4]_[15682,51566]",0.4
"/data_g1/AI_projects/raw_data/PCITB_CRC/HE_raw_images/Tumor/TMA3/TMA 3 Level 16_Core[1,17,4]_[14120,50882].tif",FALSE,"/data_g1/AI_projects/projects/Immune_Cell_Prediction_WK/DIR/nhs/TMA 3 Level 16_Core[1,17,4]_[14120,50882]",0.4
"/data_g1/AI_projects/raw_data/PCITB_CRC/HE_raw_images/Tumor/TMA3/TMA 3 Level 16_Core[1,18,14]_[5392,51105].tif",FALSE,"/data_g1/AI_projects/projects/Immune_Cell_Prediction_WK/DIR/nhs/TMA 3 Level 16_Core[1,18,14]_[5392,51105]",0.4
"/data_g1/AI_projects/raw_data/PCITB_CRC/HE_raw_images/Tumor/TMA3/TMA 3 Level 1_Core[1,18,14]_[7052,52011].tif",FALSE,"/data_g1/AI_projects/projects/Immune_Cell_Prediction_WK/DIR/nhs/TMA 3 Level 1_Core[1,18,14]_[7052,52011]",0.4
"/data_g1/AI_projects/raw_data/PCITB_CRC/HE_raw_images/Tumor/TMA3/TMA 3 Level 16_Core[1,18,4]_[14046,51748].tif",FALSE,"/data_g1/AI_projects/projects/Immune_Cell_Prediction_WK/DIR/nhs/TMA 3 Level 16_Core[1,18,4]_[14046,51748]",0.4
"/data_g1/AI_projects/raw_data/PCITB_CRC/HE_raw_images/Tumor/TMA3/TMA 3 Level 1_Core[1,18,4]_[15682,52407].tif",FALSE,"/data_g1/AI_projects/projects/Immune_Cell_Prediction_WK/DIR/nhs/TMA 3 Level 1_Core[1,18,4]_[15682,52407]",0.4
"/data_g1/AI_projects/raw_data/PCITB_CRC/HE_raw_images/Tumor/TMA3/TMA 3 Level 16_Core[1,19,1]_[16692,52737].tif",FALSE,"/data_g1/AI_projects/projects/Immune_Cell_Prediction_WK/DIR/nhs/TMA 3 Level 16_Core[1,19,1]_[16692,52737]",0.4
"/data_g1/AI_projects/raw_data/PCITB_CRC/HE_raw_images/Tumor/TMA3/TMA 3 Level 1_Core[1,19,1]_[18367,53281].tif",FALSE,"/data_g1/AI_projects/projects/Immune_Cell_Prediction_WK/DIR/nhs/TMA 3 Level 1_Core[1,19,1]_[18367,53281]",0.4
"/data_g1/AI_projects/raw_data/PCITB_CRC/HE_raw_images/Tumor/TMA3/TMA 3 Level 1_Core[1,19,10]_[10514,53025].tif",FALSE,"/data_g1/AI_projects/projects/Immune_Cell_Prediction_WK/DIR/nhs/TMA 3 Level 1_Core[1,19,10]_[10514,53025]",0.4
"/data_g1/AI_projects/raw_data/PCITB_CRC/HE_raw_images/Tumor/TMA3/TMA 3 Level 16_Core[1,19,10]_[8903,52217].tif",FALSE,"/data_g1/AI_projects/projects/Immune_Cell_Prediction_WK/DIR/nhs/TMA 3 Level 16_Core[1,19,10]_[8903,52217]",0.4
"/data_g1/AI_projects/raw_data/PCITB_CRC/HE_raw_images/Tumor/TMA3/TMA 3 Level 1_Core[1,19,11]_[9624,52976].tif",FALSE,"/data_g1/AI_projects/projects/Immune_Cell_Prediction_WK/DIR/nhs/TMA 3 Level 1_Core[1,19,11]_[9624,52976]",0.4
"/data_g1/AI_projects/raw_data/PCITB_CRC/HE_raw_images/Tumor/TMA3/TMA 3 Level 16_Core[1,19,11]_[7988,52094].tif",FALSE,"/data_g1/AI_projects/projects/Immune_Cell_Prediction_WK/DIR/nhs/TMA 3 Level 16_Core[1,19,11]_[7988,52094]",0.4
"/data_g1/AI_projects/raw_data/PCITB_CRC/HE_raw_images/Tumor/TMA3/TMA 3 Level 16_Core[1,19,12]_[7098,52044].tif",FALSE,"/data_g1/AI_projects/projects/Immune_Cell_Prediction_WK/DIR/nhs/TMA 3 Level 16_Core[1,19,12]_[7098,52044]",0.4
"/data_g1/AI_projects/raw_data/PCITB_CRC/HE_raw_images/Tumor/TMA3/TMA 3 Level 1_Core[1,19,12]_[8734,52901].tif",FALSE,"/data_g1/AI_projects/projects/Immune_Cell_Prediction_WK/DIR/nhs/TMA 3 Level 1_Core[1,19,12]_[8734,52901]",0.4
"/data_g1/AI_projects/raw_data/PCITB_CRC/HE_raw_images/Tumor/TMA3/TMA 3 Level 16_Core[1,19,13]_[6257,51995].tif",FALSE,"/data_g1/AI_projects/projects/Immune_Cell_Prediction_WK/DIR/nhs/TMA 3 Level 16_Core[1,19,13]_[6257,51995]",0.4
"/data_g1/AI_projects/raw_data/PCITB_CRC/HE_raw_images/Tumor/TMA3/TMA 3 Level 1_Core[1,19,13]_[7918,52827].tif",FALSE,"/data_g1/AI_projects/projects/Immune_Cell_Prediction_WK/DIR/nhs/TMA 3 Level 1_Core[1,19,13]_[7918,52827]",0.4
"/data_g1/AI_projects/raw_data/PCITB_CRC/HE_raw_images/Tumor/TMA3/TMA 3 Level 1_Core[1,19,14]_[7077,52802].tif",FALSE,"/data_g1/AI_projects/projects/Immune_Cell_Prediction_WK/DIR/nhs/TMA 3 Level 1_Core[1,19,14]_[7077,52802]",0.4
"/data_g1/AI_projects/raw_data/PCITB_CRC/HE_raw_images/Tumor/TMA3/TMA 3 Level 16_Core[1,19,14]_[5392,51945].tif",FALSE,"/data_g1/AI_projects/projects/Immune_Cell_Prediction_WK/DIR/nhs/TMA 3 Level 16_Core[1,19,14]_[5392,51945]",0.4
"/data_g1/AI_projects/raw_data/PCITB_CRC/HE_raw_images/Tumor/TMA3/TMA 3 Level 1_Core[1,19,2]_[17562,53223].tif",FALSE,"/data_g1/AI_projects/projects/Immune_Cell_Prediction_WK/DIR/nhs/TMA 3 Level 1_Core[1,19,2]_[17562,53223]",0.4
"/data_g1/AI_projects/raw_data/PCITB_CRC/HE_raw_images/Tumor/TMA3/TMA 3 Level 16_Core[1,19,2]_[15777,52660].tif",FALSE,"/data_g1/AI_projects/projects/Immune_Cell_Prediction_WK/DIR/nhs/TMA 3 Level 16_Core[1,19,2]_[15777,52660]",0.4
"/data_g1/AI_projects/raw_data/PCITB_CRC/HE_raw_images/Tumor/TMA3/TMA 3 Level 16_Core[1,19,3]_[14887,52638].tif",FALSE,"/data_g1/AI_projects/projects/Immune_Cell_Prediction_WK/DIR/nhs/TMA 3 Level 16_Core[1,19,3]_[14887,52638]",0.4
"/data_g1/AI_projects/raw_data/PCITB_CRC/HE_raw_images/Tumor/TMA3/TMA 3 Level 1_Core[1,19,3]_[16548,53223].tif",FALSE,"/data_g1/AI_projects/projects/Immune_Cell_Prediction_WK/DIR/nhs/TMA 3 Level 1_Core[1,19,3]_[16548,53223]",0.4
"/data_g1/AI_projects/raw_data/PCITB_CRC/HE_raw_images/Tumor/TMA3/TMA 3 Level 1_Core[1,19,4]_[15694,53203].tif",FALSE,"/data_g1/AI_projects/projects/Immune_Cell_Prediction_WK/DIR/nhs/TMA 3 Level 1_Core[1,19,4]_[15694,53203]",0.4
"/data_g1/AI_projects/raw_data/PCITB_CRC/HE_raw_images/Tumor/TMA3/TMA 3 Level 16_Core[1,19,4]_[14022,52539].tif",FALSE,"/data_g1/AI_projects/projects/Immune_Cell_Prediction_WK/DIR/nhs/TMA 3 Level 16_Core[1,19,4]_[14022,52539]",0.4
"/data_g1/AI_projects/raw_data/PCITB_CRC/HE_raw_images/Tumor/TMA3/TMA 3 Level 1_Core[1,19,5]_[14767,53173].tif",FALSE,"/data_g1/AI_projects/projects/Immune_Cell_Prediction_WK/DIR/nhs/TMA 3 Level 1_Core[1,19,5]_[14767,53173]",0.4
"/data_g1/AI_projects/raw_data/PCITB_CRC/HE_raw_images/Tumor/TMA3/TMA 3 Level 16_Core[1,19,5]_[13107,52489].tif",FALSE,"/data_g1/AI_projects/projects/Immune_Cell_Prediction_WK/DIR/nhs/TMA 3 Level 16_Core[1,19,5]_[13107,52489]",0.4
"/data_g1/AI_projects/raw_data/PCITB_CRC/HE_raw_images/Tumor/TMA3/TMA 3 Level 16_Core[1,19,7]_[11524,52316].tif",FALSE,"/data_g1/AI_projects/projects/Immune_Cell_Prediction_WK/DIR/nhs/TMA 3 Level 16_Core[1,19,7]_[11524,52316]",0.4
"/data_g1/AI_projects/raw_data/PCITB_CRC/HE_raw_images/Tumor/TMA3/TMA 3 Level 1_Core[1,19,8]_[12270,53050].tif",FALSE,"/data_g1/AI_projects/projects/Immune_Cell_Prediction_WK/DIR/nhs/TMA 3 Level 1_Core[1,19,8]_[12270,53050]",0.4
"/data_g1/AI_projects/raw_data/PCITB_CRC/HE_raw_images/Tumor/TMA3/TMA 3 Level 16_Core[1,19,8]_[10659,52292].tif",FALSE,"/data_g1/AI_projects/projects/Immune_Cell_Prediction_WK/DIR/nhs/TMA 3 Level 16_Core[1,19,8]_[10659,52292]",0.4
"/data_g1/AI_projects/raw_data/PCITB_CRC/HE_raw_images/Tumor/TMA3/TMA 3 Level 16_Core[1,19,9]_[9793,52217].tif",FALSE,"/data_g1/AI_projects/projects/Immune_Cell_Prediction_WK/DIR/nhs/TMA 3 Level 16_Core[1,19,9]_[9793,52217]",0.4
"/data_g1/AI_projects/raw_data/PCITB_CRC/HE_raw_images/Tumor/TMA3/TMA 3 Level 1_Core[1,19,9]_[11380,53000].tif",FALSE,"/data_g1/AI_projects/projects/Immune_Cell_Prediction_WK/DIR/nhs/TMA 3 Level 1_Core[1,19,9]_[11380,53000]",0.4
"/data_g1/AI_projects/raw_data/PCITB_CRC/HE_raw_images/Tumor/TMA3/TMA 3 Level 1_Core[1,2,1]_[18279,38794].tif",FALSE,"/data_g1/AI_projects/projects/Immune_Cell_Prediction_WK/DIR/nhs/TMA 3 Level 1_Core[1,2,1]_[18279,38794]",0.4
"/data_g1/AI_projects/raw_data/PCITB_CRC/HE_raw_images/Tumor/TMA3/TMA 3 Level 16_Core[1,2,1]_[17906,38928].tif",FALSE,"/data_g1/AI_projects/projects/Immune_Cell_Prediction_WK/DIR/nhs/TMA 3 Level 16_Core[1,2,1]_[17906,38928]",0.4
"/data_g1/AI_projects/raw_data/PCITB_CRC/HE_raw_images/Tumor/TMA3/TMA 3 Level 1_Core[1,2,10]_[10489,38893].tif",FALSE,"/data_g1/AI_projects/projects/Immune_Cell_Prediction_WK/DIR/nhs/TMA 3 Level 1_Core[1,2,10]_[10489,38893]",0.4
"/data_g1/AI_projects/raw_data/PCITB_CRC/HE_raw_images/Tumor/TMA3/TMA 3 Level 16_Core[1,2,11]_[9004,37889].tif",FALSE,"/data_g1/AI_projects/projects/Immune_Cell_Prediction_WK/DIR/nhs/TMA 3 Level 16_Core[1,2,11]_[9004,37889]",0.4
"/data_g1/AI_projects/raw_data/PCITB_CRC/HE_raw_images/Tumor/TMA3/TMA 3 Level 1_Core[1,2,12]_[8808,38844].tif",FALSE,"/data_g1/AI_projects/projects/Immune_Cell_Prediction_WK/DIR/nhs/TMA 3 Level 1_Core[1,2,12]_[8808,38844]",0.4
"/data_g1/AI_projects/raw_data/PCITB_CRC/HE_raw_images/Tumor/TMA3/TMA 3 Level 16_Core[1,2,12]_[8163,37939].tif",FALSE,"/data_g1/AI_projects/projects/Immune_Cell_Prediction_WK/DIR/nhs/TMA 3 Level 16_Core[1,2,12]_[8163,37939]",0.4
"/data_g1/AI_projects/raw_data/PCITB_CRC/HE_raw_images/Tumor/TMA3/TMA 3 Level 1_Core[1,2,13]_[7918,39017].tif",FALSE,"/data_g1/AI_projects/projects/Immune_Cell_Prediction_WK/DIR/nhs/TMA 3 Level 1_Core[1,2,13]_[7918,39017]",0.4
"/data_g1/AI_projects/raw_data/PCITB_CRC/HE_raw_images/Tumor/TMA3/TMA 3 Level 16_Core[1,2,13]_[7273,37939].tif",FALSE,"/data_g1/AI_projects/projects/Immune_Cell_Prediction_WK/DIR/nhs/TMA 3 Level 16_Core[1,2,13]_[7273,37939]",0.4
"/data_g1/AI_projects/raw_data/PCITB_CRC/HE_raw_images/Tumor/TMA3/TMA 3 Level 16_Core[1,2,14]_[6358,38062].tif",FALSE,"/data_g1/AI_projects/projects/Immune_Cell_Prediction_WK/DIR/nhs/TMA 3 Level 16_Core[1,2,14]_[6358,38062]",0.4
"/data_g1/AI_projects/raw_data/PCITB_CRC/HE_raw_images/Tumor/TMA3/TMA 3 Level 16_Core[1,2,15]_[5468,38013].tif",FALSE,"/data_g1/AI_projects/projects/Immune_Cell_Prediction_WK/DIR/nhs/TMA 3 Level 16_Core[1,2,15]_[5468,38013]",0.4
"/data_g1/AI_projects/raw_data/PCITB_CRC/HE_raw_images/Tumor/TMA3/TMA 3 Level 1_Core[1,2,2]_[17388,38819].tif",FALSE,"/data_g1/AI_projects/projects/Immune_Cell_Prediction_WK/DIR/nhs/TMA 3 Level 1_Core[1,2,2]_[17388,38819]",0.4
"/data_g1/AI_projects/raw_data/PCITB_CRC/HE_raw_images/Tumor/TMA3/TMA 3 Level 16_Core[1,2,2]_[17065,38706].tif",FALSE,"/data_g1/AI_projects/projects/Immune_Cell_Prediction_WK/DIR/nhs/TMA 3 Level 16_Core[1,2,2]_[17065,38706]",0.4
"/data_g1/AI_projects/raw_data/PCITB_CRC/HE_raw_images/Tumor/TMA3/TMA 3 Level 1_Core[1,2,3]_[16572,38769].tif",FALSE,"/data_g1/AI_projects/projects/Immune_Cell_Prediction_WK/DIR/nhs/TMA 3 Level 1_Core[1,2,3]_[16572,38769]",0.4
"/data_g1/AI_projects/raw_data/PCITB_CRC/HE_raw_images/Tumor/TMA3/TMA 3 Level 16_Core[1,2,3]_[16224,38508].tif",FALSE,"/data_g1/AI_projects/projects/Immune_Cell_Prediction_WK/DIR/nhs/TMA 3 Level 16_Core[1,2,3]_[16224,38508]",0.4
"/data_g1/AI_projects/raw_data/PCITB_CRC/HE_raw_images/Tumor/TMA3/TMA 3 Level 1_Core[1,2,4]_[15732,38745].tif",FALSE,"/data_g1/AI_projects/projects/Immune_Cell_Prediction_WK/DIR/nhs/TMA 3 Level 1_Core[1,2,4]_[15732,38745]",0.4
"/data_g1/AI_projects/raw_data/PCITB_CRC/HE_raw_images/Tumor/TMA3/TMA 3 Level 16_Core[1,2,4]_[15359,38359].tif",FALSE,"/data_g1/AI_projects/projects/Immune_Cell_Prediction_WK/DIR/nhs/TMA 3 Level 16_Core[1,2,4]_[15359,38359]",0.4
"/data_g1/AI_projects/raw_data/PCITB_CRC/HE_raw_images/Tumor/TMA3/TMA 3 Level 1_Core[1,2,5]_[14867,38673].tif",FALSE,"/data_g1/AI_projects/projects/Immune_Cell_Prediction_WK/DIR/nhs/TMA 3 Level 1_Core[1,2,5]_[14867,38673]",0.4
"/data_g1/AI_projects/raw_data/PCITB_CRC/HE_raw_images/Tumor/TMA3/TMA 3 Level 16_Core[1,2,5]_[14394,38161].tif",FALSE,"/data_g1/AI_projects/projects/Immune_Cell_Prediction_WK/DIR/nhs/TMA 3 Level 16_Core[1,2,5]_[14394,38161]",0.4
"/data_g1/AI_projects/raw_data/PCITB_CRC/HE_raw_images/Tumor/TMA3/TMA 3 Level 16_Core[1,2,6]_[13554,38112].tif",FALSE,"/data_g1/AI_projects/projects/Immune_Cell_Prediction_WK/DIR/nhs/TMA 3 Level 16_Core[1,2,6]_[13554,38112]",0.4
"/data_g1/AI_projects/raw_data/PCITB_CRC/HE_raw_images/Tumor/TMA3/TMA 3 Level 1_Core[1,2,6]_[13951,38695].tif",FALSE,"/data_g1/AI_projects/projects/Immune_Cell_Prediction_WK/DIR/nhs/TMA 3 Level 1_Core[1,2,6]_[13951,38695]",0.4
"/data_g1/AI_projects/raw_data/PCITB_CRC/HE_raw_images/Tumor/TMA3/TMA 3 Level 1_Core[1,2,7]_[13086,38745].tif",FALSE,"/data_g1/AI_projects/projects/Immune_Cell_Prediction_WK/DIR/nhs/TMA 3 Level 1_Core[1,2,7]_[13086,38745]",0.4
"/data_g1/AI_projects/raw_data/PCITB_CRC/HE_raw_images/Tumor/TMA3/TMA 3 Level 16_Core[1,2,7]_[12663,38112].tif",FALSE,"/data_g1/AI_projects/projects/Immune_Cell_Prediction_WK/DIR/nhs/TMA 3 Level 16_Core[1,2,7]_[12663,38112]",0.4
"/data_g1/AI_projects/raw_data/PCITB_CRC/HE_raw_images/Tumor/TMA3/TMA 3 Level 16_Core[1,2,8]_[11773,37865].tif",FALSE,"/data_g1/AI_projects/projects/Immune_Cell_Prediction_WK/DIR/nhs/TMA 3 Level 16_Core[1,2,8]_[11773,37865]",0.4
"/data_g1/AI_projects/raw_data/PCITB_CRC/HE_raw_images/Tumor/TMA3/TMA 3 Level 1_Core[1,2,8]_[12245,38670].tif",FALSE,"/data_g1/AI_projects/projects/Immune_Cell_Prediction_WK/DIR/nhs/TMA 3 Level 1_Core[1,2,8]_[12245,38670]",0.4
"/data_g1/AI_projects/raw_data/PCITB_CRC/HE_raw_images/Tumor/TMA3/TMA 3 Level 16_Core[1,2,9]_[10932,37766].tif",FALSE,"/data_g1/AI_projects/projects/Immune_Cell_Prediction_WK/DIR/nhs/TMA 3 Level 16_Core[1,2,9]_[10932,37766]",0.4
"/data_g1/AI_projects/raw_data/PCITB_CRC/HE_raw_images/Tumor/TMA3/TMA 3 Level 16_Core[1,20,1]_[16668,53627].tif",FALSE,"/data_g1/AI_projects/projects/Immune_Cell_Prediction_WK/DIR/nhs/TMA 3 Level 16_Core[1,20,1]_[16668,53627]",0.4
"/data_g1/AI_projects/raw_data/PCITB_CRC/HE_raw_images/Tumor/TMA3/TMA 3 Level 1_Core[1,20,1]_[18402,54257].tif",FALSE,"/data_g1/AI_projects/projects/Immune_Cell_Prediction_WK/DIR/nhs/TMA 3 Level 1_Core[1,20,1]_[18402,54257]",0.4
"/data_g1/AI_projects/raw_data/PCITB_CRC/HE_raw_images/Tumor/TMA3/TMA 3 Level 16_Core[1,20,10]_[8829,53033].tif",FALSE,"/data_g1/AI_projects/projects/Immune_Cell_Prediction_WK/DIR/nhs/TMA 3 Level 16_Core[1,20,10]_[8829,53033]",0.4
"/data_g1/AI_projects/raw_data/PCITB_CRC/HE_raw_images/Tumor/TMA3/TMA 3 Level 1_Core[1,20,10]_[10489,53816].tif",FALSE,"/data_g1/AI_projects/projects/Immune_Cell_Prediction_WK/DIR/nhs/TMA 3 Level 1_Core[1,20,10]_[10489,53816]",0.4
"/data_g1/AI_projects/raw_data/PCITB_CRC/HE_raw_images/Tumor/TMA3/TMA 3 Level 16_Core[1,20,11]_[7939,52959].tif",FALSE,"/data_g1/AI_projects/projects/Immune_Cell_Prediction_WK/DIR/nhs/TMA 3 Level 16_Core[1,20,11]_[7939,52959]",0.4
"/data_g1/AI_projects/raw_data/PCITB_CRC/HE_raw_images/Tumor/TMA3/TMA 3 Level 1_Core[1,20,11]_[9599,53767].tif",FALSE,"/data_g1/AI_projects/projects/Immune_Cell_Prediction_WK/DIR/nhs/TMA 3 Level 1_Core[1,20,11]_[9599,53767]",0.4
"/data_g1/AI_projects/raw_data/PCITB_CRC/HE_raw_images/Tumor/TMA3/TMA 3 Level 16_Core[1,20,12]_[7024,52860].tif",FALSE,"/data_g1/AI_projects/projects/Immune_Cell_Prediction_WK/DIR/nhs/TMA 3 Level 16_Core[1,20,12]_[7024,52860]",0.4
"/data_g1/AI_projects/raw_data/PCITB_CRC/HE_raw_images/Tumor/TMA3/TMA 3 Level 1_Core[1,20,12]_[8709,53717].tif",FALSE,"/data_g1/AI_projects/projects/Immune_Cell_Prediction_WK/DIR/nhs/TMA 3 Level 1_Core[1,20,12]_[8709,53717]",0.4
"/data_g1/AI_projects/raw_data/PCITB_CRC/HE_raw_images/Tumor/TMA3/TMA 3 Level 16_Core[1,20,13]_[6183,52836].tif",FALSE,"/data_g1/AI_projects/projects/Immune_Cell_Prediction_WK/DIR/nhs/TMA 3 Level 16_Core[1,20,13]_[6183,52836]",0.4
"/data_g1/AI_projects/raw_data/PCITB_CRC/HE_raw_images/Tumor/TMA3/TMA 3 Level 1_Core[1,20,13]_[7868,53668].tif",FALSE,"/data_g1/AI_projects/projects/Immune_Cell_Prediction_WK/DIR/nhs/TMA 3 Level 1_Core[1,20,13]_[7868,53668]",0.4
"/data_g1/AI_projects/raw_data/PCITB_CRC/HE_raw_images/Tumor/TMA3/TMA 3 Level 1_Core[1,20,14]_[7052,53643].tif",FALSE,"/data_g1/AI_projects/projects/Immune_Cell_Prediction_WK/DIR/nhs/TMA 3 Level 1_Core[1,20,14]_[7052,53643]",0.4
"/data_g1/AI_projects/raw_data/PCITB_CRC/HE_raw_images/Tumor/TMA3/TMA 3 Level 16_Core[1,20,14]_[5317,52836].tif",FALSE,"/data_g1/AI_projects/projects/Immune_Cell_Prediction_WK/DIR/nhs/TMA 3 Level 16_Core[1,20,14]_[5317,52836]",0.4
"/data_g1/AI_projects/raw_data/PCITB_CRC/HE_raw_images/Tumor/TMA3/TMA 3 Level 1_Core[1,20,2]_[17384,54152].tif",FALSE,"/data_g1/AI_projects/projects/Immune_Cell_Prediction_WK/DIR/nhs/TMA 3 Level 1_Core[1,20,2]_[17384,54152]",0.4
"/data_g1/AI_projects/raw_data/PCITB_CRC/HE_raw_images/Tumor/TMA3/TMA 3 Level 16_Core[1,20,2]_[15802,53627].tif",FALSE,"/data_g1/AI_projects/projects/Immune_Cell_Prediction_WK/DIR/nhs/TMA 3 Level 16_Core[1,20,2]_[15802,53627]",0.4
"/data_g1/AI_projects/raw_data/PCITB_CRC/HE_raw_images/Tumor/TMA3/TMA 3 Level 16_Core[1,20,3]_[14838,53528].tif",FALSE,"/data_g1/AI_projects/projects/Immune_Cell_Prediction_WK/DIR/nhs/TMA 3 Level 16_Core[1,20,3]_[14838,53528]",0.4
"/data_g1/AI_projects/raw_data/PCITB_CRC/HE_raw_images/Tumor/TMA3/TMA 3 Level 1_Core[1,20,3]_[16523,54138].tif",FALSE,"/data_g1/AI_projects/projects/Immune_Cell_Prediction_WK/DIR/nhs/TMA 3 Level 1_Core[1,20,3]_[16523,54138]",0.4
"/data_g1/AI_projects/raw_data/PCITB_CRC/HE_raw_images/Tumor/TMA3/TMA 3 Level 16_Core[1,20,4]_[13997,53503].tif",FALSE,"/data_g1/AI_projects/projects/Immune_Cell_Prediction_WK/DIR/nhs/TMA 3 Level 16_Core[1,20,4]_[13997,53503]",0.4
"/data_g1/AI_projects/raw_data/PCITB_CRC/HE_raw_images/Tumor/TMA3/TMA 3 Level 1_Core[1,20,4]_[15668,54056].tif",FALSE,"/data_g1/AI_projects/projects/Immune_Cell_Prediction_WK/DIR/nhs/TMA 3 Level 1_Core[1,20,4]_[15668,54056]",0.4
"/data_g1/AI_projects/raw_data/PCITB_CRC/HE_raw_images/Tumor/TMA3/TMA 3 Level 16_Core[1,20,5]_[13131,53380].tif",FALSE,"/data_g1/AI_projects/projects/Immune_Cell_Prediction_WK/DIR/nhs/TMA 3 Level 16_Core[1,20,5]_[13131,53380]",0.4
"/data_g1/AI_projects/raw_data/PCITB_CRC/HE_raw_images/Tumor/TMA3/TMA 3 Level 1_Core[1,20,5]_[14743,54039].tif",FALSE,"/data_g1/AI_projects/projects/Immune_Cell_Prediction_WK/DIR/nhs/TMA 3 Level 1_Core[1,20,5]_[14743,54039]",0.4
"/data_g1/AI_projects/raw_data/PCITB_CRC/HE_raw_images/Tumor/TMA3/TMA 3 Level 16_Core[1,20,7]_[11475,53182].tif",FALSE,"/data_g1/AI_projects/projects/Immune_Cell_Prediction_WK/DIR/nhs/TMA 3 Level 16_Core[1,20,7]_[11475,53182]",0.4
"/data_g1/AI_projects/raw_data/PCITB_CRC/HE_raw_images/Tumor/TMA3/TMA 3 Level 1_Core[1,20,7]_[13110,53915].tif",FALSE,"/data_g1/AI_projects/projects/Immune_Cell_Prediction_WK/DIR/nhs/TMA 3 Level 1_Core[1,20,7]_[13110,53915]",0.4
"/data_g1/AI_projects/raw_data/PCITB_CRC/HE_raw_images/Tumor/TMA3/TMA 3 Level 16_Core[1,20,8]_[10584,53132].tif",FALSE,"/data_g1/AI_projects/projects/Immune_Cell_Prediction_WK/DIR/nhs/TMA 3 Level 16_Core[1,20,8]_[10584,53132]",0.4
"/data_g1/AI_projects/raw_data/PCITB_CRC/HE_raw_images/Tumor/TMA3/TMA 3 Level 1_Core[1,20,8]_[12220,53866].tif",FALSE,"/data_g1/AI_projects/projects/Immune_Cell_Prediction_WK/DIR/nhs/TMA 3 Level 1_Core[1,20,8]_[12220,53866]",0.4
"/data_g1/AI_projects/raw_data/PCITB_CRC/HE_raw_images/Tumor/TMA3/TMA 3 Level 16_Core[1,20,9]_[9744,53083].tif",FALSE,"/data_g1/AI_projects/projects/Immune_Cell_Prediction_WK/DIR/nhs/TMA 3 Level 16_Core[1,20,9]_[9744,53083]",0.4
"/data_g1/AI_projects/raw_data/PCITB_CRC/HE_raw_images/Tumor/TMA3/TMA 3 Level 1_Core[1,20,9]_[11380,53841].tif",FALSE,"/data_g1/AI_projects/projects/Immune_Cell_Prediction_WK/DIR/nhs/TMA 3 Level 1_Core[1,20,9]_[11380,53841]",0.4
"/data_g1/AI_projects/raw_data/PCITB_CRC/HE_raw_images/Tumor/TMA3/TMA 3 Level 16_Core[1,22,8]_[10471,54837].tif",FALSE,"/data_g1/AI_projects/projects/Immune_Cell_Prediction_WK/DIR/nhs/TMA 3 Level 16_Core[1,22,8]_[10471,54837]",0.4
"/data_g1/AI_projects/raw_data/PCITB_CRC/HE_raw_images/Tumor/TMA3/TMA 3 Level 1_Core[1,22,8]_[12167,55519].tif",FALSE,"/data_g1/AI_projects/projects/Immune_Cell_Prediction_WK/DIR/nhs/TMA 3 Level 1_Core[1,22,8]_[12167,55519]",0.4
"/data_g1/AI_projects/raw_data/PCITB_CRC/HE_raw_images/Tumor/TMA3/TMA 3 Level 1_Core[1,23,8]_[12118,56335].tif",FALSE,"/data_g1/AI_projects/projects/Immune_Cell_Prediction_WK/DIR/nhs/TMA 3 Level 1_Core[1,23,8]_[12118,56335]",0.4
"/data_g1/AI_projects/raw_data/PCITB_CRC/HE_raw_images/Tumor/TMA3/TMA 3 Level 16_Core[1,24,1]_[16431,56914].tif",FALSE,"/data_g1/AI_projects/projects/Immune_Cell_Prediction_WK/DIR/nhs/TMA 3 Level 16_Core[1,24,1]_[16431,56914]",0.4
"/data_g1/AI_projects/raw_data/PCITB_CRC/HE_raw_images/Tumor/TMA3/TMA 3 Level 1_Core[1,24,1]_[18176,57645].tif",FALSE,"/data_g1/AI_projects/projects/Immune_Cell_Prediction_WK/DIR/nhs/TMA 3 Level 1_Core[1,24,1]_[18176,57645]",0.4
"/data_g1/AI_projects/raw_data/PCITB_CRC/HE_raw_images/Tumor/TMA3/TMA 3 Level 1_Core[1,24,10]_[10263,57002].tif",FALSE,"/data_g1/AI_projects/projects/Immune_Cell_Prediction_WK/DIR/nhs/TMA 3 Level 1_Core[1,24,10]_[10263,57002]",0.4
"/data_g1/AI_projects/raw_data/PCITB_CRC/HE_raw_images/Tumor/TMA3/TMA 3 Level 16_Core[1,24,10]_[8567,56296].tif",FALSE,"/data_g1/AI_projects/projects/Immune_Cell_Prediction_WK/DIR/nhs/TMA 3 Level 16_Core[1,24,10]_[8567,56296]",0.4
"/data_g1/AI_projects/raw_data/PCITB_CRC/HE_raw_images/Tumor/TMA3/TMA 3 Level 1_Core[1,24,11]_[9398,56879].tif",FALSE,"/data_g1/AI_projects/projects/Immune_Cell_Prediction_WK/DIR/nhs/TMA 3 Level 1_Core[1,24,11]_[9398,56879]",0.4
"/data_g1/AI_projects/raw_data/PCITB_CRC/HE_raw_images/Tumor/TMA3/TMA 3 Level 16_Core[1,24,11]_[7652,56222].tif",FALSE,"/data_g1/AI_projects/projects/Immune_Cell_Prediction_WK/DIR/nhs/TMA 3 Level 16_Core[1,24,11]_[7652,56222]",0.4
"/data_g1/AI_projects/raw_data/PCITB_CRC/HE_raw_images/Tumor/TMA3/TMA 3 Level 1_Core[1,24,12]_[8458,56829].tif",FALSE,"/data_g1/AI_projects/projects/Immune_Cell_Prediction_WK/DIR/nhs/TMA 3 Level 1_Core[1,24,12]_[8458,56829]",0.4
"/data_g1/AI_projects/raw_data/PCITB_CRC/HE_raw_images/Tumor/TMA3/TMA 3 Level 16_Core[1,24,12]_[6762,56123].tif",FALSE,"/data_g1/AI_projects/projects/Immune_Cell_Prediction_WK/DIR/nhs/TMA 3 Level 16_Core[1,24,12]_[6762,56123]",0.4
"/data_g1/AI_projects/raw_data/PCITB_CRC/HE_raw_images/Tumor/TMA3/TMA 3 Level 16_Core[1,24,13]_[5921,56048].tif",FALSE,"/data_g1/AI_projects/projects/Immune_Cell_Prediction_WK/DIR/nhs/TMA 3 Level 16_Core[1,24,13]_[5921,56048]",0.4
"/data_g1/AI_projects/raw_data/PCITB_CRC/HE_raw_images/Tumor/TMA3/TMA 3 Level 16_Core[1,24,14]_[5056,55950].tif",FALSE,"/data_g1/AI_projects/projects/Immune_Cell_Prediction_WK/DIR/nhs/TMA 3 Level 16_Core[1,24,14]_[5056,55950]",0.4
"/data_g1/AI_projects/raw_data/PCITB_CRC/HE_raw_images/Tumor/TMA3/TMA 3 Level 16_Core[1,24,2]_[15516,56766].tif",FALSE,"/data_g1/AI_projects/projects/Immune_Cell_Prediction_WK/DIR/nhs/TMA 3 Level 16_Core[1,24,2]_[15516,56766]",0.4
"/data_g1/AI_projects/raw_data/PCITB_CRC/HE_raw_images/Tumor/TMA3/TMA 3 Level 1_Core[1,24,2]_[17187,57472].tif",FALSE,"/data_g1/AI_projects/projects/Immune_Cell_Prediction_WK/DIR/nhs/TMA 3 Level 1_Core[1,24,2]_[17187,57472]",0.4
"/data_g1/AI_projects/raw_data/PCITB_CRC/HE_raw_images/Tumor/TMA3/TMA 3 Level 1_Core[1,24,3]_[16371,57571].tif",FALSE,"/data_g1/AI_projects/projects/Immune_Cell_Prediction_WK/DIR/nhs/TMA 3 Level 1_Core[1,24,3]_[16371,57571]",0.4
"/data_g1/AI_projects/raw_data/PCITB_CRC/HE_raw_images/Tumor/TMA3/TMA 3 Level 16_Core[1,24,3]_[14675,56815].tif",FALSE,"/data_g1/AI_projects/projects/Immune_Cell_Prediction_WK/DIR/nhs/TMA 3 Level 16_Core[1,24,3]_[14675,56815]",0.4
"/data_g1/AI_projects/raw_data/PCITB_CRC/HE_raw_images/Tumor/TMA3/TMA 3 Level 1_Core[1,24,4]_[15530,57522].tif",FALSE,"/data_g1/AI_projects/projects/Immune_Cell_Prediction_WK/DIR/nhs/TMA 3 Level 1_Core[1,24,4]_[15530,57522]",0.4
"/data_g1/AI_projects/raw_data/PCITB_CRC/HE_raw_images/Tumor/TMA3/TMA 3 Level 16_Core[1,24,4]_[13810,56864].tif",FALSE,"/data_g1/AI_projects/projects/Immune_Cell_Prediction_WK/DIR/nhs/TMA 3 Level 16_Core[1,24,4]_[13810,56864]",0.4
"/data_g1/AI_projects/raw_data/PCITB_CRC/HE_raw_images/Tumor/TMA3/TMA 3 Level 16_Core[1,24,5]_[12944,56741].tif",FALSE,"/data_g1/AI_projects/projects/Immune_Cell_Prediction_WK/DIR/nhs/TMA 3 Level 16_Core[1,24,5]_[12944,56741]",0.4
"/data_g1/AI_projects/raw_data/PCITB_CRC/HE_raw_images/Tumor/TMA3/TMA 3 Level 1_Core[1,24,5]_[14714,57373].tif",FALSE,"/data_g1/AI_projects/projects/Immune_Cell_Prediction_WK/DIR/nhs/TMA 3 Level 1_Core[1,24,5]_[14714,57373]",0.4
"/data_g1/AI_projects/raw_data/PCITB_CRC/HE_raw_images/Tumor/TMA3/TMA 3 Level 16_Core[1,24,6]_[11831,56518].tif",FALSE,"/data_g1/AI_projects/projects/Immune_Cell_Prediction_WK/DIR/nhs/TMA 3 Level 16_Core[1,24,6]_[11831,56518]",0.4
"/data_g1/AI_projects/raw_data/PCITB_CRC/HE_raw_images/Tumor/TMA3/TMA 3 Level 1_Core[1,24,6]_[13552,57225].tif",FALSE,"/data_g1/AI_projects/projects/Immune_Cell_Prediction_WK/DIR/nhs/TMA 3 Level 1_Core[1,24,6]_[13552,57225]",0.4
"/data_g1/AI_projects/raw_data/PCITB_CRC/HE_raw_images/Tumor/TMA3/TMA 3 Level 1_Core[1,24,9]_[11178,57052].tif",FALSE,"/data_g1/AI_projects/projects/Immune_Cell_Prediction_WK/DIR/nhs/TMA 3 Level 1_Core[1,24,9]_[11178,57052]",0.4
"/data_g1/AI_projects/raw_data/PCITB_CRC/HE_raw_images/Tumor/TMA3/TMA 3 Level 16_Core[1,24,9]_[9458,56345].tif",FALSE,"/data_g1/AI_projects/projects/Immune_Cell_Prediction_WK/DIR/nhs/TMA 3 Level 16_Core[1,24,9]_[9458,56345]",0.4
"/data_g1/AI_projects/raw_data/PCITB_CRC/HE_raw_images/Tumor/TMA3/TMA 3 Level 16_Core[1,25,1]_[16431,57854].tif",FALSE,"/data_g1/AI_projects/projects/Immune_Cell_Prediction_WK/DIR/nhs/TMA 3 Level 16_Core[1,25,1]_[16431,57854]",0.4
"/data_g1/AI_projects/raw_data/PCITB_CRC/HE_raw_images/Tumor/TMA3/TMA 3 Level 1_Core[1,25,1]_[18126,58511].tif",FALSE,"/data_g1/AI_projects/projects/Immune_Cell_Prediction_WK/DIR/nhs/TMA 3 Level 1_Core[1,25,1]_[18126,58511]",0.4
"/data_g1/AI_projects/raw_data/PCITB_CRC/HE_raw_images/Tumor/TMA3/TMA 3 Level 16_Core[1,25,10]_[8518,57211].tif",FALSE,"/data_g1/AI_projects/projects/Immune_Cell_Prediction_WK/DIR/nhs/TMA 3 Level 16_Core[1,25,10]_[8518,57211]",0.4
"/data_g1/AI_projects/raw_data/PCITB_CRC/HE_raw_images/Tumor/TMA3/TMA 3 Level 1_Core[1,25,10]_[10263,57892].tif",FALSE,"/data_g1/AI_projects/projects/Immune_Cell_Prediction_WK/DIR/nhs/TMA 3 Level 1_Core[1,25,10]_[10263,57892]",0.4
"/data_g1/AI_projects/raw_data/PCITB_CRC/HE_raw_images/Tumor/TMA3/TMA 3 Level 16_Core[1,25,11]_[7628,57112].tif",FALSE,"/data_g1/AI_projects/projects/Immune_Cell_Prediction_WK/DIR/nhs/TMA 3 Level 16_Core[1,25,11]_[7628,57112]",0.4
"/data_g1/AI_projects/raw_data/PCITB_CRC/HE_raw_images/Tumor/TMA3/TMA 3 Level 1_Core[1,25,11]_[9373,57794].tif",FALSE,"/data_g1/AI_projects/projects/Immune_Cell_Prediction_WK/DIR/nhs/TMA 3 Level 1_Core[1,25,11]_[9373,57794]",0.4
"/data_g1/AI_projects/raw_data/PCITB_CRC/HE_raw_images/Tumor/TMA3/TMA 3 Level 1_Core[1,25,12]_[8458,57695].tif",FALSE,"/data_g1/AI_projects/projects/Immune_Cell_Prediction_WK/DIR/nhs/TMA 3 Level 1_Core[1,25,12]_[8458,57695]",0.4
"/data_g1/AI_projects/raw_data/PCITB_CRC/HE_raw_images/Tumor/TMA3/TMA 3 Level 16_Core[1,25,12]_[6688,57013].tif",FALSE,"/data_g1/AI_projects/projects/Immune_Cell_Prediction_WK/DIR/nhs/TMA 3 Level 16_Core[1,25,12]_[6688,57013]",0.4
"/data_g1/AI_projects/raw_data/PCITB_CRC/HE_raw_images/Tumor/TMA3/TMA 3 Level 16_Core[1,25,13]_[5847,56889].tif",FALSE,"/data_g1/AI_projects/projects/Immune_Cell_Prediction_WK/DIR/nhs/TMA 3 Level 16_Core[1,25,13]_[5847,56889]",0.4
"/data_g1/AI_projects/raw_data/PCITB_CRC/HE_raw_images/Tumor/TMA3/TMA 3 Level 1_Core[1,25,13]_[7617,57596].tif",FALSE,"/data_g1/AI_projects/projects/Immune_Cell_Prediction_WK/DIR/nhs/TMA 3 Level 1_Core[1,25,13]_[7617,57596]",0.4
"/data_g1/AI_projects/raw_data/PCITB_CRC/HE_raw_images/Tumor/TMA3/TMA 3 Level 16_Core[1,25,14]_[5031,56790].tif",FALSE,"/data_g1/AI_projects/projects/Immune_Cell_Prediction_WK/DIR/nhs/TMA 3 Level 16_Core[1,25,14]_[5031,56790]",0.4
"/data_g1/AI_projects/raw_data/PCITB_CRC/HE_raw_images/Tumor/TMA3/TMA 3 Level 16_Core[1,25,2]_[15491,57854].tif",FALSE,"/data_g1/AI_projects/projects/Immune_Cell_Prediction_WK/DIR/nhs/TMA 3 Level 16_Core[1,25,2]_[15491,57854]",0.4
"/data_g1/AI_projects/raw_data/PCITB_CRC/HE_raw_images/Tumor/TMA3/TMA 3 Level 1_Core[1,25,2]_[17236,58511].tif",FALSE,"/data_g1/AI_projects/projects/Immune_Cell_Prediction_WK/DIR/nhs/TMA 3 Level 1_Core[1,25,2]_[17236,58511]",0.4
"/data_g1/AI_projects/raw_data/PCITB_CRC/HE_raw_images/Tumor/TMA3/TMA 3 Level 1_Core[1,25,3]_[16297,58387].tif",FALSE,"/data_g1/AI_projects/projects/Immune_Cell_Prediction_WK/DIR/nhs/TMA 3 Level 1_Core[1,25,3]_[16297,58387]",0.4
"/data_g1/AI_projects/raw_data/PCITB_CRC/HE_raw_images/Tumor/TMA3/TMA 3 Level 16_Core[1,25,3]_[14626,57779].tif",FALSE,"/data_g1/AI_projects/projects/Immune_Cell_Prediction_WK/DIR/nhs/TMA 3 Level 16_Core[1,25,3]_[14626,57779]",0.4
"/data_g1/AI_projects/raw_data/PCITB_CRC/HE_raw_images/Tumor/TMA3/TMA 3 Level 1_Core[1,25,4]_[15456,58412].tif",FALSE,"/data_g1/AI_projects/projects/Immune_Cell_Prediction_WK/DIR/nhs/TMA 3 Level 1_Core[1,25,4]_[15456,58412]",0.4
"/data_g1/AI_projects/raw_data/PCITB_CRC/HE_raw_images/Tumor/TMA3/TMA 3 Level 16_Core[1,25,4]_[13736,57755].tif",FALSE,"/data_g1/AI_projects/projects/Immune_Cell_Prediction_WK/DIR/nhs/TMA 3 Level 16_Core[1,25,4]_[13736,57755]",0.4
"/data_g1/AI_projects/raw_data/PCITB_CRC/HE_raw_images/Tumor/TMA3/TMA 3 Level 16_Core[1,25,5]_[12870,57656].tif",FALSE,"/data_g1/AI_projects/projects/Immune_Cell_Prediction_WK/DIR/nhs/TMA 3 Level 16_Core[1,25,5]_[12870,57656]",0.4
"/data_g1/AI_projects/raw_data/PCITB_CRC/HE_raw_images/Tumor/TMA3/TMA 3 Level 1_Core[1,25,6]_[13700,58239].tif",FALSE,"/data_g1/AI_projects/projects/Immune_Cell_Prediction_WK/DIR/nhs/TMA 3 Level 1_Core[1,25,6]_[13700,58239]",0.4
"/data_g1/AI_projects/raw_data/PCITB_CRC/HE_raw_images/Tumor/TMA3/TMA 3 Level 16_Core[1,25,6]_[12004,57631].tif",FALSE,"/data_g1/AI_projects/projects/Immune_Cell_Prediction_WK/DIR/nhs/TMA 3 Level 16_Core[1,25,6]_[12004,57631]",0.4
"/data_g1/AI_projects/raw_data/PCITB_CRC/HE_raw_images/Tumor/TMA3/TMA 3 Level 16_Core[1,25,7]_[11164,57606].tif",FALSE,"/data_g1/AI_projects/projects/Immune_Cell_Prediction_WK/DIR/nhs/TMA 3 Level 16_Core[1,25,7]_[11164,57606]",0.4
"/data_g1/AI_projects/raw_data/PCITB_CRC/HE_raw_images/Tumor/TMA3/TMA 3 Level 16_Core[1,25,8]_[10249,57433].tif",FALSE,"/data_g1/AI_projects/projects/Immune_Cell_Prediction_WK/DIR/nhs/TMA 3 Level 16_Core[1,25,8]_[10249,57433]",0.4
"/data_g1/AI_projects/raw_data/PCITB_CRC/HE_raw_images/Tumor/TMA3/TMA 3 Level 16_Core[1,25,9]_[9383,57260].tif",FALSE,"/data_g1/AI_projects/projects/Immune_Cell_Prediction_WK/DIR/nhs/TMA 3 Level 16_Core[1,25,9]_[9383,57260]",0.4
"/data_g1/AI_projects/raw_data/PCITB_CRC/HE_raw_images/Tumor/TMA3/TMA 3 Level 1_Core[1,25,9]_[11153,57843].tif",FALSE,"/data_g1/AI_projects/projects/Immune_Cell_Prediction_WK/DIR/nhs/TMA 3 Level 1_Core[1,25,9]_[11153,57843]",0.4
"/data_g1/AI_projects/raw_data/PCITB_CRC/HE_raw_images/Tumor/TMA3/TMA 3 Level 1_Core[1,3,6]_[13927,39660].tif",FALSE,"/data_g1/AI_projects/projects/Immune_Cell_Prediction_WK/DIR/nhs/TMA 3 Level 1_Core[1,3,6]_[13927,39660]",0.4
"/data_g1/AI_projects/raw_data/PCITB_CRC/HE_raw_images/Tumor/TMA3/TMA 3 Level 1_Core[1,4,6]_[14026,40550].tif",FALSE,"/data_g1/AI_projects/projects/Immune_Cell_Prediction_WK/DIR/nhs/TMA 3 Level 1_Core[1,4,6]_[14026,40550]",0.4
"/data_g1/AI_projects/raw_data/PCITB_CRC/HE_raw_images/Tumor/TMA3/TMA 3 Level 1_Core[1,5,1]_[18353,41267].tif",FALSE,"/data_g1/AI_projects/projects/Immune_Cell_Prediction_WK/DIR/nhs/TMA 3 Level 1_Core[1,5,1]_[18353,41267]",0.4
"/data_g1/AI_projects/raw_data/PCITB_CRC/HE_raw_images/Tumor/TMA3/TMA 3 Level 16_Core[1,5,1]_[17634,41500].tif",FALSE,"/data_g1/AI_projects/projects/Immune_Cell_Prediction_WK/DIR/nhs/TMA 3 Level 16_Core[1,5,1]_[17634,41500]",0.4
"/data_g1/AI_projects/raw_data/PCITB_CRC/HE_raw_images/Tumor/TMA3/TMA 3 Level 16_Core[1,5,10]_[9746,40585].tif",FALSE,"/data_g1/AI_projects/projects/Immune_Cell_Prediction_WK/DIR/nhs/TMA 3 Level 16_Core[1,5,10]_[9746,40585]",0.4
"/data_g1/AI_projects/raw_data/PCITB_CRC/HE_raw_images/Tumor/TMA3/TMA 3 Level 1_Core[1,5,10]_[10514,41539].tif",FALSE,"/data_g1/AI_projects/projects/Immune_Cell_Prediction_WK/DIR/nhs/TMA 3 Level 1_Core[1,5,10]_[10514,41539]",0.4
"/data_g1/AI_projects/raw_data/PCITB_CRC/HE_raw_images/Tumor/TMA3/TMA 3 Level 1_Core[1,5,11]_[9673,41564].tif",FALSE,"/data_g1/AI_projects/projects/Immune_Cell_Prediction_WK/DIR/nhs/TMA 3 Level 1_Core[1,5,11]_[9673,41564]",0.4
"/data_g1/AI_projects/raw_data/PCITB_CRC/HE_raw_images/Tumor/TMA3/TMA 3 Level 16_Core[1,5,12]_[8039,40511].tif",FALSE,"/data_g1/AI_projects/projects/Immune_Cell_Prediction_WK/DIR/nhs/TMA 3 Level 16_Core[1,5,12]_[8039,40511]",0.4
"/data_g1/AI_projects/raw_data/PCITB_CRC/HE_raw_images/Tumor/TMA3/TMA 3 Level 1_Core[1,5,12]_[8783,41588].tif",FALSE,"/data_g1/AI_projects/projects/Immune_Cell_Prediction_WK/DIR/nhs/TMA 3 Level 1_Core[1,5,12]_[8783,41588]",0.4
"/data_g1/AI_projects/raw_data/PCITB_CRC/HE_raw_images/Tumor/TMA3/TMA 3 Level 16_Core[1,5,14]_[6234,40535].tif",FALSE,"/data_g1/AI_projects/projects/Immune_Cell_Prediction_WK/DIR/nhs/TMA 3 Level 16_Core[1,5,14]_[6234,40535]",0.4
"/data_g1/AI_projects/raw_data/PCITB_CRC/HE_raw_images/Tumor/TMA3/TMA 3 Level 1_Core[1,5,2]_[17463,41341].tif",FALSE,"/data_g1/AI_projects/projects/Immune_Cell_Prediction_WK/DIR/nhs/TMA 3 Level 1_Core[1,5,2]_[17463,41341]",0.4
"/data_g1/AI_projects/raw_data/PCITB_CRC/HE_raw_images/Tumor/TMA3/TMA 3 Level 16_Core[1,5,2]_[16768,41252].tif",FALSE,"/data_g1/AI_projects/projects/Immune_Cell_Prediction_WK/DIR/nhs/TMA 3 Level 16_Core[1,5,2]_[16768,41252]",0.4
"/data_g1/AI_projects/raw_data/PCITB_CRC/HE_raw_images/Tumor/TMA3/TMA 3 Level 1_Core[1,5,3]_[16647,41390].tif",FALSE,"/data_g1/AI_projects/projects/Immune_Cell_Prediction_WK/DIR/nhs/TMA 3 Level 1_Core[1,5,3]_[16647,41390]",0.4
"/data_g1/AI_projects/raw_data/PCITB_CRC/HE_raw_images/Tumor/TMA3/TMA 3 Level 1_Core[1,5,6]_[14026,41489].tif",FALSE,"/data_g1/AI_projects/projects/Immune_Cell_Prediction_WK/DIR/nhs/TMA 3 Level 1_Core[1,5,6]_[14026,41489]",0.4
"/data_g1/AI_projects/raw_data/PCITB_CRC/HE_raw_images/Tumor/TMA3/TMA 3 Level 16_Core[1,5,6]_[13306,40882].tif",FALSE,"/data_g1/AI_projects/projects/Immune_Cell_Prediction_WK/DIR/nhs/TMA 3 Level 16_Core[1,5,6]_[13306,40882]",0.4
"/data_g1/AI_projects/raw_data/PCITB_CRC/HE_raw_images/Tumor/TMA3/TMA 3 Level 1_Core[1,5,8]_[12245,41539].tif",FALSE,"/data_g1/AI_projects/projects/Immune_Cell_Prediction_WK/DIR/nhs/TMA 3 Level 1_Core[1,5,8]_[12245,41539]",0.4
"/data_g1/AI_projects/raw_data/PCITB_CRC/HE_raw_images/Tumor/TMA3/TMA 3 Level 16_Core[1,5,8]_[11501,40708].tif",FALSE,"/data_g1/AI_projects/projects/Immune_Cell_Prediction_WK/DIR/nhs/TMA 3 Level 16_Core[1,5,8]_[11501,40708]",0.4
"/data_g1/AI_projects/raw_data/PCITB_CRC/HE_raw_images/Tumor/TMA3/TMA 3 Level 1_Core[1,5,9]_[11380,41539].tif",FALSE,"/data_g1/AI_projects/projects/Immune_Cell_Prediction_WK/DIR/nhs/TMA 3 Level 1_Core[1,5,9]_[11380,41539]",0.4
"/data_g1/AI_projects/raw_data/PCITB_CRC/HE_raw_images/Tumor/TMA3/TMA 3 Level 16_Core[1,6,1]_[17510,42316].tif",FALSE,"/data_g1/AI_projects/projects/Immune_Cell_Prediction_WK/DIR/nhs/TMA 3 Level 16_Core[1,6,1]_[17510,42316]",0.4
"/data_g1/AI_projects/raw_data/PCITB_CRC/HE_raw_images/Tumor/TMA3/TMA 3 Level 16_Core[1,6,10]_[9696,41426].tif",FALSE,"/data_g1/AI_projects/projects/Immune_Cell_Prediction_WK/DIR/nhs/TMA 3 Level 16_Core[1,6,10]_[9696,41426]",0.4
"/data_g1/AI_projects/raw_data/PCITB_CRC/HE_raw_images/Tumor/TMA3/TMA 3 Level 16_Core[1,6,11]_[8806,41426].tif",FALSE,"/data_g1/AI_projects/projects/Immune_Cell_Prediction_WK/DIR/nhs/TMA 3 Level 16_Core[1,6,11]_[8806,41426]",0.4
"/data_g1/AI_projects/raw_data/PCITB_CRC/HE_raw_images/Tumor/TMA3/TMA 3 Level 16_Core[1,6,14]_[6234,41376].tif",FALSE,"/data_g1/AI_projects/projects/Immune_Cell_Prediction_WK/DIR/nhs/TMA 3 Level 16_Core[1,6,14]_[6234,41376]",0.4
"/data_g1/AI_projects/raw_data/PCITB_CRC/HE_raw_images/Tumor/TMA3/TMA 3 Level 16_Core[1,6,15]_[5344,41376].tif",FALSE,"/data_g1/AI_projects/projects/Immune_Cell_Prediction_WK/DIR/nhs/TMA 3 Level 16_Core[1,6,15]_[5344,41376]",0.4
"/data_g1/AI_projects/raw_data/PCITB_CRC/HE_raw_images/Tumor/TMA3/TMA 3 Level 1_Core[1,6,3]_[16721,42305].tif",FALSE,"/data_g1/AI_projects/projects/Immune_Cell_Prediction_WK/DIR/nhs/TMA 3 Level 1_Core[1,6,3]_[16721,42305]",0.4
"/data_g1/AI_projects/raw_data/PCITB_CRC/HE_raw_images/Tumor/TMA3/TMA 3 Level 16_Core[1,6,3]_[15853,41945].tif",FALSE,"/data_g1/AI_projects/projects/Immune_Cell_Prediction_WK/DIR/nhs/TMA 3 Level 16_Core[1,6,3]_[15853,41945]",0.4
"/data_g1/AI_projects/raw_data/PCITB_CRC/HE_raw_images/Tumor/TMA3/TMA 3 Level 1_Core[1,6,6]_[14026,42404].tif",FALSE,"/data_g1/AI_projects/projects/Immune_Cell_Prediction_WK/DIR/nhs/TMA 3 Level 1_Core[1,6,6]_[14026,42404]",0.4
"/data_g1/AI_projects/raw_data/PCITB_CRC/HE_raw_images/Tumor/TMA3/TMA 3 Level 16_Core[1,6,6]_[13207,41821].tif",FALSE,"/data_g1/AI_projects/projects/Immune_Cell_Prediction_WK/DIR/nhs/TMA 3 Level 16_Core[1,6,6]_[13207,41821]",0.4
"/data_g1/AI_projects/raw_data/PCITB_CRC/HE_raw_images/Tumor/TMA3/TMA 3 Level 16_Core[1,6,8]_[11501,41574].tif",FALSE,"/data_g1/AI_projects/projects/Immune_Cell_Prediction_WK/DIR/nhs/TMA 3 Level 16_Core[1,6,8]_[11501,41574]",0.4
"/data_g1/AI_projects/raw_data/PCITB_CRC/HE_raw_images/Tumor/TMA3/TMA 3 Level 1_Core[1,6,8]_[12319,42404].tif",FALSE,"/data_g1/AI_projects/projects/Immune_Cell_Prediction_WK/DIR/nhs/TMA 3 Level 1_Core[1,6,8]_[12319,42404]",0.4
"/data_g1/AI_projects/raw_data/PCITB_CRC/HE_raw_images/Tumor/TMA3/TMA 3 Level 16_Core[1,6,9]_[10586,41500].tif",FALSE,"/data_g1/AI_projects/projects/Immune_Cell_Prediction_WK/DIR/nhs/TMA 3 Level 16_Core[1,6,9]_[10586,41500]",0.4
"/data_g1/AI_projects/raw_data/PCITB_CRC/HE_raw_images/Tumor/TMA3/TMA 3 Level 1_Core[1,6,9]_[11503,42553].tif",FALSE,"/data_g1/AI_projects/projects/Immune_Cell_Prediction_WK/DIR/nhs/TMA 3 Level 1_Core[1,6,9]_[11503,42553]",0.4
"/data_g1/AI_projects/raw_data/PCITB_CRC/HE_raw_images/Tumor/TMA3/TMA 3 Level 1_Core[1,8,2]_[17578,43976].tif",FALSE,"/data_g1/AI_projects/projects/Immune_Cell_Prediction_WK/DIR/nhs/TMA 3 Level 1_Core[1,8,2]_[17578,43976]",0.4
"/data_g1/AI_projects/raw_data/PCITB_CRC/HE_raw_images/Tumor/TMA3/TMA 3 Level 16_Core[1,8,2]_[16482,43612].tif",FALSE,"/data_g1/AI_projects/projects/Immune_Cell_Prediction_WK/DIR/nhs/TMA 3 Level 16_Core[1,8,2]_[16482,43612]",0.4
"/data_g1/AI_projects/raw_data/PCITB_CRC/HE_raw_images/Tumor/TMA3/TMA 3 Level 1_Core[1,9,2]_[17587,44964].tif",FALSE,"/data_g1/AI_projects/projects/Immune_Cell_Prediction_WK/DIR/nhs/TMA 3 Level 1_Core[1,9,2]_[17587,44964]",0.4
"/data_g1/AI_projects/raw_data/PCITB_CRC/HE_raw_images/Tumor/TMA3/TMA 3 Level 16_Core[1,9,2]_[16358,44774].tif",FALSE,"/data_g1/AI_projects/projects/Immune_Cell_Prediction_WK/DIR/nhs/TMA 3 Level 16_Core[1,9,2]_[16358,44774]",0.4
"/data_g1/AI_projects/raw_data/PCITB_CRC/HE_raw_images/Tumor/TMA3/TMA 3 Level 1_Core[1,9,3]_[16722,44816].tif",FALSE,"/data_g1/AI_projects/projects/Immune_Cell_Prediction_WK/DIR/nhs/TMA 3 Level 1_Core[1,9,3]_[16722,44816]",0.4
"/data_g1/AI_projects/raw_data/PCITB_CRC/HE_raw_images/Tumor/TMA3/TMA 3 Level 16_Core[1,9,3]_[15567,44502].tif",FALSE,"/data_g1/AI_projects/projects/Immune_Cell_Prediction_WK/DIR/nhs/TMA 3 Level 16_Core[1,9,3]_[15567,44502]",0.4
"/data_g1/AI_projects/raw_data/PCITB_CRC/HE_raw_images/Tumor/TMA4/TMA 4 Level 16_Core[1,1,1]_[18959,41342].tif",FALSE,"/data_g1/AI_projects/projects/Immune_Cell_Prediction_WK/DIR/nhs/TMA 4 Level 16_Core[1,1,1]_[18959,41342]",0.4
"/data_g1/AI_projects/raw_data/PCITB_CRC/HE_raw_images/Tumor/TMA4/TMA 4 Level 1_Core[1,1,11]_[10712,39598].tif",FALSE,"/data_g1/AI_projects/projects/Immune_Cell_Prediction_WK/DIR/nhs/TMA 4 Level 1_Core[1,1,11]_[10712,39598]",0.4
"/data_g1/AI_projects/raw_data/PCITB_CRC/HE_raw_images/Tumor/TMA4/TMA 4 Level 16_Core[1,1,11]_[10082,41070].tif",FALSE,"/data_g1/AI_projects/projects/Immune_Cell_Prediction_WK/DIR/nhs/TMA 4 Level 16_Core[1,1,11]_[10082,41070]",0.4
"/data_g1/AI_projects/raw_data/PCITB_CRC/HE_raw_images/Tumor/TMA4/TMA 4 Level 16_Core[1,1,12]_[9241,41070].tif",FALSE,"/data_g1/AI_projects/projects/Immune_Cell_Prediction_WK/DIR/nhs/TMA 4 Level 16_Core[1,1,12]_[9241,41070]",0.4
"/data_g1/AI_projects/raw_data/PCITB_CRC/HE_raw_images/Tumor/TMA4/TMA 4 Level 1_Core[1,1,12]_[9847,39648].tif",FALSE,"/data_g1/AI_projects/projects/Immune_Cell_Prediction_WK/DIR/nhs/TMA 4 Level 1_Core[1,1,12]_[9847,39648]",0.4
"/data_g1/AI_projects/raw_data/PCITB_CRC/HE_raw_images/Tumor/TMA4/TMA 4 Level 16_Core[1,1,13]_[8475,41119].tif",FALSE,"/data_g1/AI_projects/projects/Immune_Cell_Prediction_WK/DIR/nhs/TMA 4 Level 16_Core[1,1,13]_[8475,41119]",0.4
"/data_g1/AI_projects/raw_data/PCITB_CRC/HE_raw_images/Tumor/TMA4/TMA 4 Level 16_Core[1,1,14]_[7535,41094].tif",FALSE,"/data_g1/AI_projects/projects/Immune_Cell_Prediction_WK/DIR/nhs/TMA 4 Level 16_Core[1,1,14]_[7535,41094]",0.4
"/data_g1/AI_projects/raw_data/PCITB_CRC/HE_raw_images/Tumor/TMA4/TMA 4 Level 16_Core[1,1,15]_[6571,41094].tif",FALSE,"/data_g1/AI_projects/projects/Immune_Cell_Prediction_WK/DIR/nhs/TMA 4 Level 16_Core[1,1,15]_[6571,41094]",0.4
"/data_g1/AI_projects/raw_data/PCITB_CRC/HE_raw_images/Tumor/TMA4/TMA 4 Level 1_Core[1,1,15]_[7349,39771].tif",FALSE,"/data_g1/AI_projects/projects/Immune_Cell_Prediction_WK/DIR/nhs/TMA 4 Level 1_Core[1,1,15]_[7349,39771]",0.4
"/data_g1/AI_projects/raw_data/PCITB_CRC/HE_raw_images/Tumor/TMA4/TMA 4 Level 16_Core[1,1,16]_[5730,41020].tif",FALSE,"/data_g1/AI_projects/projects/Immune_Cell_Prediction_WK/DIR/nhs/TMA 4 Level 16_Core[1,1,16]_[5730,41020]",0.4
"/data_g1/AI_projects/raw_data/PCITB_CRC/HE_raw_images/Tumor/TMA4/TMA 4 Level 1_Core[1,1,16]_[6459,39746].tif",FALSE,"/data_g1/AI_projects/projects/Immune_Cell_Prediction_WK/DIR/nhs/TMA 4 Level 1_Core[1,1,16]_[6459,39746]",0.4
"/data_g1/AI_projects/raw_data/PCITB_CRC/HE_raw_images/Tumor/TMA4/TMA 4 Level 16_Core[1,1,17]_[4815,41193].tif",FALSE,"/data_g1/AI_projects/projects/Immune_Cell_Prediction_WK/DIR/nhs/TMA 4 Level 16_Core[1,1,17]_[4815,41193]",0.4
"/data_g1/AI_projects/raw_data/PCITB_CRC/HE_raw_images/Tumor/TMA4/TMA 4 Level 16_Core[1,1,18]_[3950,41243].tif",FALSE,"/data_g1/AI_projects/projects/Immune_Cell_Prediction_WK/DIR/nhs/TMA 4 Level 16_Core[1,1,18]_[3950,41243]",0.4
"/data_g1/AI_projects/raw_data/PCITB_CRC/HE_raw_images/Tumor/TMA4/TMA 4 Level 1_Core[1,1,19]_[3739,39796].tif",FALSE,"/data_g1/AI_projects/projects/Immune_Cell_Prediction_WK/DIR/nhs/TMA 4 Level 1_Core[1,1,19]_[3739,39796]",0.4
"/data_g1/AI_projects/raw_data/PCITB_CRC/HE_raw_images/Tumor/TMA4/TMA 4 Level 16_Core[1,1,19]_[2985,41243].tif",FALSE,"/data_g1/AI_projects/projects/Immune_Cell_Prediction_WK/DIR/nhs/TMA 4 Level 16_Core[1,1,19]_[2985,41243]",0.4
"/data_g1/AI_projects/raw_data/PCITB_CRC/HE_raw_images/Tumor/TMA4/TMA 4 Level 16_Core[1,1,2]_[18044,41144].tif",FALSE,"/data_g1/AI_projects/projects/Immune_Cell_Prediction_WK/DIR/nhs/TMA 4 Level 16_Core[1,1,2]_[18044,41144]",0.4
"/data_g1/AI_projects/raw_data/PCITB_CRC/HE_raw_images/Tumor/TMA4/TMA 4 Level 1_Core[1,1,2]_[18600,39697].tif",FALSE,"/data_g1/AI_projects/projects/Immune_Cell_Prediction_WK/DIR/nhs/TMA 4 Level 1_Core[1,1,2]_[18600,39697]",0.4
"/data_g1/AI_projects/raw_data/PCITB_CRC/HE_raw_images/Tumor/TMA4/TMA 4 Level 16_Core[1,1,20]_[2095,41342].tif",FALSE,"/data_g1/AI_projects/projects/Immune_Cell_Prediction_WK/DIR/nhs/TMA 4 Level 16_Core[1,1,20]_[2095,41342]",0.4
"/data_g1/AI_projects/raw_data/PCITB_CRC/HE_raw_images/Tumor/TMA4/TMA 4 Level 1_Core[1,1,20]_[2874,39944].tif",FALSE,"/data_g1/AI_projects/projects/Immune_Cell_Prediction_WK/DIR/nhs/TMA 4 Level 1_Core[1,1,20]_[2874,39944]",0.4
"/data_g1/AI_projects/raw_data/PCITB_CRC/HE_raw_images/Tumor/TMA4/TMA 4 Level 16_Core[1,1,3]_[17154,41218].tif",FALSE,"/data_g1/AI_projects/projects/Immune_Cell_Prediction_WK/DIR/nhs/TMA 4 Level 16_Core[1,1,3]_[17154,41218]",0.4
"/data_g1/AI_projects/raw_data/PCITB_CRC/HE_raw_images/Tumor/TMA4/TMA 4 Level 1_Core[1,1,3]_[17735,39845].tif",FALSE,"/data_g1/AI_projects/projects/Immune_Cell_Prediction_WK/DIR/nhs/TMA 4 Level 1_Core[1,1,3]_[17735,39845]",0.4
"/data_g1/AI_projects/raw_data/PCITB_CRC/HE_raw_images/Tumor/TMA4/TMA 4 Level 16_Core[1,1,4]_[16140,41193].tif",FALSE,"/data_g1/AI_projects/projects/Immune_Cell_Prediction_WK/DIR/nhs/TMA 4 Level 16_Core[1,1,4]_[16140,41193]",0.4
"/data_g1/AI_projects/raw_data/PCITB_CRC/HE_raw_images/Tumor/TMA4/TMA 4 Level 1_Core[1,1,4]_[16919,39623].tif",FALSE,"/data_g1/AI_projects/projects/Immune_Cell_Prediction_WK/DIR/nhs/TMA 4 Level 1_Core[1,1,4]_[16919,39623]",0.4
"/data_g1/AI_projects/raw_data/PCITB_CRC/HE_raw_images/Tumor/TMA4/TMA 4 Level 16_Core[1,1,5]_[15374,41144].tif",FALSE,"/data_g1/AI_projects/projects/Immune_Cell_Prediction_WK/DIR/nhs/TMA 4 Level 16_Core[1,1,5]_[15374,41144]",0.4
"/data_g1/AI_projects/raw_data/PCITB_CRC/HE_raw_images/Tumor/TMA4/TMA 4 Level 1_Core[1,1,5]_[15955,39697].tif",FALSE,"/data_g1/AI_projects/projects/Immune_Cell_Prediction_WK/DIR/nhs/TMA 4 Level 1_Core[1,1,5]_[15955,39697]",0.4
"/data_g1/AI_projects/raw_data/PCITB_CRC/HE_raw_images/Tumor/TMA4/TMA 4 Level 1_Core[1,1,7]_[14347,39623].tif",FALSE,"/data_g1/AI_projects/projects/Immune_Cell_Prediction_WK/DIR/nhs/TMA 4 Level 1_Core[1,1,7]_[14347,39623]",0.4
"/data_g1/AI_projects/raw_data/PCITB_CRC/HE_raw_images/Tumor/TMA4/TMA 4 Level 16_Core[1,1,7]_[13668,41070].tif",FALSE,"/data_g1/AI_projects/projects/Immune_Cell_Prediction_WK/DIR/nhs/TMA 4 Level 16_Core[1,1,7]_[13668,41070]",0.4
"/data_g1/AI_projects/raw_data/PCITB_CRC/HE_raw_images/Tumor/TMA4/TMA 4 Level 16_Core[1,1,8]_[12852,40996].tif",FALSE,"/data_g1/AI_projects/projects/Immune_Cell_Prediction_WK/DIR/nhs/TMA 4 Level 16_Core[1,1,8]_[12852,40996]",0.4
"/data_g1/AI_projects/raw_data/PCITB_CRC/HE_raw_images/Tumor/TMA4/TMA 4 Level 1_Core[1,1,8]_[13349,39533].tif",FALSE,"/data_g1/AI_projects/projects/Immune_Cell_Prediction_WK/DIR/nhs/TMA 4 Level 1_Core[1,1,8]_[13349,39533]",0.4
"/data_g1/AI_projects/raw_data/PCITB_CRC/HE_raw_images/Tumor/TMA4/TMA 4 Level 16_Core[1,1,9]_[11788,41020].tif",FALSE,"/data_g1/AI_projects/projects/Immune_Cell_Prediction_WK/DIR/nhs/TMA 4 Level 16_Core[1,1,9]_[11788,41020]",0.4
"/data_g1/AI_projects/raw_data/PCITB_CRC/HE_raw_images/Tumor/TMA4/TMA 4 Level 1_Core[1,1,9]_[12270,39499].tif",FALSE,"/data_g1/AI_projects/projects/Immune_Cell_Prediction_WK/DIR/nhs/TMA 4 Level 1_Core[1,1,9]_[12270,39499]",0.4
"/data_g1/AI_projects/raw_data/PCITB_CRC/HE_raw_images/Tumor/TMA4/TMA 4 Level 1_Core[1,10,1]_[20307,47437].tif",FALSE,"/data_g1/AI_projects/projects/Immune_Cell_Prediction_WK/DIR/nhs/TMA 4 Level 1_Core[1,10,1]_[20307,47437]",0.4
"/data_g1/AI_projects/raw_data/PCITB_CRC/HE_raw_images/Tumor/TMA4/TMA 4 Level 16_Core[1,10,1]_[19751,48587].tif",FALSE,"/data_g1/AI_projects/projects/Immune_Cell_Prediction_WK/DIR/nhs/TMA 4 Level 16_Core[1,10,1]_[19751,48587]",0.4
"/data_g1/AI_projects/raw_data/PCITB_CRC/HE_raw_images/Tumor/TMA4/TMA 4 Level 1_Core[1,10,10]_[12073,47091].tif",FALSE,"/data_g1/AI_projects/projects/Immune_Cell_Prediction_WK/DIR/nhs/TMA 4 Level 1_Core[1,10,10]_[12073,47091]",0.4
"/data_g1/AI_projects/raw_data/PCITB_CRC/HE_raw_images/Tumor/TMA4/TMA 4 Level 16_Core[1,10,10]_[11220,48241].tif",FALSE,"/data_g1/AI_projects/projects/Immune_Cell_Prediction_WK/DIR/nhs/TMA 4 Level 16_Core[1,10,10]_[11220,48241]",0.4
"/data_g1/AI_projects/raw_data/PCITB_CRC/HE_raw_images/Tumor/TMA4/TMA 4 Level 1_Core[1,10,12]_[9996,47536].tif",FALSE,"/data_g1/AI_projects/projects/Immune_Cell_Prediction_WK/DIR/nhs/TMA 4 Level 1_Core[1,10,12]_[9996,47536]",0.4
"/data_g1/AI_projects/raw_data/PCITB_CRC/HE_raw_images/Tumor/TMA4/TMA 4 Level 16_Core[1,10,12]_[9093,48513].tif",FALSE,"/data_g1/AI_projects/projects/Immune_Cell_Prediction_WK/DIR/nhs/TMA 4 Level 16_Core[1,10,12]_[9093,48513]",0.4
"/data_g1/AI_projects/raw_data/PCITB_CRC/HE_raw_images/Tumor/TMA4/TMA 4 Level 16_Core[1,10,13]_[8203,48538].tif",FALSE,"/data_g1/AI_projects/projects/Immune_Cell_Prediction_WK/DIR/nhs/TMA 4 Level 16_Core[1,10,13]_[8203,48538]",0.4
"/data_g1/AI_projects/raw_data/PCITB_CRC/HE_raw_images/Tumor/TMA4/TMA 4 Level 16_Core[1,10,14]_[7362,48364].tif",FALSE,"/data_g1/AI_projects/projects/Immune_Cell_Prediction_WK/DIR/nhs/TMA 4 Level 16_Core[1,10,14]_[7362,48364]",0.4
"/data_g1/AI_projects/raw_data/PCITB_CRC/HE_raw_images/Tumor/TMA4/TMA 4 Level 1_Core[1,10,14]_[8116,47239].tif",FALSE,"/data_g1/AI_projects/projects/Immune_Cell_Prediction_WK/DIR/nhs/TMA 4 Level 1_Core[1,10,14]_[8116,47239]",0.4
"/data_g1/AI_projects/raw_data/PCITB_CRC/HE_raw_images/Tumor/TMA4/TMA 4 Level 1_Core[1,10,15]_[7147,47454].tif",FALSE,"/data_g1/AI_projects/projects/Immune_Cell_Prediction_WK/DIR/nhs/TMA 4 Level 1_Core[1,10,15]_[7147,47454]",0.4
"/data_g1/AI_projects/raw_data/PCITB_CRC/HE_raw_images/Tumor/TMA4/TMA 4 Level 16_Core[1,10,15]_[6442,48579].tif",FALSE,"/data_g1/AI_projects/projects/Immune_Cell_Prediction_WK/DIR/nhs/TMA 4 Level 16_Core[1,10,15]_[6442,48579]",0.4
"/data_g1/AI_projects/raw_data/PCITB_CRC/HE_raw_images/Tumor/TMA4/TMA 4 Level 16_Core[1,10,16]_[5483,48513].tif",FALSE,"/data_g1/AI_projects/projects/Immune_Cell_Prediction_WK/DIR/nhs/TMA 4 Level 16_Core[1,10,16]_[5483,48513]",0.4
"/data_g1/AI_projects/raw_data/PCITB_CRC/HE_raw_images/Tumor/TMA4/TMA 4 Level 1_Core[1,10,16]_[6286,47536].tif",FALSE,"/data_g1/AI_projects/projects/Immune_Cell_Prediction_WK/DIR/nhs/TMA 4 Level 1_Core[1,10,16]_[6286,47536]",0.4
"/data_g1/AI_projects/raw_data/PCITB_CRC/HE_raw_images/Tumor/TMA4/TMA 4 Level 16_Core[1,10,17]_[4593,48488].tif",FALSE,"/data_g1/AI_projects/projects/Immune_Cell_Prediction_WK/DIR/nhs/TMA 4 Level 16_Core[1,10,17]_[4593,48488]",0.4
"/data_g1/AI_projects/raw_data/PCITB_CRC/HE_raw_images/Tumor/TMA4/TMA 4 Level 1_Core[1,10,17]_[5396,47487].tif",FALSE,"/data_g1/AI_projects/projects/Immune_Cell_Prediction_WK/DIR/nhs/TMA 4 Level 1_Core[1,10,17]_[5396,47487]",0.4
"/data_g1/AI_projects/raw_data/PCITB_CRC/HE_raw_images/Tumor/TMA4/TMA 4 Level 1_Core[1,10,18]_[4382,47511].tif",FALSE,"/data_g1/AI_projects/projects/Immune_Cell_Prediction_WK/DIR/nhs/TMA 4 Level 1_Core[1,10,18]_[4382,47511]",0.4
"/data_g1/AI_projects/raw_data/PCITB_CRC/HE_raw_images/Tumor/TMA4/TMA 4 Level 16_Core[1,10,18]_[3653,48488].tif",FALSE,"/data_g1/AI_projects/projects/Immune_Cell_Prediction_WK/DIR/nhs/TMA 4 Level 16_Core[1,10,18]_[3653,48488]",0.4
"/data_g1/AI_projects/raw_data/PCITB_CRC/HE_raw_images/Tumor/TMA4/TMA 4 Level 16_Core[1,10,19]_[2688,48661].tif",FALSE,"/data_g1/AI_projects/projects/Immune_Cell_Prediction_WK/DIR/nhs/TMA 4 Level 16_Core[1,10,19]_[2688,48661]",0.4
"/data_g1/AI_projects/raw_data/PCITB_CRC/HE_raw_images/Tumor/TMA4/TMA 4 Level 1_Core[1,10,19]_[3517,47660].tif",FALSE,"/data_g1/AI_projects/projects/Immune_Cell_Prediction_WK/DIR/nhs/TMA 4 Level 1_Core[1,10,19]_[3517,47660]",0.4
"/data_g1/AI_projects/raw_data/PCITB_CRC/HE_raw_images/Tumor/TMA4/TMA 4 Level 1_Core[1,10,2]_[19268,47239].tif",FALSE,"/data_g1/AI_projects/projects/Immune_Cell_Prediction_WK/DIR/nhs/TMA 4 Level 1_Core[1,10,2]_[19268,47239]",0.4
"/data_g1/AI_projects/raw_data/PCITB_CRC/HE_raw_images/Tumor/TMA4/TMA 4 Level 16_Core[1,10,2]_[18490,48463].tif",FALSE,"/data_g1/AI_projects/projects/Immune_Cell_Prediction_WK/DIR/nhs/TMA 4 Level 16_Core[1,10,2]_[18490,48463]",0.4
"/data_g1/AI_projects/raw_data/PCITB_CRC/HE_raw_images/Tumor/TMA4/TMA 4 Level 1_Core[1,10,20]_[2404,47635].tif",FALSE,"/data_g1/AI_projects/projects/Immune_Cell_Prediction_WK/DIR/nhs/TMA 4 Level 1_Core[1,10,20]_[2404,47635]",0.4
"/data_g1/AI_projects/raw_data/PCITB_CRC/HE_raw_images/Tumor/TMA4/TMA 4 Level 16_Core[1,10,20]_[1675,48587].tif",FALSE,"/data_g1/AI_projects/projects/Immune_Cell_Prediction_WK/DIR/nhs/TMA 4 Level 16_Core[1,10,20]_[1675,48587]",0.4
"/data_g1/AI_projects/raw_data/PCITB_CRC/HE_raw_images/Tumor/TMA4/TMA 4 Level 1_Core[1,10,3]_[18230,47338].tif",FALSE,"/data_g1/AI_projects/projects/Immune_Cell_Prediction_WK/DIR/nhs/TMA 4 Level 1_Core[1,10,3]_[18230,47338]",0.4
"/data_g1/AI_projects/raw_data/PCITB_CRC/HE_raw_images/Tumor/TMA4/TMA 4 Level 16_Core[1,10,3]_[17575,48513].tif",FALSE,"/data_g1/AI_projects/projects/Immune_Cell_Prediction_WK/DIR/nhs/TMA 4 Level 16_Core[1,10,3]_[17575,48513]",0.4
"/data_g1/AI_projects/raw_data/PCITB_CRC/HE_raw_images/Tumor/TMA4/TMA 4 Level 1_Core[1,10,6]_[15609,47215].tif",FALSE,"/data_g1/AI_projects/projects/Immune_Cell_Prediction_WK/DIR/nhs/TMA 4 Level 1_Core[1,10,6]_[15609,47215]",0.4
"/data_g1/AI_projects/raw_data/PCITB_CRC/HE_raw_images/Tumor/TMA4/TMA 4 Level 16_Core[1,10,6]_[14879,48463].tif",FALSE,"/data_g1/AI_projects/projects/Immune_Cell_Prediction_WK/DIR/nhs/TMA 4 Level 16_Core[1,10,6]_[14879,48463]",0.4
"/data_g1/AI_projects/raw_data/PCITB_CRC/HE_raw_images/Tumor/TMA4/TMA 4 Level 1_Core[1,10,7]_[14694,47338].tif",FALSE,"/data_g1/AI_projects/projects/Immune_Cell_Prediction_WK/DIR/nhs/TMA 4 Level 1_Core[1,10,7]_[14694,47338]",0.4
"/data_g1/AI_projects/raw_data/PCITB_CRC/HE_raw_images/Tumor/TMA4/TMA 4 Level 16_Core[1,10,7]_[13964,48463].tif",FALSE,"/data_g1/AI_projects/projects/Immune_Cell_Prediction_WK/DIR/nhs/TMA 4 Level 16_Core[1,10,7]_[13964,48463]",0.4
"/data_g1/AI_projects/raw_data/PCITB_CRC/HE_raw_images/Tumor/TMA4/TMA 4 Level 16_Core[1,10,8]_[12901,48661].tif",FALSE,"/data_g1/AI_projects/projects/Immune_Cell_Prediction_WK/DIR/nhs/TMA 4 Level 16_Core[1,10,8]_[12901,48661]",0.4
"/data_g1/AI_projects/raw_data/PCITB_CRC/HE_raw_images/Tumor/TMA4/TMA 4 Level 1_Core[1,10,8]_[13730,47487].tif",FALSE,"/data_g1/AI_projects/projects/Immune_Cell_Prediction_WK/DIR/nhs/TMA 4 Level 1_Core[1,10,8]_[13730,47487]",0.4
"/data_g1/AI_projects/raw_data/PCITB_CRC/HE_raw_images/Tumor/TMA4/TMA 4 Level 16_Core[1,10,9]_[12233,48488].tif",FALSE,"/data_g1/AI_projects/projects/Immune_Cell_Prediction_WK/DIR/nhs/TMA 4 Level 16_Core[1,10,9]_[12233,48488]",0.4
"/data_g1/AI_projects/raw_data/PCITB_CRC/HE_raw_images/Tumor/TMA4/TMA 4 Level 1_Core[1,10,9]_[12938,47388].tif",FALSE,"/data_g1/AI_projects/projects/Immune_Cell_Prediction_WK/DIR/nhs/TMA 4 Level 1_Core[1,10,9]_[12938,47388]",0.4
"/data_g1/AI_projects/raw_data/PCITB_CRC/HE_raw_images/Tumor/TMA4/TMA 4 Level 16_Core[1,11,12]_[9217,49378].tif",FALSE,"/data_g1/AI_projects/projects/Immune_Cell_Prediction_WK/DIR/nhs/TMA 4 Level 16_Core[1,11,12]_[9217,49378]",0.4
"/data_g1/AI_projects/raw_data/PCITB_CRC/HE_raw_images/Tumor/TMA4/TMA 4 Level 1_Core[1,11,12]_[9921,48402].tif",FALSE,"/data_g1/AI_projects/projects/Immune_Cell_Prediction_WK/DIR/nhs/TMA 4 Level 1_Core[1,11,12]_[9921,48402]",0.4
"/data_g1/AI_projects/raw_data/PCITB_CRC/HE_raw_images/Tumor/TMA4/TMA 4 Level 16_Core[1,11,14]_[7263,49452].tif",FALSE,"/data_g1/AI_projects/projects/Immune_Cell_Prediction_WK/DIR/nhs/TMA 4 Level 16_Core[1,11,14]_[7263,49452]",0.4
"/data_g1/AI_projects/raw_data/PCITB_CRC/HE_raw_images/Tumor/TMA4/TMA 4 Level 16_Core[1,11,18]_[3579,49354].tif",FALSE,"/data_g1/AI_projects/projects/Immune_Cell_Prediction_WK/DIR/nhs/TMA 4 Level 16_Core[1,11,18]_[3579,49354]",0.4
"/data_g1/AI_projects/raw_data/PCITB_CRC/HE_raw_images/Tumor/TMA4/TMA 4 Level 1_Core[1,11,18]_[4358,48402].tif",FALSE,"/data_g1/AI_projects/projects/Immune_Cell_Prediction_WK/DIR/nhs/TMA 4 Level 1_Core[1,11,18]_[4358,48402]",0.4
"/data_g1/AI_projects/raw_data/PCITB_CRC/HE_raw_images/Tumor/TMA4/TMA 4 Level 16_Core[1,11,2]_[18687,49354].tif",FALSE,"/data_g1/AI_projects/projects/Immune_Cell_Prediction_WK/DIR/nhs/TMA 4 Level 16_Core[1,11,2]_[18687,49354]",0.4
"/data_g1/AI_projects/raw_data/PCITB_CRC/HE_raw_images/Tumor/TMA4/TMA 4 Level 1_Core[1,11,2]_[19293,48228].tif",FALSE,"/data_g1/AI_projects/projects/Immune_Cell_Prediction_WK/DIR/nhs/TMA 4 Level 1_Core[1,11,2]_[19293,48228]",0.4
"/data_g1/AI_projects/raw_data/PCITB_CRC/HE_raw_images/Tumor/TMA4/TMA 4 Level 16_Core[1,11,20]_[1683,49389].tif",FALSE,"/data_g1/AI_projects/projects/Immune_Cell_Prediction_WK/DIR/nhs/TMA 4 Level 16_Core[1,11,20]_[1683,49389]",0.4
"/data_g1/AI_projects/raw_data/PCITB_CRC/HE_raw_images/Tumor/TMA4/TMA 4 Level 1_Core[1,11,6]_[15732,48130].tif",FALSE,"/data_g1/AI_projects/projects/Immune_Cell_Prediction_WK/DIR/nhs/TMA 4 Level 1_Core[1,11,6]_[15732,48130]",0.4
"/data_g1/AI_projects/raw_data/PCITB_CRC/HE_raw_images/Tumor/TMA4/TMA 4 Level 16_Core[1,11,6]_[14904,49329].tif",FALSE,"/data_g1/AI_projects/projects/Immune_Cell_Prediction_WK/DIR/nhs/TMA 4 Level 16_Core[1,11,6]_[14904,49329]",0.4
"/data_g1/AI_projects/raw_data/PCITB_CRC/HE_raw_images/Tumor/TMA4/TMA 4 Level 1_Core[1,11,8]_[13853,48278].tif",FALSE,"/data_g1/AI_projects/projects/Immune_Cell_Prediction_WK/DIR/nhs/TMA 4 Level 1_Core[1,11,8]_[13853,48278]",0.4
"/data_g1/AI_projects/raw_data/PCITB_CRC/HE_raw_images/Tumor/TMA4/TMA 4 Level 16_Core[1,11,8]_[13124,49403].tif",FALSE,"/data_g1/AI_projects/projects/Immune_Cell_Prediction_WK/DIR/nhs/TMA 4 Level 16_Core[1,11,8]_[13124,49403]",0.4
"/data_g1/AI_projects/raw_data/PCITB_CRC/HE_raw_images/Tumor/TMA4/TMA 4 Level 1_Core[1,12,1]_[20307,49218].tif",FALSE,"/data_g1/AI_projects/projects/Immune_Cell_Prediction_WK/DIR/nhs/TMA 4 Level 1_Core[1,12,1]_[20307,49218]",0.4
"/data_g1/AI_projects/raw_data/PCITB_CRC/HE_raw_images/Tumor/TMA4/TMA 4 Level 16_Core[1,12,1]_[19701,50367].tif",FALSE,"/data_g1/AI_projects/projects/Immune_Cell_Prediction_WK/DIR/nhs/TMA 4 Level 16_Core[1,12,1]_[19701,50367]",0.4
"/data_g1/AI_projects/raw_data/PCITB_CRC/HE_raw_images/Tumor/TMA4/TMA 4 Level 1_Core[1,12,10]_[11998,49292].tif",FALSE,"/data_g1/AI_projects/projects/Immune_Cell_Prediction_WK/DIR/nhs/TMA 4 Level 1_Core[1,12,10]_[11998,49292]",0.4
"/data_g1/AI_projects/raw_data/PCITB_CRC/HE_raw_images/Tumor/TMA4/TMA 4 Level 16_Core[1,12,10]_[11244,50343].tif",FALSE,"/data_g1/AI_projects/projects/Immune_Cell_Prediction_WK/DIR/nhs/TMA 4 Level 16_Core[1,12,10]_[11244,50343]",0.4
"/data_g1/AI_projects/raw_data/PCITB_CRC/HE_raw_images/Tumor/TMA4/TMA 4 Level 16_Core[1,12,11]_[10132,50244].tif",FALSE,"/data_g1/AI_projects/projects/Immune_Cell_Prediction_WK/DIR/nhs/TMA 4 Level 16_Core[1,12,11]_[10132,50244]",0.4
"/data_g1/AI_projects/raw_data/PCITB_CRC/HE_raw_images/Tumor/TMA4/TMA 4 Level 16_Core[1,12,12]_[9241,50219].tif",FALSE,"/data_g1/AI_projects/projects/Immune_Cell_Prediction_WK/DIR/nhs/TMA 4 Level 16_Core[1,12,12]_[9241,50219]",0.4
"/data_g1/AI_projects/raw_data/PCITB_CRC/HE_raw_images/Tumor/TMA4/TMA 4 Level 1_Core[1,12,12]_[9971,49292].tif",FALSE,"/data_g1/AI_projects/projects/Immune_Cell_Prediction_WK/DIR/nhs/TMA 4 Level 1_Core[1,12,12]_[9971,49292]",0.4
"/data_g1/AI_projects/raw_data/PCITB_CRC/HE_raw_images/Tumor/TMA4/TMA 4 Level 16_Core[1,12,13]_[8326,50219].tif",FALSE,"/data_g1/AI_projects/projects/Immune_Cell_Prediction_WK/DIR/nhs/TMA 4 Level 16_Core[1,12,13]_[8326,50219]",0.4
"/data_g1/AI_projects/raw_data/PCITB_CRC/HE_raw_images/Tumor/TMA4/TMA 4 Level 1_Core[1,12,13]_[8982,49267].tif",FALSE,"/data_g1/AI_projects/projects/Immune_Cell_Prediction_WK/DIR/nhs/TMA 4 Level 1_Core[1,12,13]_[8982,49267]",0.4
"/data_g1/AI_projects/raw_data/PCITB_CRC/HE_raw_images/Tumor/TMA4/TMA 4 Level 1_Core[1,12,14]_[8116,49341].tif",FALSE,"/data_g1/AI_projects/projects/Immune_Cell_Prediction_WK/DIR/nhs/TMA 4 Level 1_Core[1,12,14]_[8116,49341]",0.4
"/data_g1/AI_projects/raw_data/PCITB_CRC/HE_raw_images/Tumor/TMA4/TMA 4 Level 16_Core[1,12,14]_[7362,50293].tif",FALSE,"/data_g1/AI_projects/projects/Immune_Cell_Prediction_WK/DIR/nhs/TMA 4 Level 16_Core[1,12,14]_[7362,50293]",0.4
"/data_g1/AI_projects/raw_data/PCITB_CRC/HE_raw_images/Tumor/TMA4/TMA 4 Level 1_Core[1,12,15]_[7152,49366].tif",FALSE,"/data_g1/AI_projects/projects/Immune_Cell_Prediction_WK/DIR/nhs/TMA 4 Level 1_Core[1,12,15]_[7152,49366]",0.4
"/data_g1/AI_projects/raw_data/PCITB_CRC/HE_raw_images/Tumor/TMA4/TMA 4 Level 16_Core[1,12,15]_[6422,50268].tif",FALSE,"/data_g1/AI_projects/projects/Immune_Cell_Prediction_WK/DIR/nhs/TMA 4 Level 16_Core[1,12,15]_[6422,50268]",0.4
"/data_g1/AI_projects/raw_data/PCITB_CRC/HE_raw_images/Tumor/TMA4/TMA 4 Level 16_Core[1,12,17]_[4593,50244].tif",FALSE,"/data_g1/AI_projects/projects/Immune_Cell_Prediction_WK/DIR/nhs/TMA 4 Level 16_Core[1,12,17]_[4593,50244]",0.4
"/data_g1/AI_projects/raw_data/PCITB_CRC/HE_raw_images/Tumor/TMA4/TMA 4 Level 1_Core[1,12,17]_[5396,49366].tif",FALSE,"/data_g1/AI_projects/projects/Immune_Cell_Prediction_WK/DIR/nhs/TMA 4 Level 1_Core[1,12,17]_[5396,49366]",0.4
"/data_g1/AI_projects/raw_data/PCITB_CRC/HE_raw_images/Tumor/TMA4/TMA 4 Level 16_Core[1,12,18]_[3727,50268].tif",FALSE,"/data_g1/AI_projects/projects/Immune_Cell_Prediction_WK/DIR/nhs/TMA 4 Level 16_Core[1,12,18]_[3727,50268]",0.4
"/data_g1/AI_projects/raw_data/PCITB_CRC/HE_raw_images/Tumor/TMA4/TMA 4 Level 16_Core[1,12,19]_[2911,50244].tif",FALSE,"/data_g1/AI_projects/projects/Immune_Cell_Prediction_WK/DIR/nhs/TMA 4 Level 16_Core[1,12,19]_[2911,50244]",0.4
"/data_g1/AI_projects/raw_data/PCITB_CRC/HE_raw_images/Tumor/TMA4/TMA 4 Level 1_Core[1,12,2]_[19219,49193].tif",FALSE,"/data_g1/AI_projects/projects/Immune_Cell_Prediction_WK/DIR/nhs/TMA 4 Level 1_Core[1,12,2]_[19219,49193]",0.4
"/data_g1/AI_projects/raw_data/PCITB_CRC/HE_raw_images/Tumor/TMA4/TMA 4 Level 16_Core[1,12,2]_[18638,50293].tif",FALSE,"/data_g1/AI_projects/projects/Immune_Cell_Prediction_WK/DIR/nhs/TMA 4 Level 16_Core[1,12,2]_[18638,50293]",0.4
"/data_g1/AI_projects/raw_data/PCITB_CRC/HE_raw_images/Tumor/TMA4/TMA 4 Level 1_Core[1,12,20]_[2503,49245].tif",FALSE,"/data_g1/AI_projects/projects/Immune_Cell_Prediction_WK/DIR/nhs/TMA 4 Level 1_Core[1,12,20]_[2503,49245]",0.4
"/data_g1/AI_projects/raw_data/PCITB_CRC/HE_raw_images/Tumor/TMA4/TMA 4 Level 1_Core[1,12,3]_[18279,49119].tif",FALSE,"/data_g1/AI_projects/projects/Immune_Cell_Prediction_WK/DIR/nhs/TMA 4 Level 1_Core[1,12,3]_[18279,49119]",0.4
"/data_g1/AI_projects/raw_data/PCITB_CRC/HE_raw_images/Tumor/TMA4/TMA 4 Level 16_Core[1,12,3]_[17575,50244].tif",FALSE,"/data_g1/AI_projects/projects/Immune_Cell_Prediction_WK/DIR/nhs/TMA 4 Level 16_Core[1,12,3]_[17575,50244]",0.4
"/data_g1/AI_projects/raw_data/PCITB_CRC/HE_raw_images/Tumor/TMA4/TMA 4 Level 1_Core[1,12,5]_[16573,49143].tif",FALSE,"/data_g1/AI_projects/projects/Immune_Cell_Prediction_WK/DIR/nhs/TMA 4 Level 1_Core[1,12,5]_[16573,49143]",0.4
"/data_g1/AI_projects/raw_data/PCITB_CRC/HE_raw_images/Tumor/TMA4/TMA 4 Level 16_Core[1,12,5]_[15794,50170].tif",FALSE,"/data_g1/AI_projects/projects/Immune_Cell_Prediction_WK/DIR/nhs/TMA 4 Level 16_Core[1,12,5]_[15794,50170]",0.4
"/data_g1/AI_projects/raw_data/PCITB_CRC/HE_raw_images/Tumor/TMA4/TMA 4 Level 1_Core[1,12,6]_[15584,49218].tif",FALSE,"/data_g1/AI_projects/projects/Immune_Cell_Prediction_WK/DIR/nhs/TMA 4 Level 1_Core[1,12,6]_[15584,49218]",0.4
"/data_g1/AI_projects/raw_data/PCITB_CRC/HE_raw_images/Tumor/TMA4/TMA 4 Level 16_Core[1,12,6]_[14879,50244].tif",FALSE,"/data_g1/AI_projects/projects/Immune_Cell_Prediction_WK/DIR/nhs/TMA 4 Level 16_Core[1,12,6]_[14879,50244]",0.4
"/data_g1/AI_projects/raw_data/PCITB_CRC/HE_raw_images/Tumor/TMA4/TMA 4 Level 1_Core[1,12,7]_[14694,49094].tif",FALSE,"/data_g1/AI_projects/projects/Immune_Cell_Prediction_WK/DIR/nhs/TMA 4 Level 1_Core[1,12,7]_[14694,49094]",0.4
"/data_g1/AI_projects/raw_data/PCITB_CRC/HE_raw_images/Tumor/TMA4/TMA 4 Level 16_Core[1,12,7]_[13940,50170].tif",FALSE,"/data_g1/AI_projects/projects/Immune_Cell_Prediction_WK/DIR/nhs/TMA 4 Level 16_Core[1,12,7]_[13940,50170]",0.4
"/data_g1/AI_projects/raw_data/PCITB_CRC/HE_raw_images/Tumor/TMA4/TMA 4 Level 1_Core[1,12,8]_[13828,49168].tif",FALSE,"/data_g1/AI_projects/projects/Immune_Cell_Prediction_WK/DIR/nhs/TMA 4 Level 1_Core[1,12,8]_[13828,49168]",0.4
"/data_g1/AI_projects/raw_data/PCITB_CRC/HE_raw_images/Tumor/TMA4/TMA 4 Level 16_Core[1,12,8]_[13099,50268].tif",FALSE,"/data_g1/AI_projects/projects/Immune_Cell_Prediction_WK/DIR/nhs/TMA 4 Level 16_Core[1,12,8]_[13099,50268]",0.4
"/data_g1/AI_projects/raw_data/PCITB_CRC/HE_raw_images/Tumor/TMA4/TMA 4 Level 16_Core[1,12,9]_[12134,50293].tif",FALSE,"/data_g1/AI_projects/projects/Immune_Cell_Prediction_WK/DIR/nhs/TMA 4 Level 16_Core[1,12,9]_[12134,50293]",0.4
"/data_g1/AI_projects/raw_data/PCITB_CRC/HE_raw_images/Tumor/TMA4/TMA 4 Level 1_Core[1,12,9]_[12938,49218].tif",FALSE,"/data_g1/AI_projects/projects/Immune_Cell_Prediction_WK/DIR/nhs/TMA 4 Level 1_Core[1,12,9]_[12938,49218]",0.4
"/data_g1/AI_projects/raw_data/PCITB_CRC/HE_raw_images/Tumor/TMA4/TMA 4 Level 1_Core[1,13,1]_[20356,50108].tif",FALSE,"/data_g1/AI_projects/projects/Immune_Cell_Prediction_WK/DIR/nhs/TMA 4 Level 1_Core[1,13,1]_[20356,50108]",0.4
"/data_g1/AI_projects/raw_data/PCITB_CRC/HE_raw_images/Tumor/TMA4/TMA 4 Level 16_Core[1,13,1]_[19602,51208].tif",FALSE,"/data_g1/AI_projects/projects/Immune_Cell_Prediction_WK/DIR/nhs/TMA 4 Level 16_Core[1,13,1]_[19602,51208]",0.4
"/data_g1/AI_projects/raw_data/PCITB_CRC/HE_raw_images/Tumor/TMA4/TMA 4 Level 16_Core[1,13,11]_[10181,51159].tif",FALSE,"/data_g1/AI_projects/projects/Immune_Cell_Prediction_WK/DIR/nhs/TMA 4 Level 16_Core[1,13,11]_[10181,51159]",0.4
"/data_g1/AI_projects/raw_data/PCITB_CRC/HE_raw_images/Tumor/TMA4/TMA 4 Level 1_Core[1,13,11]_[10960,50108].tif",FALSE,"/data_g1/AI_projects/projects/Immune_Cell_Prediction_WK/DIR/nhs/TMA 4 Level 1_Core[1,13,11]_[10960,50108]",0.4
"/data_g1/AI_projects/raw_data/PCITB_CRC/HE_raw_images/Tumor/TMA4/TMA 4 Level 16_Core[1,13,13]_[8277,51159].tif",FALSE,"/data_g1/AI_projects/projects/Immune_Cell_Prediction_WK/DIR/nhs/TMA 4 Level 16_Core[1,13,13]_[8277,51159]",0.4
"/data_g1/AI_projects/raw_data/PCITB_CRC/HE_raw_images/Tumor/TMA4/TMA 4 Level 1_Core[1,13,15]_[7127,50256].tif",FALSE,"/data_g1/AI_projects/projects/Immune_Cell_Prediction_WK/DIR/nhs/TMA 4 Level 1_Core[1,13,15]_[7127,50256]",0.4
"/data_g1/AI_projects/raw_data/PCITB_CRC/HE_raw_images/Tumor/TMA4/TMA 4 Level 16_Core[1,13,15]_[6409,51155].tif",FALSE,"/data_g1/AI_projects/projects/Immune_Cell_Prediction_WK/DIR/nhs/TMA 4 Level 16_Core[1,13,15]_[6409,51155]",0.4
"/data_g1/AI_projects/raw_data/PCITB_CRC/HE_raw_images/Tumor/TMA4/TMA 4 Level 1_Core[1,13,16]_[6237,50306].tif",FALSE,"/data_g1/AI_projects/projects/Immune_Cell_Prediction_WK/DIR/nhs/TMA 4 Level 1_Core[1,13,16]_[6237,50306]",0.4
"/data_g1/AI_projects/raw_data/PCITB_CRC/HE_raw_images/Tumor/TMA4/TMA 4 Level 16_Core[1,13,16]_[5532,51183].tif",FALSE,"/data_g1/AI_projects/projects/Immune_Cell_Prediction_WK/DIR/nhs/TMA 4 Level 16_Core[1,13,16]_[5532,51183]",0.4
"/data_g1/AI_projects/raw_data/PCITB_CRC/HE_raw_images/Tumor/TMA4/TMA 4 Level 16_Core[1,13,17]_[4568,51060].tif",FALSE,"/data_g1/AI_projects/projects/Immune_Cell_Prediction_WK/DIR/nhs/TMA 4 Level 16_Core[1,13,17]_[4568,51060]",0.4
"/data_g1/AI_projects/raw_data/PCITB_CRC/HE_raw_images/Tumor/TMA4/TMA 4 Level 1_Core[1,13,17]_[5322,50231].tif",FALSE,"/data_g1/AI_projects/projects/Immune_Cell_Prediction_WK/DIR/nhs/TMA 4 Level 1_Core[1,13,17]_[5322,50231]",0.4
"/data_g1/AI_projects/raw_data/PCITB_CRC/HE_raw_images/Tumor/TMA4/TMA 4 Level 16_Core[1,13,20]_[1699,51134].tif",FALSE,"/data_g1/AI_projects/projects/Immune_Cell_Prediction_WK/DIR/nhs/TMA 4 Level 16_Core[1,13,20]_[1699,51134]",0.4
"/data_g1/AI_projects/raw_data/PCITB_CRC/HE_raw_images/Tumor/TMA4/TMA 4 Level 16_Core[1,13,3]_[17575,51183].tif",FALSE,"/data_g1/AI_projects/projects/Immune_Cell_Prediction_WK/DIR/nhs/TMA 4 Level 16_Core[1,13,3]_[17575,51183]",0.4
"/data_g1/AI_projects/raw_data/PCITB_CRC/HE_raw_images/Tumor/TMA4/TMA 4 Level 16_Core[1,13,5]_[15770,51134].tif",FALSE,"/data_g1/AI_projects/projects/Immune_Cell_Prediction_WK/DIR/nhs/TMA 4 Level 16_Core[1,13,5]_[15770,51134]",0.4
"/data_g1/AI_projects/raw_data/PCITB_CRC/HE_raw_images/Tumor/TMA4/TMA 4 Level 16_Core[1,13,7]_[13915,51109].tif",FALSE,"/data_g1/AI_projects/projects/Immune_Cell_Prediction_WK/DIR/nhs/TMA 4 Level 16_Core[1,13,7]_[13915,51109]",0.4
"/data_g1/AI_projects/raw_data/PCITB_CRC/HE_raw_images/Tumor/TMA4/TMA 4 Level 1_Core[1,13,7]_[14719,50009].tif",FALSE,"/data_g1/AI_projects/projects/Immune_Cell_Prediction_WK/DIR/nhs/TMA 4 Level 1_Core[1,13,7]_[14719,50009]",0.4
"/data_g1/AI_projects/raw_data/PCITB_CRC/HE_raw_images/Tumor/TMA4/TMA 4 Level 1_Core[1,13,9]_[12889,50132].tif",FALSE,"/data_g1/AI_projects/projects/Immune_Cell_Prediction_WK/DIR/nhs/TMA 4 Level 1_Core[1,13,9]_[12889,50132]",0.4
"/data_g1/AI_projects/raw_data/PCITB_CRC/HE_raw_images/Tumor/TMA4/TMA 4 Level 16_Core[1,13,9]_[12110,51183].tif",FALSE,"/data_g1/AI_projects/projects/Immune_Cell_Prediction_WK/DIR/nhs/TMA 4 Level 16_Core[1,13,9]_[12110,51183]",0.4
"/data_g1/AI_projects/raw_data/PCITB_CRC/HE_raw_images/Tumor/TMA4/TMA 4 Level 16_Core[1,15,1]_[19318,52581].tif",FALSE,"/data_g1/AI_projects/projects/Immune_Cell_Prediction_WK/DIR/nhs/TMA 4 Level 16_Core[1,15,1]_[19318,52581]",0.4
"/data_g1/AI_projects/raw_data/PCITB_CRC/HE_raw_images/Tumor/TMA4/TMA 4 Level 1_Core[1,15,10]_[12084,51690].tif",FALSE,"/data_g1/AI_projects/projects/Immune_Cell_Prediction_WK/DIR/nhs/TMA 4 Level 1_Core[1,15,10]_[12084,51690]",0.4
"/data_g1/AI_projects/raw_data/PCITB_CRC/HE_raw_images/Tumor/TMA4/TMA 4 Level 16_Core[1,15,10]_[11207,52729].tif",FALSE,"/data_g1/AI_projects/projects/Immune_Cell_Prediction_WK/DIR/nhs/TMA 4 Level 16_Core[1,15,10]_[11207,52729]",0.4
"/data_g1/AI_projects/raw_data/PCITB_CRC/HE_raw_images/Tumor/TMA4/TMA 4 Level 16_Core[1,15,11]_[10268,52803].tif",FALSE,"/data_g1/AI_projects/projects/Immune_Cell_Prediction_WK/DIR/nhs/TMA 4 Level 16_Core[1,15,11]_[10268,52803]",0.4
"/data_g1/AI_projects/raw_data/PCITB_CRC/HE_raw_images/Tumor/TMA4/TMA 4 Level 1_Core[1,15,11]_[11095,51714].tif",FALSE,"/data_g1/AI_projects/projects/Immune_Cell_Prediction_WK/DIR/nhs/TMA 4 Level 1_Core[1,15,11]_[11095,51714]",0.4
"/data_g1/AI_projects/raw_data/PCITB_CRC/HE_raw_images/Tumor/TMA4/TMA 4 Level 16_Core[1,15,16]_[5594,52556].tif",FALSE,"/data_g1/AI_projects/projects/Immune_Cell_Prediction_WK/DIR/nhs/TMA 4 Level 16_Core[1,15,16]_[5594,52556]",0.4
"/data_g1/AI_projects/raw_data/PCITB_CRC/HE_raw_images/Tumor/TMA4/TMA 4 Level 1_Core[1,15,16]_[6323,51912].tif",FALSE,"/data_g1/AI_projects/projects/Immune_Cell_Prediction_WK/DIR/nhs/TMA 4 Level 1_Core[1,15,16]_[6323,51912]",0.4
"/data_g1/AI_projects/raw_data/PCITB_CRC/HE_raw_images/Tumor/TMA4/TMA 4 Level 1_Core[1,15,17]_[5383,51937].tif",FALSE,"/data_g1/AI_projects/projects/Immune_Cell_Prediction_WK/DIR/nhs/TMA 4 Level 1_Core[1,15,17]_[5383,51937]",0.4
"/data_g1/AI_projects/raw_data/PCITB_CRC/HE_raw_images/Tumor/TMA4/TMA 4 Level 1_Core[1,15,18]_[4468,52061].tif",FALSE,"/data_g1/AI_projects/projects/Immune_Cell_Prediction_WK/DIR/nhs/TMA 4 Level 1_Core[1,15,18]_[4468,52061]",0.4
"/data_g1/AI_projects/raw_data/PCITB_CRC/HE_raw_images/Tumor/TMA4/TMA 4 Level 16_Core[1,15,18]_[3739,52655].tif",FALSE,"/data_g1/AI_projects/projects/Immune_Cell_Prediction_WK/DIR/nhs/TMA 4 Level 16_Core[1,15,18]_[3739,52655]",0.4
"/data_g1/AI_projects/raw_data/PCITB_CRC/HE_raw_images/Tumor/TMA4/TMA 4 Level 16_Core[1,15,2]_[18551,52630].tif",FALSE,"/data_g1/AI_projects/projects/Immune_Cell_Prediction_WK/DIR/nhs/TMA 4 Level 16_Core[1,15,2]_[18551,52630]",0.4
"/data_g1/AI_projects/raw_data/PCITB_CRC/HE_raw_images/Tumor/TMA4/TMA 4 Level 1_Core[1,15,20]_[2614,52160].tif",FALSE,"/data_g1/AI_projects/projects/Immune_Cell_Prediction_WK/DIR/nhs/TMA 4 Level 1_Core[1,15,20]_[2614,52160]",0.4
"/data_g1/AI_projects/raw_data/PCITB_CRC/HE_raw_images/Tumor/TMA4/TMA 4 Level 16_Core[1,15,20]_[1835,52630].tif",FALSE,"/data_g1/AI_projects/projects/Immune_Cell_Prediction_WK/DIR/nhs/TMA 4 Level 16_Core[1,15,20]_[1835,52630]",0.4
"/data_g1/AI_projects/raw_data/PCITB_CRC/HE_raw_images/Tumor/TMA4/TMA 4 Level 16_Core[1,15,3]_[17587,52655].tif",FALSE,"/data_g1/AI_projects/projects/Immune_Cell_Prediction_WK/DIR/nhs/TMA 4 Level 16_Core[1,15,3]_[17587,52655]",0.4
"/data_g1/AI_projects/raw_data/PCITB_CRC/HE_raw_images/Tumor/TMA4/TMA 4 Level 16_Core[1,15,5]_[15708,52605].tif",FALSE,"/data_g1/AI_projects/projects/Immune_Cell_Prediction_WK/DIR/nhs/TMA 4 Level 16_Core[1,15,5]_[15708,52605]",0.4
"/data_g1/AI_projects/raw_data/PCITB_CRC/HE_raw_images/Tumor/TMA4/TMA 4 Level 1_Core[1,15,5]_[16511,51665].tif",FALSE,"/data_g1/AI_projects/projects/Immune_Cell_Prediction_WK/DIR/nhs/TMA 4 Level 1_Core[1,15,5]_[16511,51665]",0.4
"/data_g1/AI_projects/raw_data/PCITB_CRC/HE_raw_images/Tumor/TMA4/TMA 4 Level 16_Core[1,15,6]_[14842,52605].tif",FALSE,"/data_g1/AI_projects/projects/Immune_Cell_Prediction_WK/DIR/nhs/TMA 4 Level 16_Core[1,15,6]_[14842,52605]",0.4
"/data_g1/AI_projects/raw_data/PCITB_CRC/HE_raw_images/Tumor/TMA4/TMA 4 Level 1_Core[1,15,6]_[15695,51665].tif",FALSE,"/data_g1/AI_projects/projects/Immune_Cell_Prediction_WK/DIR/nhs/TMA 4 Level 1_Core[1,15,6]_[15695,51665]",0.4
"/data_g1/AI_projects/raw_data/PCITB_CRC/HE_raw_images/Tumor/TMA4/TMA 4 Level 16_Core[1,15,7]_[13903,52655].tif",FALSE,"/data_g1/AI_projects/projects/Immune_Cell_Prediction_WK/DIR/nhs/TMA 4 Level 16_Core[1,15,7]_[13903,52655]",0.4
"/data_g1/AI_projects/raw_data/PCITB_CRC/HE_raw_images/Tumor/TMA4/TMA 4 Level 1_Core[1,15,8]_[13865,51690].tif",FALSE,"/data_g1/AI_projects/projects/Immune_Cell_Prediction_WK/DIR/nhs/TMA 4 Level 1_Core[1,15,8]_[13865,51690]",0.4
"/data_g1/AI_projects/raw_data/PCITB_CRC/HE_raw_images/Tumor/TMA4/TMA 4 Level 16_Core[1,15,8]_[13037,52655].tif",FALSE,"/data_g1/AI_projects/projects/Immune_Cell_Prediction_WK/DIR/nhs/TMA 4 Level 16_Core[1,15,8]_[13037,52655]",0.4
"/data_g1/AI_projects/raw_data/PCITB_CRC/HE_raw_images/Tumor/TMA4/TMA 4 Level 16_Core[1,15,9]_[12122,52630].tif",FALSE,"/data_g1/AI_projects/projects/Immune_Cell_Prediction_WK/DIR/nhs/TMA 4 Level 16_Core[1,15,9]_[12122,52630]",0.4
"/data_g1/AI_projects/raw_data/PCITB_CRC/HE_raw_images/Tumor/TMA4/TMA 4 Level 1_Core[1,15,9]_[12999,51690].tif",FALSE,"/data_g1/AI_projects/projects/Immune_Cell_Prediction_WK/DIR/nhs/TMA 4 Level 1_Core[1,15,9]_[12999,51690]",0.4
"/data_g1/AI_projects/raw_data/PCITB_CRC/HE_raw_images/Tumor/TMA4/TMA 4 Level 16_Core[1,16,1]_[19442,53619].tif",FALSE,"/data_g1/AI_projects/projects/Immune_Cell_Prediction_WK/DIR/nhs/TMA 4 Level 16_Core[1,16,1]_[19442,53619]",0.4
"/data_g1/AI_projects/raw_data/PCITB_CRC/HE_raw_images/Tumor/TMA4/TMA 4 Level 1_Core[1,16,1]_[20170,52555].tif",FALSE,"/data_g1/AI_projects/projects/Immune_Cell_Prediction_WK/DIR/nhs/TMA 4 Level 1_Core[1,16,1]_[20170,52555]",0.4
"/data_g1/AI_projects/raw_data/PCITB_CRC/HE_raw_images/Tumor/TMA4/TMA 4 Level 1_Core[1,16,11]_[11021,52530].tif",FALSE,"/data_g1/AI_projects/projects/Immune_Cell_Prediction_WK/DIR/nhs/TMA 4 Level 1_Core[1,16,11]_[11021,52530]",0.4
"/data_g1/AI_projects/raw_data/PCITB_CRC/HE_raw_images/Tumor/TMA4/TMA 4 Level 16_Core[1,16,11]_[10243,53570].tif",FALSE,"/data_g1/AI_projects/projects/Immune_Cell_Prediction_WK/DIR/nhs/TMA 4 Level 16_Core[1,16,11]_[10243,53570]",0.4
"/data_g1/AI_projects/raw_data/PCITB_CRC/HE_raw_images/Tumor/TMA4/TMA 4 Level 16_Core[1,16,13]_[8289,53496].tif",FALSE,"/data_g1/AI_projects/projects/Immune_Cell_Prediction_WK/DIR/nhs/TMA 4 Level 16_Core[1,16,13]_[8289,53496]",0.4
"/data_g1/AI_projects/raw_data/PCITB_CRC/HE_raw_images/Tumor/TMA4/TMA 4 Level 1_Core[1,16,13]_[9092,52753].tif",FALSE,"/data_g1/AI_projects/projects/Immune_Cell_Prediction_WK/DIR/nhs/TMA 4 Level 1_Core[1,16,13]_[9092,52753]",0.4
"/data_g1/AI_projects/raw_data/PCITB_CRC/HE_raw_images/Tumor/TMA4/TMA 4 Level 16_Core[1,16,16]_[5742,53397].tif",FALSE,"/data_g1/AI_projects/projects/Immune_Cell_Prediction_WK/DIR/nhs/TMA 4 Level 16_Core[1,16,16]_[5742,53397]",0.4
"/data_g1/AI_projects/raw_data/PCITB_CRC/HE_raw_images/Tumor/TMA4/TMA 4 Level 1_Core[1,16,16]_[6496,52728].tif",FALSE,"/data_g1/AI_projects/projects/Immune_Cell_Prediction_WK/DIR/nhs/TMA 4 Level 1_Core[1,16,16]_[6496,52728]",0.4
"/data_g1/AI_projects/raw_data/PCITB_CRC/HE_raw_images/Tumor/TMA4/TMA 4 Level 1_Core[1,16,18]_[4493,52901].tif",FALSE,"/data_g1/AI_projects/projects/Immune_Cell_Prediction_WK/DIR/nhs/TMA 4 Level 1_Core[1,16,18]_[4493,52901]",0.4
"/data_g1/AI_projects/raw_data/PCITB_CRC/HE_raw_images/Tumor/TMA4/TMA 4 Level 16_Core[1,16,18]_[3715,53496].tif",FALSE,"/data_g1/AI_projects/projects/Immune_Cell_Prediction_WK/DIR/nhs/TMA 4 Level 16_Core[1,16,18]_[3715,53496]",0.4
"/data_g1/AI_projects/raw_data/PCITB_CRC/HE_raw_images/Tumor/TMA4/TMA 4 Level 16_Core[1,16,19]_[2800,53446].tif",FALSE,"/data_g1/AI_projects/projects/Immune_Cell_Prediction_WK/DIR/nhs/TMA 4 Level 16_Core[1,16,19]_[2800,53446]",0.4
"/data_g1/AI_projects/raw_data/PCITB_CRC/HE_raw_images/Tumor/TMA4/TMA 4 Level 1_Core[1,16,19]_[3553,52951].tif",FALSE,"/data_g1/AI_projects/projects/Immune_Cell_Prediction_WK/DIR/nhs/TMA 4 Level 1_Core[1,16,19]_[3553,52951]",0.4
"/data_g1/AI_projects/raw_data/PCITB_CRC/HE_raw_images/Tumor/TMA4/TMA 4 Level 1_Core[1,16,20]_[2713,53000].tif",FALSE,"/data_g1/AI_projects/projects/Immune_Cell_Prediction_WK/DIR/nhs/TMA 4 Level 1_Core[1,16,20]_[2713,53000]",0.4
"/data_g1/AI_projects/raw_data/PCITB_CRC/HE_raw_images/Tumor/TMA4/TMA 4 Level 16_Core[1,16,20]_[1911,53389].tif",FALSE,"/data_g1/AI_projects/projects/Immune_Cell_Prediction_WK/DIR/nhs/TMA 4 Level 16_Core[1,16,20]_[1911,53389]",0.4
"/data_g1/AI_projects/raw_data/PCITB_CRC/HE_raw_images/Tumor/TMA4/TMA 4 Level 16_Core[1,16,3]_[17463,53421].tif",FALSE,"/data_g1/AI_projects/projects/Immune_Cell_Prediction_WK/DIR/nhs/TMA 4 Level 16_Core[1,16,3]_[17463,53421]",0.4
"/data_g1/AI_projects/raw_data/PCITB_CRC/HE_raw_images/Tumor/TMA4/TMA 4 Level 1_Core[1,16,3]_[18192,52481].tif",FALSE,"/data_g1/AI_projects/projects/Immune_Cell_Prediction_WK/DIR/nhs/TMA 4 Level 1_Core[1,16,3]_[18192,52481]",0.4
"/data_g1/AI_projects/raw_data/PCITB_CRC/HE_raw_images/Tumor/TMA4/TMA 4 Level 16_Core[1,16,5]_[15683,53372].tif",FALSE,"/data_g1/AI_projects/projects/Immune_Cell_Prediction_WK/DIR/nhs/TMA 4 Level 16_Core[1,16,5]_[15683,53372]",0.4
"/data_g1/AI_projects/raw_data/PCITB_CRC/HE_raw_images/Tumor/TMA4/TMA 4 Level 1_Core[1,16,7]_[14804,52357].tif",FALSE,"/data_g1/AI_projects/projects/Immune_Cell_Prediction_WK/DIR/nhs/TMA 4 Level 1_Core[1,16,7]_[14804,52357]",0.4
"/data_g1/AI_projects/raw_data/PCITB_CRC/HE_raw_images/Tumor/TMA4/TMA 4 Level 16_Core[1,16,9]_[12196,53520].tif",FALSE,"/data_g1/AI_projects/projects/Immune_Cell_Prediction_WK/DIR/nhs/TMA 4 Level 16_Core[1,16,9]_[12196,53520]",0.4
"/data_g1/AI_projects/raw_data/PCITB_CRC/HE_raw_images/Tumor/TMA4/TMA 4 Level 1_Core[1,16,9]_[12999,52580].tif",FALSE,"/data_g1/AI_projects/projects/Immune_Cell_Prediction_WK/DIR/nhs/TMA 4 Level 1_Core[1,16,9]_[12999,52580]",0.4
"/data_g1/AI_projects/raw_data/PCITB_CRC/HE_raw_images/Tumor/TMA4/TMA 4 Level 16_Core[1,17,10]_[11281,54312].tif",FALSE,"/data_g1/AI_projects/projects/Immune_Cell_Prediction_WK/DIR/nhs/TMA 4 Level 16_Core[1,17,10]_[11281,54312]",0.4
"/data_g1/AI_projects/raw_data/PCITB_CRC/HE_raw_images/Tumor/TMA4/TMA 4 Level 16_Core[1,17,12]_[9353,54361].tif",FALSE,"/data_g1/AI_projects/projects/Immune_Cell_Prediction_WK/DIR/nhs/TMA 4 Level 16_Core[1,17,12]_[9353,54361]",0.4
"/data_g1/AI_projects/raw_data/PCITB_CRC/HE_raw_images/Tumor/TMA4/TMA 4 Level 1_Core[1,17,12]_[10156,53569].tif",FALSE,"/data_g1/AI_projects/projects/Immune_Cell_Prediction_WK/DIR/nhs/TMA 4 Level 1_Core[1,17,12]_[10156,53569]",0.4
"/data_g1/AI_projects/raw_data/PCITB_CRC/HE_raw_images/Tumor/TMA4/TMA 4 Level 1_Core[1,17,13]_[9117,53594].tif",FALSE,"/data_g1/AI_projects/projects/Immune_Cell_Prediction_WK/DIR/nhs/TMA 4 Level 1_Core[1,17,13]_[9117,53594]",0.4
"/data_g1/AI_projects/raw_data/PCITB_CRC/HE_raw_images/Tumor/TMA4/TMA 4 Level 16_Core[1,17,13]_[8289,54386].tif",FALSE,"/data_g1/AI_projects/projects/Immune_Cell_Prediction_WK/DIR/nhs/TMA 4 Level 16_Core[1,17,13]_[8289,54386]",0.4
"/data_g1/AI_projects/raw_data/PCITB_CRC/HE_raw_images/Tumor/TMA4/TMA 4 Level 1_Core[1,17,14]_[8252,53594].tif",FALSE,"/data_g1/AI_projects/projects/Immune_Cell_Prediction_WK/DIR/nhs/TMA 4 Level 1_Core[1,17,14]_[8252,53594]",0.4
"/data_g1/AI_projects/raw_data/PCITB_CRC/HE_raw_images/Tumor/TMA4/TMA 4 Level 16_Core[1,17,14]_[7449,54336].tif",FALSE,"/data_g1/AI_projects/projects/Immune_Cell_Prediction_WK/DIR/nhs/TMA 4 Level 16_Core[1,17,14]_[7449,54336]",0.4
"/data_g1/AI_projects/raw_data/PCITB_CRC/HE_raw_images/Tumor/TMA4/TMA 4 Level 1_Core[1,17,15]_[7386,53618].tif",FALSE,"/data_g1/AI_projects/projects/Immune_Cell_Prediction_WK/DIR/nhs/TMA 4 Level 1_Core[1,17,15]_[7386,53618]",0.4
"/data_g1/AI_projects/raw_data/PCITB_CRC/HE_raw_images/Tumor/TMA4/TMA 4 Level 1_Core[1,17,16]_[6422,53643].tif",FALSE,"/data_g1/AI_projects/projects/Immune_Cell_Prediction_WK/DIR/nhs/TMA 4 Level 1_Core[1,17,16]_[6422,53643]",0.4
"/data_g1/AI_projects/raw_data/PCITB_CRC/HE_raw_images/Tumor/TMA4/TMA 4 Level 16_Core[1,17,16]_[5718,54287].tif",FALSE,"/data_g1/AI_projects/projects/Immune_Cell_Prediction_WK/DIR/nhs/TMA 4 Level 16_Core[1,17,16]_[5718,54287]",0.4
"/data_g1/AI_projects/raw_data/PCITB_CRC/HE_raw_images/Tumor/TMA4/TMA 4 Level 1_Core[1,17,17]_[5457,53668].tif",FALSE,"/data_g1/AI_projects/projects/Immune_Cell_Prediction_WK/DIR/nhs/TMA 4 Level 1_Core[1,17,17]_[5457,53668]",0.4
"/data_g1/AI_projects/raw_data/PCITB_CRC/HE_raw_images/Tumor/TMA4/TMA 4 Level 16_Core[1,17,17]_[4580,54262].tif",FALSE,"/data_g1/AI_projects/projects/Immune_Cell_Prediction_WK/DIR/nhs/TMA 4 Level 16_Core[1,17,17]_[4580,54262]",0.4
"/data_g1/AI_projects/raw_data/PCITB_CRC/HE_raw_images/Tumor/TMA4/TMA 4 Level 16_Core[1,17,2]_[18477,54237].tif",FALSE,"/data_g1/AI_projects/projects/Immune_Cell_Prediction_WK/DIR/nhs/TMA 4 Level 16_Core[1,17,2]_[18477,54237]",0.4
"/data_g1/AI_projects/raw_data/PCITB_CRC/HE_raw_images/Tumor/TMA4/TMA 4 Level 1_Core[1,17,2]_[19132,53173].tif",FALSE,"/data_g1/AI_projects/projects/Immune_Cell_Prediction_WK/DIR/nhs/TMA 4 Level 1_Core[1,17,2]_[19132,53173]",0.4
"/data_g1/AI_projects/raw_data/PCITB_CRC/HE_raw_images/Tumor/TMA4/TMA 4 Level 1_Core[1,17,20]_[2614,53866].tif",FALSE,"/data_g1/AI_projects/projects/Immune_Cell_Prediction_WK/DIR/nhs/TMA 4 Level 1_Core[1,17,20]_[2614,53866]",0.4
"/data_g1/AI_projects/raw_data/PCITB_CRC/HE_raw_images/Tumor/TMA4/TMA 4 Level 1_Core[1,17,3]_[18242,53346].tif",FALSE,"/data_g1/AI_projects/projects/Immune_Cell_Prediction_WK/DIR/nhs/TMA 4 Level 1_Core[1,17,3]_[18242,53346]",0.4
"/data_g1/AI_projects/raw_data/PCITB_CRC/HE_raw_images/Tumor/TMA4/TMA 4 Level 16_Core[1,17,3]_[17463,54262].tif",FALSE,"/data_g1/AI_projects/projects/Immune_Cell_Prediction_WK/DIR/nhs/TMA 4 Level 16_Core[1,17,3]_[17463,54262]",0.4
"/data_g1/AI_projects/raw_data/PCITB_CRC/HE_raw_images/Tumor/TMA4/TMA 4 Level 1_Core[1,17,4]_[17376,53346].tif",FALSE,"/data_g1/AI_projects/projects/Immune_Cell_Prediction_WK/DIR/nhs/TMA 4 Level 1_Core[1,17,4]_[17376,53346]",0.4
"/data_g1/AI_projects/raw_data/PCITB_CRC/HE_raw_images/Tumor/TMA4/TMA 4 Level 16_Core[1,17,4]_[16573,54213].tif",FALSE,"/data_g1/AI_projects/projects/Immune_Cell_Prediction_WK/DIR/nhs/TMA 4 Level 16_Core[1,17,4]_[16573,54213]",0.4
"/data_g1/AI_projects/raw_data/PCITB_CRC/HE_raw_images/Tumor/TMA4/TMA 4 Level 1_Core[1,17,5]_[16486,53445].tif",FALSE,"/data_g1/AI_projects/projects/Immune_Cell_Prediction_WK/DIR/nhs/TMA 4 Level 1_Core[1,17,5]_[16486,53445]",0.4
"/data_g1/AI_projects/raw_data/PCITB_CRC/HE_raw_images/Tumor/TMA4/TMA 4 Level 16_Core[1,17,5]_[15683,54262].tif",FALSE,"/data_g1/AI_projects/projects/Immune_Cell_Prediction_WK/DIR/nhs/TMA 4 Level 16_Core[1,17,5]_[15683,54262]",0.4
"/data_g1/AI_projects/raw_data/PCITB_CRC/HE_raw_images/Tumor/TMA4/TMA 4 Level 1_Core[1,17,6]_[15645,53445].tif",FALSE,"/data_g1/AI_projects/projects/Immune_Cell_Prediction_WK/DIR/nhs/TMA 4 Level 1_Core[1,17,6]_[15645,53445]",0.4
"/data_g1/AI_projects/raw_data/PCITB_CRC/HE_raw_images/Tumor/TMA4/TMA 4 Level 16_Core[1,17,6]_[14818,54312].tif",FALSE,"/data_g1/AI_projects/projects/Immune_Cell_Prediction_WK/DIR/nhs/TMA 4 Level 16_Core[1,17,6]_[14818,54312]",0.4
"/data_g1/AI_projects/raw_data/PCITB_CRC/HE_raw_images/Tumor/TMA4/TMA 4 Level 16_Core[1,17,7]_[13952,54237].tif",FALSE,"/data_g1/AI_projects/projects/Immune_Cell_Prediction_WK/DIR/nhs/TMA 4 Level 16_Core[1,17,7]_[13952,54237]",0.4
"/data_g1/AI_projects/raw_data/PCITB_CRC/HE_raw_images/Tumor/TMA4/TMA 4 Level 1_Core[1,17,7]_[14804,53371].tif",FALSE,"/data_g1/AI_projects/projects/Immune_Cell_Prediction_WK/DIR/nhs/TMA 4 Level 1_Core[1,17,7]_[14804,53371]",0.4
"/data_g1/AI_projects/raw_data/PCITB_CRC/HE_raw_images/Tumor/TMA4/TMA 4 Level 16_Core[1,17,8]_[13062,54312].tif",FALSE,"/data_g1/AI_projects/projects/Immune_Cell_Prediction_WK/DIR/nhs/TMA 4 Level 16_Core[1,17,8]_[13062,54312]",0.4
"/data_g1/AI_projects/raw_data/PCITB_CRC/HE_raw_images/Tumor/TMA4/TMA 4 Level 1_Core[1,17,8]_[13890,53470].tif",FALSE,"/data_g1/AI_projects/projects/Immune_Cell_Prediction_WK/DIR/nhs/TMA 4 Level 1_Core[1,17,8]_[13890,53470]",0.4
"/data_g1/AI_projects/raw_data/PCITB_CRC/HE_raw_images/Tumor/TMA4/TMA 4 Level 1_Core[1,17,9]_[13049,53445].tif",FALSE,"/data_g1/AI_projects/projects/Immune_Cell_Prediction_WK/DIR/nhs/TMA 4 Level 1_Core[1,17,9]_[13049,53445]",0.4
"/data_g1/AI_projects/raw_data/PCITB_CRC/HE_raw_images/Tumor/TMA4/TMA 4 Level 16_Core[1,17,9]_[12196,54336].tif",FALSE,"/data_g1/AI_projects/projects/Immune_Cell_Prediction_WK/DIR/nhs/TMA 4 Level 16_Core[1,17,9]_[12196,54336]",0.4
"/data_g1/AI_projects/raw_data/PCITB_CRC/HE_raw_images/Tumor/TMA4/TMA 4 Level 16_Core[1,18,12]_[9353,55226].tif",FALSE,"/data_g1/AI_projects/projects/Immune_Cell_Prediction_WK/DIR/nhs/TMA 4 Level 16_Core[1,18,12]_[9353,55226]",0.4
"/data_g1/AI_projects/raw_data/PCITB_CRC/HE_raw_images/Tumor/TMA4/TMA 4 Level 1_Core[1,18,12]_[10131,54558].tif",FALSE,"/data_g1/AI_projects/projects/Immune_Cell_Prediction_WK/DIR/nhs/TMA 4 Level 1_Core[1,18,12]_[10131,54558]",0.4
"/data_g1/AI_projects/raw_data/PCITB_CRC/HE_raw_images/Tumor/TMA4/TMA 4 Level 1_Core[1,18,14]_[8276,54682].tif",FALSE,"/data_g1/AI_projects/projects/Immune_Cell_Prediction_WK/DIR/nhs/TMA 4 Level 1_Core[1,18,14]_[8276,54682]",0.4
"/data_g1/AI_projects/raw_data/PCITB_CRC/HE_raw_images/Tumor/TMA4/TMA 4 Level 16_Core[1,18,14]_[7449,55202].tif",FALSE,"/data_g1/AI_projects/projects/Immune_Cell_Prediction_WK/DIR/nhs/TMA 4 Level 16_Core[1,18,14]_[7449,55202]",0.4
"/data_g1/AI_projects/raw_data/PCITB_CRC/HE_raw_images/Tumor/TMA4/TMA 4 Level 16_Core[1,18,15]_[6484,55128].tif",FALSE,"/data_g1/AI_projects/projects/Immune_Cell_Prediction_WK/DIR/nhs/TMA 4 Level 16_Core[1,18,15]_[6484,55128]",0.4
"/data_g1/AI_projects/raw_data/PCITB_CRC/HE_raw_images/Tumor/TMA4/TMA 4 Level 1_Core[1,18,15]_[7287,54558].tif",FALSE,"/data_g1/AI_projects/projects/Immune_Cell_Prediction_WK/DIR/nhs/TMA 4 Level 1_Core[1,18,15]_[7287,54558]",0.4
"/data_g1/AI_projects/raw_data/PCITB_CRC/HE_raw_images/Tumor/TMA4/TMA 4 Level 1_Core[1,18,16]_[6446,54608].tif",FALSE,"/data_g1/AI_projects/projects/Immune_Cell_Prediction_WK/DIR/nhs/TMA 4 Level 1_Core[1,18,16]_[6446,54608]",0.4
"/data_g1/AI_projects/raw_data/PCITB_CRC/HE_raw_images/Tumor/TMA4/TMA 4 Level 16_Core[1,18,16]_[5619,55177].tif",FALSE,"/data_g1/AI_projects/projects/Immune_Cell_Prediction_WK/DIR/nhs/TMA 4 Level 16_Core[1,18,16]_[5619,55177]",0.4
"/data_g1/AI_projects/raw_data/PCITB_CRC/HE_raw_images/Tumor/TMA4/TMA 4 Level 16_Core[1,18,17]_[4659,55083].tif",FALSE,"/data_g1/AI_projects/projects/Immune_Cell_Prediction_WK/DIR/nhs/TMA 4 Level 16_Core[1,18,17]_[4659,55083]",0.4
"/data_g1/AI_projects/raw_data/PCITB_CRC/HE_raw_images/Tumor/TMA4/TMA 4 Level 1_Core[1,18,17]_[5526,54621].tif",FALSE,"/data_g1/AI_projects/projects/Immune_Cell_Prediction_WK/DIR/nhs/TMA 4 Level 1_Core[1,18,17]_[5526,54621]",0.4
"/data_g1/AI_projects/raw_data/PCITB_CRC/HE_raw_images/Tumor/TMA4/TMA 4 Level 1_Core[1,18,2]_[19157,54286].tif",FALSE,"/data_g1/AI_projects/projects/Immune_Cell_Prediction_WK/DIR/nhs/TMA 4 Level 1_Core[1,18,2]_[19157,54286]",0.4
"/data_g1/AI_projects/raw_data/PCITB_CRC/HE_raw_images/Tumor/TMA4/TMA 4 Level 16_Core[1,18,2]_[18428,55128].tif",FALSE,"/data_g1/AI_projects/projects/Immune_Cell_Prediction_WK/DIR/nhs/TMA 4 Level 16_Core[1,18,2]_[18428,55128]",0.4
"/data_g1/AI_projects/raw_data/PCITB_CRC/HE_raw_images/Tumor/TMA4/TMA 4 Level 16_Core[1,18,20]_[1984,55078].tif",FALSE,"/data_g1/AI_projects/projects/Immune_Cell_Prediction_WK/DIR/nhs/TMA 4 Level 16_Core[1,18,20]_[1984,55078]",0.4
"/data_g1/AI_projects/raw_data/PCITB_CRC/HE_raw_images/Tumor/TMA4/TMA 4 Level 1_Core[1,18,20]_[2836,54756].tif",FALSE,"/data_g1/AI_projects/projects/Immune_Cell_Prediction_WK/DIR/nhs/TMA 4 Level 1_Core[1,18,20]_[2836,54756]",0.4
"/data_g1/AI_projects/raw_data/PCITB_CRC/HE_raw_images/Tumor/TMA4/TMA 4 Level 16_Core[1,18,4]_[16573,55103].tif",FALSE,"/data_g1/AI_projects/projects/Immune_Cell_Prediction_WK/DIR/nhs/TMA 4 Level 16_Core[1,18,4]_[16573,55103]",0.4
"/data_g1/AI_projects/raw_data/PCITB_CRC/HE_raw_images/Tumor/TMA4/TMA 4 Level 1_Core[1,18,4]_[17302,54286].tif",FALSE,"/data_g1/AI_projects/projects/Immune_Cell_Prediction_WK/DIR/nhs/TMA 4 Level 1_Core[1,18,4]_[17302,54286]",0.4
"/data_g1/AI_projects/raw_data/PCITB_CRC/HE_raw_images/Tumor/TMA4/TMA 4 Level 16_Core[1,18,5]_[15658,55128].tif",FALSE,"/data_g1/AI_projects/projects/Immune_Cell_Prediction_WK/DIR/nhs/TMA 4 Level 16_Core[1,18,5]_[15658,55128]",0.4
"/data_g1/AI_projects/raw_data/PCITB_CRC/HE_raw_images/Tumor/TMA4/TMA 4 Level 1_Core[1,18,5]_[16461,54336].tif",FALSE,"/data_g1/AI_projects/projects/Immune_Cell_Prediction_WK/DIR/nhs/TMA 4 Level 1_Core[1,18,5]_[16461,54336]",0.4
"/data_g1/AI_projects/raw_data/PCITB_CRC/HE_raw_images/Tumor/TMA4/TMA 4 Level 1_Core[1,18,6]_[15620,54336].tif",FALSE,"/data_g1/AI_projects/projects/Immune_Cell_Prediction_WK/DIR/nhs/TMA 4 Level 1_Core[1,18,6]_[15620,54336]",0.4
"/data_g1/AI_projects/raw_data/PCITB_CRC/HE_raw_images/Tumor/TMA4/TMA 4 Level 16_Core[1,18,6]_[14768,55128].tif",FALSE,"/data_g1/AI_projects/projects/Immune_Cell_Prediction_WK/DIR/nhs/TMA 4 Level 16_Core[1,18,6]_[14768,55128]",0.4
"/data_g1/AI_projects/raw_data/PCITB_CRC/HE_raw_images/Tumor/TMA4/TMA 4 Level 16_Core[1,18,8]_[13086,55202].tif",FALSE,"/data_g1/AI_projects/projects/Immune_Cell_Prediction_WK/DIR/nhs/TMA 4 Level 16_Core[1,18,8]_[13086,55202]",0.4
"/data_g1/AI_projects/raw_data/PCITB_CRC/HE_raw_images/Tumor/TMA4/TMA 4 Level 16_Core[1,19,1]_[19244,55894].tif",FALSE,"/data_g1/AI_projects/projects/Immune_Cell_Prediction_WK/DIR/nhs/TMA 4 Level 16_Core[1,19,1]_[19244,55894]",0.4
"/data_g1/AI_projects/raw_data/PCITB_CRC/HE_raw_images/Tumor/TMA4/TMA 4 Level 1_Core[1,19,1]_[19874,55102].tif",FALSE,"/data_g1/AI_projects/projects/Immune_Cell_Prediction_WK/DIR/nhs/TMA 4 Level 1_Core[1,19,1]_[19874,55102]",0.4
"/data_g1/AI_projects/raw_data/PCITB_CRC/HE_raw_images/Tumor/TMA4/TMA 4 Level 16_Core[1,19,11]_[10218,56042].tif",FALSE,"/data_g1/AI_projects/projects/Immune_Cell_Prediction_WK/DIR/nhs/TMA 4 Level 16_Core[1,19,11]_[10218,56042]",0.4
"/data_g1/AI_projects/raw_data/PCITB_CRC/HE_raw_images/Tumor/TMA4/TMA 4 Level 1_Core[1,19,13]_[9389,55424].tif",FALSE,"/data_g1/AI_projects/projects/Immune_Cell_Prediction_WK/DIR/nhs/TMA 4 Level 1_Core[1,19,13]_[9389,55424]",0.4
"/data_g1/AI_projects/raw_data/PCITB_CRC/HE_raw_images/Tumor/TMA4/TMA 4 Level 16_Core[1,19,13]_[8512,55993].tif",FALSE,"/data_g1/AI_projects/projects/Immune_Cell_Prediction_WK/DIR/nhs/TMA 4 Level 16_Core[1,19,13]_[8512,55993]",0.4
"/data_g1/AI_projects/raw_data/PCITB_CRC/HE_raw_images/Tumor/TMA4/TMA 4 Level 16_Core[1,19,14]_[7473,56018].tif",FALSE,"/data_g1/AI_projects/projects/Immune_Cell_Prediction_WK/DIR/nhs/TMA 4 Level 16_Core[1,19,14]_[7473,56018]",0.4
"/data_g1/AI_projects/raw_data/PCITB_CRC/HE_raw_images/Tumor/TMA4/TMA 4 Level 16_Core[1,19,15]_[6583,56042].tif",FALSE,"/data_g1/AI_projects/projects/Immune_Cell_Prediction_WK/DIR/nhs/TMA 4 Level 16_Core[1,19,15]_[6583,56042]",0.4
"/data_g1/AI_projects/raw_data/PCITB_CRC/HE_raw_images/Tumor/TMA4/TMA 4 Level 1_Core[1,19,15]_[7436,55547].tif",FALSE,"/data_g1/AI_projects/projects/Immune_Cell_Prediction_WK/DIR/nhs/TMA 4 Level 1_Core[1,19,15]_[7436,55547]",0.4
"/data_g1/AI_projects/raw_data/PCITB_CRC/HE_raw_images/Tumor/TMA4/TMA 4 Level 16_Core[1,19,16]_[5718,56042].tif",FALSE,"/data_g1/AI_projects/projects/Immune_Cell_Prediction_WK/DIR/nhs/TMA 4 Level 16_Core[1,19,16]_[5718,56042]",0.4
"/data_g1/AI_projects/raw_data/PCITB_CRC/HE_raw_images/Tumor/TMA4/TMA 4 Level 1_Core[1,19,16]_[6545,55572].tif",FALSE,"/data_g1/AI_projects/projects/Immune_Cell_Prediction_WK/DIR/nhs/TMA 4 Level 1_Core[1,19,16]_[6545,55572]",0.4
"/data_g1/AI_projects/raw_data/PCITB_CRC/HE_raw_images/Tumor/TMA4/TMA 4 Level 1_Core[1,19,17]_[5606,55572].tif",FALSE,"/data_g1/AI_projects/projects/Immune_Cell_Prediction_WK/DIR/nhs/TMA 4 Level 1_Core[1,19,17]_[5606,55572]",0.4
"/data_g1/AI_projects/raw_data/PCITB_CRC/HE_raw_images/Tumor/TMA4/TMA 4 Level 16_Core[1,19,17]_[4729,55993].tif",FALSE,"/data_g1/AI_projects/projects/Immune_Cell_Prediction_WK/DIR/nhs/TMA 4 Level 16_Core[1,19,17]_[4729,55993]",0.4
"/data_g1/AI_projects/raw_data/PCITB_CRC/HE_raw_images/Tumor/TMA4/TMA 4 Level 1_Core[1,19,18]_[4765,55547].tif",FALSE,"/data_g1/AI_projects/projects/Immune_Cell_Prediction_WK/DIR/nhs/TMA 4 Level 1_Core[1,19,18]_[4765,55547]",0.4
"/data_g1/AI_projects/raw_data/PCITB_CRC/HE_raw_images/Tumor/TMA4/TMA 4 Level 16_Core[1,19,18]_[3888,55919].tif",FALSE,"/data_g1/AI_projects/projects/Immune_Cell_Prediction_WK/DIR/nhs/TMA 4 Level 16_Core[1,19,18]_[3888,55919]",0.4
"/data_g1/AI_projects/raw_data/PCITB_CRC/HE_raw_images/Tumor/TMA4/TMA 4 Level 1_Core[1,19,19]_[3875,55621].tif",FALSE,"/data_g1/AI_projects/projects/Immune_Cell_Prediction_WK/DIR/nhs/TMA 4 Level 1_Core[1,19,19]_[3875,55621]",0.4
"/data_g1/AI_projects/raw_data/PCITB_CRC/HE_raw_images/Tumor/TMA4/TMA 4 Level 16_Core[1,19,19]_[2973,55919].tif",FALSE,"/data_g1/AI_projects/projects/Immune_Cell_Prediction_WK/DIR/nhs/TMA 4 Level 16_Core[1,19,19]_[2973,55919]",0.4
"/data_g1/AI_projects/raw_data/PCITB_CRC/HE_raw_images/Tumor/TMA4/TMA 4 Level 1_Core[1,19,2]_[18959,55127].tif",FALSE,"/data_g1/AI_projects/projects/Immune_Cell_Prediction_WK/DIR/nhs/TMA 4 Level 1_Core[1,19,2]_[18959,55127]",0.4
"/data_g1/AI_projects/raw_data/PCITB_CRC/HE_raw_images/Tumor/TMA4/TMA 4 Level 16_Core[1,19,2]_[18255,55944].tif",FALSE,"/data_g1/AI_projects/projects/Immune_Cell_Prediction_WK/DIR/nhs/TMA 4 Level 16_Core[1,19,2]_[18255,55944]",0.4
"/data_g1/AI_projects/raw_data/PCITB_CRC/HE_raw_images/Tumor/TMA4/TMA 4 Level 16_Core[1,19,20]_[2061,55902].tif",FALSE,"/data_g1/AI_projects/projects/Immune_Cell_Prediction_WK/DIR/nhs/TMA 4 Level 16_Core[1,19,20]_[2061,55902]",0.4
"/data_g1/AI_projects/raw_data/PCITB_CRC/HE_raw_images/Tumor/TMA4/TMA 4 Level 1_Core[1,19,20]_[2886,55572].tif",FALSE,"/data_g1/AI_projects/projects/Immune_Cell_Prediction_WK/DIR/nhs/TMA 4 Level 1_Core[1,19,20]_[2886,55572]",0.4
"/data_g1/AI_projects/raw_data/PCITB_CRC/HE_raw_images/Tumor/TMA4/TMA 4 Level 1_Core[1,19,4]_[17252,55176].tif",FALSE,"/data_g1/AI_projects/projects/Immune_Cell_Prediction_WK/DIR/nhs/TMA 4 Level 1_Core[1,19,4]_[17252,55176]",0.4
"/data_g1/AI_projects/raw_data/PCITB_CRC/HE_raw_images/Tumor/TMA4/TMA 4 Level 16_Core[1,19,4]_[16474,55968].tif",FALSE,"/data_g1/AI_projects/projects/Immune_Cell_Prediction_WK/DIR/nhs/TMA 4 Level 16_Core[1,19,4]_[16474,55968]",0.4
"/data_g1/AI_projects/raw_data/PCITB_CRC/HE_raw_images/Tumor/TMA4/TMA 4 Level 1_Core[1,19,5]_[16387,55201].tif",FALSE,"/data_g1/AI_projects/projects/Immune_Cell_Prediction_WK/DIR/nhs/TMA 4 Level 1_Core[1,19,5]_[16387,55201]",0.4
"/data_g1/AI_projects/raw_data/PCITB_CRC/HE_raw_images/Tumor/TMA4/TMA 4 Level 16_Core[1,19,5]_[15584,55968].tif",FALSE,"/data_g1/AI_projects/projects/Immune_Cell_Prediction_WK/DIR/nhs/TMA 4 Level 16_Core[1,19,5]_[15584,55968]",0.4
"/data_g1/AI_projects/raw_data/PCITB_CRC/HE_raw_images/Tumor/TMA4/TMA 4 Level 1_Core[1,19,6]_[15571,55226].tif",FALSE,"/data_g1/AI_projects/projects/Immune_Cell_Prediction_WK/DIR/nhs/TMA 4 Level 1_Core[1,19,6]_[15571,55226]",0.4
"/data_g1/AI_projects/raw_data/PCITB_CRC/HE_raw_images/Tumor/TMA4/TMA 4 Level 16_Core[1,19,6]_[14743,55944].tif",FALSE,"/data_g1/AI_projects/projects/Immune_Cell_Prediction_WK/DIR/nhs/TMA 4 Level 16_Core[1,19,6]_[14743,55944]",0.4
"/data_g1/AI_projects/raw_data/PCITB_CRC/HE_raw_images/Tumor/TMA4/TMA 4 Level 1_Core[1,19,7]_[14706,55226].tif",FALSE,"/data_g1/AI_projects/projects/Immune_Cell_Prediction_WK/DIR/nhs/TMA 4 Level 1_Core[1,19,7]_[14706,55226]",0.4
"/data_g1/AI_projects/raw_data/PCITB_CRC/HE_raw_images/Tumor/TMA4/TMA 4 Level 16_Core[1,19,7]_[13927,56166].tif",FALSE,"/data_g1/AI_projects/projects/Immune_Cell_Prediction_WK/DIR/nhs/TMA 4 Level 16_Core[1,19,7]_[13927,56166]",0.4
"/data_g1/AI_projects/raw_data/PCITB_CRC/HE_raw_images/Tumor/TMA4/TMA 4 Level 1_Core[1,19,9]_[13049,55374].tif",FALSE,"/data_g1/AI_projects/projects/Immune_Cell_Prediction_WK/DIR/nhs/TMA 4 Level 1_Core[1,19,9]_[13049,55374]",0.4
"/data_g1/AI_projects/raw_data/PCITB_CRC/HE_raw_images/Tumor/TMA4/TMA 4 Level 16_Core[1,19,9]_[12474,56439].tif",FALSE,"/data_g1/AI_projects/projects/Immune_Cell_Prediction_WK/DIR/nhs/TMA 4 Level 16_Core[1,19,9]_[12474,56439]",0.4
"/data_g1/AI_projects/raw_data/PCITB_CRC/HE_raw_images/Tumor/TMA4/TMA 4 Level 1_Core[1,2,1]_[19664,40810].tif",FALSE,"/data_g1/AI_projects/projects/Immune_Cell_Prediction_WK/DIR/nhs/TMA 4 Level 1_Core[1,2,1]_[19664,40810]",0.4
"/data_g1/AI_projects/raw_data/PCITB_CRC/HE_raw_images/Tumor/TMA4/TMA 4 Level 16_Core[1,2,1]_[19009,42133].tif",FALSE,"/data_g1/AI_projects/projects/Immune_Cell_Prediction_WK/DIR/nhs/TMA 4 Level 16_Core[1,2,1]_[19009,42133]",0.4
"/data_g1/AI_projects/raw_data/PCITB_CRC/HE_raw_images/Tumor/TMA4/TMA 4 Level 16_Core[1,2,11]_[10107,41910].tif",FALSE,"/data_g1/AI_projects/projects/Immune_Cell_Prediction_WK/DIR/nhs/TMA 4 Level 16_Core[1,2,11]_[10107,41910]",0.4
"/data_g1/AI_projects/raw_data/PCITB_CRC/HE_raw_images/Tumor/TMA4/TMA 4 Level 1_Core[1,2,11]_[10762,40488].tif",FALSE,"/data_g1/AI_projects/projects/Immune_Cell_Prediction_WK/DIR/nhs/TMA 4 Level 1_Core[1,2,11]_[10762,40488]",0.4
"/data_g1/AI_projects/raw_data/PCITB_CRC/HE_raw_images/Tumor/TMA4/TMA 4 Level 16_Core[1,2,13]_[8450,41935].tif",FALSE,"/data_g1/AI_projects/projects/Immune_Cell_Prediction_WK/DIR/nhs/TMA 4 Level 16_Core[1,2,13]_[8450,41935]",0.4
"/data_g1/AI_projects/raw_data/PCITB_CRC/HE_raw_images/Tumor/TMA4/TMA 4 Level 1_Core[1,2,13]_[9105,40513].tif",FALSE,"/data_g1/AI_projects/projects/Immune_Cell_Prediction_WK/DIR/nhs/TMA 4 Level 1_Core[1,2,13]_[9105,40513]",0.4
"/data_g1/AI_projects/raw_data/PCITB_CRC/HE_raw_images/Tumor/TMA4/TMA 4 Level 16_Core[1,2,15]_[6595,41910].tif",FALSE,"/data_g1/AI_projects/projects/Immune_Cell_Prediction_WK/DIR/nhs/TMA 4 Level 16_Core[1,2,15]_[6595,41910]",0.4
"/data_g1/AI_projects/raw_data/PCITB_CRC/HE_raw_images/Tumor/TMA4/TMA 4 Level 1_Core[1,2,15]_[7349,40637].tif",FALSE,"/data_g1/AI_projects/projects/Immune_Cell_Prediction_WK/DIR/nhs/TMA 4 Level 1_Core[1,2,15]_[7349,40637]",0.4
"/data_g1/AI_projects/raw_data/PCITB_CRC/HE_raw_images/Tumor/TMA4/TMA 4 Level 16_Core[1,2,17]_[4790,41985].tif",FALSE,"/data_g1/AI_projects/projects/Immune_Cell_Prediction_WK/DIR/nhs/TMA 4 Level 16_Core[1,2,17]_[4790,41985]",0.4
"/data_g1/AI_projects/raw_data/PCITB_CRC/HE_raw_images/Tumor/TMA4/TMA 4 Level 1_Core[1,2,17]_[5519,40736].tif",FALSE,"/data_g1/AI_projects/projects/Immune_Cell_Prediction_WK/DIR/nhs/TMA 4 Level 1_Core[1,2,17]_[5519,40736]",0.4
"/data_g1/AI_projects/raw_data/PCITB_CRC/HE_raw_images/Tumor/TMA4/TMA 4 Level 1_Core[1,2,18]_[4654,40859].tif",FALSE,"/data_g1/AI_projects/projects/Immune_Cell_Prediction_WK/DIR/nhs/TMA 4 Level 1_Core[1,2,18]_[4654,40859]",0.4
"/data_g1/AI_projects/raw_data/PCITB_CRC/HE_raw_images/Tumor/TMA4/TMA 4 Level 16_Core[1,2,18]_[3925,42084].tif",FALSE,"/data_g1/AI_projects/projects/Immune_Cell_Prediction_WK/DIR/nhs/TMA 4 Level 16_Core[1,2,18]_[3925,42084]",0.4
"/data_g1/AI_projects/raw_data/PCITB_CRC/HE_raw_images/Tumor/TMA4/TMA 4 Level 16_Core[1,2,19]_[2960,42108].tif",FALSE,"/data_g1/AI_projects/projects/Immune_Cell_Prediction_WK/DIR/nhs/TMA 4 Level 16_Core[1,2,19]_[2960,42108]",0.4
"/data_g1/AI_projects/raw_data/PCITB_CRC/HE_raw_images/Tumor/TMA4/TMA 4 Level 1_Core[1,2,19]_[3714,40933].tif",FALSE,"/data_g1/AI_projects/projects/Immune_Cell_Prediction_WK/DIR/nhs/TMA 4 Level 1_Core[1,2,19]_[3714,40933]",0.4
"/data_g1/AI_projects/raw_data/PCITB_CRC/HE_raw_images/Tumor/TMA4/TMA 4 Level 1_Core[1,2,2]_[18675,40562].tif",FALSE,"/data_g1/AI_projects/projects/Immune_Cell_Prediction_WK/DIR/nhs/TMA 4 Level 1_Core[1,2,2]_[18675,40562]",0.4
"/data_g1/AI_projects/raw_data/PCITB_CRC/HE_raw_images/Tumor/TMA4/TMA 4 Level 1_Core[1,2,3]_[17859,40513].tif",FALSE,"/data_g1/AI_projects/projects/Immune_Cell_Prediction_WK/DIR/nhs/TMA 4 Level 1_Core[1,2,3]_[17859,40513]",0.4
"/data_g1/AI_projects/raw_data/PCITB_CRC/HE_raw_images/Tumor/TMA4/TMA 4 Level 16_Core[1,2,3]_[17204,42034].tif",FALSE,"/data_g1/AI_projects/projects/Immune_Cell_Prediction_WK/DIR/nhs/TMA 4 Level 16_Core[1,2,3]_[17204,42034]",0.4
"/data_g1/AI_projects/raw_data/PCITB_CRC/HE_raw_images/Tumor/TMA4/TMA 4 Level 1_Core[1,2,5]_[16087,40567].tif",FALSE,"/data_g1/AI_projects/projects/Immune_Cell_Prediction_WK/DIR/nhs/TMA 4 Level 1_Core[1,2,5]_[16087,40567]",0.4
"/data_g1/AI_projects/raw_data/PCITB_CRC/HE_raw_images/Tumor/TMA4/TMA 4 Level 16_Core[1,2,5]_[15439,41944].tif",FALSE,"/data_g1/AI_projects/projects/Immune_Cell_Prediction_WK/DIR/nhs/TMA 4 Level 16_Core[1,2,5]_[15439,41944]",0.4
"/data_g1/AI_projects/raw_data/PCITB_CRC/HE_raw_images/Tumor/TMA4/TMA 4 Level 1_Core[1,2,7]_[14347,40513].tif",FALSE,"/data_g1/AI_projects/projects/Immune_Cell_Prediction_WK/DIR/nhs/TMA 4 Level 1_Core[1,2,7]_[14347,40513]",0.4
"/data_g1/AI_projects/raw_data/PCITB_CRC/HE_raw_images/Tumor/TMA4/TMA 4 Level 1_Core[1,2,8]_[13284,40686].tif",FALSE,"/data_g1/AI_projects/projects/Immune_Cell_Prediction_WK/DIR/nhs/TMA 4 Level 1_Core[1,2,8]_[13284,40686]",0.4
"/data_g1/AI_projects/raw_data/PCITB_CRC/HE_raw_images/Tumor/TMA4/TMA 4 Level 16_Core[1,2,8]_[12777,41836].tif",FALSE,"/data_g1/AI_projects/projects/Immune_Cell_Prediction_WK/DIR/nhs/TMA 4 Level 16_Core[1,2,8]_[12777,41836]",0.4
"/data_g1/AI_projects/raw_data/PCITB_CRC/HE_raw_images/Tumor/TMA4/TMA 4 Level 1_Core[1,2,9]_[12443,40464].tif",FALSE,"/data_g1/AI_projects/projects/Immune_Cell_Prediction_WK/DIR/nhs/TMA 4 Level 1_Core[1,2,9]_[12443,40464]",0.4
"/data_g1/AI_projects/raw_data/PCITB_CRC/HE_raw_images/Tumor/TMA4/TMA 4 Level 16_Core[1,2,9]_[11838,41886].tif",FALSE,"/data_g1/AI_projects/projects/Immune_Cell_Prediction_WK/DIR/nhs/TMA 4 Level 16_Core[1,2,9]_[11838,41886]",0.4
"/data_g1/AI_projects/raw_data/PCITB_CRC/HE_raw_images/Tumor/TMA4/TMA 4 Level 1_Core[1,20,1]_[19824,55918].tif",FALSE,"/data_g1/AI_projects/projects/Immune_Cell_Prediction_WK/DIR/nhs/TMA 4 Level 1_Core[1,20,1]_[19824,55918]",0.4
"/data_g1/AI_projects/raw_data/PCITB_CRC/HE_raw_images/Tumor/TMA4/TMA 4 Level 16_Core[1,20,1]_[19021,56661].tif",FALSE,"/data_g1/AI_projects/projects/Immune_Cell_Prediction_WK/DIR/nhs/TMA 4 Level 16_Core[1,20,1]_[19021,56661]",0.4
"/data_g1/AI_projects/raw_data/PCITB_CRC/HE_raw_images/Tumor/TMA4/TMA 4 Level 16_Core[1,20,10]_[11306,56982].tif",FALSE,"/data_g1/AI_projects/projects/Immune_Cell_Prediction_WK/DIR/nhs/TMA 4 Level 16_Core[1,20,10]_[11306,56982]",0.4
"/data_g1/AI_projects/raw_data/PCITB_CRC/HE_raw_images/Tumor/TMA4/TMA 4 Level 1_Core[1,20,10]_[12159,56289].tif",FALSE,"/data_g1/AI_projects/projects/Immune_Cell_Prediction_WK/DIR/nhs/TMA 4 Level 1_Core[1,20,10]_[12159,56289]",0.4
"/data_g1/AI_projects/raw_data/PCITB_CRC/HE_raw_images/Tumor/TMA4/TMA 4 Level 16_Core[1,20,13]_[8166,56982].tif",FALSE,"/data_g1/AI_projects/projects/Immune_Cell_Prediction_WK/DIR/nhs/TMA 4 Level 16_Core[1,20,13]_[8166,56982]",0.4
"/data_g1/AI_projects/raw_data/PCITB_CRC/HE_raw_images/Tumor/TMA4/TMA 4 Level 16_Core[1,20,15]_[6583,56933].tif",FALSE,"/data_g1/AI_projects/projects/Immune_Cell_Prediction_WK/DIR/nhs/TMA 4 Level 16_Core[1,20,15]_[6583,56933]",0.4
"/data_g1/AI_projects/raw_data/PCITB_CRC/HE_raw_images/Tumor/TMA4/TMA 4 Level 1_Core[1,20,18]_[4839,56487].tif",FALSE,"/data_g1/AI_projects/projects/Immune_Cell_Prediction_WK/DIR/nhs/TMA 4 Level 1_Core[1,20,18]_[4839,56487]",0.4
"/data_g1/AI_projects/raw_data/PCITB_CRC/HE_raw_images/Tumor/TMA4/TMA 4 Level 16_Core[1,20,18]_[3888,56809].tif",FALSE,"/data_g1/AI_projects/projects/Immune_Cell_Prediction_WK/DIR/nhs/TMA 4 Level 16_Core[1,20,18]_[3888,56809]",0.4
"/data_g1/AI_projects/raw_data/PCITB_CRC/HE_raw_images/Tumor/TMA4/TMA 4 Level 16_Core[1,20,19]_[3022,56784].tif",FALSE,"/data_g1/AI_projects/projects/Immune_Cell_Prediction_WK/DIR/nhs/TMA 4 Level 16_Core[1,20,19]_[3022,56784]",0.4
"/data_g1/AI_projects/raw_data/PCITB_CRC/HE_raw_images/Tumor/TMA4/TMA 4 Level 1_Core[1,20,19]_[3974,56512].tif",FALSE,"/data_g1/AI_projects/projects/Immune_Cell_Prediction_WK/DIR/nhs/TMA 4 Level 1_Core[1,20,19]_[3974,56512]",0.4
"/data_g1/AI_projects/raw_data/PCITB_CRC/HE_raw_images/Tumor/TMA4/TMA 4 Level 16_Core[1,20,2]_[18082,56809].tif",FALSE,"/data_g1/AI_projects/projects/Immune_Cell_Prediction_WK/DIR/nhs/TMA 4 Level 16_Core[1,20,2]_[18082,56809]",0.4
"/data_g1/AI_projects/raw_data/PCITB_CRC/HE_raw_images/Tumor/TMA4/TMA 4 Level 16_Core[1,20,20]_[2182,56784].tif",FALSE,"/data_g1/AI_projects/projects/Immune_Cell_Prediction_WK/DIR/nhs/TMA 4 Level 16_Core[1,20,20]_[2182,56784]",0.4
"/data_g1/AI_projects/raw_data/PCITB_CRC/HE_raw_images/Tumor/TMA4/TMA 4 Level 1_Core[1,20,7]_[14804,56116].tif",FALSE,"/data_g1/AI_projects/projects/Immune_Cell_Prediction_WK/DIR/nhs/TMA 4 Level 1_Core[1,20,7]_[14804,56116]",0.4
"/data_g1/AI_projects/raw_data/PCITB_CRC/HE_raw_images/Tumor/TMA4/TMA 4 Level 16_Core[1,20,7]_[14150,56933].tif",FALSE,"/data_g1/AI_projects/projects/Immune_Cell_Prediction_WK/DIR/nhs/TMA 4 Level 16_Core[1,20,7]_[14150,56933]",0.4
"/data_g1/AI_projects/raw_data/PCITB_CRC/HE_raw_images/Tumor/TMA4/TMA 4 Level 1_Core[1,20,8]_[13939,56215].tif",FALSE,"/data_g1/AI_projects/projects/Immune_Cell_Prediction_WK/DIR/nhs/TMA 4 Level 1_Core[1,20,8]_[13939,56215]",0.4
"/data_g1/AI_projects/raw_data/PCITB_CRC/HE_raw_images/Tumor/TMA4/TMA 4 Level 16_Core[1,20,8]_[13359,56933].tif",FALSE,"/data_g1/AI_projects/projects/Immune_Cell_Prediction_WK/DIR/nhs/TMA 4 Level 16_Core[1,20,8]_[13359,56933]",0.4
"/data_g1/AI_projects/raw_data/PCITB_CRC/HE_raw_images/Tumor/TMA4/TMA 4 Level 16_Core[1,20,9]_[12097,57106].tif",FALSE,"/data_g1/AI_projects/projects/Immune_Cell_Prediction_WK/DIR/nhs/TMA 4 Level 16_Core[1,20,9]_[12097,57106]",0.4
"/data_g1/AI_projects/raw_data/PCITB_CRC/HE_raw_images/Tumor/TMA4/TMA 4 Level 1_Core[1,20,9]_[13049,56264].tif",FALSE,"/data_g1/AI_projects/projects/Immune_Cell_Prediction_WK/DIR/nhs/TMA 4 Level 1_Core[1,20,9]_[13049,56264]",0.4
"/data_g1/AI_projects/raw_data/PCITB_CRC/HE_raw_images/Tumor/TMA4/TMA 4 Level 16_Core[1,3,10]_[11046,42702].tif",FALSE,"/data_g1/AI_projects/projects/Immune_Cell_Prediction_WK/DIR/nhs/TMA 4 Level 16_Core[1,3,10]_[11046,42702]",0.4
"/data_g1/AI_projects/raw_data/PCITB_CRC/HE_raw_images/Tumor/TMA4/TMA 4 Level 1_Core[1,3,11]_[10811,41378].tif",FALSE,"/data_g1/AI_projects/projects/Immune_Cell_Prediction_WK/DIR/nhs/TMA 4 Level 1_Core[1,3,11]_[10811,41378]",0.4
"/data_g1/AI_projects/raw_data/PCITB_CRC/HE_raw_images/Tumor/TMA4/TMA 4 Level 16_Core[1,3,11]_[10156,42751].tif",FALSE,"/data_g1/AI_projects/projects/Immune_Cell_Prediction_WK/DIR/nhs/TMA 4 Level 16_Core[1,3,11]_[10156,42751]",0.4
"/data_g1/AI_projects/raw_data/PCITB_CRC/HE_raw_images/Tumor/TMA4/TMA 4 Level 16_Core[1,3,12]_[9217,42751].tif",FALSE,"/data_g1/AI_projects/projects/Immune_Cell_Prediction_WK/DIR/nhs/TMA 4 Level 16_Core[1,3,12]_[9217,42751]",0.4
"/data_g1/AI_projects/raw_data/PCITB_CRC/HE_raw_images/Tumor/TMA4/TMA 4 Level 1_Core[1,3,12]_[9946,41354].tif",FALSE,"/data_g1/AI_projects/projects/Immune_Cell_Prediction_WK/DIR/nhs/TMA 4 Level 1_Core[1,3,12]_[9946,41354]",0.4
"/data_g1/AI_projects/raw_data/PCITB_CRC/HE_raw_images/Tumor/TMA4/TMA 4 Level 1_Core[1,3,13]_[9198,41387].tif",FALSE,"/data_g1/AI_projects/projects/Immune_Cell_Prediction_WK/DIR/nhs/TMA 4 Level 1_Core[1,3,13]_[9198,41387]",0.4
"/data_g1/AI_projects/raw_data/PCITB_CRC/HE_raw_images/Tumor/TMA4/TMA 4 Level 16_Core[1,3,13]_[8473,42748].tif",FALSE,"/data_g1/AI_projects/projects/Immune_Cell_Prediction_WK/DIR/nhs/TMA 4 Level 16_Core[1,3,13]_[8473,42748]",0.4
"/data_g1/AI_projects/raw_data/PCITB_CRC/HE_raw_images/Tumor/TMA4/TMA 4 Level 1_Core[1,3,14]_[8215,41378].tif",FALSE,"/data_g1/AI_projects/projects/Immune_Cell_Prediction_WK/DIR/nhs/TMA 4 Level 1_Core[1,3,14]_[8215,41378]",0.4
"/data_g1/AI_projects/raw_data/PCITB_CRC/HE_raw_images/Tumor/TMA4/TMA 4 Level 16_Core[1,3,14]_[7585,42702].tif",FALSE,"/data_g1/AI_projects/projects/Immune_Cell_Prediction_WK/DIR/nhs/TMA 4 Level 16_Core[1,3,14]_[7585,42702]",0.4
"/data_g1/AI_projects/raw_data/PCITB_CRC/HE_raw_images/Tumor/TMA4/TMA 4 Level 1_Core[1,3,15]_[7325,41502].tif",FALSE,"/data_g1/AI_projects/projects/Immune_Cell_Prediction_WK/DIR/nhs/TMA 4 Level 1_Core[1,3,15]_[7325,41502]",0.4
"/data_g1/AI_projects/raw_data/PCITB_CRC/HE_raw_images/Tumor/TMA4/TMA 4 Level 16_Core[1,3,15]_[6497,42801].tif",FALSE,"/data_g1/AI_projects/projects/Immune_Cell_Prediction_WK/DIR/nhs/TMA 4 Level 16_Core[1,3,15]_[6497,42801]",0.4
"/data_g1/AI_projects/raw_data/PCITB_CRC/HE_raw_images/Tumor/TMA4/TMA 4 Level 16_Core[1,3,16]_[5656,42751].tif",FALSE,"/data_g1/AI_projects/projects/Immune_Cell_Prediction_WK/DIR/nhs/TMA 4 Level 16_Core[1,3,16]_[5656,42751]",0.4
"/data_g1/AI_projects/raw_data/PCITB_CRC/HE_raw_images/Tumor/TMA4/TMA 4 Level 1_Core[1,3,16]_[6360,41477].tif",FALSE,"/data_g1/AI_projects/projects/Immune_Cell_Prediction_WK/DIR/nhs/TMA 4 Level 1_Core[1,3,16]_[6360,41477]",0.4
"/data_g1/AI_projects/raw_data/PCITB_CRC/HE_raw_images/Tumor/TMA4/TMA 4 Level 1_Core[1,3,17]_[5495,41576].tif",FALSE,"/data_g1/AI_projects/projects/Immune_Cell_Prediction_WK/DIR/nhs/TMA 4 Level 1_Core[1,3,17]_[5495,41576]",0.4
"/data_g1/AI_projects/raw_data/PCITB_CRC/HE_raw_images/Tumor/TMA4/TMA 4 Level 16_Core[1,3,17]_[4741,42801].tif",FALSE,"/data_g1/AI_projects/projects/Immune_Cell_Prediction_WK/DIR/nhs/TMA 4 Level 16_Core[1,3,17]_[4741,42801]",0.4
"/data_g1/AI_projects/raw_data/PCITB_CRC/HE_raw_images/Tumor/TMA4/TMA 4 Level 16_Core[1,3,19]_[2936,42974].tif",FALSE,"/data_g1/AI_projects/projects/Immune_Cell_Prediction_WK/DIR/nhs/TMA 4 Level 16_Core[1,3,19]_[2936,42974]",0.4
"/data_g1/AI_projects/raw_data/PCITB_CRC/HE_raw_images/Tumor/TMA4/TMA 4 Level 1_Core[1,3,19]_[3640,41824].tif",FALSE,"/data_g1/AI_projects/projects/Immune_Cell_Prediction_WK/DIR/nhs/TMA 4 Level 1_Core[1,3,19]_[3640,41824]",0.4
"/data_g1/AI_projects/raw_data/PCITB_CRC/HE_raw_images/Tumor/TMA4/TMA 4 Level 16_Core[1,3,2]_[18218,42924].tif",FALSE,"/data_g1/AI_projects/projects/Immune_Cell_Prediction_WK/DIR/nhs/TMA 4 Level 16_Core[1,3,2]_[18218,42924]",0.4
"/data_g1/AI_projects/raw_data/PCITB_CRC/HE_raw_images/Tumor/TMA4/TMA 4 Level 16_Core[1,3,20]_[1897,43097].tif",FALSE,"/data_g1/AI_projects/projects/Immune_Cell_Prediction_WK/DIR/nhs/TMA 4 Level 16_Core[1,3,20]_[1897,43097]",0.4
"/data_g1/AI_projects/raw_data/PCITB_CRC/HE_raw_images/Tumor/TMA4/TMA 4 Level 1_Core[1,3,20]_[2626,41922].tif",FALSE,"/data_g1/AI_projects/projects/Immune_Cell_Prediction_WK/DIR/nhs/TMA 4 Level 1_Core[1,3,20]_[2626,41922]",0.4
"/data_g1/AI_projects/raw_data/PCITB_CRC/HE_raw_images/Tumor/TMA4/TMA 4 Level 16_Core[1,3,3]_[17377,42801].tif",FALSE,"/data_g1/AI_projects/projects/Immune_Cell_Prediction_WK/DIR/nhs/TMA 4 Level 16_Core[1,3,3]_[17377,42801]",0.4
"/data_g1/AI_projects/raw_data/PCITB_CRC/HE_raw_images/Tumor/TMA4/TMA 4 Level 1_Core[1,3,3]_[18032,41502].tif",FALSE,"/data_g1/AI_projects/projects/Immune_Cell_Prediction_WK/DIR/nhs/TMA 4 Level 1_Core[1,3,3]_[18032,41502]",0.4
"/data_g1/AI_projects/raw_data/PCITB_CRC/HE_raw_images/Tumor/TMA4/TMA 4 Level 16_Core[1,3,4]_[16462,42726].tif",FALSE,"/data_g1/AI_projects/projects/Immune_Cell_Prediction_WK/DIR/nhs/TMA 4 Level 16_Core[1,3,4]_[16462,42726]",0.4
"/data_g1/AI_projects/raw_data/PCITB_CRC/HE_raw_images/Tumor/TMA4/TMA 4 Level 1_Core[1,3,4]_[17067,41428].tif",FALSE,"/data_g1/AI_projects/projects/Immune_Cell_Prediction_WK/DIR/nhs/TMA 4 Level 1_Core[1,3,4]_[17067,41428]",0.4
"/data_g1/AI_projects/raw_data/PCITB_CRC/HE_raw_images/Tumor/TMA4/TMA 4 Level 1_Core[1,3,7]_[14323,41354].tif",FALSE,"/data_g1/AI_projects/projects/Immune_Cell_Prediction_WK/DIR/nhs/TMA 4 Level 1_Core[1,3,7]_[14323,41354]",0.4
"/data_g1/AI_projects/raw_data/PCITB_CRC/HE_raw_images/Tumor/TMA4/TMA 4 Level 16_Core[1,3,7]_[13643,42751].tif",FALSE,"/data_g1/AI_projects/projects/Immune_Cell_Prediction_WK/DIR/nhs/TMA 4 Level 16_Core[1,3,7]_[13643,42751]",0.4
"/data_g1/AI_projects/raw_data/PCITB_CRC/HE_raw_images/Tumor/TMA4/TMA 4 Level 16_Core[1,3,8]_[12777,42801].tif",FALSE,"/data_g1/AI_projects/projects/Immune_Cell_Prediction_WK/DIR/nhs/TMA 4 Level 16_Core[1,3,8]_[12777,42801]",0.4
"/data_g1/AI_projects/raw_data/PCITB_CRC/HE_raw_images/Tumor/TMA4/TMA 4 Level 1_Core[1,3,8]_[13408,41453].tif",FALSE,"/data_g1/AI_projects/projects/Immune_Cell_Prediction_WK/DIR/nhs/TMA 4 Level 1_Core[1,3,8]_[13408,41453]",0.4
"/data_g1/AI_projects/raw_data/PCITB_CRC/HE_raw_images/Tumor/TMA4/TMA 4 Level 16_Core[1,3,9]_[11912,42726].tif",FALSE,"/data_g1/AI_projects/projects/Immune_Cell_Prediction_WK/DIR/nhs/TMA 4 Level 16_Core[1,3,9]_[11912,42726]",0.4
"/data_g1/AI_projects/raw_data/PCITB_CRC/HE_raw_images/Tumor/TMA4/TMA 4 Level 1_Core[1,3,9]_[12567,41354].tif",FALSE,"/data_g1/AI_projects/projects/Immune_Cell_Prediction_WK/DIR/nhs/TMA 4 Level 1_Core[1,3,9]_[12567,41354]",0.4
"/data_g1/AI_projects/raw_data/PCITB_CRC/HE_raw_images/Tumor/TMA4/TMA 4 Level 1_Core[1,4,10]_[11701,42145].tif",FALSE,"/data_g1/AI_projects/projects/Immune_Cell_Prediction_WK/DIR/nhs/TMA 4 Level 1_Core[1,4,10]_[11701,42145]",0.4
"/data_g1/AI_projects/raw_data/PCITB_CRC/HE_raw_images/Tumor/TMA4/TMA 4 Level 1_Core[1,4,12]_[9995,42269].tif",FALSE,"/data_g1/AI_projects/projects/Immune_Cell_Prediction_WK/DIR/nhs/TMA 4 Level 1_Core[1,4,12]_[9995,42269]",0.4
"/data_g1/AI_projects/raw_data/PCITB_CRC/HE_raw_images/Tumor/TMA4/TMA 4 Level 16_Core[1,4,12]_[9316,43617].tif",FALSE,"/data_g1/AI_projects/projects/Immune_Cell_Prediction_WK/DIR/nhs/TMA 4 Level 16_Core[1,4,12]_[9316,43617]",0.4
"/data_g1/AI_projects/raw_data/PCITB_CRC/HE_raw_images/Tumor/TMA4/TMA 4 Level 16_Core[1,4,14]_[7436,43617].tif",FALSE,"/data_g1/AI_projects/projects/Immune_Cell_Prediction_WK/DIR/nhs/TMA 4 Level 16_Core[1,4,14]_[7436,43617]",0.4
"/data_g1/AI_projects/raw_data/PCITB_CRC/HE_raw_images/Tumor/TMA4/TMA 4 Level 1_Core[1,4,14]_[8165,42244].tif",FALSE,"/data_g1/AI_projects/projects/Immune_Cell_Prediction_WK/DIR/nhs/TMA 4 Level 1_Core[1,4,14]_[8165,42244]",0.4
"/data_g1/AI_projects/raw_data/PCITB_CRC/HE_raw_images/Tumor/TMA4/TMA 4 Level 16_Core[1,4,16]_[5582,43716].tif",FALSE,"/data_g1/AI_projects/projects/Immune_Cell_Prediction_WK/DIR/nhs/TMA 4 Level 16_Core[1,4,16]_[5582,43716]",0.4
"/data_g1/AI_projects/raw_data/PCITB_CRC/HE_raw_images/Tumor/TMA4/TMA 4 Level 1_Core[1,4,16]_[6410,42516].tif",FALSE,"/data_g1/AI_projects/projects/Immune_Cell_Prediction_WK/DIR/nhs/TMA 4 Level 1_Core[1,4,16]_[6410,42516]",0.4
"/data_g1/AI_projects/raw_data/PCITB_CRC/HE_raw_images/Tumor/TMA4/TMA 4 Level 16_Core[1,4,2]_[18292,43716].tif",FALSE,"/data_g1/AI_projects/projects/Immune_Cell_Prediction_WK/DIR/nhs/TMA 4 Level 16_Core[1,4,2]_[18292,43716]",0.4
"/data_g1/AI_projects/raw_data/PCITB_CRC/HE_raw_images/Tumor/TMA4/TMA 4 Level 16_Core[1,4,3]_[17402,43617].tif",FALSE,"/data_g1/AI_projects/projects/Immune_Cell_Prediction_WK/DIR/nhs/TMA 4 Level 16_Core[1,4,3]_[17402,43617]",0.4
"/data_g1/AI_projects/raw_data/PCITB_CRC/HE_raw_images/Tumor/TMA4/TMA 4 Level 1_Core[1,4,3]_[17933,42368].tif",FALSE,"/data_g1/AI_projects/projects/Immune_Cell_Prediction_WK/DIR/nhs/TMA 4 Level 1_Core[1,4,3]_[17933,42368]",0.4
"/data_g1/AI_projects/raw_data/PCITB_CRC/HE_raw_images/Tumor/TMA4/TMA 4 Level 1_Core[1,4,4]_[17043,42318].tif",FALSE,"/data_g1/AI_projects/projects/Immune_Cell_Prediction_WK/DIR/nhs/TMA 4 Level 1_Core[1,4,4]_[17043,42318]",0.4
"/data_g1/AI_projects/raw_data/PCITB_CRC/HE_raw_images/Tumor/TMA4/TMA 4 Level 16_Core[1,4,4]_[16462,43592].tif",FALSE,"/data_g1/AI_projects/projects/Immune_Cell_Prediction_WK/DIR/nhs/TMA 4 Level 16_Core[1,4,4]_[16462,43592]",0.4
"/data_g1/AI_projects/raw_data/PCITB_CRC/HE_raw_images/Tumor/TMA4/TMA 4 Level 16_Core[1,4,6]_[14558,43567].tif",FALSE,"/data_g1/AI_projects/projects/Immune_Cell_Prediction_WK/DIR/nhs/TMA 4 Level 16_Core[1,4,6]_[14558,43567]",0.4
"/data_g1/AI_projects/raw_data/PCITB_CRC/HE_raw_images/Tumor/TMA4/TMA 4 Level 16_Core[1,4,8]_[12802,43567].tif",FALSE,"/data_g1/AI_projects/projects/Immune_Cell_Prediction_WK/DIR/nhs/TMA 4 Level 16_Core[1,4,8]_[12802,43567]",0.4
"/data_g1/AI_projects/raw_data/PCITB_CRC/HE_raw_images/Tumor/TMA4/TMA 4 Level 1_Core[1,4,8]_[13408,42219].tif",FALSE,"/data_g1/AI_projects/projects/Immune_Cell_Prediction_WK/DIR/nhs/TMA 4 Level 1_Core[1,4,8]_[13408,42219]",0.4
"/data_g1/AI_projects/raw_data/PCITB_CRC/HE_raw_images/Tumor/TMA4/TMA 4 Level 1_Core[1,4,9]_[12616,42219].tif",FALSE,"/data_g1/AI_projects/projects/Immune_Cell_Prediction_WK/DIR/nhs/TMA 4 Level 1_Core[1,4,9]_[12616,42219]",0.4
"/data_g1/AI_projects/raw_data/PCITB_CRC/HE_raw_images/Tumor/TMA4/TMA 4 Level 16_Core[1,4,9]_[11961,43542].tif",FALSE,"/data_g1/AI_projects/projects/Immune_Cell_Prediction_WK/DIR/nhs/TMA 4 Level 16_Core[1,4,9]_[11961,43542]",0.4
"/data_g1/AI_projects/raw_data/PCITB_CRC/HE_raw_images/Tumor/TMA4/TMA 4 Level 1_Core[1,5,1]_[19565,43159].tif",FALSE,"/data_g1/AI_projects/projects/Immune_Cell_Prediction_WK/DIR/nhs/TMA 4 Level 1_Core[1,5,1]_[19565,43159]",0.4
"/data_g1/AI_projects/raw_data/PCITB_CRC/HE_raw_images/Tumor/TMA4/TMA 4 Level 16_Core[1,5,1]_[19083,44433].tif",FALSE,"/data_g1/AI_projects/projects/Immune_Cell_Prediction_WK/DIR/nhs/TMA 4 Level 16_Core[1,5,1]_[19083,44433]",0.4
"/data_g1/AI_projects/raw_data/PCITB_CRC/HE_raw_images/Tumor/TMA4/TMA 4 Level 16_Core[1,5,10]_[11071,44383].tif",FALSE,"/data_g1/AI_projects/projects/Immune_Cell_Prediction_WK/DIR/nhs/TMA 4 Level 16_Core[1,5,10]_[11071,44383]",0.4
"/data_g1/AI_projects/raw_data/PCITB_CRC/HE_raw_images/Tumor/TMA4/TMA 4 Level 1_Core[1,5,11]_[10836,43085].tif",FALSE,"/data_g1/AI_projects/projects/Immune_Cell_Prediction_WK/DIR/nhs/TMA 4 Level 1_Core[1,5,11]_[10836,43085]",0.4
"/data_g1/AI_projects/raw_data/PCITB_CRC/HE_raw_images/Tumor/TMA4/TMA 4 Level 16_Core[1,5,11]_[10156,44408].tif",FALSE,"/data_g1/AI_projects/projects/Immune_Cell_Prediction_WK/DIR/nhs/TMA 4 Level 16_Core[1,5,11]_[10156,44408]",0.4
"/data_g1/AI_projects/raw_data/PCITB_CRC/HE_raw_images/Tumor/TMA4/TMA 4 Level 1_Core[1,5,12]_[9970,43159].tif",FALSE,"/data_g1/AI_projects/projects/Immune_Cell_Prediction_WK/DIR/nhs/TMA 4 Level 1_Core[1,5,12]_[9970,43159]",0.4
"/data_g1/AI_projects/raw_data/PCITB_CRC/HE_raw_images/Tumor/TMA4/TMA 4 Level 16_Core[1,5,12]_[9291,44482].tif",FALSE,"/data_g1/AI_projects/projects/Immune_Cell_Prediction_WK/DIR/nhs/TMA 4 Level 16_Core[1,5,12]_[9291,44482]",0.4
"/data_g1/AI_projects/raw_data/PCITB_CRC/HE_raw_images/Tumor/TMA4/TMA 4 Level 16_Core[1,5,14]_[7412,44458].tif",FALSE,"/data_g1/AI_projects/projects/Immune_Cell_Prediction_WK/DIR/nhs/TMA 4 Level 16_Core[1,5,14]_[7412,44458]",0.4
"/data_g1/AI_projects/raw_data/PCITB_CRC/HE_raw_images/Tumor/TMA4/TMA 4 Level 1_Core[1,5,14]_[8289,43233].tif",FALSE,"/data_g1/AI_projects/projects/Immune_Cell_Prediction_WK/DIR/nhs/TMA 4 Level 1_Core[1,5,14]_[8289,43233]",0.4
"/data_g1/AI_projects/raw_data/PCITB_CRC/HE_raw_images/Tumor/TMA4/TMA 4 Level 1_Core[1,5,15]_[7275,43282].tif",FALSE,"/data_g1/AI_projects/projects/Immune_Cell_Prediction_WK/DIR/nhs/TMA 4 Level 1_Core[1,5,15]_[7275,43282]",0.4
"/data_g1/AI_projects/raw_data/PCITB_CRC/HE_raw_images/Tumor/TMA4/TMA 4 Level 16_Core[1,5,15]_[6422,44458].tif",FALSE,"/data_g1/AI_projects/projects/Immune_Cell_Prediction_WK/DIR/nhs/TMA 4 Level 16_Core[1,5,15]_[6422,44458]",0.4
"/data_g1/AI_projects/raw_data/PCITB_CRC/HE_raw_images/Tumor/TMA4/TMA 4 Level 16_Core[1,5,17]_[4691,44458].tif",FALSE,"/data_g1/AI_projects/projects/Immune_Cell_Prediction_WK/DIR/nhs/TMA 4 Level 16_Core[1,5,17]_[4691,44458]",0.4
"/data_g1/AI_projects/raw_data/PCITB_CRC/HE_raw_images/Tumor/TMA4/TMA 4 Level 16_Core[1,5,18]_[3776,44532].tif",FALSE,"/data_g1/AI_projects/projects/Immune_Cell_Prediction_WK/DIR/nhs/TMA 4 Level 16_Core[1,5,18]_[3776,44532]",0.4
"/data_g1/AI_projects/raw_data/PCITB_CRC/HE_raw_images/Tumor/TMA4/TMA 4 Level 1_Core[1,5,2]_[18897,43258].tif",FALSE,"/data_g1/AI_projects/projects/Immune_Cell_Prediction_WK/DIR/nhs/TMA 4 Level 1_Core[1,5,2]_[18897,43258]",0.4
"/data_g1/AI_projects/raw_data/PCITB_CRC/HE_raw_images/Tumor/TMA4/TMA 4 Level 16_Core[1,5,2]_[18292,44532].tif",FALSE,"/data_g1/AI_projects/projects/Immune_Cell_Prediction_WK/DIR/nhs/TMA 4 Level 16_Core[1,5,2]_[18292,44532]",0.4
"/data_g1/AI_projects/raw_data/PCITB_CRC/HE_raw_images/Tumor/TMA4/TMA 4 Level 1_Core[1,5,3]_[17982,43184].tif",FALSE,"/data_g1/AI_projects/projects/Immune_Cell_Prediction_WK/DIR/nhs/TMA 4 Level 1_Core[1,5,3]_[17982,43184]",0.4
"/data_g1/AI_projects/raw_data/PCITB_CRC/HE_raw_images/Tumor/TMA4/TMA 4 Level 16_Core[1,5,3]_[17426,44408].tif",FALSE,"/data_g1/AI_projects/projects/Immune_Cell_Prediction_WK/DIR/nhs/TMA 4 Level 16_Core[1,5,3]_[17426,44408]",0.4
"/data_g1/AI_projects/raw_data/PCITB_CRC/HE_raw_images/Tumor/TMA4/TMA 4 Level 1_Core[1,5,4]_[17067,43159].tif",FALSE,"/data_g1/AI_projects/projects/Immune_Cell_Prediction_WK/DIR/nhs/TMA 4 Level 1_Core[1,5,4]_[17067,43159]",0.4
"/data_g1/AI_projects/raw_data/PCITB_CRC/HE_raw_images/Tumor/TMA4/TMA 4 Level 16_Core[1,5,4]_[16511,44383].tif",FALSE,"/data_g1/AI_projects/projects/Immune_Cell_Prediction_WK/DIR/nhs/TMA 4 Level 16_Core[1,5,4]_[16511,44383]",0.4
"/data_g1/AI_projects/raw_data/PCITB_CRC/HE_raw_images/Tumor/TMA4/TMA 4 Level 16_Core[1,5,5]_[15621,44359].tif",FALSE,"/data_g1/AI_projects/projects/Immune_Cell_Prediction_WK/DIR/nhs/TMA 4 Level 16_Core[1,5,5]_[15621,44359]",0.4
"/data_g1/AI_projects/raw_data/PCITB_CRC/HE_raw_images/Tumor/TMA4/TMA 4 Level 1_Core[1,5,5]_[16251,43110].tif",FALSE,"/data_g1/AI_projects/projects/Immune_Cell_Prediction_WK/DIR/nhs/TMA 4 Level 1_Core[1,5,5]_[16251,43110]",0.4
"/data_g1/AI_projects/raw_data/PCITB_CRC/HE_raw_images/Tumor/TMA4/TMA 4 Level 1_Core[1,5,6]_[15361,43159].tif",FALSE,"/data_g1/AI_projects/projects/Immune_Cell_Prediction_WK/DIR/nhs/TMA 4 Level 1_Core[1,5,6]_[15361,43159]",0.4
"/data_g1/AI_projects/raw_data/PCITB_CRC/HE_raw_images/Tumor/TMA4/TMA 4 Level 16_Core[1,5,6]_[14706,44408].tif",FALSE,"/data_g1/AI_projects/projects/Immune_Cell_Prediction_WK/DIR/nhs/TMA 4 Level 16_Core[1,5,6]_[14706,44408]",0.4
"/data_g1/AI_projects/raw_data/PCITB_CRC/HE_raw_images/Tumor/TMA4/TMA 4 Level 1_Core[1,5,8]_[13383,43060].tif",FALSE,"/data_g1/AI_projects/projects/Immune_Cell_Prediction_WK/DIR/nhs/TMA 4 Level 1_Core[1,5,8]_[13383,43060]",0.4
"/data_g1/AI_projects/raw_data/PCITB_CRC/HE_raw_images/Tumor/TMA4/TMA 4 Level 16_Core[1,5,8]_[12753,44334].tif",FALSE,"/data_g1/AI_projects/projects/Immune_Cell_Prediction_WK/DIR/nhs/TMA 4 Level 16_Core[1,5,8]_[12753,44334]",0.4
"/data_g1/AI_projects/raw_data/PCITB_CRC/HE_raw_images/Tumor/TMA4/TMA 4 Level 16_Core[1,5,9]_[11937,44359].tif",FALSE,"/data_g1/AI_projects/projects/Immune_Cell_Prediction_WK/DIR/nhs/TMA 4 Level 16_Core[1,5,9]_[11937,44359]",0.4
"/data_g1/AI_projects/raw_data/PCITB_CRC/HE_raw_images/Tumor/TMA4/TMA 4 Level 16_Core[1,6,1]_[19303,45382].tif",FALSE,"/data_g1/AI_projects/projects/Immune_Cell_Prediction_WK/DIR/nhs/TMA 4 Level 16_Core[1,6,1]_[19303,45382]",0.4
"/data_g1/AI_projects/raw_data/PCITB_CRC/HE_raw_images/Tumor/TMA4/TMA 4 Level 16_Core[1,6,11]_[10156,45274].tif",FALSE,"/data_g1/AI_projects/projects/Immune_Cell_Prediction_WK/DIR/nhs/TMA 4 Level 16_Core[1,6,11]_[10156,45274]",0.4
"/data_g1/AI_projects/raw_data/PCITB_CRC/HE_raw_images/Tumor/TMA4/TMA 4 Level 1_Core[1,6,11]_[10861,43950].tif",FALSE,"/data_g1/AI_projects/projects/Immune_Cell_Prediction_WK/DIR/nhs/TMA 4 Level 1_Core[1,6,11]_[10861,43950]",0.4
"/data_g1/AI_projects/raw_data/PCITB_CRC/HE_raw_images/Tumor/TMA4/TMA 4 Level 1_Core[1,6,13]_[9130,44099].tif",FALSE,"/data_g1/AI_projects/projects/Immune_Cell_Prediction_WK/DIR/nhs/TMA 4 Level 1_Core[1,6,13]_[9130,44099]",0.4
"/data_g1/AI_projects/raw_data/PCITB_CRC/HE_raw_images/Tumor/TMA4/TMA 4 Level 16_Core[1,6,13]_[8450,45323].tif",FALSE,"/data_g1/AI_projects/projects/Immune_Cell_Prediction_WK/DIR/nhs/TMA 4 Level 16_Core[1,6,13]_[8450,45323]",0.4
"/data_g1/AI_projects/raw_data/PCITB_CRC/HE_raw_images/Tumor/TMA4/TMA 4 Level 16_Core[1,6,15]_[6521,45397].tif",FALSE,"/data_g1/AI_projects/projects/Immune_Cell_Prediction_WK/DIR/nhs/TMA 4 Level 16_Core[1,6,15]_[6521,45397]",0.4
"/data_g1/AI_projects/raw_data/PCITB_CRC/HE_raw_images/Tumor/TMA4/TMA 4 Level 1_Core[1,6,15]_[7226,44222].tif",FALSE,"/data_g1/AI_projects/projects/Immune_Cell_Prediction_WK/DIR/nhs/TMA 4 Level 1_Core[1,6,15]_[7226,44222]",0.4
"/data_g1/AI_projects/raw_data/PCITB_CRC/HE_raw_images/Tumor/TMA4/TMA 4 Level 16_Core[1,6,17]_[4593,45496].tif",FALSE,"/data_g1/AI_projects/projects/Immune_Cell_Prediction_WK/DIR/nhs/TMA 4 Level 16_Core[1,6,17]_[4593,45496]",0.4
"/data_g1/AI_projects/raw_data/PCITB_CRC/HE_raw_images/Tumor/TMA4/TMA 4 Level 1_Core[1,6,17]_[5445,44321].tif",FALSE,"/data_g1/AI_projects/projects/Immune_Cell_Prediction_WK/DIR/nhs/TMA 4 Level 1_Core[1,6,17]_[5445,44321]",0.4
"/data_g1/AI_projects/raw_data/PCITB_CRC/HE_raw_images/Tumor/TMA4/TMA 4 Level 16_Core[1,6,19]_[2960,45397].tif",FALSE,"/data_g1/AI_projects/projects/Immune_Cell_Prediction_WK/DIR/nhs/TMA 4 Level 16_Core[1,6,19]_[2960,45397]",0.4
"/data_g1/AI_projects/raw_data/PCITB_CRC/HE_raw_images/Tumor/TMA4/TMA 4 Level 1_Core[1,6,19]_[3887,44173].tif",FALSE,"/data_g1/AI_projects/projects/Immune_Cell_Prediction_WK/DIR/nhs/TMA 4 Level 1_Core[1,6,19]_[3887,44173]",0.4
"/data_g1/AI_projects/raw_data/PCITB_CRC/HE_raw_images/Tumor/TMA4/TMA 4 Level 16_Core[1,6,3]_[17451,45249].tif",FALSE,"/data_g1/AI_projects/projects/Immune_Cell_Prediction_WK/DIR/nhs/TMA 4 Level 16_Core[1,6,3]_[17451,45249]",0.4
"/data_g1/AI_projects/raw_data/PCITB_CRC/HE_raw_images/Tumor/TMA4/TMA 4 Level 16_Core[1,6,5]_[15646,45199].tif",FALSE,"/data_g1/AI_projects/projects/Immune_Cell_Prediction_WK/DIR/nhs/TMA 4 Level 16_Core[1,6,5]_[15646,45199]",0.4
"/data_g1/AI_projects/raw_data/PCITB_CRC/HE_raw_images/Tumor/TMA4/TMA 4 Level 1_Core[1,6,5]_[16276,43975].tif",FALSE,"/data_g1/AI_projects/projects/Immune_Cell_Prediction_WK/DIR/nhs/TMA 4 Level 1_Core[1,6,5]_[16276,43975]",0.4
"/data_g1/AI_projects/raw_data/PCITB_CRC/HE_raw_images/Tumor/TMA4/TMA 4 Level 1_Core[1,6,7]_[14515,44040].tif",FALSE,"/data_g1/AI_projects/projects/Immune_Cell_Prediction_WK/DIR/nhs/TMA 4 Level 1_Core[1,6,7]_[14515,44040]",0.4
"/data_g1/AI_projects/raw_data/PCITB_CRC/HE_raw_images/Tumor/TMA4/TMA 4 Level 16_Core[1,6,7]_[13915,45323].tif",FALSE,"/data_g1/AI_projects/projects/Immune_Cell_Prediction_WK/DIR/nhs/TMA 4 Level 16_Core[1,6,7]_[13915,45323]",0.4
"/data_g1/AI_projects/raw_data/PCITB_CRC/HE_raw_images/Tumor/TMA4/TMA 4 Level 1_Core[1,8,1]_[20109,45756].tif",FALSE,"/data_g1/AI_projects/projects/Immune_Cell_Prediction_WK/DIR/nhs/TMA 4 Level 1_Core[1,8,1]_[20109,45756]",0.4
"/data_g1/AI_projects/raw_data/PCITB_CRC/HE_raw_images/Tumor/TMA4/TMA 4 Level 16_Core[1,8,1]_[19553,46930].tif",FALSE,"/data_g1/AI_projects/projects/Immune_Cell_Prediction_WK/DIR/nhs/TMA 4 Level 16_Core[1,8,1]_[19553,46930]",0.4
"/data_g1/AI_projects/raw_data/PCITB_CRC/HE_raw_images/Tumor/TMA4/TMA 4 Level 16_Core[1,8,10]_[11269,46782].tif",FALSE,"/data_g1/AI_projects/projects/Immune_Cell_Prediction_WK/DIR/nhs/TMA 4 Level 16_Core[1,8,10]_[11269,46782]",0.4
"/data_g1/AI_projects/raw_data/PCITB_CRC/HE_raw_images/Tumor/TMA4/TMA 4 Level 16_Core[1,8,12]_[9142,46831].tif",FALSE,"/data_g1/AI_projects/projects/Immune_Cell_Prediction_WK/DIR/nhs/TMA 4 Level 16_Core[1,8,12]_[9142,46831]",0.4
"/data_g1/AI_projects/raw_data/PCITB_CRC/HE_raw_images/Tumor/TMA4/TMA 4 Level 16_Core[1,8,14]_[7387,46831].tif",FALSE,"/data_g1/AI_projects/projects/Immune_Cell_Prediction_WK/DIR/nhs/TMA 4 Level 16_Core[1,8,14]_[7387,46831]",0.4
"/data_g1/AI_projects/raw_data/PCITB_CRC/HE_raw_images/Tumor/TMA4/TMA 4 Level 16_Core[1,8,15]_[6398,46807].tif",FALSE,"/data_g1/AI_projects/projects/Immune_Cell_Prediction_WK/DIR/nhs/TMA 4 Level 16_Core[1,8,15]_[6398,46807]",0.4
"/data_g1/AI_projects/raw_data/PCITB_CRC/HE_raw_images/Tumor/TMA4/TMA 4 Level 1_Core[1,8,16]_[6336,45706].tif",FALSE,"/data_g1/AI_projects/projects/Immune_Cell_Prediction_WK/DIR/nhs/TMA 4 Level 1_Core[1,8,16]_[6336,45706]",0.4
"/data_g1/AI_projects/raw_data/PCITB_CRC/HE_raw_images/Tumor/TMA4/TMA 4 Level 16_Core[1,8,16]_[5507,46906].tif",FALSE,"/data_g1/AI_projects/projects/Immune_Cell_Prediction_WK/DIR/nhs/TMA 4 Level 16_Core[1,8,16]_[5507,46906]",0.4
"/data_g1/AI_projects/raw_data/PCITB_CRC/HE_raw_images/Tumor/TMA4/TMA 4 Level 16_Core[1,8,17]_[4642,46856].tif",FALSE,"/data_g1/AI_projects/projects/Immune_Cell_Prediction_WK/DIR/nhs/TMA 4 Level 16_Core[1,8,17]_[4642,46856]",0.4
"/data_g1/AI_projects/raw_data/PCITB_CRC/HE_raw_images/Tumor/TMA4/TMA 4 Level 1_Core[1,8,18]_[4555,45879].tif",FALSE,"/data_g1/AI_projects/projects/Immune_Cell_Prediction_WK/DIR/nhs/TMA 4 Level 1_Core[1,8,18]_[4555,45879]",0.4
"/data_g1/AI_projects/raw_data/PCITB_CRC/HE_raw_images/Tumor/TMA4/TMA 4 Level 16_Core[1,8,18]_[3727,46930].tif",FALSE,"/data_g1/AI_projects/projects/Immune_Cell_Prediction_WK/DIR/nhs/TMA 4 Level 16_Core[1,8,18]_[3727,46930]",0.4
"/data_g1/AI_projects/raw_data/PCITB_CRC/HE_raw_images/Tumor/TMA4/TMA 4 Level 16_Core[1,8,19]_[2787,46955].tif",FALSE,"/data_g1/AI_projects/projects/Immune_Cell_Prediction_WK/DIR/nhs/TMA 4 Level 16_Core[1,8,19]_[2787,46955]",0.4
"/data_g1/AI_projects/raw_data/PCITB_CRC/HE_raw_images/Tumor/TMA4/TMA 4 Level 16_Core[1,8,2]_[18539,46732].tif",FALSE,"/data_g1/AI_projects/projects/Immune_Cell_Prediction_WK/DIR/nhs/TMA 4 Level 16_Core[1,8,2]_[18539,46732]",0.4
"/data_g1/AI_projects/raw_data/PCITB_CRC/HE_raw_images/Tumor/TMA4/TMA 4 Level 1_Core[1,8,2]_[19145,45484].tif",FALSE,"/data_g1/AI_projects/projects/Immune_Cell_Prediction_WK/DIR/nhs/TMA 4 Level 1_Core[1,8,2]_[19145,45484]",0.4
"/data_g1/AI_projects/raw_data/PCITB_CRC/HE_raw_images/Tumor/TMA4/TMA 4 Level 1_Core[1,8,3]_[18279,45607].tif",FALSE,"/data_g1/AI_projects/projects/Immune_Cell_Prediction_WK/DIR/nhs/TMA 4 Level 1_Core[1,8,3]_[18279,45607]",0.4
"/data_g1/AI_projects/raw_data/PCITB_CRC/HE_raw_images/Tumor/TMA4/TMA 4 Level 16_Core[1,8,3]_[17649,46757].tif",FALSE,"/data_g1/AI_projects/projects/Immune_Cell_Prediction_WK/DIR/nhs/TMA 4 Level 16_Core[1,8,3]_[17649,46757]",0.4
"/data_g1/AI_projects/raw_data/PCITB_CRC/HE_raw_images/Tumor/TMA4/TMA 4 Level 1_Core[1,8,4]_[17315,45607].tif",FALSE,"/data_g1/AI_projects/projects/Immune_Cell_Prediction_WK/DIR/nhs/TMA 4 Level 1_Core[1,8,4]_[17315,45607]",0.4
"/data_g1/AI_projects/raw_data/PCITB_CRC/HE_raw_images/Tumor/TMA4/TMA 4 Level 16_Core[1,8,4]_[16684,46708].tif",FALSE,"/data_g1/AI_projects/projects/Immune_Cell_Prediction_WK/DIR/nhs/TMA 4 Level 16_Core[1,8,4]_[16684,46708]",0.4
"/data_g1/AI_projects/raw_data/PCITB_CRC/HE_raw_images/Tumor/TMA4/TMA 4 Level 1_Core[1,8,7]_[14644,45657].tif",FALSE,"/data_g1/AI_projects/projects/Immune_Cell_Prediction_WK/DIR/nhs/TMA 4 Level 1_Core[1,8,7]_[14644,45657]",0.4
"/data_g1/AI_projects/raw_data/PCITB_CRC/HE_raw_images/Tumor/TMA4/TMA 4 Level 16_Core[1,8,7]_[13989,46757].tif",FALSE,"/data_g1/AI_projects/projects/Immune_Cell_Prediction_WK/DIR/nhs/TMA 4 Level 16_Core[1,8,7]_[13989,46757]",0.4
"/data_g1/AI_projects/raw_data/PCITB_CRC/HE_raw_images/Tumor/TMA4/TMA 4 Level 16_Core[1,8,8]_[13074,46782].tif",FALSE,"/data_g1/AI_projects/projects/Immune_Cell_Prediction_WK/DIR/nhs/TMA 4 Level 16_Core[1,8,8]_[13074,46782]",0.4
"/data_g1/AI_projects/raw_data/PCITB_CRC/HE_raw_images/Tumor/TMA4/TMA 4 Level 1_Core[1,8,8]_[13754,45632].tif",FALSE,"/data_g1/AI_projects/projects/Immune_Cell_Prediction_WK/DIR/nhs/TMA 4 Level 1_Core[1,8,8]_[13754,45632]",0.4
"/data_g1/AI_projects/raw_data/PCITB_CRC/HE_raw_images/Tumor/TMA4/TMA 4 Level 16_Core[1,8,9]_[12184,46732].tif",FALSE,"/data_g1/AI_projects/projects/Immune_Cell_Prediction_WK/DIR/nhs/TMA 4 Level 16_Core[1,8,9]_[12184,46732]",0.4
"/data_g1/AI_projects/raw_data/PCITB_CRC/HE_raw_images/Tumor/TMA4/TMA 4 Level 1_Core[1,8,9]_[12864,45657].tif",FALSE,"/data_g1/AI_projects/projects/Immune_Cell_Prediction_WK/DIR/nhs/TMA 4 Level 1_Core[1,8,9]_[12864,45657]",0.4
"/data_g1/AI_projects/raw_data/PCITB_CRC/HE_raw_images/Tumor/TMA4/TMA 4 Level 1_Core[1,9,1]_[20208,46572].tif",FALSE,"/data_g1/AI_projects/projects/Immune_Cell_Prediction_WK/DIR/nhs/TMA 4 Level 1_Core[1,9,1]_[20208,46572]",0.4
"/data_g1/AI_projects/raw_data/PCITB_CRC/HE_raw_images/Tumor/TMA4/TMA 4 Level 16_Core[1,9,1]_[19652,47746].tif",FALSE,"/data_g1/AI_projects/projects/Immune_Cell_Prediction_WK/DIR/nhs/TMA 4 Level 16_Core[1,9,1]_[19652,47746]",0.4
"/data_g1/AI_projects/raw_data/PCITB_CRC/HE_raw_images/Tumor/TMA4/TMA 4 Level 16_Core[1,9,13]_[8252,47548].tif",FALSE,"/data_g1/AI_projects/projects/Immune_Cell_Prediction_WK/DIR/nhs/TMA 4 Level 16_Core[1,9,13]_[8252,47548]",0.4
"/data_g1/AI_projects/raw_data/PCITB_CRC/HE_raw_images/Tumor/TMA4/TMA 4 Level 1_Core[1,9,15]_[7186,46538].tif",FALSE,"/data_g1/AI_projects/projects/Immune_Cell_Prediction_WK/DIR/nhs/TMA 4 Level 1_Core[1,9,15]_[7186,46538]",0.4
"/data_g1/AI_projects/raw_data/PCITB_CRC/HE_raw_images/Tumor/TMA4/TMA 4 Level 16_Core[1,9,15]_[6472,47623].tif",FALSE,"/data_g1/AI_projects/projects/Immune_Cell_Prediction_WK/DIR/nhs/TMA 4 Level 16_Core[1,9,15]_[6472,47623]",0.4
"/data_g1/AI_projects/raw_data/PCITB_CRC/HE_raw_images/Tumor/TMA4/TMA 4 Level 1_Core[1,9,17]_[5149,46596].tif",FALSE,"/data_g1/AI_projects/projects/Immune_Cell_Prediction_WK/DIR/nhs/TMA 4 Level 1_Core[1,9,17]_[5149,46596]",0.4
"/data_g1/AI_projects/raw_data/PCITB_CRC/HE_raw_images/Tumor/TMA4/TMA 4 Level 16_Core[1,9,17]_[4518,47697].tif",FALSE,"/data_g1/AI_projects/projects/Immune_Cell_Prediction_WK/DIR/nhs/TMA 4 Level 16_Core[1,9,17]_[4518,47697]",0.4
"/data_g1/AI_projects/raw_data/PCITB_CRC/HE_raw_images/Tumor/TMA4/TMA 4 Level 16_Core[1,9,19]_[2738,47771].tif",FALSE,"/data_g1/AI_projects/projects/Immune_Cell_Prediction_WK/DIR/nhs/TMA 4 Level 16_Core[1,9,19]_[2738,47771]",0.4
"/data_g1/AI_projects/raw_data/PCITB_CRC/HE_raw_images/Tumor/TMA4/TMA 4 Level 1_Core[1,9,19]_[3418,46498].tif",FALSE,"/data_g1/AI_projects/projects/Immune_Cell_Prediction_WK/DIR/nhs/TMA 4 Level 1_Core[1,9,19]_[3418,46498]",0.4
"/data_g1/AI_projects/raw_data/PCITB_CRC/HE_raw_images/Tumor/TMA4/TMA 4 Level 16_Core[1,9,3]_[17649,47623].tif",FALSE,"/data_g1/AI_projects/projects/Immune_Cell_Prediction_WK/DIR/nhs/TMA 4 Level 16_Core[1,9,3]_[17649,47623]",0.4
"/data_g1/AI_projects/raw_data/PCITB_CRC/HE_raw_images/Tumor/TMA4/TMA 4 Level 1_Core[1,9,3]_[18304,46423].tif",FALSE,"/data_g1/AI_projects/projects/Immune_Cell_Prediction_WK/DIR/nhs/TMA 4 Level 1_Core[1,9,3]_[18304,46423]",0.4
"/data_g1/AI_projects/raw_data/PCITB_CRC/HE_raw_images/Tumor/TMA4/TMA 4 Level 16_Core[1,9,7]_[13964,47623].tif",FALSE,"/data_g1/AI_projects/projects/Immune_Cell_Prediction_WK/DIR/nhs/TMA 4 Level 16_Core[1,9,7]_[13964,47623]",0.4
"/data_g1/AI_projects/raw_data/PCITB_CRC/HE_raw_images/Tumor/TMA4/TMA 4 Level 1_Core[1,9,9]_[12889,46498].tif",FALSE,"/data_g1/AI_projects/projects/Immune_Cell_Prediction_WK/DIR/nhs/TMA 4 Level 1_Core[1,9,9]_[12889,46498]",0.4
"/data_g1/AI_projects/raw_data/PCITB_CRC/HE_raw_images/Tumor/TMA4/TMA 4 Level 16_Core[1,9,9]_[12209,47623].tif",FALSE,"/data_g1/AI_projects/projects/Immune_Cell_Prediction_WK/DIR/nhs/TMA 4 Level 16_Core[1,9,9]_[12209,47623]",0.4
"/data_g1/AI_projects/raw_data/PCITB_CRC/HE_raw_images/Tumor/TMA6/TMA 6 Level 1_Core[1,1,1]_[18724,37484].tif",FALSE,"/data_g1/AI_projects/projects/Immune_Cell_Prediction_WK/DIR/nhs/TMA 6 Level 1_Core[1,1,1]_[18724,37484]",0.4
"/data_g1/AI_projects/raw_data/PCITB_CRC/HE_raw_images/Tumor/TMA6/TMA 6 Level 1_Core[1,1,10]_[10910,37335].tif",FALSE,"/data_g1/AI_projects/projects/Immune_Cell_Prediction_WK/DIR/nhs/TMA 6 Level 1_Core[1,1,10]_[10910,37335]",0.4
"/data_g1/AI_projects/raw_data/PCITB_CRC/HE_raw_images/Tumor/TMA6/TMA 6 Level 1_Core[1,1,11]_[10069,37310].tif",FALSE,"/data_g1/AI_projects/projects/Immune_Cell_Prediction_WK/DIR/nhs/TMA 6 Level 1_Core[1,1,11]_[10069,37310]",0.4
"/data_g1/AI_projects/raw_data/PCITB_CRC/HE_raw_images/Tumor/TMA6/TMA 6 Level 1_Core[1,1,13]_[8313,37385].tif",FALSE,"/data_g1/AI_projects/projects/Immune_Cell_Prediction_WK/DIR/nhs/TMA 6 Level 1_Core[1,1,13]_[8313,37385]",0.4
"/data_g1/AI_projects/raw_data/PCITB_CRC/HE_raw_images/Tumor/TMA6/TMA 6 Level 1_Core[1,1,14]_[7423,37459].tif",FALSE,"/data_g1/AI_projects/projects/Immune_Cell_Prediction_WK/DIR/nhs/TMA 6 Level 1_Core[1,1,14]_[7423,37459]",0.4
"/data_g1/AI_projects/raw_data/PCITB_CRC/HE_raw_images/Tumor/TMA6/TMA 6 Level 1_Core[1,1,3]_[16919,37335].tif",FALSE,"/data_g1/AI_projects/projects/Immune_Cell_Prediction_WK/DIR/nhs/TMA 6 Level 1_Core[1,1,3]_[16919,37335]",0.4
"/data_g1/AI_projects/raw_data/PCITB_CRC/HE_raw_images/Tumor/TMA6/TMA 6 Level 1_Core[1,1,5]_[15163,37286].tif",FALSE,"/data_g1/AI_projects/projects/Immune_Cell_Prediction_WK/DIR/nhs/TMA 6 Level 1_Core[1,1,5]_[15163,37286]",0.4
"/data_g1/AI_projects/raw_data/PCITB_CRC/HE_raw_images/Tumor/TMA6/TMA 6 Level 1_Core[1,1,7]_[13506,37286].tif",FALSE,"/data_g1/AI_projects/projects/Immune_Cell_Prediction_WK/DIR/nhs/TMA 6 Level 1_Core[1,1,7]_[13506,37286]",0.4
"/data_g1/AI_projects/raw_data/PCITB_CRC/HE_raw_images/Tumor/TMA6/TMA 6 Level 1_Core[1,1,9]_[11750,37310].tif",FALSE,"/data_g1/AI_projects/projects/Immune_Cell_Prediction_WK/DIR/nhs/TMA 6 Level 1_Core[1,1,9]_[11750,37310]",0.4
"/data_g1/AI_projects/raw_data/PCITB_CRC/HE_raw_images/Tumor/TMA6/TMA 6 Level 1_Core[1,10,10]_[10662,44692].tif",FALSE,"/data_g1/AI_projects/projects/Immune_Cell_Prediction_WK/DIR/nhs/TMA 6 Level 1_Core[1,10,10]_[10662,44692]",0.4
"/data_g1/AI_projects/raw_data/PCITB_CRC/HE_raw_images/Tumor/TMA6/TMA 6 Level 1_Core[1,10,12]_[8758,44618].tif",FALSE,"/data_g1/AI_projects/projects/Immune_Cell_Prediction_WK/DIR/nhs/TMA 6 Level 1_Core[1,10,12]_[8758,44618]",0.4
"/data_g1/AI_projects/raw_data/PCITB_CRC/HE_raw_images/Tumor/TMA6/TMA 6 Level 1_Core[1,10,2]_[17660,44865].tif",FALSE,"/data_g1/AI_projects/projects/Immune_Cell_Prediction_WK/DIR/nhs/TMA 6 Level 1_Core[1,10,2]_[17660,44865]",0.4
"/data_g1/AI_projects/raw_data/PCITB_CRC/HE_raw_images/Tumor/TMA6/TMA 6 Level 1_Core[1,10,4]_[15880,44766].tif",FALSE,"/data_g1/AI_projects/projects/Immune_Cell_Prediction_WK/DIR/nhs/TMA 6 Level 1_Core[1,10,4]_[15880,44766]",0.4
"/data_g1/AI_projects/raw_data/PCITB_CRC/HE_raw_images/Tumor/TMA6/TMA 6 Level 1_Core[1,10,5]_[14990,44716].tif",FALSE,"/data_g1/AI_projects/projects/Immune_Cell_Prediction_WK/DIR/nhs/TMA 6 Level 1_Core[1,10,5]_[14990,44716]",0.4
"/data_g1/AI_projects/raw_data/PCITB_CRC/HE_raw_images/Tumor/TMA6/TMA 6 Level 1_Core[1,10,6]_[14124,44716].tif",FALSE,"/data_g1/AI_projects/projects/Immune_Cell_Prediction_WK/DIR/nhs/TMA 6 Level 1_Core[1,10,6]_[14124,44716]",0.4
"/data_g1/AI_projects/raw_data/PCITB_CRC/HE_raw_images/Tumor/TMA6/TMA 6 Level 1_Core[1,11,10]_[10613,45532].tif",FALSE,"/data_g1/AI_projects/projects/Immune_Cell_Prediction_WK/DIR/nhs/TMA 6 Level 1_Core[1,11,10]_[10613,45532]",0.4
"/data_g1/AI_projects/raw_data/PCITB_CRC/HE_raw_images/Tumor/TMA6/TMA 6 Level 1_Core[1,11,12]_[8709,45483].tif",FALSE,"/data_g1/AI_projects/projects/Immune_Cell_Prediction_WK/DIR/nhs/TMA 6 Level 1_Core[1,11,12]_[8709,45483]",0.4
"/data_g1/AI_projects/raw_data/PCITB_CRC/HE_raw_images/Tumor/TMA6/TMA 6 Level 1_Core[1,11,2]_[17636,45780].tif",FALSE,"/data_g1/AI_projects/projects/Immune_Cell_Prediction_WK/DIR/nhs/TMA 6 Level 1_Core[1,11,2]_[17636,45780]",0.4
"/data_g1/AI_projects/raw_data/PCITB_CRC/HE_raw_images/Tumor/TMA6/TMA 6 Level 1_Core[1,11,4]_[15855,45656].tif",FALSE,"/data_g1/AI_projects/projects/Immune_Cell_Prediction_WK/DIR/nhs/TMA 6 Level 1_Core[1,11,4]_[15855,45656]",0.4
"/data_g1/AI_projects/raw_data/PCITB_CRC/HE_raw_images/Tumor/TMA6/TMA 6 Level 1_Core[1,11,6]_[14124,45607].tif",FALSE,"/data_g1/AI_projects/projects/Immune_Cell_Prediction_WK/DIR/nhs/TMA 6 Level 1_Core[1,11,6]_[14124,45607]",0.4
"/data_g1/AI_projects/raw_data/PCITB_CRC/HE_raw_images/Tumor/TMA6/TMA 6 Level 1_Core[1,11,8]_[12443,45557].tif",FALSE,"/data_g1/AI_projects/projects/Immune_Cell_Prediction_WK/DIR/nhs/TMA 6 Level 1_Core[1,11,8]_[12443,45557]",0.4
"/data_g1/AI_projects/raw_data/PCITB_CRC/HE_raw_images/Tumor/TMA6/TMA 6 Level 1_Core[1,12,1]_[18674,46695].tif",FALSE,"/data_g1/AI_projects/projects/Immune_Cell_Prediction_WK/DIR/nhs/TMA 6 Level 1_Core[1,12,1]_[18674,46695]",0.4
"/data_g1/AI_projects/raw_data/PCITB_CRC/HE_raw_images/Tumor/TMA6/TMA 6 Level 1_Core[1,12,11]_[9673,46373].tif",FALSE,"/data_g1/AI_projects/projects/Immune_Cell_Prediction_WK/DIR/nhs/TMA 6 Level 1_Core[1,12,11]_[9673,46373]",0.4
"/data_g1/AI_projects/raw_data/PCITB_CRC/HE_raw_images/Tumor/TMA6/TMA 6 Level 1_Core[1,12,12]_[8585,46348].tif",FALSE,"/data_g1/AI_projects/projects/Immune_Cell_Prediction_WK/DIR/nhs/TMA 6 Level 1_Core[1,12,12]_[8585,46348]",0.4
"/data_g1/AI_projects/raw_data/PCITB_CRC/HE_raw_images/Tumor/TMA6/TMA 6 Level 1_Core[1,12,13]_[7695,46348].tif",FALSE,"/data_g1/AI_projects/projects/Immune_Cell_Prediction_WK/DIR/nhs/TMA 6 Level 1_Core[1,12,13]_[7695,46348]",0.4
"/data_g1/AI_projects/raw_data/PCITB_CRC/HE_raw_images/Tumor/TMA6/TMA 6 Level 1_Core[1,12,4]_[15855,46546].tif",FALSE,"/data_g1/AI_projects/projects/Immune_Cell_Prediction_WK/DIR/nhs/TMA 6 Level 1_Core[1,12,4]_[15855,46546]",0.4
"/data_g1/AI_projects/raw_data/PCITB_CRC/HE_raw_images/Tumor/TMA6/TMA 6 Level 1_Core[1,12,5]_[14965,46497].tif",FALSE,"/data_g1/AI_projects/projects/Immune_Cell_Prediction_WK/DIR/nhs/TMA 6 Level 1_Core[1,12,5]_[14965,46497]",0.4
"/data_g1/AI_projects/raw_data/PCITB_CRC/HE_raw_images/Tumor/TMA6/TMA 6 Level 1_Core[1,12,8]_[12443,46398].tif",FALSE,"/data_g1/AI_projects/projects/Immune_Cell_Prediction_WK/DIR/nhs/TMA 6 Level 1_Core[1,12,8]_[12443,46398]",0.4
"/data_g1/AI_projects/raw_data/PCITB_CRC/HE_raw_images/Tumor/TMA6/TMA 6 Level 1_Core[1,12,9]_[11553,46398].tif",FALSE,"/data_g1/AI_projects/projects/Immune_Cell_Prediction_WK/DIR/nhs/TMA 6 Level 1_Core[1,12,9]_[11553,46398]",0.4
"/data_g1/AI_projects/raw_data/PCITB_CRC/HE_raw_images/Tumor/TMA6/TMA 6 Level 1_Core[1,13,1]_[18575,47560].tif",FALSE,"/data_g1/AI_projects/projects/Immune_Cell_Prediction_WK/DIR/nhs/TMA 6 Level 1_Core[1,13,1]_[18575,47560]",0.4
"/data_g1/AI_projects/raw_data/PCITB_CRC/HE_raw_images/Tumor/TMA6/TMA 6 Level 1_Core[1,13,11]_[9599,47239].tif",FALSE,"/data_g1/AI_projects/projects/Immune_Cell_Prediction_WK/DIR/nhs/TMA 6 Level 1_Core[1,13,11]_[9599,47239]",0.4
"/data_g1/AI_projects/raw_data/PCITB_CRC/HE_raw_images/Tumor/TMA6/TMA 6 Level 1_Core[1,13,12]_[8610,47239].tif",FALSE,"/data_g1/AI_projects/projects/Immune_Cell_Prediction_WK/DIR/nhs/TMA 6 Level 1_Core[1,13,12]_[8610,47239]",0.4
"/data_g1/AI_projects/raw_data/PCITB_CRC/HE_raw_images/Tumor/TMA6/TMA 6 Level 1_Core[1,13,13]_[7695,47214].tif",FALSE,"/data_g1/AI_projects/projects/Immune_Cell_Prediction_WK/DIR/nhs/TMA 6 Level 1_Core[1,13,13]_[7695,47214]",0.4
"/data_g1/AI_projects/raw_data/PCITB_CRC/HE_raw_images/Tumor/TMA6/TMA 6 Level 1_Core[1,13,4]_[15855,47412].tif",FALSE,"/data_g1/AI_projects/projects/Immune_Cell_Prediction_WK/DIR/nhs/TMA 6 Level 1_Core[1,13,4]_[15855,47412]",0.4
"/data_g1/AI_projects/raw_data/PCITB_CRC/HE_raw_images/Tumor/TMA6/TMA 6 Level 1_Core[1,13,5]_[14940,47362].tif",FALSE,"/data_g1/AI_projects/projects/Immune_Cell_Prediction_WK/DIR/nhs/TMA 6 Level 1_Core[1,13,5]_[14940,47362]",0.4
"/data_g1/AI_projects/raw_data/PCITB_CRC/HE_raw_images/Tumor/TMA6/TMA 6 Level 1_Core[1,13,9]_[11429,47263].tif",FALSE,"/data_g1/AI_projects/projects/Immune_Cell_Prediction_WK/DIR/nhs/TMA 6 Level 1_Core[1,13,9]_[11429,47263]",0.4
"/data_g1/AI_projects/raw_data/PCITB_CRC/HE_raw_images/Tumor/TMA6/TMA 6 Level 1_Core[1,15,1]_[18376,49030].tif",FALSE,"/data_g1/AI_projects/projects/Immune_Cell_Prediction_WK/DIR/nhs/TMA 6 Level 1_Core[1,15,1]_[18376,49030]",0.4
"/data_g1/AI_projects/raw_data/PCITB_CRC/HE_raw_images/Tumor/TMA6/TMA 6 Level 1_Core[1,15,10]_[10464,48808].tif",FALSE,"/data_g1/AI_projects/projects/Immune_Cell_Prediction_WK/DIR/nhs/TMA 6 Level 1_Core[1,15,10]_[10464,48808]",0.4
"/data_g1/AI_projects/raw_data/PCITB_CRC/HE_raw_images/Tumor/TMA6/TMA 6 Level 1_Core[1,15,12]_[8658,48734].tif",FALSE,"/data_g1/AI_projects/projects/Immune_Cell_Prediction_WK/DIR/nhs/TMA 6 Level 1_Core[1,15,12]_[8658,48734]",0.4
"/data_g1/AI_projects/raw_data/PCITB_CRC/HE_raw_images/Tumor/TMA6/TMA 6 Level 1_Core[1,15,13]_[7694,48734].tif",FALSE,"/data_g1/AI_projects/projects/Immune_Cell_Prediction_WK/DIR/nhs/TMA 6 Level 1_Core[1,15,13]_[7694,48734]",0.4
"/data_g1/AI_projects/raw_data/PCITB_CRC/HE_raw_images/Tumor/TMA6/TMA 6 Level 1_Core[1,15,2]_[17486,48956].tif",FALSE,"/data_g1/AI_projects/projects/Immune_Cell_Prediction_WK/DIR/nhs/TMA 6 Level 1_Core[1,15,2]_[17486,48956]",0.4
"/data_g1/AI_projects/raw_data/PCITB_CRC/HE_raw_images/Tumor/TMA6/TMA 6 Level 1_Core[1,15,4]_[15780,48832].tif",FALSE,"/data_g1/AI_projects/projects/Immune_Cell_Prediction_WK/DIR/nhs/TMA 6 Level 1_Core[1,15,4]_[15780,48832]",0.4
"/data_g1/AI_projects/raw_data/PCITB_CRC/HE_raw_images/Tumor/TMA6/TMA 6 Level 1_Core[1,15,6]_[14099,48734].tif",FALSE,"/data_g1/AI_projects/projects/Immune_Cell_Prediction_WK/DIR/nhs/TMA 6 Level 1_Core[1,15,6]_[14099,48734]",0.4
"/data_g1/AI_projects/raw_data/PCITB_CRC/HE_raw_images/Tumor/TMA6/TMA 6 Level 1_Core[1,15,8]_[12318,48758].tif",FALSE,"/data_g1/AI_projects/projects/Immune_Cell_Prediction_WK/DIR/nhs/TMA 6 Level 1_Core[1,15,8]_[12318,48758]",0.4
"/data_g1/AI_projects/raw_data/PCITB_CRC/HE_raw_images/Tumor/TMA6/TMA 6 Level 1_Core[1,16,10]_[10439,49574].tif",FALSE,"/data_g1/AI_projects/projects/Immune_Cell_Prediction_WK/DIR/nhs/TMA 6 Level 1_Core[1,16,10]_[10439,49574]",0.4
"/data_g1/AI_projects/raw_data/PCITB_CRC/HE_raw_images/Tumor/TMA6/TMA 6 Level 1_Core[1,16,11]_[9549,49624].tif",FALSE,"/data_g1/AI_projects/projects/Immune_Cell_Prediction_WK/DIR/nhs/TMA 6 Level 1_Core[1,16,11]_[9549,49624]",0.4
"/data_g1/AI_projects/raw_data/PCITB_CRC/HE_raw_images/Tumor/TMA6/TMA 6 Level 1_Core[1,16,12]_[8658,49550].tif",FALSE,"/data_g1/AI_projects/projects/Immune_Cell_Prediction_WK/DIR/nhs/TMA 6 Level 1_Core[1,16,12]_[8658,49550]",0.4
"/data_g1/AI_projects/raw_data/PCITB_CRC/HE_raw_images/Tumor/TMA6/TMA 6 Level 1_Core[1,16,13]_[7669,49599].tif",FALSE,"/data_g1/AI_projects/projects/Immune_Cell_Prediction_WK/DIR/nhs/TMA 6 Level 1_Core[1,16,13]_[7669,49599]",0.4
"/data_g1/AI_projects/raw_data/PCITB_CRC/HE_raw_images/Tumor/TMA6/TMA 6 Level 1_Core[1,16,2]_[17437,49822].tif",FALSE,"/data_g1/AI_projects/projects/Immune_Cell_Prediction_WK/DIR/nhs/TMA 6 Level 1_Core[1,16,2]_[17437,49822]",0.4
"/data_g1/AI_projects/raw_data/PCITB_CRC/HE_raw_images/Tumor/TMA6/TMA 6 Level 1_Core[1,16,4]_[15731,49698].tif",FALSE,"/data_g1/AI_projects/projects/Immune_Cell_Prediction_WK/DIR/nhs/TMA 6 Level 1_Core[1,16,4]_[15731,49698]",0.4
"/data_g1/AI_projects/raw_data/PCITB_CRC/HE_raw_images/Tumor/TMA6/TMA 6 Level 1_Core[1,16,8]_[12294,49574].tif",FALSE,"/data_g1/AI_projects/projects/Immune_Cell_Prediction_WK/DIR/nhs/TMA 6 Level 1_Core[1,16,8]_[12294,49574]",0.4
"/data_g1/AI_projects/raw_data/PCITB_CRC/HE_raw_images/Tumor/TMA6/TMA 6 Level 1_Core[1,17,1]_[18278,50737].tif",FALSE,"/data_g1/AI_projects/projects/Immune_Cell_Prediction_WK/DIR/nhs/TMA 6 Level 1_Core[1,17,1]_[18278,50737]",0.4
"/data_g1/AI_projects/raw_data/PCITB_CRC/HE_raw_images/Tumor/TMA6/TMA 6 Level 1_Core[1,17,13]_[7694,50415].tif",FALSE,"/data_g1/AI_projects/projects/Immune_Cell_Prediction_WK/DIR/nhs/TMA 6 Level 1_Core[1,17,13]_[7694,50415]",0.4
"/data_g1/AI_projects/raw_data/PCITB_CRC/HE_raw_images/Tumor/TMA6/TMA 6 Level 1_Core[1,17,3]_[16547,50588].tif",FALSE,"/data_g1/AI_projects/projects/Immune_Cell_Prediction_WK/DIR/nhs/TMA 6 Level 1_Core[1,17,3]_[16547,50588]",0.4
"/data_g1/AI_projects/raw_data/PCITB_CRC/HE_raw_images/Tumor/TMA6/TMA 6 Level 1_Core[1,17,5]_[14840,50564].tif",FALSE,"/data_g1/AI_projects/projects/Immune_Cell_Prediction_WK/DIR/nhs/TMA 6 Level 1_Core[1,17,5]_[14840,50564]",0.4
"/data_g1/AI_projects/raw_data/PCITB_CRC/HE_raw_images/Tumor/TMA6/TMA 6 Level 1_Core[1,17,9]_[11379,50514].tif",FALSE,"/data_g1/AI_projects/projects/Immune_Cell_Prediction_WK/DIR/nhs/TMA 6 Level 1_Core[1,17,9]_[11379,50514]",0.4
"/data_g1/AI_projects/raw_data/PCITB_CRC/HE_raw_images/Tumor/TMA6/TMA 6 Level 1_Core[1,18,1]_[18204,51528].tif",FALSE,"/data_g1/AI_projects/projects/Immune_Cell_Prediction_WK/DIR/nhs/TMA 6 Level 1_Core[1,18,1]_[18204,51528]",0.4
"/data_g1/AI_projects/raw_data/PCITB_CRC/HE_raw_images/Tumor/TMA6/TMA 6 Level 1_Core[1,18,13]_[7645,51231].tif",FALSE,"/data_g1/AI_projects/projects/Immune_Cell_Prediction_WK/DIR/nhs/TMA 6 Level 1_Core[1,18,13]_[7645,51231]",0.4
"/data_g1/AI_projects/raw_data/PCITB_CRC/HE_raw_images/Tumor/TMA6/TMA 6 Level 1_Core[1,18,5]_[14766,51404].tif",FALSE,"/data_g1/AI_projects/projects/Immune_Cell_Prediction_WK/DIR/nhs/TMA 6 Level 1_Core[1,18,5]_[14766,51404]",0.4
"/data_g1/AI_projects/raw_data/PCITB_CRC/HE_raw_images/Tumor/TMA6/TMA 6 Level 1_Core[1,19,10]_[10464,52220].tif",FALSE,"/data_g1/AI_projects/projects/Immune_Cell_Prediction_WK/DIR/nhs/TMA 6 Level 1_Core[1,19,10]_[10464,52220]",0.4
"/data_g1/AI_projects/raw_data/PCITB_CRC/HE_raw_images/Tumor/TMA6/TMA 6 Level 1_Core[1,19,12]_[8733,51973].tif",FALSE,"/data_g1/AI_projects/projects/Immune_Cell_Prediction_WK/DIR/nhs/TMA 6 Level 1_Core[1,19,12]_[8733,51973]",0.4
"/data_g1/AI_projects/raw_data/PCITB_CRC/HE_raw_images/Tumor/TMA6/TMA 6 Level 1_Core[1,19,13]_[7818,52047].tif",FALSE,"/data_g1/AI_projects/projects/Immune_Cell_Prediction_WK/DIR/nhs/TMA 6 Level 1_Core[1,19,13]_[7818,52047]",0.4
"/data_g1/AI_projects/raw_data/PCITB_CRC/HE_raw_images/Tumor/TMA6/TMA 6 Level 1_Core[1,19,2]_[17190,52294].tif",FALSE,"/data_g1/AI_projects/projects/Immune_Cell_Prediction_WK/DIR/nhs/TMA 6 Level 1_Core[1,19,2]_[17190,52294]",0.4
"/data_g1/AI_projects/raw_data/PCITB_CRC/HE_raw_images/Tumor/TMA6/TMA 6 Level 1_Core[1,19,4]_[15558,52270].tif",FALSE,"/data_g1/AI_projects/projects/Immune_Cell_Prediction_WK/DIR/nhs/TMA 6 Level 1_Core[1,19,4]_[15558,52270]",0.4
"/data_g1/AI_projects/raw_data/PCITB_CRC/HE_raw_images/Tumor/TMA6/TMA 6 Level 1_Core[1,19,6]_[13802,52245].tif",FALSE,"/data_g1/AI_projects/projects/Immune_Cell_Prediction_WK/DIR/nhs/TMA 6 Level 1_Core[1,19,6]_[13802,52245]",0.4
"/data_g1/AI_projects/raw_data/PCITB_CRC/HE_raw_images/Tumor/TMA6/TMA 6 Level 1_Core[1,19,8]_[12145,52196].tif",FALSE,"/data_g1/AI_projects/projects/Immune_Cell_Prediction_WK/DIR/nhs/TMA 6 Level 1_Core[1,19,8]_[12145,52196]",0.4
"/data_g1/AI_projects/raw_data/PCITB_CRC/HE_raw_images/Tumor/TMA6/TMA 6 Level 1_Core[1,2,1]_[18773,38349].tif",FALSE,"/data_g1/AI_projects/projects/Immune_Cell_Prediction_WK/DIR/nhs/TMA 6 Level 1_Core[1,2,1]_[18773,38349]",0.4
"/data_g1/AI_projects/raw_data/PCITB_CRC/HE_raw_images/Tumor/TMA6/TMA 6 Level 1_Core[1,2,10]_[10885,38201].tif",FALSE,"/data_g1/AI_projects/projects/Immune_Cell_Prediction_WK/DIR/nhs/TMA 6 Level 1_Core[1,2,10]_[10885,38201]",0.4
"/data_g1/AI_projects/raw_data/PCITB_CRC/HE_raw_images/Tumor/TMA6/TMA 6 Level 1_Core[1,2,11]_[9995,38176].tif",FALSE,"/data_g1/AI_projects/projects/Immune_Cell_Prediction_WK/DIR/nhs/TMA 6 Level 1_Core[1,2,11]_[9995,38176]",0.4
"/data_g1/AI_projects/raw_data/PCITB_CRC/HE_raw_images/Tumor/TMA6/TMA 6 Level 1_Core[1,2,13]_[8239,38250].tif",FALSE,"/data_g1/AI_projects/projects/Immune_Cell_Prediction_WK/DIR/nhs/TMA 6 Level 1_Core[1,2,13]_[8239,38250]",0.4
"/data_g1/AI_projects/raw_data/PCITB_CRC/HE_raw_images/Tumor/TMA6/TMA 6 Level 1_Core[1,2,3]_[16943,38250].tif",FALSE,"/data_g1/AI_projects/projects/Immune_Cell_Prediction_WK/DIR/nhs/TMA 6 Level 1_Core[1,2,3]_[16943,38250]",0.4
"/data_g1/AI_projects/raw_data/PCITB_CRC/HE_raw_images/Tumor/TMA6/TMA 6 Level 1_Core[1,2,5]_[15163,38176].tif",FALSE,"/data_g1/AI_projects/projects/Immune_Cell_Prediction_WK/DIR/nhs/TMA 6 Level 1_Core[1,2,5]_[15163,38176]",0.4
"/data_g1/AI_projects/raw_data/PCITB_CRC/HE_raw_images/Tumor/TMA6/TMA 6 Level 1_Core[1,2,6]_[14347,38225].tif",FALSE,"/data_g1/AI_projects/projects/Immune_Cell_Prediction_WK/DIR/nhs/TMA 6 Level 1_Core[1,2,6]_[14347,38225]",0.4
"/data_g1/AI_projects/raw_data/PCITB_CRC/HE_raw_images/Tumor/TMA6/TMA 6 Level 1_Core[1,2,7]_[13457,38176].tif",FALSE,"/data_g1/AI_projects/projects/Immune_Cell_Prediction_WK/DIR/nhs/TMA 6 Level 1_Core[1,2,7]_[13457,38176]",0.4
"/data_g1/AI_projects/raw_data/PCITB_CRC/HE_raw_images/Tumor/TMA6/TMA 6 Level 1_Core[1,2,9]_[11726,38151].tif",FALSE,"/data_g1/AI_projects/projects/Immune_Cell_Prediction_WK/DIR/nhs/TMA 6 Level 1_Core[1,2,9]_[11726,38151]",0.4
"/data_g1/AI_projects/raw_data/PCITB_CRC/HE_raw_images/Tumor/TMA6/TMA 6 Level 1_Core[1,20,10]_[10464,53135].tif",FALSE,"/data_g1/AI_projects/projects/Immune_Cell_Prediction_WK/DIR/nhs/TMA 6 Level 1_Core[1,20,10]_[10464,53135]",0.4
"/data_g1/AI_projects/raw_data/PCITB_CRC/HE_raw_images/Tumor/TMA6/TMA 6 Level 1_Core[1,20,12]_[8757,53135].tif",FALSE,"/data_g1/AI_projects/projects/Immune_Cell_Prediction_WK/DIR/nhs/TMA 6 Level 1_Core[1,20,12]_[8757,53135]",0.4
"/data_g1/AI_projects/raw_data/PCITB_CRC/HE_raw_images/Tumor/TMA6/TMA 6 Level 1_Core[1,20,13]_[7744,52937].tif",FALSE,"/data_g1/AI_projects/projects/Immune_Cell_Prediction_WK/DIR/nhs/TMA 6 Level 1_Core[1,20,13]_[7744,52937]",0.4
"/data_g1/AI_projects/raw_data/PCITB_CRC/HE_raw_images/Tumor/TMA6/TMA 6 Level 1_Core[1,20,2]_[17066,53160].tif",FALSE,"/data_g1/AI_projects/projects/Immune_Cell_Prediction_WK/DIR/nhs/TMA 6 Level 1_Core[1,20,2]_[17066,53160]",0.4
"/data_g1/AI_projects/raw_data/PCITB_CRC/HE_raw_images/Tumor/TMA6/TMA 6 Level 1_Core[1,20,4]_[15508,53160].tif",FALSE,"/data_g1/AI_projects/projects/Immune_Cell_Prediction_WK/DIR/nhs/TMA 6 Level 1_Core[1,20,4]_[15508,53160]",0.4
"/data_g1/AI_projects/raw_data/PCITB_CRC/HE_raw_images/Tumor/TMA6/TMA 6 Level 1_Core[1,20,6]_[13752,53135].tif",FALSE,"/data_g1/AI_projects/projects/Immune_Cell_Prediction_WK/DIR/nhs/TMA 6 Level 1_Core[1,20,6]_[13752,53135]",0.4
"/data_g1/AI_projects/raw_data/PCITB_CRC/HE_raw_images/Tumor/TMA6/TMA 6 Level 1_Core[1,20,8]_[12096,53135].tif",FALSE,"/data_g1/AI_projects/projects/Immune_Cell_Prediction_WK/DIR/nhs/TMA 6 Level 1_Core[1,20,8]_[12096,53135]",0.4
"/data_g1/AI_projects/raw_data/PCITB_CRC/HE_raw_images/Tumor/TMA6/TMA 6 Level 1_Core[1,3,1]_[18773,39239].tif",FALSE,"/data_g1/AI_projects/projects/Immune_Cell_Prediction_WK/DIR/nhs/TMA 6 Level 1_Core[1,3,1]_[18773,39239]",0.4
"/data_g1/AI_projects/raw_data/PCITB_CRC/HE_raw_images/Tumor/TMA6/TMA 6 Level 1_Core[1,3,10]_[10910,39066].tif",FALSE,"/data_g1/AI_projects/projects/Immune_Cell_Prediction_WK/DIR/nhs/TMA 6 Level 1_Core[1,3,10]_[10910,39066]",0.4
"/data_g1/AI_projects/raw_data/PCITB_CRC/HE_raw_images/Tumor/TMA6/TMA 6 Level 1_Core[1,3,12]_[9129,39041].tif",FALSE,"/data_g1/AI_projects/projects/Immune_Cell_Prediction_WK/DIR/nhs/TMA 6 Level 1_Core[1,3,12]_[9129,39041]",0.4
"/data_g1/AI_projects/raw_data/PCITB_CRC/HE_raw_images/Tumor/TMA6/TMA 6 Level 1_Core[1,3,2]_[17834,39140].tif",FALSE,"/data_g1/AI_projects/projects/Immune_Cell_Prediction_WK/DIR/nhs/TMA 6 Level 1_Core[1,3,2]_[17834,39140]",0.4
"/data_g1/AI_projects/raw_data/PCITB_CRC/HE_raw_images/Tumor/TMA6/TMA 6 Level 1_Core[1,3,5]_[15163,39066].tif",FALSE,"/data_g1/AI_projects/projects/Immune_Cell_Prediction_WK/DIR/nhs/TMA 6 Level 1_Core[1,3,5]_[15163,39066]",0.4
"/data_g1/AI_projects/raw_data/PCITB_CRC/HE_raw_images/Tumor/TMA6/TMA 6 Level 1_Core[1,3,6]_[14273,39066].tif",FALSE,"/data_g1/AI_projects/projects/Immune_Cell_Prediction_WK/DIR/nhs/TMA 6 Level 1_Core[1,3,6]_[14273,39066]",0.4
"/data_g1/AI_projects/raw_data/PCITB_CRC/HE_raw_images/Tumor/TMA6/TMA 6 Level 1_Core[1,3,8]_[12591,39041].tif",FALSE,"/data_g1/AI_projects/projects/Immune_Cell_Prediction_WK/DIR/nhs/TMA 6 Level 1_Core[1,3,8]_[12591,39041]",0.4
"/data_g1/AI_projects/raw_data/PCITB_CRC/HE_raw_images/Tumor/TMA6/TMA 6 Level 1_Core[1,3,9]_[11726,39017].tif",FALSE,"/data_g1/AI_projects/projects/Immune_Cell_Prediction_WK/DIR/nhs/TMA 6 Level 1_Core[1,3,9]_[11726,39017]",0.4
"/data_g1/AI_projects/raw_data/PCITB_CRC/HE_raw_images/Tumor/TMA6/TMA 6 Level 1_Core[1,4,10]_[10860,39857].tif",FALSE,"/data_g1/AI_projects/projects/Immune_Cell_Prediction_WK/DIR/nhs/TMA 6 Level 1_Core[1,4,10]_[10860,39857]",0.4
"/data_g1/AI_projects/raw_data/PCITB_CRC/HE_raw_images/Tumor/TMA6/TMA 6 Level 1_Core[1,4,12]_[9080,39857].tif",FALSE,"/data_g1/AI_projects/projects/Immune_Cell_Prediction_WK/DIR/nhs/TMA 6 Level 1_Core[1,4,12]_[9080,39857]",0.4
"/data_g1/AI_projects/raw_data/PCITB_CRC/HE_raw_images/Tumor/TMA6/TMA 6 Level 1_Core[1,4,2]_[17834,40030].tif",FALSE,"/data_g1/AI_projects/projects/Immune_Cell_Prediction_WK/DIR/nhs/TMA 6 Level 1_Core[1,4,2]_[17834,40030]",0.4
"/data_g1/AI_projects/raw_data/PCITB_CRC/HE_raw_images/Tumor/TMA6/TMA 6 Level 1_Core[1,4,8]_[12567,39882].tif",FALSE,"/data_g1/AI_projects/projects/Immune_Cell_Prediction_WK/DIR/nhs/TMA 6 Level 1_Core[1,4,8]_[12567,39882]",0.4
"/data_g1/AI_projects/raw_data/PCITB_CRC/HE_raw_images/Tumor/TMA6/TMA 6 Level 1_Core[1,4,9]_[11701,39857].tif",FALSE,"/data_g1/AI_projects/projects/Immune_Cell_Prediction_WK/DIR/nhs/TMA 6 Level 1_Core[1,4,9]_[11701,39857]",0.4
"/data_g1/AI_projects/raw_data/PCITB_CRC/HE_raw_images/Tumor/TMA6/TMA 6 Level 1_Core[1,5,1]_[18748,40945].tif",FALSE,"/data_g1/AI_projects/projects/Immune_Cell_Prediction_WK/DIR/nhs/TMA 6 Level 1_Core[1,5,1]_[18748,40945]",0.4
"/data_g1/AI_projects/raw_data/PCITB_CRC/HE_raw_images/Tumor/TMA6/TMA 6 Level 1_Core[1,5,10]_[10885,40649].tif",FALSE,"/data_g1/AI_projects/projects/Immune_Cell_Prediction_WK/DIR/nhs/TMA 6 Level 1_Core[1,5,10]_[10885,40649]",0.4
"/data_g1/AI_projects/raw_data/PCITB_CRC/HE_raw_images/Tumor/TMA6/TMA 6 Level 1_Core[1,5,11]_[10020,40624].tif",FALSE,"/data_g1/AI_projects/projects/Immune_Cell_Prediction_WK/DIR/nhs/TMA 6 Level 1_Core[1,5,11]_[10020,40624]",0.4
"/data_g1/AI_projects/raw_data/PCITB_CRC/HE_raw_images/Tumor/TMA6/TMA 6 Level 1_Core[1,5,13]_[7918,40624].tif",FALSE,"/data_g1/AI_projects/projects/Immune_Cell_Prediction_WK/DIR/nhs/TMA 6 Level 1_Core[1,5,13]_[7918,40624]",0.4
"/data_g1/AI_projects/raw_data/PCITB_CRC/HE_raw_images/Tumor/TMA6/TMA 6 Level 1_Core[1,5,2]_[17784,40896].tif",FALSE,"/data_g1/AI_projects/projects/Immune_Cell_Prediction_WK/DIR/nhs/TMA 6 Level 1_Core[1,5,2]_[17784,40896]",0.4
"/data_g1/AI_projects/raw_data/PCITB_CRC/HE_raw_images/Tumor/TMA6/TMA 6 Level 1_Core[1,5,3]_[16894,40846].tif",FALSE,"/data_g1/AI_projects/projects/Immune_Cell_Prediction_WK/DIR/nhs/TMA 6 Level 1_Core[1,5,3]_[16894,40846]",0.4
"/data_g1/AI_projects/raw_data/PCITB_CRC/HE_raw_images/Tumor/TMA6/TMA 6 Level 1_Core[1,5,7]_[13407,40673].tif",FALSE,"/data_g1/AI_projects/projects/Immune_Cell_Prediction_WK/DIR/nhs/TMA 6 Level 1_Core[1,5,7]_[13407,40673]",0.4
"/data_g1/AI_projects/raw_data/PCITB_CRC/HE_raw_images/Tumor/TMA6/TMA 6 Level 1_Core[1,5,9]_[11726,40673].tif",FALSE,"/data_g1/AI_projects/projects/Immune_Cell_Prediction_WK/DIR/nhs/TMA 6 Level 1_Core[1,5,9]_[11726,40673]",0.4
"/data_g1/AI_projects/raw_data/PCITB_CRC/HE_raw_images/Tumor/TMA6/TMA 6 Level 1_Core[1,6,1]_[18724,41811].tif",FALSE,"/data_g1/AI_projects/projects/Immune_Cell_Prediction_WK/DIR/nhs/TMA 6 Level 1_Core[1,6,1]_[18724,41811]",0.4
"/data_g1/AI_projects/raw_data/PCITB_CRC/HE_raw_images/Tumor/TMA6/TMA 6 Level 1_Core[1,6,10]_[10811,41465].tif",FALSE,"/data_g1/AI_projects/projects/Immune_Cell_Prediction_WK/DIR/nhs/TMA 6 Level 1_Core[1,6,10]_[10811,41465]",0.4
"/data_g1/AI_projects/raw_data/PCITB_CRC/HE_raw_images/Tumor/TMA6/TMA 6 Level 1_Core[1,6,11]_[9970,41465].tif",FALSE,"/data_g1/AI_projects/projects/Immune_Cell_Prediction_WK/DIR/nhs/TMA 6 Level 1_Core[1,6,11]_[9970,41465]",0.4
"/data_g1/AI_projects/raw_data/PCITB_CRC/HE_raw_images/Tumor/TMA6/TMA 6 Level 1_Core[1,6,13]_[7992,41539].tif",FALSE,"/data_g1/AI_projects/projects/Immune_Cell_Prediction_WK/DIR/nhs/TMA 6 Level 1_Core[1,6,13]_[7992,41539]",0.4
"/data_g1/AI_projects/raw_data/PCITB_CRC/HE_raw_images/Tumor/TMA6/TMA 6 Level 1_Core[1,6,2]_[17784,41737].tif",FALSE,"/data_g1/AI_projects/projects/Immune_Cell_Prediction_WK/DIR/nhs/TMA 6 Level 1_Core[1,6,2]_[17784,41737]",0.4
"/data_g1/AI_projects/raw_data/PCITB_CRC/HE_raw_images/Tumor/TMA6/TMA 6 Level 1_Core[1,6,3]_[16894,41662].tif",FALSE,"/data_g1/AI_projects/projects/Immune_Cell_Prediction_WK/DIR/nhs/TMA 6 Level 1_Core[1,6,3]_[16894,41662]",0.4
"/data_g1/AI_projects/raw_data/PCITB_CRC/HE_raw_images/Tumor/TMA6/TMA 6 Level 1_Core[1,6,5]_[15064,41514].tif",FALSE,"/data_g1/AI_projects/projects/Immune_Cell_Prediction_WK/DIR/nhs/TMA 6 Level 1_Core[1,6,5]_[15064,41514]",0.4
"/data_g1/AI_projects/raw_data/PCITB_CRC/HE_raw_images/Tumor/TMA6/TMA 6 Level 1_Core[1,6,6]_[14223,41514].tif",FALSE,"/data_g1/AI_projects/projects/Immune_Cell_Prediction_WK/DIR/nhs/TMA 6 Level 1_Core[1,6,6]_[14223,41514]",0.4
"/data_g1/AI_projects/raw_data/PCITB_CRC/HE_raw_images/Tumor/TMA6/TMA 6 Level 1_Core[1,6,7]_[13358,41514].tif",FALSE,"/data_g1/AI_projects/projects/Immune_Cell_Prediction_WK/DIR/nhs/TMA 6 Level 1_Core[1,6,7]_[13358,41514]",0.4
"/data_g1/AI_projects/raw_data/PCITB_CRC/HE_raw_images/Tumor/TMA6/TMA 6 Level 1_Core[1,6,9]_[11676,41440].tif",FALSE,"/data_g1/AI_projects/projects/Immune_Cell_Prediction_WK/DIR/nhs/TMA 6 Level 1_Core[1,6,9]_[11676,41440]",0.4
"/data_g1/AI_projects/raw_data/PCITB_CRC/HE_raw_images/Tumor/TMA6/TMA 6 Level 1_Core[1,8,1]_[18699,43208].tif",FALSE,"/data_g1/AI_projects/projects/Immune_Cell_Prediction_WK/DIR/nhs/TMA 6 Level 1_Core[1,8,1]_[18699,43208]",0.4
"/data_g1/AI_projects/raw_data/PCITB_CRC/HE_raw_images/Tumor/TMA6/TMA 6 Level 1_Core[1,8,11]_[9847,42986].tif",FALSE,"/data_g1/AI_projects/projects/Immune_Cell_Prediction_WK/DIR/nhs/TMA 6 Level 1_Core[1,8,11]_[9847,42986]",0.4
"/data_g1/AI_projects/raw_data/PCITB_CRC/HE_raw_images/Tumor/TMA6/TMA 6 Level 1_Core[1,8,13]_[7918,43060].tif",FALSE,"/data_g1/AI_projects/projects/Immune_Cell_Prediction_WK/DIR/nhs/TMA 6 Level 1_Core[1,8,13]_[7918,43060]",0.4
"/data_g1/AI_projects/raw_data/PCITB_CRC/HE_raw_images/Tumor/TMA6/TMA 6 Level 1_Core[1,8,2]_[17759,43084].tif",FALSE,"/data_g1/AI_projects/projects/Immune_Cell_Prediction_WK/DIR/nhs/TMA 6 Level 1_Core[1,8,2]_[17759,43084]",0.4
"/data_g1/AI_projects/raw_data/PCITB_CRC/HE_raw_images/Tumor/TMA6/TMA 6 Level 1_Core[1,8,3]_[16844,43084].tif",FALSE,"/data_g1/AI_projects/projects/Immune_Cell_Prediction_WK/DIR/nhs/TMA 6 Level 1_Core[1,8,3]_[16844,43084]",0.4
"/data_g1/AI_projects/raw_data/PCITB_CRC/HE_raw_images/Tumor/TMA6/TMA 6 Level 1_Core[1,8,5]_[15064,42936].tif",FALSE,"/data_g1/AI_projects/projects/Immune_Cell_Prediction_WK/DIR/nhs/TMA 6 Level 1_Core[1,8,5]_[15064,42936]",0.4
"/data_g1/AI_projects/raw_data/PCITB_CRC/HE_raw_images/Tumor/TMA6/TMA 6 Level 1_Core[1,8,7]_[13308,42961].tif",FALSE,"/data_g1/AI_projects/projects/Immune_Cell_Prediction_WK/DIR/nhs/TMA 6 Level 1_Core[1,8,7]_[13308,42961]",0.4
"/data_g1/AI_projects/raw_data/PCITB_CRC/HE_raw_images/Tumor/TMA6/TMA 6 Level 1_Core[1,8,9]_[11602,42911].tif",FALSE,"/data_g1/AI_projects/projects/Immune_Cell_Prediction_WK/DIR/nhs/TMA 6 Level 1_Core[1,8,9]_[11602,42911]",0.4
"/data_g1/AI_projects/raw_data/PCITB_CRC/HE_raw_images/Tumor/TMA6/TMA 6 Level 1_Core[1,9,1]_[18748,43999].tif",FALSE,"/data_g1/AI_projects/projects/Immune_Cell_Prediction_WK/DIR/nhs/TMA 6 Level 1_Core[1,9,1]_[18748,43999]",0.4
"/data_g1/AI_projects/raw_data/PCITB_CRC/HE_raw_images/Tumor/TMA6/TMA 6 Level 1_Core[1,9,11]_[9772,43826].tif",FALSE,"/data_g1/AI_projects/projects/Immune_Cell_Prediction_WK/DIR/nhs/TMA 6 Level 1_Core[1,9,11]_[9772,43826]",0.4
"/data_g1/AI_projects/raw_data/PCITB_CRC/HE_raw_images/Tumor/TMA6/TMA 6 Level 1_Core[1,9,13]_[7794,43876].tif",FALSE,"/data_g1/AI_projects/projects/Immune_Cell_Prediction_WK/DIR/nhs/TMA 6 Level 1_Core[1,9,13]_[7794,43876]",0.4
"/data_g1/AI_projects/raw_data/PCITB_CRC/HE_raw_images/Tumor/TMA6/TMA 6 Level 1_Core[1,9,2]_[17735,43950].tif",FALSE,"/data_g1/AI_projects/projects/Immune_Cell_Prediction_WK/DIR/nhs/TMA 6 Level 1_Core[1,9,2]_[17735,43950]",0.4
"/data_g1/AI_projects/raw_data/PCITB_CRC/HE_raw_images/Tumor/TMA6/TMA 6 Level 1_Core[1,9,3]_[16820,43975].tif",FALSE,"/data_g1/AI_projects/projects/Immune_Cell_Prediction_WK/DIR/nhs/TMA 6 Level 1_Core[1,9,3]_[16820,43975]",0.4
"/data_g1/AI_projects/raw_data/PCITB_CRC/HE_raw_images/Tumor/TMA6/TMA 6 Level 1_Core[1,9,7]_[13284,43876].tif",FALSE,"/data_g1/AI_projects/projects/Immune_Cell_Prediction_WK/DIR/nhs/TMA 6 Level 1_Core[1,9,7]_[13284,43876]",0.4
"/data_g1/AI_projects/raw_data/PCITB_CRC/HE_raw_images/Tumor/TMA6/TMA 6 Level 1_Core[1,9,9]_[11596,43843].tif",FALSE,"/data_g1/AI_projects/projects/Immune_Cell_Prediction_WK/DIR/nhs/TMA 6 Level 1_Core[1,9,9]_[11596,43843]",0.4
